{
    "40000900": {
        "deprecated": false,
        "Dev_Desc": "이름_아랑",
        "id": 40000900,
        "alias": "Contents.Quest.Guide.900",
        "text": "Arang"
    },
    "40000901": {
        "deprecated": false,
        "Dev_Desc": "이름_발발이",
        "id": 40000901,
        "alias": "Contents.Quest.Guide.901",
        "text": "Outbreak"
    },
    "40000902": {
        "deprecated": false,
        "Dev_Desc": "사용X",
        "id": 40000902,
        "alias": "Contents.Quest.Guide.902",
        "text": "Whoever arrives first\nwins!"
    },
    "40000903": {
        "deprecated": false,
        "Dev_Desc": "900_2_아랑",
        "id": 40000903,
        "alias": "Contents.Quest.Guide.903",
        "text": "I'm going first~ haha!"
    },
    "40000904": {
        "deprecated": false,
        "Dev_Desc": "900_4_PC",
        "id": 40000904,
        "alias": "Contents.Quest.Guide.904",
        "text": "(<textColor=[255:204:102:255]>Is this ok</>?\nI'll have a look)"
    },
    "40000905": {
        "deprecated": false,
        "Dev_Desc": "슬라이딩_아랑",
        "id": 40000905,
        "alias": "Contents.Quest.Guide.905",
        "text": "Now!\nTry <textColor=[255:204:102:255]>Halle</>!"
    },
    "40000906": {
        "deprecated": false,
        "Dev_Desc": "슬라이딩_PC",
        "id": 40000906,
        "alias": "Contents.Quest.Guide.906",
        "text": "(Now!\nLet's write <textColor=[255:204:102:255]>Halle</>!)"
    },
    "40000907": {
        "deprecated": false,
        "Dev_Desc": "전투_PC",
        "id": 40000907,
        "alias": "Contents.Quest.Guide.907",
        "text": "(Attack!\n<textColor=[215:94:94:255]>Dodge sideways!</>)"
    },
    "40000908": {
        "deprecated": false,
        "Dev_Desc": "전투_PC",
        "id": 40000908,
        "alias": "Contents.Quest.Guide.908",
        "text": "(This is <textColor=[215:94:94:255]>Is this to be avoided?</>)"
    },
    "40000909": {
        "deprecated": false,
        "Dev_Desc": "전투_PC",
        "id": 40000909,
        "alias": "Contents.Quest.Guide.909",
        "text": "(This attack could be prevented</>!)"
    },
    "40000910": {
        "deprecated": false,
        "Dev_Desc": "전투_PC",
        "id": 40000910,
        "alias": "Contents.Quest.Guide.910",
        "text": "(Ugh... \nI'll make sure to block the next attack)"
    },
    "40000911": {
        "deprecated": false,
        "Dev_Desc": "다운로드_아랑",
        "id": 40000911,
        "alias": "Contents.Quest.Guide.911",
        "text": "I think we're ready.\nLet's go to the <textColor=[110:216:175:255]>Martial Arts Hall</>!"
    }
}