{
    "83000": {
        "deprecated": false,
        "Dev_Desc": "시즌 패스 : 시즌 1 / 미션 이름",
        "id": 83000,
        "alias": "Contents.SoulPass.Mission.1.1",
        "text": "Complete 3 collaborations"
    },
    "83001": {
        "deprecated": false,
        "Dev_Desc": "시즌 패스 : 시즌 1 / 미션 이름",
        "id": 83001,
        "alias": "Contents.SoulPass.Mission.1.2",
        "text": "To attend"
    },
    "83002": {
        "deprecated": false,
        "Dev_Desc": "시즌 패스 : 시즌 1 / 미션 이름",
        "id": 83002,
        "alias": "Contents.SoulPass.Mission.1.3",
        "text": "3 weapon crafting attempts"
    },
    "83003": {
        "deprecated": false,
        "Dev_Desc": "시즌 패스 : 시즌 1 / 미션 이름",
        "id": 83003,
        "alias": "Contents.SoulPass.Mission.1.4",
        "text": "3 attempts to craft armor"
    },
    "83004": {
        "deprecated": false,
        "Dev_Desc": "시즌 패스 : 시즌 1 / 미션 이름",
        "id": 83004,
        "alias": "Contents.SoulPass.Mission.1.5",
        "text": "3 Trinkets Crafting Attempts"
    },
    "83005": {
        "deprecated": false,
        "Dev_Desc": "시즌 패스 : 시즌 1 / 미션 이름",
        "id": 83005,
        "alias": "Contents.SoulPass.Mission.1.6",
        "text": "5 attempts to enhance weapons"
    },
    "83006": {
        "deprecated": false,
        "Dev_Desc": "시즌 패스 : 시즌 1 / 미션 이름",
        "id": 83006,
        "alias": "Contents.SoulPass.Mission.1.7",
        "text": "5 attempts to enhance armor"
    },
    "83007": {
        "deprecated": false,
        "Dev_Desc": "시즌 패스 : 시즌 1 / 미션 이름",
        "id": 83007,
        "alias": "Contents.SoulPass.Mission.1.8",
        "text": "Attempt to enhance ornaments once"
    },
    "83008": {
        "deprecated": false,
        "Dev_Desc": "시즌 패스 : 시즌 1 / 미션 이름",
        "id": 83008,
        "alias": "Contents.SoulPass.Mission.1.9",
        "text": "20 weapon enhancement attempts"
    },
    "83009": {
        "deprecated": false,
        "Dev_Desc": "시즌 패스 : 시즌 1 / 미션 이름",
        "id": 83009,
        "alias": "Contents.SoulPass.Mission.1.10",
        "text": "30 attempts to enhance armor"
    },
    "83010": {
        "deprecated": false,
        "Dev_Desc": "시즌 패스 : 시즌 1 / 미션 이름",
        "id": 83010,
        "alias": "Contents.SoulPass.Mission.1.11",
        "text": "Attempts to enhance jewelry 10 times"
    },
    "83011": {
        "deprecated": false,
        "Dev_Desc": "시즌 패스 : 시즌 1 / 미션 이름",
        "id": 83011,
        "alias": "Contents.SoulPass.Mission.1.12",
        "text": "40 weapon enhancement attempts"
    },
    "83012": {
        "deprecated": false,
        "Dev_Desc": "시즌 패스 : 시즌 1 / 미션 이름",
        "id": 83012,
        "alias": "Contents.SoulPass.Mission.1.13",
        "text": "60 attempts to enhance armor"
    },
    "83013": {
        "deprecated": false,
        "Dev_Desc": "시즌 패스 : 시즌 1 / 미션 이름",
        "id": 83013,
        "alias": "Contents.SoulPass.Mission.1.14",
        "text": "Try to enhance jewelry 20 times"
    },
    "83014": {
        "deprecated": false,
        "Dev_Desc": "시즌 패스 : 시즌 1 / 미션 이름",
        "id": 83014,
        "alias": "Contents.SoulPass.Mission.1.15",
        "text": "[light air]>sprint 300m"
    },
    "83015": {
        "deprecated": false,
        "Dev_Desc": "시즌 패스 : 시즌 1 / 미션 이름",
        "id": 83015,
        "alias": "Contents.SoulPass.Mission.1.16",
        "text": "[Light Air]>leap 20 times"
    },
    "83016": {
        "deprecated": false,
        "Dev_Desc": "시즌 패스 : 시즌 1 / 미션 이름",
        "id": 83016,
        "alias": "Contents.SoulPass.Mission.1.17",
        "text": "[Light Air]>Haze 200m"
    },
    "83017": {
        "deprecated": false,
        "Dev_Desc": "시즌 패스 : 시즌 1 / 미션 이름",
        "id": 83017,
        "alias": "Contents.SoulPass.Mission.1.18",
        "text": "[Light Air]>Water Ratio 70m"
    },
    "83018": {
        "deprecated": false,
        "Dev_Desc": "시즌 패스 : 시즌 1 / 미션 이름",
        "id": 83018,
        "alias": "Contents.SoulPass.Mission.1.19",
        "text": "[light air]>downhill 200m"
    },
    "83019": {
        "deprecated": false,
        "Dev_Desc": "시즌 패스 : 시즌 1 / 미션 이름",
        "id": 83019,
        "alias": "Contents.SoulPass.Mission.1.20",
        "text": "[Gyeonggong]>Cheon Sangbi Episode 20"
    },
    "83020": {
        "deprecated": false,
        "Dev_Desc": "시즌 패스 : 시즌 1 / 미션 이름",
        "id": 83020,
        "alias": "Contents.SoulPass.Mission.1.21",
        "text": "[Gyeonggong]>Circulation Fee 10 times"
    },
    "83021": {
        "deprecated": false,
        "Dev_Desc": "시즌 패스 : 시즌 1 / 미션 이름",
        "id": 83021,
        "alias": "Contents.SoulPass.Mission.1.22",
        "text": "[Light Air]>Descent 40m"
    },
    "83022": {
        "deprecated": false,
        "Dev_Desc": "시즌 패스 : 시즌 1 / 미션 이름",
        "id": 83022,
        "alias": "Contents.SoulPass.Mission.1.23",
        "text": "Summon Soul"
    },
    "83023": {
        "deprecated": false,
        "Dev_Desc": "시즌 패스 : 시즌 1 / 미션 이름",
        "id": 83023,
        "alias": "Contents.SoulPass.Mission.1.24",
        "text": "Summon Guardian Spirit"
    },
    "83024": {
        "deprecated": false,
        "Dev_Desc": "시즌 패스 : 시즌 1 / 미션 이름",
        "id": 83024,
        "alias": "Contents.SoulPass.Mission.1.25",
        "text": "[Lv.18]>Defeat Monsters in Deep Graveyard Forest"
    },
    "83025": {
        "deprecated": false,
        "Dev_Desc": "시즌 패스 : 시즌 1 / 미션 이름",
        "id": 83025,
        "alias": "Contents.SoulPass.Mission.1.26",
        "text": "[Lv.21]>Defeating the Sunset Pasture Monster"
    },
    "83026": {
        "deprecated": false,
        "Dev_Desc": "시즌 패스 : 시즌 1 / 미션 이름",
        "id": 83026,
        "alias": "Contents.SoulPass.Mission.1.27",
        "text": "[Lv.26]>Destroy the destroyed Suwa Village monster"
    },
    "83027": {
        "deprecated": false,
        "Dev_Desc": "시즌 패스 : 시즌 1 / 미션 이름",
        "id": 83027,
        "alias": "Contents.SoulPass.Mission.1.28",
        "text": "[Lv.30]>Defeat monsters on the Spider Forest Road"
    },
    "83028": {
        "deprecated": false,
        "Dev_Desc": "시즌 패스 : 시즌 1 / 미션 이름",
        "id": 83028,
        "alias": "Contents.SoulPass.Mission.1.29",
        "text": "[Lv.32]>Defeat Green Horn Forest Monster"
    },
    "83029": {
        "deprecated": false,
        "Dev_Desc": "시즌 패스 : 시즌 1 / 미션 이름",
        "id": 83029,
        "alias": "Contents.SoulPass.Mission.1.30",
        "text": "[Lv.33]>Defeat the monsters in front of Mandala Falls"
    },
    "83030": {
        "deprecated": false,
        "Dev_Desc": "시즌 패스 : 시즌 1 / 미션 이름",
        "id": 83030,
        "alias": "Contents.SoulPass.Mission.1.31",
        "text": "[Lv.34]>Defeat Abandoned Watchtower Monster"
    },
    "83031": {
        "deprecated": false,
        "Dev_Desc": "시즌 패스 : 시즌 1 / 미션 이름",
        "id": 83031,
        "alias": "Contents.SoulPass.Mission.1.32",
        "text": "[Lv.35]>Defeat the wrecked wreckage monster"
    },
    "83032": {
        "deprecated": false,
        "Dev_Desc": "시즌 패스 : 시즌 1 / 미션 이름",
        "id": 83032,
        "alias": "Contents.SoulPass.Mission.1.33",
        "text": "[Lv.37]>Defeat Coastal Monsters Without Footprints"
    },
    "83033": {
        "deprecated": false,
        "Dev_Desc": "시즌 패스 : 시즌 1 / 미션 이름",
        "id": 83033,
        "alias": "Contents.SoulPass.Mission.1.34",
        "text": "[Lv.40]>Defeat the Valley Wind Path monsters"
    },
    "83034": {
        "deprecated": false,
        "Dev_Desc": "시즌 패스 : 시즌 1 / 미션 이름",
        "id": 83034,
        "alias": "Contents.SoulPass.Mission.1.35",
        "text": "[Lv.41]>Defeat Blood Rain Forest monsters"
    },
    "83035": {
        "deprecated": false,
        "Dev_Desc": "시즌 패스 : 시즌 1 / 미션 이름",
        "id": 83035,
        "alias": "Contents.SoulPass.Mission.1.36",
        "text": "[Lv.42]>Defeat the monsters north of the Shadow Forest"
    },
    "83036": {
        "deprecated": false,
        "Dev_Desc": "시즌 패스 : 시즌 1 / 미션 이름",
        "id": 83036,
        "alias": "Contents.SoulPass.Mission.1.37",
        "text": "[Lv.43]>Defeat monsters in the withered swamp"
    },
    "83037": {
        "deprecated": false,
        "Dev_Desc": "시즌 패스 : 시즌 1 / 미션 이름",
        "id": 83037,
        "alias": "Contents.SoulPass.Mission.1.38",
        "text": "[Lv.44]>Defeat snake mushroom colony monsters"
    },
    "83038": {
        "deprecated": false,
        "Dev_Desc": "시즌 패스 : 시즌 1 / 미션 이름",
        "id": 83038,
        "alias": "Contents.SoulPass.Mission.1.39",
        "text": "[Lv.45]>Pioneer Spirit Graveyard Monster Defeat"
    },
    "83039": {
        "deprecated": false,
        "Dev_Desc": "시즌 패스 : 시즌 1 / 미션 이름",
        "id": 83039,
        "alias": "Contents.SoulPass.Mission.1.40",
        "text": "[Vandal Lake]>Defeat Guardian No. 9 in One Strike"
    },
    "83040": {
        "deprecated": false,
        "Dev_Desc": "시즌 패스 : 시즌 1 / 미션 이름",
        "id": 83040,
        "alias": "Contents.SoulPass.Mission.1.41",
        "text": "[Lake Vandal]>Defeat Guard No. 19 in Strike"
    },
    "83041": {
        "deprecated": false,
        "Dev_Desc": "시즌 패스 : 시즌 1 / 미션 이름",
        "id": 83041,
        "alias": "Contents.SoulPass.Mission.1.42",
        "text": "[Lake Vandal]>Defeat Guard No. 28 in One Strike"
    },
    "83042": {
        "deprecated": false,
        "Dev_Desc": "시즌 패스 : 시즌 1 / 미션 이름",
        "id": 83042,
        "alias": "Contents.SoulPass.Mission.1.43",
        "text": "Defeat [Vandal Lake]>Guardian of Destruction No. 29"
    },
    "83043": {
        "deprecated": false,
        "Dev_Desc": "시즌 패스 : 시즌 1 / 미션 이름",
        "id": 83043,
        "alias": "Contents.SoulPass.Mission.1.44",
        "text": "[Lake Vandal]>Defeat Guard No. 31 in Strike"
    },
    "83044": {
        "deprecated": false,
        "Dev_Desc": "시즌 패스 : 시즌 1 / 미션 이름",
        "id": 83044,
        "alias": "Contents.SoulPass.Mission.1.45",
        "text": "[Vandal Lake]>Defeat Guard of the Iron Wall No. 35"
    },
    "83045": {
        "deprecated": false,
        "Dev_Desc": "시즌 패스 : 시즌 1 / 미션 이름",
        "id": 83045,
        "alias": "Contents.SoulPass.Mission.1.46",
        "text": "[Taerokrim]>Strike Guard No. 33 Defeated"
    },
    "83046": {
        "deprecated": false,
        "Dev_Desc": "시즌 패스 : 시즌 1 / 미션 이름",
        "id": 83046,
        "alias": "Contents.SoulPass.Mission.1.47",
        "text": "Defeat [Taerokrim]>Guardian of Destruction No. 38"
    },
    "83047": {
        "deprecated": false,
        "Dev_Desc": "시즌 패스 : 시즌 1 / 미션 이름",
        "id": 83047,
        "alias": "Contents.SoulPass.Mission.1.48",
        "text": "Defeat [Taerokrim]>Guardian of Destruction No. 44"
    },
    "83048": {
        "deprecated": false,
        "Dev_Desc": "시즌 패스 : 시즌 1 / 미션 이름",
        "id": 83048,
        "alias": "Contents.SoulPass.Mission.1.49",
        "text": "[Taerokrim]>Defeat Guard No. 47 in One Strike"
    },
    "83049": {
        "deprecated": false,
        "Dev_Desc": "시즌 패스 : 시즌 1 / 미션 이름",
        "id": 83049,
        "alias": "Contents.SoulPass.Mission.1.50",
        "text": "Defeat [Taerokrim]>Guardian of Destruction No. 48"
    },
    "83050": {
        "deprecated": false,
        "Dev_Desc": "시즌 패스 : 시즌 1 / 미션 이름",
        "id": 83050,
        "alias": "Contents.SoulPass.Mission.1.51",
        "text": "Defeat [Taerokrim]>Guardian of Destruction No. 52"
    },
    "83051": {
        "deprecated": false,
        "Dev_Desc": "데일리 패스 / 미션 이름",
        "id": 83051,
        "alias": "Contents.SoulPass.Mission.2.1",
        "text": "To attend"
    },
    "83052": {
        "deprecated": false,
        "Dev_Desc": "데일리 패스 / 미션 이름",
        "id": 83052,
        "alias": "Contents.SoulPass.Mission.2.2",
        "text": "100 kills"
    },
    "83053": {
        "deprecated": false,
        "Dev_Desc": "데일리 패스 / 미션 이름",
        "id": 83053,
        "alias": "Contents.SoulPass.Mission.2.3",
        "text": "Use Beginner Healing Potion 100 times"
    },
    "83054": {
        "deprecated": false,
        "Dev_Desc": "데일리 패스 / 미션 이름",
        "id": 83054,
        "alias": "Contents.SoulPass.Mission.2.4",
        "text": "Use Beginner Healing Potion 500 times"
    },
    "83055": {
        "deprecated": false,
        "Dev_Desc": "데일리 패스 / 미션 이름",
        "id": 83055,
        "alias": "Contents.SoulPass.Mission.2.5",
        "text": "Use 1000 Beginner Healing Potions"
    },
    "83056": {
        "deprecated": false,
        "Dev_Desc": "데일리 패스 / 미션 이름",
        "id": 83056,
        "alias": "Contents.SoulPass.Mission.2.6",
        "text": "Using Dragon Car 100 times"
    },
    "83057": {
        "deprecated": false,
        "Dev_Desc": "데일리 패스 / 미션 이름",
        "id": 83057,
        "alias": "Contents.SoulPass.Mission.2.7",
        "text": "Dragon Car use 250 times"
    },
    "83058": {
        "deprecated": false,
        "Dev_Desc": "데일리 패스 / 미션 이름",
        "id": 83058,
        "alias": "Contents.SoulPass.Mission.2.8",
        "text": "Using Dragon Car 500 times"
    },
    "83059": {
        "deprecated": false,
        "Dev_Desc": "데일리 패스 / 미션 이름",
        "id": 83059,
        "alias": "Contents.SoulPass.Mission.2.9",
        "text": "Using Spirits 100 times"
    },
    "83060": {
        "deprecated": false,
        "Dev_Desc": "데일리 패스 / 미션 이름",
        "id": 83060,
        "alias": "Contents.SoulPass.Mission.2.10",
        "text": "Use of Spirits 250 times"
    },
    "83061": {
        "deprecated": false,
        "Dev_Desc": "데일리 패스 / 미션 이름",
        "id": 83061,
        "alias": "Contents.SoulPass.Mission.2.11",
        "text": "Use of Spirits 500 times"
    },
    "83062": {
        "deprecated": false,
        "Dev_Desc": "데일리 패스 / 미션 이름",
        "id": 83062,
        "alias": "Contents.SoulPass.Mission.2.12",
        "text": "100 dumplings used"
    },
    "83063": {
        "deprecated": false,
        "Dev_Desc": "데일리 패스 / 미션 이름",
        "id": 83063,
        "alias": "Contents.SoulPass.Mission.2.13",
        "text": "200 dumplings used"
    },
    "83064": {
        "deprecated": false,
        "Dev_Desc": "데일리 패스 / 미션 이름",
        "id": 83064,
        "alias": "Contents.SoulPass.Mission.2.14",
        "text": "300 dumplings used"
    },
    "83065": {
        "deprecated": false,
        "Dev_Desc": "데일리 패스 / 미션 이름",
        "id": 83065,
        "alias": "Contents.SoulPass.Mission.2.15",
        "text": "20 Collaboration"
    },
    "83066": {
        "deprecated": false,
        "Dev_Desc": "데일리 패스 / 미션 이름",
        "id": 83066,
        "alias": "Contents.SoulPass.Mission.2.16",
        "text": "40 Collaborative Practices"
    },
    "83067": {
        "deprecated": false,
        "Dev_Desc": "데일리 패스 / 미션 이름",
        "id": 83067,
        "alias": "Contents.SoulPass.Mission.2.17",
        "text": "60 concerts"
    },
    "83068": {
        "deprecated": false,
        "Dev_Desc": "데일리 패스 / 미션 이름",
        "id": 83068,
        "alias": "Contents.SoulPass.Mission.2.18",
        "text": "80 concerts"
    },
    "83069": {
        "deprecated": false,
        "Dev_Desc": "데일리 패스 / 미션 이름",
        "id": 83069,
        "alias": "Contents.SoulPass.Mission.2.19",
        "text": "100 Collaborative Practices"
    },
    "83070": {
        "deprecated": false,
        "Dev_Desc": "데일리 패스 / 미션 이름",
        "id": 83070,
        "alias": "Contents.SoulPass.Mission.2.20",
        "text": "10 attempts to upgrade equipment"
    },
    "83071": {
        "deprecated": false,
        "Dev_Desc": "데일리 패스 / 미션 이름",
        "id": 83071,
        "alias": "Contents.SoulPass.Mission.2.21",
        "text": "Try equipment enhancement 20 times"
    },
    "83072": {
        "deprecated": false,
        "Dev_Desc": "데일리 패스 / 미션 이름",
        "id": 83072,
        "alias": "Contents.SoulPass.Mission.2.22",
        "text": "30 Attempts to Enhance Equipment"
    },
    "83073": {
        "deprecated": false,
        "Dev_Desc": "데일리 패스 / 미션 이름",
        "id": 83073,
        "alias": "Contents.SoulPass.Mission.2.23",
        "text": "40 attempts to upgrade equipment"
    },
    "83074": {
        "deprecated": false,
        "Dev_Desc": "데일리 패스 / 미션 이름",
        "id": 83074,
        "alias": "Contents.SoulPass.Mission.2.24",
        "text": "50 Attempts to Enhance Equipment"
    },
    "83075": {
        "deprecated": false,
        "Dev_Desc": "스페셜 패스 / 미션 이름",
        "id": 83075,
        "alias": "Contents.SoulPass.Mission.3.1",
        "text": "Daily attendance check!"
    },
    "83076": {
        "deprecated": false,
        "Dev_Desc": "스페셜 패스 / 미션 이름",
        "id": 83076,
        "alias": "Contents.SoulPass.Mission.3.2",
        "text": "First Attendance Check!"
    },
    "83077": {
        "deprecated": false,
        "Dev_Desc": "스페셜 패스 / 미션 이름",
        "id": 83077,
        "alias": "Contents.SoulPass.Mission.3.3",
        "text": "3 cumulative attendance checks"
    },
    "83078": {
        "deprecated": false,
        "Dev_Desc": "스페셜 패스 / 미션 이름",
        "id": 83078,
        "alias": "Contents.SoulPass.Mission.3.4",
        "text": "5 cumulative attendance checks"
    },
    "83079": {
        "deprecated": false,
        "Dev_Desc": "스페셜 패스 / 미션 이름",
        "id": 83079,
        "alias": "Contents.SoulPass.Mission.3.5",
        "text": "7 cumulative attendance checks"
    },
    "83080": {
        "deprecated": false,
        "Dev_Desc": "스페셜 패스 / 미션 이름",
        "id": 83080,
        "alias": "Contents.SoulPass.Mission.3.6",
        "text": "12 cumulative attendance checks"
    },
    "83081": {
        "deprecated": false,
        "Dev_Desc": "이벤트 패스 / 미션 이름",
        "id": 83081,
        "alias": "Contents.SoulPass.Mission.4.1",
        "text": "Sweep the twilight lakeside monsters"
    },
    "83082": {
        "deprecated": false,
        "Dev_Desc": "이벤트 패스 / 미션 이름",
        "id": 83082,
        "alias": "Contents.SoulPass.Mission.4.2",
        "text": "Clear the Elite Monsters by the Twilight Lakeside"
    },
    "83083": {
        "deprecated": false,
        "Dev_Desc": "한가위 패스 / 미션 이름",
        "id": 83083,
        "alias": "Contents.SoulPass.Mission.5.1",
        "text": "To attend"
    },
    "83084": {
        "deprecated": false,
        "Dev_Desc": "한가위 패스 / 미션 이름",
        "id": 83084,
        "alias": "Contents.SoulPass.Mission.5.2",
        "text": "Complete 3 collaborations"
    },
    "83085": {
        "deprecated": false,
        "Dev_Desc": "한가위 패스 / 미션 이름",
        "id": 83085,
        "alias": "Contents.SoulPass.Mission.5.3",
        "text": "Clearing the Monsters of the Half Moon Lake of Plenty of Years"
    },
    "83086": {
        "deprecated": false,
        "Dev_Desc": "한가위 패스 / 미션 이름",
        "id": 83086,
        "alias": "Contents.SoulPass.Mission.5.4",
        "text": "Sweeping the Elite Monsters of the Half Moon Lake of Prosperity"
    },
    "83087": {
        "deprecated": false,
        "Dev_Desc": "한가위 패스 / 미션 이름",
        "id": 83087,
        "alias": "Contents.SoulPass.Mission.5.5",
        "text": "Two days attendance"
    },
    "83088": {
        "deprecated": false,
        "Dev_Desc": "한가위 패스 / 미션 이름",
        "id": 83088,
        "alias": "Contents.SoulPass.Mission.5.6",
        "text": "Four days attendance"
    },
    "83089": {
        "deprecated": false,
        "Dev_Desc": "한가위 패스 / 미션 이름",
        "id": 83089,
        "alias": "Contents.SoulPass.Mission.5.7",
        "text": "Six days attendance"
    },
    "83090": {
        "deprecated": false,
        "Dev_Desc": "한가위 패스 / 미션 이름",
        "id": 83090,
        "alias": "Contents.SoulPass.Mission.5.8",
        "text": "Eight days attendance"
    },
    "83091": {
        "deprecated": false,
        "Dev_Desc": "한가위 패스 / 미션 이름",
        "id": 83091,
        "alias": "Contents.SoulPass.Mission.5.9",
        "text": "Ten days attendance"
    },
    "83092": {
        "deprecated": false,
        "Dev_Desc": "한가위 패스 / 미션 이름",
        "id": 83092,
        "alias": "Contents.SoulPass.Mission.5.10",
        "text": "Twelve days attendance"
    },
    "83093": {
        "deprecated": false,
        "Dev_Desc": "한가위 패스 / 미션 이름",
        "id": 83093,
        "alias": "Contents.SoulPass.Mission.5.11",
        "text": "Fourteen days attendance"
    },
    "83094": {
        "deprecated": false,
        "Dev_Desc": "한가위 패스 / 미션 이름",
        "id": 83094,
        "alias": "Contents.SoulPass.Mission.5.12",
        "text": "Clearing the Monsters of the Half Moon Lake of Plenty of Years"
    },
    "83095": {
        "deprecated": false,
        "Dev_Desc": "한가위 패스 / 미션 이름",
        "id": 83095,
        "alias": "Contents.SoulPass.Mission.5.13",
        "text": "Sweeping the Elite Monsters of the Half Moon Lake of Prosperity"
    },
    "83096": {
        "deprecated": false,
        "Dev_Desc": "한가위 패스 / 미션 이름",
        "id": 83096,
        "alias": "Contents.SoulPass.Mission.5.14",
        "text": "Clearing the Monsters of the Half Moon Lake of Plenty of Years"
    },
    "83097": {
        "deprecated": false,
        "Dev_Desc": "한가위 패스 / 미션 이름",
        "id": 83097,
        "alias": "Contents.SoulPass.Mission.5.15",
        "text": "Sweeping the Elite Monsters of the Half Moon Lake of Prosperity"
    },
    "83098": {
        "deprecated": false,
        "Dev_Desc": "한가위 패스 / 미션 이름",
        "id": 83098,
        "alias": "Contents.SoulPass.Mission.5.16",
        "text": "Clearing the Monsters of the Half Moon Lake of Plenty of Years"
    },
    "83099": {
        "deprecated": false,
        "Dev_Desc": "한가위 패스 / 미션 이름",
        "id": 83099,
        "alias": "Contents.SoulPass.Mission.5.17",
        "text": "Sweeping the Elite Monsters of the Half Moon Lake of Prosperity"
    },
    "83100": {
        "deprecated": false,
        "Dev_Desc": "한가위 패스 / 미션 이름",
        "id": 83100,
        "alias": "Contents.SoulPass.Mission.5.18",
        "text": "Defeat Nokryeokdaegwi 1 time at Vandal Lake of Plenty of Years"
    },
    "83101": {
        "deprecated": false,
        "Dev_Desc": "한가위 패스 / 미션 이름",
        "id": 83101,
        "alias": "Contents.SoulPass.Mission.5.19",
        "text": "Defeat Nokryeokdaegwi 2 times at Vandal Lake of Plenty of Years"
    },
    "83102": {
        "deprecated": false,
        "Dev_Desc": "한가위 패스 / 미션 이름",
        "id": 83102,
        "alias": "Contents.SoulPass.Mission.5.20",
        "text": "Defeat Nokryeokdaegwi 3 times at Vandal Lake of Plenty of Years"
    },
    "83103": {
        "deprecated": false,
        "Dev_Desc": "한가위 패스 / 미션 이름",
        "id": 83103,
        "alias": "Contents.SoulPass.Mission.5.21",
        "text": "Defeat Gulak 1 time at Vandal Lake in the Plenty of Years"
    },
    "83104": {
        "deprecated": false,
        "Dev_Desc": "한가위 패스 / 미션 이름",
        "id": 83104,
        "alias": "Contents.SoulPass.Mission.5.22",
        "text": "Defeat Gulak 2 time at Vandal Lake in the Plenty of Years"
    },
    "83105": {
        "deprecated": false,
        "Dev_Desc": "한가위 패스 / 미션 이름",
        "id": 83105,
        "alias": "Contents.SoulPass.Mission.5.23",
        "text": "Defeat Gulak 3 time at Vandal Lake in the Plenty of Years"
    },
    "83106": {
        "deprecated": false,
        "Dev_Desc": "한가위 패스 / 미션 이름",
        "id": 83106,
        "alias": "Contents.SoulPass.Mission.5.24",
        "text": "Defeat Baekhwaryeom 1 time at Vandal Lake of Plenty of Years"
    },
    "83107": {
        "deprecated": false,
        "Dev_Desc": "한가위 패스 / 미션 이름",
        "id": 83107,
        "alias": "Contents.SoulPass.Mission.5.25",
        "text": "Defeat Baekhwaryeom 2 time at Vandal Lake of Plenty of Years"
    },
    "83108": {
        "deprecated": false,
        "Dev_Desc": "한가위 패스 / 미션 이름",
        "id": 83108,
        "alias": "Contents.SoulPass.Mission.5.26",
        "text": "Defeat Baekhwaryeom 3 time at Vandal Lake of Plenty of Years"
    },
    "83109": {
        "deprecated": false,
        "Dev_Desc": "한가위 패스 / 미션 이름",
        "id": 83109,
        "alias": "Contents.SoulPass.Mission.5.27",
        "text": "Friday/Saturday/Sunday 21:00 Defeating red plum blossoms at Vandal Lake in a bountiful year once"
    },
    "83110": {
        "deprecated": false,
        "Dev_Desc": "한가위 패스 / 미션 이름",
        "id": 83110,
        "alias": "Contents.SoulPass.Mission.5.28",
        "text": "Friday/Saturday/Sunday 21:00 Defeat Red Plum Blossoms at Vandal Lake in Bountiful Years 2 times"
    },
    "83111": {
        "deprecated": false,
        "Dev_Desc": "데일리 패스2 / 미션 이름",
        "id": 83111,
        "alias": "Contents.SoulPass.Mission.6.1",
        "text": "Attendance"
    },
    "83112": {
        "deprecated": false,
        "Dev_Desc": "데일리 패스2 / 미션 이름",
        "id": 83112,
        "alias": "Contents.SoulPass.Mission.6.2",
        "text": "Monsters 100 times"
    },
    "83113": {
        "deprecated": false,
        "Dev_Desc": "데일리 패스2 / 미션 이름",
        "id": 83113,
        "alias": "Contents.SoulPass.Mission.6.3",
        "text": "Using Beginner 1,000 times"
    },
    "83114": {
        "deprecated": false,
        "Dev_Desc": "데일리 패스2 / 미션 이름",
        "id": 83114,
        "alias": "Contents.SoulPass.Mission.6.4",
        "text": "Using Beginner 3,000 times"
    },
    "83115": {
        "deprecated": false,
        "Dev_Desc": "데일리 패스2 / 미션 이름",
        "id": 83115,
        "alias": "Contents.SoulPass.Mission.6.5",
        "text": "5,000 times of use of beginners"
    },
    "83116": {
        "deprecated": false,
        "Dev_Desc": "데일리 패스2 / 미션 이름",
        "id": 83116,
        "alias": "Contents.SoulPass.Mission.6.6",
        "text": "Using the Savage 100 times"
    },
    "83117": {
        "deprecated": false,
        "Dev_Desc": "데일리 패스2 / 미션 이름",
        "id": 83117,
        "alias": "Contents.SoulPass.Mission.6.7",
        "text": "Using a verifier 300 times"
    },
    "83118": {
        "deprecated": false,
        "Dev_Desc": "데일리 패스2 / 미션 이름",
        "id": 83118,
        "alias": "Contents.SoulPass.Mission.6.8",
        "text": "Using the Savage 600 times"
    },
    "83119": {
        "deprecated": false,
        "Dev_Desc": "데일리 패스2 / 미션 이름",
        "id": 83119,
        "alias": "Contents.SoulPass.Mission.6.9",
        "text": "100 times of use of a victory"
    },
    "83120": {
        "deprecated": false,
        "Dev_Desc": "데일리 패스2 / 미션 이름",
        "id": 83120,
        "alias": "Contents.SoulPass.Mission.6.10",
        "text": "Using a Prime Minister 300 times"
    },
    "83121": {
        "deprecated": false,
        "Dev_Desc": "데일리 패스2 / 미션 이름",
        "id": 83121,
        "alias": "Contents.SoulPass.Mission.6.11",
        "text": "The use of a victory\" 600 times "
    },
    "83122": {
        "deprecated": false,
        "Dev_Desc": "데일리 패스2 / 미션 이름",
        "id": 83122,
        "alias": "Contents.SoulPass.Mission.6.12",
        "text": "1 day attendance"
    },
    "83123": {
        "deprecated": false,
        "Dev_Desc": "데일리 패스2 / 미션 이름",
        "id": 83123,
        "alias": "Contents.SoulPass.Mission.6.13",
        "text": "2 days attendance"
    },
    "83124": {
        "deprecated": false,
        "Dev_Desc": "데일리 패스2 / 미션 이름",
        "id": 83124,
        "alias": "Contents.SoulPass.Mission.6.14",
        "text": "3 days attendance"
    },
    "83125": {
        "deprecated": false,
        "Dev_Desc": "데일리 패스2 / 미션 이름",
        "id": 83125,
        "alias": "Contents.SoulPass.Mission.6.15",
        "text": "4 days attendance"
    },
    "83126": {
        "deprecated": false,
        "Dev_Desc": "데일리 패스2 / 미션 이름",
        "id": 83126,
        "alias": "Contents.SoulPass.Mission.6.16",
        "text": "5 days attendance"
    },
    "83127": {
        "deprecated": false,
        "Dev_Desc": "데일리 패스2 / 미션 이름",
        "id": 83127,
        "alias": "Contents.SoulPass.Mission.6.17",
        "text": "6 days attendance"
    },
    "83128": {
        "deprecated": false,
        "Dev_Desc": "데일리 패스2 / 미션 이름",
        "id": 83128,
        "alias": "Contents.SoulPass.Mission.6.18",
        "text": "7 days attendance"
    },
    "83129": {
        "deprecated": false,
        "Dev_Desc": "데일리 패스2 / 미션 이름",
        "id": 83129,
        "alias": "Contents.SoulPass.Mission.6.19",
        "text": "8 days attendance"
    },
    "83130": {
        "deprecated": false,
        "Dev_Desc": "데일리 패스2 / 미션 이름",
        "id": 83130,
        "alias": "Contents.SoulPass.Mission.6.20",
        "text": "9 days attendance"
    },
    "83131": {
        "deprecated": false,
        "Dev_Desc": "데일리 패스2 / 미션 이름",
        "id": 83131,
        "alias": "Contents.SoulPass.Mission.6.21",
        "text": "10 days attendance"
    },
    "83132": {
        "deprecated": false,
        "Dev_Desc": "데일리 패스2 / 미션 이름",
        "id": 83132,
        "alias": "Contents.SoulPass.Mission.6.22",
        "text": "Working with a cooperation 10 times"
    },
    "83133": {
        "deprecated": false,
        "Dev_Desc": "데일리 패스2 / 미션 이름",
        "id": 83133,
        "alias": "Contents.SoulPass.Mission.6.23",
        "text": "Performance of the cooperation 20 times"
    },
    "83134": {
        "deprecated": false,
        "Dev_Desc": "데일리 패스2 / 미션 이름",
        "id": 83134,
        "alias": "Contents.SoulPass.Mission.6.24",
        "text": "Performance 30 times"
    },
    "83135": {
        "deprecated": false,
        "Dev_Desc": "데일리 패스2 / 미션 이름",
        "id": 83135,
        "alias": "Contents.SoulPass.Mission.6.25",
        "text": "Performing the part 40 times"
    },
    "83136": {
        "deprecated": false,
        "Dev_Desc": "데일리 패스2 / 미션 이름",
        "id": 83136,
        "alias": "Contents.SoulPass.Mission.6.26",
        "text": "Performing the cooperation 50 times"
    },
    "83137": {
        "deprecated": false,
        "Dev_Desc": "데일리 패스2 / 미션 이름",
        "id": 83137,
        "alias": "Contents.SoulPass.Mission.6.27",
        "text": "Try to strengthen weapons 30 times"
    },
    "83138": {
        "deprecated": false,
        "Dev_Desc": "데일리 패스2 / 미션 이름",
        "id": 83138,
        "alias": "Contents.SoulPass.Mission.6.28",
        "text": "Try 30 times of strengthening armor"
    },
    "83139": {
        "deprecated": false,
        "Dev_Desc": "데일리 패스2 / 미션 이름",
        "id": 83139,
        "alias": "Contents.SoulPass.Mission.6.29",
        "text": "Try to strengthen ornaments 20 times"
    },
    "83140": {
        "deprecated": false,
        "Dev_Desc": "데일리 패스2 / 미션 이름",
        "id": 83140,
        "alias": "Contents.SoulPass.Mission.6.30",
        "text": "Monster 10,000 times"
    },
    "83141": {
        "deprecated": false,
        "Dev_Desc": "데일리 패스2 / 미션 이름",
        "id": 83141,
        "alias": "Contents.SoulPass.Mission.6.31",
        "text": "Monsters 50,000 times"
    },
    "83142": {
        "deprecated": false,
        "Dev_Desc": "소울 시즌 패스 / 미션 이름",
        "id": 83142,
        "alias": "Contents.SoulPass.Mission.7.1",
        "text": "To attend"
    },
    "83143": {
        "deprecated": false,
        "Dev_Desc": "소울 시즌 패스 / 미션 이름",
        "id": 83143,
        "alias": "Contents.SoulPass.Mission.7.2",
        "text": "Complete 3 collaborations"
    },
    "83144": {
        "deprecated": false,
        "Dev_Desc": "소울 시즌 패스 / 미션 이름",
        "id": 83144,
        "alias": "Contents.SoulPass.Mission.7.3",
        "text": "clear normal monsters"
    },
    "83145": {
        "deprecated": false,
        "Dev_Desc": "소울 시즌 패스 / 미션 이름",
        "id": 83145,
        "alias": "Contents.SoulPass.Mission.7.4",
        "text": "Sweep Elite Monsters"
    },
    "83146": {
        "deprecated": false,
        "Dev_Desc": "소울 시즌 패스 / 미션 이름",
        "id": 83146,
        "alias": "Contents.SoulPass.Mission.7.5",
        "text": "Equipment enhancement attempt 1 time"
    },
    "83147": {
        "deprecated": false,
        "Dev_Desc": "소울 시즌 패스 / 미션 이름",
        "id": 83147,
        "alias": "Contents.SoulPass.Mission.7.6",
        "text": "Use the dragon car 36 times"
    },
    "83148": {
        "deprecated": false,
        "Dev_Desc": "소울 시즌 패스 / 미션 이름",
        "id": 83148,
        "alias": "Contents.SoulPass.Mission.7.7",
        "text": "Use of Youngshindan 36 times"
    },
    "83149": {
        "deprecated": false,
        "Dev_Desc": "소울 시즌 패스 / 미션 이름",
        "id": 83149,
        "alias": "Contents.SoulPass.Mission.7.8",
        "text": "1 Soul Summon"
    },
    "83150": {
        "deprecated": false,
        "Dev_Desc": "소울 시즌 패스 / 미션 이름",
        "id": 83150,
        "alias": "Contents.SoulPass.Mission.7.9",
        "text": "Summon Guardian Spirit 1 time"
    },
    "83151": {
        "deprecated": false,
        "Dev_Desc": "소울 시즌 패스 / 미션 이름",
        "id": 83151,
        "alias": "Contents.SoulPass.Mission.7.10",
        "text": "30 weapon enhancement attempts"
    },
    "83152": {
        "deprecated": false,
        "Dev_Desc": "소울 시즌 패스 / 미션 이름",
        "id": 83152,
        "alias": "Contents.SoulPass.Mission.7.11",
        "text": "30 attempts to enhance armor"
    },
    "83153": {
        "deprecated": false,
        "Dev_Desc": "소울 시즌 패스 / 미션 이름",
        "id": 83153,
        "alias": "Contents.SoulPass.Mission.7.12",
        "text": "10 Trinkets Enhancement Attempts"
    },
    "83155": {
        "deprecated": false,
        "Dev_Desc": "소울 시즌 패스 / 미션 이름",
        "id": 83155,
        "alias": "Contents.SoulPass.Mission.7.14",
        "text": "5 days attendance"
    },
    "83156": {
        "deprecated": false,
        "Dev_Desc": "소울 시즌 패스 / 미션 이름",
        "id": 83156,
        "alias": "Contents.SoulPass.Mission.7.15",
        "text": "10 days attendance"
    },
    "83157": {
        "deprecated": false,
        "Dev_Desc": "소울 시즌 패스 / 미션 이름",
        "id": 83157,
        "alias": "Contents.SoulPass.Mission.7.16",
        "text": "15 days attendance"
    },
    "83158": {
        "deprecated": false,
        "Dev_Desc": "소울 시즌 패스 / 미션 이름",
        "id": 83158,
        "alias": "Contents.SoulPass.Mission.7.17",
        "text": "20 days attendance"
    },
    "83159": {
        "deprecated": false,
        "Dev_Desc": "스타팅 패스 / 미션 이름",
        "id": 83159,
        "alias": "Contents.SoulPass.Mission.8.1",
        "text": "2 days attendance"
    },
    "83160": {
        "deprecated": false,
        "Dev_Desc": "스타팅 패스 / 미션 이름",
        "id": 83160,
        "alias": "Contents.SoulPass.Mission.8.2",
        "text": "4 days attendance"
    },
    "83161": {
        "deprecated": false,
        "Dev_Desc": "스타팅 패스 / 미션 이름",
        "id": 83161,
        "alias": "Contents.SoulPass.Mission.8.3",
        "text": "6 days attendance"
    },
    "83162": {
        "deprecated": false,
        "Dev_Desc": "스타팅 패스 / 미션 이름",
        "id": 83162,
        "alias": "Contents.SoulPass.Mission.8.4",
        "text": "8 days attendance"
    },
    "83163": {
        "deprecated": false,
        "Dev_Desc": "스타팅 패스 / 미션 이름",
        "id": 83163,
        "alias": "Contents.SoulPass.Mission.8.5",
        "text": "10 days attendance"
    },
    "83164": {
        "deprecated": false,
        "Dev_Desc": "스타팅 패스 / 미션 이름",
        "id": 83164,
        "alias": "Contents.SoulPass.Mission.8.6",
        "text": "12 days attendance"
    },
    "83165": {
        "deprecated": false,
        "Dev_Desc": "스타팅 패스 / 미션 이름",
        "id": 83165,
        "alias": "Contents.SoulPass.Mission.8.7",
        "text": "14 days attendance"
    },
    "83166": {
        "deprecated": false,
        "Dev_Desc": "스타팅 패스 / 미션 이름",
        "id": 83166,
        "alias": "Contents.SoulPass.Mission.8.8",
        "text": "16 days attendance"
    },
    "83167": {
        "deprecated": false,
        "Dev_Desc": "스타팅 패스 / 미션 이름",
        "id": 83167,
        "alias": "Contents.SoulPass.Mission.8.9",
        "text": "Attendance on the 18th"
    },
    "83168": {
        "deprecated": false,
        "Dev_Desc": "스타팅 패스 / 미션 이름",
        "id": 83168,
        "alias": "Contents.SoulPass.Mission.8.10",
        "text": "attendance for 20 days"
    },
    "83169": {
        "deprecated": false,
        "Dev_Desc": "스타팅 패스 / 미션 이름",
        "id": 83169,
        "alias": "Contents.SoulPass.Mission.8.11",
        "text": "Attendance on the 22nd"
    },
    "83170": {
        "deprecated": false,
        "Dev_Desc": "스타팅 패스 / 미션 이름",
        "id": 83170,
        "alias": "Contents.SoulPass.Mission.8.12",
        "text": "24 days attendance"
    },
    "83171": {
        "deprecated": false,
        "Dev_Desc": "스타팅 패스 / 미션 이름",
        "id": 83171,
        "alias": "Contents.SoulPass.Mission.8.13",
        "text": "Attendance on the 26th"
    },
    "83172": {
        "deprecated": false,
        "Dev_Desc": "스타팅 패스 / 미션 이름",
        "id": 83172,
        "alias": "Contents.SoulPass.Mission.8.14",
        "text": "Complete 6 collaborations"
    },
    "83173": {
        "deprecated": false,
        "Dev_Desc": "스타팅 패스 / 미션 이름",
        "id": 83173,
        "alias": "Contents.SoulPass.Mission.8.15",
        "text": "Complete 12 collaborations"
    },
    "83174": {
        "deprecated": false,
        "Dev_Desc": "스타팅 패스 / 미션 이름",
        "id": 83174,
        "alias": "Contents.SoulPass.Mission.8.16",
        "text": "Complete 18 collaborations"
    },
    "83175": {
        "deprecated": false,
        "Dev_Desc": "스타팅 패스 / 미션 이름",
        "id": 83175,
        "alias": "Contents.SoulPass.Mission.8.17",
        "text": "Complete 24 collaborations"
    },
    "83176": {
        "deprecated": false,
        "Dev_Desc": "스타팅 패스 / 미션 이름",
        "id": 83176,
        "alias": "Contents.SoulPass.Mission.8.18",
        "text": "Complete 30 collaborations"
    },
    "83177": {
        "deprecated": false,
        "Dev_Desc": "스타팅 패스 / 미션 이름",
        "id": 83177,
        "alias": "Contents.SoulPass.Mission.8.19",
        "text": "Complete 36 collaborations"
    },
    "83178": {
        "deprecated": false,
        "Dev_Desc": "스타팅 패스 / 미션 이름",
        "id": 83178,
        "alias": "Contents.SoulPass.Mission.8.20",
        "text": "Complete 42 collaborations"
    },
    "83179": {
        "deprecated": false,
        "Dev_Desc": "스타팅 패스 / 미션 이름",
        "id": 83179,
        "alias": "Contents.SoulPass.Mission.8.21",
        "text": "Complete 48 collaborations"
    },
    "83180": {
        "deprecated": false,
        "Dev_Desc": "스타팅 패스 / 미션 이름",
        "id": 83180,
        "alias": "Contents.SoulPass.Mission.8.22",
        "text": "Complete 54 collaborations"
    },
    "83181": {
        "deprecated": false,
        "Dev_Desc": "스타팅 패스 / 미션 이름",
        "id": 83181,
        "alias": "Contents.SoulPass.Mission.8.23",
        "text": "Complete 60 collaborations"
    },
    "83182": {
        "deprecated": false,
        "Dev_Desc": "스타팅 패스 / 미션 이름",
        "id": 83182,
        "alias": "Contents.SoulPass.Mission.8.24",
        "text": "Complete 66 collaborations"
    },
    "83183": {
        "deprecated": false,
        "Dev_Desc": "스타팅 패스 / 미션 이름",
        "id": 83183,
        "alias": "Contents.SoulPass.Mission.8.25",
        "text": "72 collaborations completed"
    },
    "83184": {
        "deprecated": false,
        "Dev_Desc": "스타팅 패스 / 미션 이름",
        "id": 83184,
        "alias": "Contents.SoulPass.Mission.8.26",
        "text": "Complete 78 collaborations"
    },
    "83185": {
        "deprecated": false,
        "Dev_Desc": "스타팅 패스 / 미션 이름",
        "id": 83185,
        "alias": "Contents.SoulPass.Mission.8.27",
        "text": "Complete 84 collaborations"
    },
    "83186": {
        "deprecated": false,
        "Dev_Desc": "스타팅 패스 / 미션 이름",
        "id": 83186,
        "alias": "Contents.SoulPass.Mission.8.28",
        "text": "3 weapon crafting attempts"
    },
    "83187": {
        "deprecated": false,
        "Dev_Desc": "스타팅 패스 / 미션 이름",
        "id": 83187,
        "alias": "Contents.SoulPass.Mission.8.29",
        "text": "3 attempts to craft armor"
    },
    "83188": {
        "deprecated": false,
        "Dev_Desc": "스타팅 패스 / 미션 이름",
        "id": 83188,
        "alias": "Contents.SoulPass.Mission.8.30",
        "text": "3 Trinkets Crafting Attempts"
    },
    "83189": {
        "deprecated": false,
        "Dev_Desc": "스타팅 패스 / 미션 이름",
        "id": 83189,
        "alias": "Contents.SoulPass.Mission.8.31",
        "text": "5 attempts to enhance weapons"
    },
    "83190": {
        "deprecated": false,
        "Dev_Desc": "스타팅 패스 / 미션 이름",
        "id": 83190,
        "alias": "Contents.SoulPass.Mission.8.32",
        "text": "5 attempts to enhance armor"
    },
    "83191": {
        "deprecated": false,
        "Dev_Desc": "스타팅 패스 / 미션 이름",
        "id": 83191,
        "alias": "Contents.SoulPass.Mission.8.33",
        "text": "Attempt to enhance ornaments once"
    },
    "83192": {
        "deprecated": false,
        "Dev_Desc": "스타팅 패스 / 미션 이름",
        "id": 83192,
        "alias": "Contents.SoulPass.Mission.8.34",
        "text": "20 weapon enhancement attempts"
    },
    "83193": {
        "deprecated": false,
        "Dev_Desc": "스타팅 패스 / 미션 이름",
        "id": 83193,
        "alias": "Contents.SoulPass.Mission.8.35",
        "text": "30 attempts to enhance armor"
    },
    "83194": {
        "deprecated": false,
        "Dev_Desc": "스타팅 패스 / 미션 이름",
        "id": 83194,
        "alias": "Contents.SoulPass.Mission.8.36",
        "text": "10 Trinkets Enhancement Attempts"
    },
    "83195": {
        "deprecated": false,
        "Dev_Desc": "스타팅 패스 / 미션 이름",
        "id": 83195,
        "alias": "Contents.SoulPass.Mission.8.37",
        "text": "40 weapon enhancement attempts"
    },
    "83196": {
        "deprecated": false,
        "Dev_Desc": "스타팅 패스 / 미션 이름",
        "id": 83196,
        "alias": "Contents.SoulPass.Mission.8.38",
        "text": "60 attempts to enhance armor"
    },
    "83197": {
        "deprecated": false,
        "Dev_Desc": "스타팅 패스 / 미션 이름",
        "id": 83197,
        "alias": "Contents.SoulPass.Mission.8.39",
        "text": "20 Trinkets Enhancement Attempts"
    },
    "83198": {
        "deprecated": false,
        "Dev_Desc": "스타팅 패스 / 미션 이름",
        "id": 83198,
        "alias": "Contents.SoulPass.Mission.8.40",
        "text": "[light air]>sprint 300m"
    },
    "83199": {
        "deprecated": false,
        "Dev_Desc": "스타팅 패스 / 미션 이름",
        "id": 83199,
        "alias": "Contents.SoulPass.Mission.8.41",
        "text": "[Light Gong]>leap 20 times"
    },
    "83200": {
        "deprecated": false,
        "Dev_Desc": "스타팅 패스 / 미션 이름",
        "id": 83200,
        "alias": "Contents.SoulPass.Mission.8.42",
        "text": "[Light Air]>Haze 200m"
    },
    "83201": {
        "deprecated": false,
        "Dev_Desc": "스타팅 패스 / 미션 이름",
        "id": 83201,
        "alias": "Contents.SoulPass.Mission.8.43",
        "text": "[Light Air]>Water Ratio 70m"
    },
    "83202": {
        "deprecated": false,
        "Dev_Desc": "스타팅 패스 / 미션 이름",
        "id": 83202,
        "alias": "Contents.SoulPass.Mission.8.44",
        "text": "[light air]>downhill 200m"
    },
    "83203": {
        "deprecated": false,
        "Dev_Desc": "스타팅 패스 / 미션 이름",
        "id": 83203,
        "alias": "Contents.SoulPass.Mission.8.45",
        "text": "[Gyeonggong]>Cheon Sangbi Episode 20"
    },
    "83204": {
        "deprecated": false,
        "Dev_Desc": "스타팅 패스 / 미션 이름",
        "id": 83204,
        "alias": "Contents.SoulPass.Mission.8.46",
        "text": "[Gyeonggong]>Circulation Fee 10 times"
    },
    "83205": {
        "deprecated": false,
        "Dev_Desc": "스타팅 패스 / 미션 이름",
        "id": 83205,
        "alias": "Contents.SoulPass.Mission.8.47",
        "text": "[Light Air]>Descent 40m"
    },
    "83206": {
        "deprecated": false,
        "Dev_Desc": "스타팅 패스 / 미션 이름",
        "id": 83206,
        "alias": "Contents.SoulPass.Mission.8.48",
        "text": "Summon Soul"
    },
    "83207": {
        "deprecated": false,
        "Dev_Desc": "스타팅 패스 / 미션 이름",
        "id": 83207,
        "alias": "Contents.SoulPass.Mission.8.49",
        "text": "Summon Guardian Spirit"
    },
    "83208": {
        "deprecated": false,
        "Dev_Desc": "스타팅 패스 / 미션 이름",
        "id": 83208,
        "alias": "Contents.SoulPass.Mission.8.50",
        "text": "[Lv.18]>Defeat Monsters in Deep Graveyard Forest"
    },
    "83209": {
        "deprecated": false,
        "Dev_Desc": "스타팅 패스 / 미션 이름",
        "id": 83209,
        "alias": "Contents.SoulPass.Mission.8.51",
        "text": "[Lv.21]>Defeating the Sunset Pasture Monster"
    },
    "83210": {
        "deprecated": false,
        "Dev_Desc": "스타팅 패스 / 미션 이름",
        "id": 83210,
        "alias": "Contents.SoulPass.Mission.8.52",
        "text": "[Lv.26]>Destroy the destroyed Suwa village monster"
    },
    "83211": {
        "deprecated": false,
        "Dev_Desc": "스타팅 패스 / 미션 이름",
        "id": 83211,
        "alias": "Contents.SoulPass.Mission.8.53",
        "text": "[Lv.30]>Defeat monsters on the Spider Forest Road"
    },
    "83212": {
        "deprecated": false,
        "Dev_Desc": "스타팅 패스 / 미션 이름",
        "id": 83212,
        "alias": "Contents.SoulPass.Mission.8.54",
        "text": "[Lv.32]>Defeat Green Horn Forest Monster"
    },
    "83213": {
        "deprecated": false,
        "Dev_Desc": "스타팅 패스 / 미션 이름",
        "id": 83213,
        "alias": "Contents.SoulPass.Mission.8.55",
        "text": "[Lv.33]>Defeat the monster in front of Mandala Falls"
    },
    "83214": {
        "deprecated": false,
        "Dev_Desc": "스타팅 패스 / 미션 이름",
        "id": 83214,
        "alias": "Contents.SoulPass.Mission.8.56",
        "text": "[Lv.34]>Defeat Abandoned Watchtower Monster"
    },
    "83215": {
        "deprecated": false,
        "Dev_Desc": "스타팅 패스 / 미션 이름",
        "id": 83215,
        "alias": "Contents.SoulPass.Mission.8.57",
        "text": "[Lv.35]>Defeat the wreckage monster of the shipwreck"
    },
    "83216": {
        "deprecated": false,
        "Dev_Desc": "스타팅 패스 / 미션 이름",
        "id": 83216,
        "alias": "Contents.SoulPass.Mission.8.58",
        "text": "[Lv.37]>Defeat Coastal Monsters Without Footprints"
    },
    "83217": {
        "deprecated": false,
        "Dev_Desc": "스타팅 패스 / 미션 이름",
        "id": 83217,
        "alias": "Contents.SoulPass.Mission.8.59",
        "text": "[Lv.40]>Defeat the Valley Wind Path monster"
    },
    "83218": {
        "deprecated": false,
        "Dev_Desc": "스타팅 패스 / 미션 이름",
        "id": 83218,
        "alias": "Contents.SoulPass.Mission.8.60",
        "text": "[Lv.41]>Defeat Bloody Forest monsters"
    },
    "83219": {
        "deprecated": false,
        "Dev_Desc": "스타팅 패스 / 미션 이름",
        "id": 83219,
        "alias": "Contents.SoulPass.Mission.8.61",
        "text": "[Lv.42]>Defeat the monsters north of Shadow Forest"
    },
    "83220": {
        "deprecated": false,
        "Dev_Desc": "스타팅 패스 / 미션 이름",
        "id": 83220,
        "alias": "Contents.SoulPass.Mission.8.62",
        "text": "[Lv.43]>Defeat monsters in the withered swamp"
    },
    "83221": {
        "deprecated": false,
        "Dev_Desc": "스타팅 패스 / 미션 이름",
        "id": 83221,
        "alias": "Contents.SoulPass.Mission.8.63",
        "text": "[Lv.44]>Defeat the snake mushroom colony monster"
    },
    "83222": {
        "deprecated": false,
        "Dev_Desc": "스타팅 패스 / 미션 이름",
        "id": 83222,
        "alias": "Contents.SoulPass.Mission.8.64",
        "text": "[Lv.45]>Defeat the Pioneer Spirit Cemetery monsters"
    },
    "83223": {
        "deprecated": false,
        "Dev_Desc": "스타팅 패스 / 미션 이름",
        "id": 83223,
        "alias": "Contents.SoulPass.Mission.8.65",
        "text": "[Lake Vandal]>Defeat Guard No. 9 in Strike"
    },
    "83224": {
        "deprecated": false,
        "Dev_Desc": "스타팅 패스 / 미션 이름",
        "id": 83224,
        "alias": "Contents.SoulPass.Mission.8.66",
        "text": "[Lake Vandal]>Defeat Guard No. 19 in Strike"
    },
    "83225": {
        "deprecated": false,
        "Dev_Desc": "스타팅 패스 / 미션 이름",
        "id": 83225,
        "alias": "Contents.SoulPass.Mission.8.67",
        "text": "[Lake Vandal]>Defeat Guard No. 28 in Strike"
    },
    "83226": {
        "deprecated": false,
        "Dev_Desc": "스타팅 패스 / 미션 이름",
        "id": 83226,
        "alias": "Contents.SoulPass.Mission.8.68",
        "text": "Defeat [Vandal Lake]>Guardian of Destruction No. 29"
    },
    "83227": {
        "deprecated": false,
        "Dev_Desc": "스타팅 패스 / 미션 이름",
        "id": 83227,
        "alias": "Contents.SoulPass.Mission.8.69",
        "text": "[Vandal Lake]>Strike Guard No. 31 slain"
    },
    "83228": {
        "deprecated": false,
        "Dev_Desc": "스타팅 패스 / 미션 이름",
        "id": 83228,
        "alias": "Contents.SoulPass.Mission.8.70",
        "text": "[Vandal Lake]>Defeat Guard of the Iron Wall No. 35"
    },
    "83229": {
        "deprecated": false,
        "Dev_Desc": "스타팅 패스 / 미션 이름",
        "id": 83229,
        "alias": "Contents.SoulPass.Mission.8.71",
        "text": "[Taerokrim]>Defeat Guard No. 33 in One Strike"
    },
    "83230": {
        "deprecated": false,
        "Dev_Desc": "스타팅 패스 / 미션 이름",
        "id": 83230,
        "alias": "Contents.SoulPass.Mission.8.72",
        "text": "Defeat [Taerokrim]>Guardian of Destruction No. 38"
    },
    "83231": {
        "deprecated": false,
        "Dev_Desc": "스타팅 패스 / 미션 이름",
        "id": 83231,
        "alias": "Contents.SoulPass.Mission.8.73",
        "text": "Defeat [Taerokrim]>Guardian of Destruction No. 44"
    },
    "83232": {
        "deprecated": false,
        "Dev_Desc": "스타팅 패스 / 미션 이름",
        "id": 83232,
        "alias": "Contents.SoulPass.Mission.8.74",
        "text": "[Taerokrim]>Defeat Guard No. 47 in One Strike"
    },
    "83233": {
        "deprecated": false,
        "Dev_Desc": "스타팅 패스 / 미션 이름",
        "id": 83233,
        "alias": "Contents.SoulPass.Mission.8.75",
        "text": "Defeat [Taerokrim]>Guardian of Destruction No. 48"
    },
    "83234": {
        "deprecated": false,
        "Dev_Desc": "스타팅 패스 / 미션 이름",
        "id": 83234,
        "alias": "Contents.SoulPass.Mission.8.76",
        "text": "Defeat [Taerokrim]>Guardian of Destruction No. 52"
    }
}