{
    "12050000": {
        "deprecated": false,
        "Dev_Desc": "비옥서브_50000_1",
        "id": 12050000,
        "alias": "Contents.Quest.Mission.50000",
        "text": "Go to training center"
    },
    "12050001": {
        "deprecated": false,
        "Dev_Desc": "비옥서브_50000_2",
        "id": 12050001,
        "alias": "Contents.Quest.Mission.50001",
        "text": "Conversation with Pungbaekmun"
    },
    "12050002": {
        "deprecated": false,
        "Dev_Desc": "비옥서브_50000_3",
        "id": 12050002,
        "alias": "Contents.Quest.Mission.50002",
        "text": "Conversation with Pungbaekmun"
    },
    "12050003": {
        "deprecated": false,
        "Dev_Desc": "비옥서브_50000_4",
        "id": 12050003,
        "alias": "Contents.Quest.Mission.50003",
        "text": "Go to the Red Forest"
    },
    "12050004": {
        "deprecated": false,
        "Dev_Desc": "비옥서브_50000_5",
        "id": 12050004,
        "alias": "Contents.Quest.Mission.50004",
        "text": "Conversation with Yeonbi Lee"
    },
    "12050005": {
        "deprecated": false,
        "Dev_Desc": "비옥서브_50000_6",
        "id": 12050005,
        "alias": "Contents.Quest.Mission.50005",
        "text": "Remove Dull"
    },
    "12050006": {
        "deprecated": false,
        "Dev_Desc": "비옥서브_50000_7",
        "id": 12050006,
        "alias": "Contents.Quest.Mission.50006",
        "text": "Conversation with Yeonbi Lee"
    },
    "12050007": {
        "deprecated": false,
        "Dev_Desc": "비옥서브_50001_1",
        "id": 12050007,
        "alias": "Contents.Quest.Mission.50007",
        "text": "Talk to Stranger"
    },
    "12050008": {
        "deprecated": false,
        "Dev_Desc": "비옥서브_50001_2",
        "id": 12050008,
        "alias": "Contents.Quest.Mission.50008",
        "text": "Go to the Hideout Entrance"
    },
    "12050009": {
        "deprecated": false,
        "Dev_Desc": "비옥서브_50001_3",
        "id": 12050009,
        "alias": "Contents.Quest.Mission.50009",
        "text": "Conversation with Dadonbo"
    },
    "12050010": {
        "deprecated": false,
        "Dev_Desc": "비옥서브_50001_4",
        "id": 12050010,
        "alias": "Contents.Quest.Mission.50010",
        "text": "Metallurgy Kill"
    },
    "12050011": {
        "deprecated": false,
        "Dev_Desc": "비옥서브_50001_5",
        "id": 12050011,
        "alias": "Contents.Quest.Mission.50011",
        "text": "Conversation with Dadonbo"
    },
    "12050012": {
        "deprecated": false,
        "Dev_Desc": "비옥서브_50001_6",
        "id": 12050012,
        "alias": "Contents.Quest.Mission.50012",
        "text": "Wing Hunting Rally"
    },
    "12050013": {
        "deprecated": false,
        "Dev_Desc": "비옥서브_50002_1",
        "id": 12050013,
        "alias": "Contents.Quest.Mission.50013",
        "text": "to the place where the Daemetallurgy is"
    },
    "12050014": {
        "deprecated": false,
        "Dev_Desc": "비옥서브_50002_2",
        "id": 12050014,
        "alias": "Contents.Quest.Mission.50014",
        "text": "Conversation with Jimmy God"
    },
    "12050015": {
        "deprecated": false,
        "Dev_Desc": "비옥서브_50002_3",
        "id": 12050015,
        "alias": "Contents.Quest.Mission.50015",
        "text": "Great Metallurgy Defeat"
    },
    "12050016": {
        "deprecated": false,
        "Dev_Desc": "비옥서브_50002_4",
        "id": 12050016,
        "alias": "Contents.Quest.Mission.50016",
        "text": "Conversation with Jimmy God"
    },
    "12050017": {
        "deprecated": false,
        "Dev_Desc": "비옥서브_50003_1",
        "id": 12050017,
        "alias": "Contents.Quest.Mission.50017",
        "text": "Defeat the Black Dawn"
    },
    "12050018": {
        "deprecated": false,
        "Dev_Desc": "비옥서브_50003_2",
        "id": 12050018,
        "alias": "Contents.Quest.Mission.50018",
        "text": "Go to Camp Barongdan"
    },
    "12050019": {
        "deprecated": false,
        "Dev_Desc": "비옥서브_50003_3",
        "id": 12050019,
        "alias": "Contents.Quest.Mission.50019",
        "text": "Conversation with Neyanang"
    },
    "12050020": {
        "deprecated": false,
        "Dev_Desc": "비옥서브_50003_4",
        "id": 12050020,
        "alias": "Contents.Quest.Mission.50020",
        "text": "Find cave entrance"
    },
    "12050021": {
        "deprecated": false,
        "Dev_Desc": "비옥서브_50003_5",
        "id": 12050021,
        "alias": "Contents.Quest.Mission.50021",
        "text": "Conversation with Ney Nyan"
    },
    "12050022": {
        "deprecated": false,
        "Dev_Desc": "비옥서브_50004_1",
        "id": 12050022,
        "alias": "Contents.Quest.Mission.50022",
        "text": "Go to the Veil of the Forest"
    },
    "12050023": {
        "deprecated": false,
        "Dev_Desc": "비옥서브_50004_2",
        "id": 12050023,
        "alias": "Contents.Quest.Mission.50023",
        "text": "Kill nearby enemies"
    },
    "12050024": {
        "deprecated": false,
        "Dev_Desc": "비옥서브_50004_3",
        "id": 12050024,
        "alias": "Contents.Quest.Mission.50024",
        "text": "Conversation with place beauty"
    },
    "12050025": {
        "deprecated": false,
        "Dev_Desc": "비옥서브_50100_1",
        "id": 12050025,
        "alias": "Contents.Quest.Mission.50025",
        "text": "Go to the Forest of Dreams"
    },
    "12050026": {
        "deprecated": false,
        "Dev_Desc": "비옥서브_50100_2",
        "id": 12050026,
        "alias": "Contents.Quest.Mission.50026",
        "text": "Conversation with Park Bok"
    },
    "12050027": {
        "deprecated": false,
        "Dev_Desc": "비옥서브_50100_3",
        "id": 12050027,
        "alias": "Contents.Quest.Mission.50027",
        "text": "collection of jellyfish specimens"
    },
    "12050028": {
        "deprecated": false,
        "Dev_Desc": "비옥서브_50100_4",
        "id": 12050028,
        "alias": "Contents.Quest.Mission.50028",
        "text": "Conversation with Park Bok"
    },
    "12050029": {
        "deprecated": false,
        "Dev_Desc": "비옥서브_50101_1",
        "id": 12050029,
        "alias": "Contents.Quest.Mission.50029",
        "text": "Move to Sotreulbawi Mountain"
    },
    "12050030": {
        "deprecated": false,
        "Dev_Desc": "비옥서브_50101_2",
        "id": 12050030,
        "alias": "Contents.Quest.Mission.50030",
        "text": "Conversation with Park Bok"
    },
    "12050031": {
        "deprecated": false,
        "Dev_Desc": "비옥서브_50101_3",
        "id": 12050031,
        "alias": "Contents.Quest.Mission.50031",
        "text": "Remove surrounding threats"
    },
    "12050032": {
        "deprecated": false,
        "Dev_Desc": "비옥서브_50101_4",
        "id": 12050032,
        "alias": "Contents.Quest.Mission.50032",
        "text": "Conversation with Park Bok"
    },
    "12050033": {
        "deprecated": false,
        "Dev_Desc": "비옥서브_50101_5",
        "id": 12050033,
        "alias": "Contents.Quest.Mission.50033",
        "text": "Move inward"
    },
    "12050034": {
        "deprecated": false,
        "Dev_Desc": "비옥서브_50101_6",
        "id": 12050034,
        "alias": "Contents.Quest.Mission.50034",
        "text": "Find traces of monsters"
    },
    "12050035": {
        "deprecated": false,
        "Dev_Desc": "비옥서브_50101_7",
        "id": 12050035,
        "alias": "Contents.Quest.Mission.50035",
        "text": "Kill nearby enemies"
    },
    "12050036": {
        "deprecated": false,
        "Dev_Desc": "비옥서브_50101_8",
        "id": 12050036,
        "alias": "Contents.Quest.Mission.50036",
        "text": "Conversation with Park Bok"
    },
    "12050037": {
        "deprecated": false,
        "Dev_Desc": "비옥서브_50102_1",
        "id": 12050037,
        "alias": "Contents.Quest.Mission.50037",
        "text": "Talk to Rangers"
    },
    "12050038": {
        "deprecated": false,
        "Dev_Desc": "비옥서브_50102_2",
        "id": 12050038,
        "alias": "Contents.Quest.Mission.50038",
        "text": "Remove nearby blue people"
    },
    "12050039": {
        "deprecated": false,
        "Dev_Desc": "비옥서브_50102_3",
        "id": 12050039,
        "alias": "Contents.Quest.Mission.50039",
        "text": "Dialogue with the original land"
    },
    "12050040": {
        "deprecated": false,
        "Dev_Desc": "비옥서브_50103_1",
        "id": 12050040,
        "alias": "Contents.Quest.Mission.50040",
        "text": "Go to Dragon Head Cape"
    },
    "12050041": {
        "deprecated": false,
        "Dev_Desc": "비옥서브_50103_2",
        "id": 12050041,
        "alias": "Contents.Quest.Mission.50041",
        "text": "Remove Spears"
    },
    "12050042": {
        "deprecated": false,
        "Dev_Desc": "비옥서브_50103_3",
        "id": 12050042,
        "alias": "Contents.Quest.Mission.50042",
        "text": "Dialogue with the original land"
    },
    "12050043": {
        "deprecated": false,
        "Dev_Desc": "비옥서브_50103_4",
        "id": 12050043,
        "alias": "Contents.Quest.Mission.50043",
        "text": "Browse inside"
    },
    "12050044": {
        "deprecated": false,
        "Dev_Desc": "비옥서브_50103_5",
        "id": 12050044,
        "alias": "Contents.Quest.Mission.50044",
        "text": "Conversation with Crystallized Blue People"
    },
    "12050045": {
        "deprecated": false,
        "Dev_Desc": "비옥서브_50103_6",
        "id": 12050045,
        "alias": "Contents.Quest.Mission.50045",
        "text": "Conversation with the original land"
    },
    "12050046": {
        "deprecated": false,
        "Dev_Desc": "비옥서브_50104_1",
        "id": 12050046,
        "alias": "Contents.Quest.Mission.50046",
        "text": "Go to sampling site"
    },
    "12050047": {
        "deprecated": false,
        "Dev_Desc": "비옥서브_50104_2",
        "id": 12050047,
        "alias": "Contents.Quest.Mission.50047",
        "text": "Conversation with the original land"
    },
    "12050048": {
        "deprecated": false,
        "Dev_Desc": "비옥서브_50104_3",
        "id": 12050048,
        "alias": "Contents.Quest.Mission.50048",
        "text": "Remove Spears"
    },
    "12050049": {
        "deprecated": false,
        "Dev_Desc": "비옥서브_50104_4",
        "id": 12050049,
        "alias": "Contents.Quest.Mission.50049",
        "text": "Dialogue with the original land"
    },
    "12050050": {
        "deprecated": false,
        "Dev_Desc": "비옥서브_50105_1",
        "id": 12050050,
        "alias": "Contents.Quest.Mission.50050",
        "text": "Kill nearby enemies"
    },
    "12050051": {
        "deprecated": false,
        "Dev_Desc": "비옥서브_50105_2",
        "id": 12050051,
        "alias": "Contents.Quest.Mission.50051",
        "text": "Conversation with the Geologist"
    },
    "12050052": {
        "deprecated": false,
        "Dev_Desc": "비옥서브_50105_3",
        "id": 12050052,
        "alias": "Contents.Quest.Mission.50052",
        "text": "Conversation with the Geologist"
    },
    "12050053": {
        "deprecated": false,
        "Dev_Desc": "비옥서브_50105_4",
        "id": 12050053,
        "alias": "Contents.Quest.Mission.50053",
        "text": "Kill nearby enemies"
    },
    "12050054": {
        "deprecated": false,
        "Dev_Desc": "비옥서브_50105_5",
        "id": 12050054,
        "alias": "Contents.Quest.Mission.50054",
        "text": "Follow the geologist"
    },
    "12050055": {
        "deprecated": false,
        "Dev_Desc": "비옥서브_50105_6",
        "id": 12050055,
        "alias": "Contents.Quest.Mission.50055",
        "text": "Conversation with the Geologist"
    },
    "12050056": {
        "deprecated": false,
        "Dev_Desc": "비옥서브_50005_1",
        "id": 12050056,
        "alias": "Contents.Quest.Mission.50056",
        "text": "About the Red Don's Weapons"
    },
    "12050057": {
        "deprecated": false,
        "Dev_Desc": "비옥서브_50005_2",
        "id": 12050057,
        "alias": "Contents.Quest.Mission.50057",
        "text": "Conversation with wired and wireless"
    },
    "12050058": {
        "deprecated": false,
        "Dev_Desc": "비옥서브_50006_1",
        "id": 12050058,
        "alias": "Contents.Quest.Mission.50058",
        "text": "Conversation with Jinhee Woo"
    },
    "12050059": {
        "deprecated": false,
        "Dev_Desc": "비옥서브_50006_2",
        "id": 12050059,
        "alias": "Contents.Quest.Mission.50059",
        "text": "Collecting scorpion claws and tails"
    },
    "12050060": {
        "deprecated": false,
        "Dev_Desc": "비옥서브_50006_3",
        "id": 12050060,
        "alias": "Contents.Quest.Mission.50060",
        "text": "Conversation with Johan Jwa"
    },
    "12050061": {
        "deprecated": false,
        "Dev_Desc": "비옥서브_50007_1",
        "id": 12050061,
        "alias": "Contents.Quest.Mission.50061",
        "text": "Remove Mandala"
    },
    "12050062": {
        "deprecated": false,
        "Dev_Desc": "비옥서브_50007_2",
        "id": 12050062,
        "alias": "Contents.Quest.Mission.50062",
        "text": "Conversation with Noh Kang-seul"
    },
    "12050063": {
        "deprecated": false,
        "Dev_Desc": "비옥서브_50008_1",
        "id": 12050063,
        "alias": "Contents.Quest.Mission.50063",
        "text": "Defeat the Ashen Creeper"
    },
    "12050064": {
        "deprecated": false,
        "Dev_Desc": "비옥서브_50008_2",
        "id": 12050064,
        "alias": "Contents.Quest.Mission.50064",
        "text": "Go to appointment"
    },
    "12050065": {
        "deprecated": false,
        "Dev_Desc": "비옥서브_50008_3",
        "id": 12050065,
        "alias": "Contents.Quest.Mission.50065",
        "text": "Conversation with Han So-ae"
    },
    "12050066": {
        "deprecated": false,
        "Dev_Desc": "비옥서브_50009_1",
        "id": 12050066,
        "alias": "Contents.Quest.Mission.50066",
        "text": "Conversation with Johan Jwa"
    },
    "12050067": {
        "deprecated": false,
        "Dev_Desc": "비옥서브_50009_2",
        "id": 12050067,
        "alias": "Contents.Quest.Mission.50067",
        "text": "Collect teeth and claws"
    },
    "12050068": {
        "deprecated": false,
        "Dev_Desc": "비옥서브_50009_3",
        "id": 12050068,
        "alias": "Contents.Quest.Mission.50068",
        "text": "Conversation with Woo Jin-hee"
    },
    "12050069": {
        "deprecated": false,
        "Dev_Desc": "비옥서브_50106_1",
        "id": 12050069,
        "alias": "Contents.Quest.Mission.50069",
        "text": "Samyojeong's Mushroom Collection"
    },
    "12050070": {
        "deprecated": false,
        "Dev_Desc": "비옥서브_50106_2",
        "id": 12050070,
        "alias": "Contents.Quest.Mission.50070",
        "text": "Go to research site"
    },
    "12050071": {
        "deprecated": false,
        "Dev_Desc": "비옥서브_50106_3",
        "id": 12050071,
        "alias": "Contents.Quest.Mission.50071",
        "text": "Conversation with the Spirit"
    },
    "12050072": {
        "deprecated": false,
        "Dev_Desc": "비옥서브_50003_4",
        "id": 12050072,
        "alias": "Contents.Quest.Mission.50072",
        "text": "Defeat the Black Dawn"
    },
    "12050073": {
        "deprecated": false,
        "Dev_Desc": "비옥서브_50200_1",
        "id": 12050073,
        "alias": "Contents.Quest.Mission.50073",
        "text": "Recover lost data"
    },
    "12050074": {
        "deprecated": false,
        "Dev_Desc": "비옥서브_50200_2",
        "id": 12050074,
        "alias": "Contents.Quest.Mission.50074",
        "text": "Taking the Red Don's Weapons"
    },
    "12050075": {
        "deprecated": false,
        "Dev_Desc": "비옥서브_50200_3",
        "id": 12050075,
        "alias": "Contents.Quest.Mission.50075",
        "text": "Conversation with Chaeran"
    },
    "12050076": {
        "deprecated": false,
        "Dev_Desc": "비옥서브_50200_4",
        "id": 12050076,
        "alias": "Contents.Quest.Mission.50076",
        "text": "Go to Red Forest"
    },
    "12050077": {
        "deprecated": false,
        "Dev_Desc": "비옥서브_50200_5",
        "id": 12050077,
        "alias": "Contents.Quest.Mission.50077",
        "text": "Expulsion of menacing red pigs"
    },
    "12050078": {
        "deprecated": false,
        "Dev_Desc": "비옥서브_50200_6",
        "id": 12050078,
        "alias": "Contents.Quest.Mission.50078",
        "text": "Conversation with Red Ginseng"
    },
    "12050079": {
        "deprecated": false,
        "Dev_Desc": "비옥서브_50200_7",
        "id": 12050079,
        "alias": "Contents.Quest.Mission.50079",
        "text": "Read the Myunghye Danbi"
    },
    "12050080": {
        "deprecated": false,
        "Dev_Desc": "비옥서브_50200_8",
        "id": 12050080,
        "alias": "Contents.Quest.Mission.50080",
        "text": "Conversation with Chaeran"
    },
    "12050081": {
        "deprecated": false,
        "Dev_Desc": "비옥서브_50201_1",
        "id": 12050081,
        "alias": "Contents.Quest.Mission.50081",
        "text": "Conversation with the Little Child"
    },
    "12050082": {
        "deprecated": false,
        "Dev_Desc": "비옥서브_50201_2",
        "id": 12050082,
        "alias": "Contents.Quest.Mission.50082",
        "text": "Defeat the wolf on the Red Forest Road"
    },
    "12050083": {
        "deprecated": false,
        "Dev_Desc": "비옥서브_50201_3",
        "id": 12050083,
        "alias": "Contents.Quest.Mission.50083",
        "text": "Chase Little Doi"
    },
    "12050084": {
        "deprecated": false,
        "Dev_Desc": "비옥서브_50201_4",
        "id": 12050084,
        "alias": "Contents.Quest.Mission.50084",
        "text": "Conversation with Little Doi"
    },
    "12050085": {
        "deprecated": false,
        "Dev_Desc": "비옥서브_50201_5",
        "id": 12050085,
        "alias": "Contents.Quest.Mission.50085",
        "text": "Expulsion of Red Don from Forest Road"
    },
    "12050086": {
        "deprecated": false,
        "Dev_Desc": "비옥서브_50201_6",
        "id": 12050086,
        "alias": "Contents.Quest.Mission.50086",
        "text": "Defeat the Red Dons around Doi"
    },
    "12050087": {
        "deprecated": false,
        "Dev_Desc": "비옥서브_50201_7",
        "id": 12050087,
        "alias": "Contents.Quest.Mission.50087",
        "text": "Conversation with Little Doi"
    },
    "12050088": {
        "deprecated": false,
        "Dev_Desc": "비옥서브_50201_8",
        "id": 12050088,
        "alias": "Contents.Quest.Mission.50088",
        "text": "Follow Little Doi"
    },
    "12050089": {
        "deprecated": false,
        "Dev_Desc": "비옥서브_50201_9",
        "id": 12050089,
        "alias": "Contents.Quest.Mission.50089",
        "text": "Move behind the waterfall"
    },
    "12050090": {
        "deprecated": false,
        "Dev_Desc": "비옥서브_50201_10",
        "id": 12050090,
        "alias": "Contents.Quest.Mission.50090",
        "text": "Conversation with Little Doi"
    },
    "12050091": {
        "deprecated": false,
        "Dev_Desc": "비옥서브_50202_1",
        "id": 12050091,
        "alias": "Contents.Quest.Mission.50091",
        "text": "Conversation with nearby members of the doorstep"
    },
    "12050092": {
        "deprecated": false,
        "Dev_Desc": "비옥서브_50202_2",
        "id": 12050092,
        "alias": "Contents.Quest.Mission.50092",
        "text": "Saving a hard maple tree"
    },
    "12050093": {
        "deprecated": false,
        "Dev_Desc": "비옥서브_50202_3",
        "id": 12050093,
        "alias": "Contents.Quest.Mission.50093",
        "text": "Conversation with Pungbaekmun Biryuha"
    },
    "12050094": {
        "deprecated": false,
        "Dev_Desc": "비옥서브_50202_4",
        "id": 12050094,
        "alias": "Contents.Quest.Mission.50094",
        "text": "Securing Mystery Fields"
    },
    "12050095": {
        "deprecated": false,
        "Dev_Desc": "비옥서브_50202_5",
        "id": 12050095,
        "alias": "Contents.Quest.Mission.50095",
        "text": "Securing the logging area"
    },
    "12050096": {
        "deprecated": false,
        "Dev_Desc": "비옥서브_50202_6",
        "id": 12050096,
        "alias": "Contents.Quest.Mission.50096",
        "text": "Conversation with Pungbaekmun Biryuha"
    },
    "12050097": {
        "deprecated": false,
        "Dev_Desc": "비옥서브_50203_1",
        "id": 12050097,
        "alias": "Contents.Quest.Mission.50097",
        "text": "Conversation with training member Go Man-hoo"
    },
    "12050098": {
        "deprecated": false,
        "Dev_Desc": "비옥서브_50203_2",
        "id": 12050098,
        "alias": "Contents.Quest.Mission.50098",
        "text": "Finding rest for the poet"
    },
    "12050099": {
        "deprecated": false,
        "Dev_Desc": "비옥서브_50203_3",
        "id": 12050099,
        "alias": "Contents.Quest.Mission.50099",
        "text": "Collection of Dog Tag of Poetry Soldier"
    },
    "12050100": {
        "deprecated": false,
        "Dev_Desc": "비옥서브_50203_4",
        "id": 12050100,
        "alias": "Contents.Quest.Mission.50100",
        "text": "Conversation with the elderly half-brother"
    },
    "12050101": {
        "deprecated": false,
        "Dev_Desc": "비옥서브_50203_5",
        "id": 12050101,
        "alias": "Contents.Quest.Mission.50101",
        "text": "Conversation with training member Go Man-hoo"
    },
    "12050102": {
        "deprecated": false,
        "Dev_Desc": "비옥서브_50203_6",
        "id": 12050102,
        "alias": "Contents.Quest.Mission.50102",
        "text": "Defeat the Boulders in the Fertile Ruins"
    },
    "12050103": {
        "deprecated": false,
        "Dev_Desc": "비옥서브_50204_1",
        "id": 12050103,
        "alias": "Contents.Quest.Mission.50103",
        "text": "Killing the Fighters"
    },
    "12050104": {
        "deprecated": false,
        "Dev_Desc": "비옥서브_50204_2",
        "id": 12050104,
        "alias": "Contents.Quest.Mission.50104",
        "text": "Cure a fallen deer"
    },
    "12050105": {
        "deprecated": false,
        "Dev_Desc": "비옥서브_50204_3",
        "id": 12050105,
        "alias": "Contents.Quest.Mission.50105",
        "text": "Move up the hill"
    },
    "12050106": {
        "deprecated": false,
        "Dev_Desc": "비옥서브_50204_4",
        "id": 12050106,
        "alias": "Contents.Quest.Mission.50106",
        "text": "Defeat the Bullfights"
    },
    "12050107": {
        "deprecated": false,
        "Dev_Desc": "비옥서브_50204_5",
        "id": 12050107,
        "alias": "Contents.Quest.Mission.50107",
        "text": "Talk to Maparam"
    },
    "12050108": {
        "deprecated": false,
        "Dev_Desc": "비옥서브_50205_1",
        "id": 12050108,
        "alias": "Contents.Quest.Mission.50108",
        "text": "Remove threats around Lingling"
    },
    "12050109": {
        "deprecated": false,
        "Dev_Desc": "비옥서브_50205_2",
        "id": 12050109,
        "alias": "Contents.Quest.Mission.50109",
        "text": "Conversation with Young Gyowon Lingling"
    },
    "12050110": {
        "deprecated": false,
        "Dev_Desc": "비옥서브_50205_3",
        "id": 12050110,
        "alias": "Contents.Quest.Mission.50110",
        "text": "Go to the Forest of Dreams"
    },
    "12050111": {
        "deprecated": false,
        "Dev_Desc": "비옥서브_50205_4",
        "id": 12050111,
        "alias": "Contents.Quest.Mission.50111",
        "text": "Remove threats around Lingling"
    },
    "12050112": {
        "deprecated": false,
        "Dev_Desc": "비옥서브_50205_5",
        "id": 12050112,
        "alias": "Contents.Quest.Mission.50112",
        "text": "Gathering salty grass"
    },
    "12050113": {
        "deprecated": false,
        "Dev_Desc": "비옥서브_50205_6",
        "id": 12050113,
        "alias": "Contents.Quest.Mission.50113",
        "text": "Conversation with Young Gyowon Lingling"
    },
    "12050114": {
        "deprecated": false,
        "Dev_Desc": "비옥서브_50206_1",
        "id": 12050114,
        "alias": "Contents.Quest.Mission.50114",
        "text": "Recovering the Gold Bag from the Bulge"
    },
    "12050115": {
        "deprecated": false,
        "Dev_Desc": "비옥서브_50206_2",
        "id": 12050115,
        "alias": "Contents.Quest.Mission.50115",
        "text": "Retrieve a gift from a watchman"
    },
    "12050116": {
        "deprecated": false,
        "Dev_Desc": "비옥서브_50206_3",
        "id": 12050116,
        "alias": "Contents.Quest.Mission.50116",
        "text": "Find a couple's suitcase"
    },
    "12050117": {
        "deprecated": false,
        "Dev_Desc": "비옥서브_50206_4",
        "id": 12050117,
        "alias": "Contents.Quest.Mission.50117",
        "text": "Kill nearby spears"
    },
    "12050118": {
        "deprecated": false,
        "Dev_Desc": "비옥서브_50206_5",
        "id": 12050118,
        "alias": "Contents.Quest.Mission.50118",
        "text": "Eavesdropping on Spearman's Conversation"
    },
    "12050119": {
        "deprecated": false,
        "Dev_Desc": "비옥서브_50206_6",
        "id": 12050119,
        "alias": "Contents.Quest.Mission.50119",
        "text": "Collection of couple's suitcases"
    },
    "12050120": {
        "deprecated": false,
        "Dev_Desc": "비옥서브_50206_7",
        "id": 12050120,
        "alias": "Contents.Quest.Mission.50120",
        "text": "Conversation with the newlyweds"
    },
    "12050121": {
        "deprecated": false,
        "Dev_Desc": "비옥서브_50207_1",
        "id": 12050121,
        "alias": "Contents.Quest.Mission.50121",
        "text": "Go to the Abyssal Rift Entrance"
    },
    "12050122": {
        "deprecated": false,
        "Dev_Desc": "비옥서브_50207_2",
        "id": 12050122,
        "alias": "Contents.Quest.Mission.50122",
        "text": "Speak with Biryuha"
    }
}