{
    "12001000": {
        "deprecated": false,
        "id": 12001000,
        "alias": "Contents.Quest.Mission.1000",
        "text": "Enter Vandal Lake"
    },
    "12001001": {
        "deprecated": false,
        "id": 12001001,
        "alias": "Contents.Quest.Mission.1001",
        "text": "Move down the slope"
    },
    "12001002": {
        "deprecated": false,
        "id": 12001002,
        "alias": "Contents.Quest.Mission.1002",
        "text": "Choose a weapon"
    },
    "12001003": {
        "deprecated": false,
        "id": 12001003,
        "alias": "Contents.Quest.Mission.1003",
        "text": "Destroy the Kokeshi"
    },
    "12001004": {
        "deprecated": false,
        "id": 12001004,
        "alias": "Contents.Quest.Mission.1004",
        "text": "Using Jin Poonghornru"
    },
    "12001005": {
        "deprecated": false,
        "id": 12001005,
        "alias": "Contents.Quest.Mission.1005",
        "text": "Destroy the Kokeshi"
    },
    "12001006": {
        "deprecated": false,
        "id": 12001006,
        "alias": "Contents.Quest.Mission.1006",
        "text": "enter the stadium"
    },
    "12001007": {
        "deprecated": false,
        "id": 12001007,
        "alias": "Contents.Quest.Mission.1007",
        "text": "Gyeoryugi with Arang"
    },
    "12001008": {
        "deprecated": false,
        "id": 12001008,
        "alias": "Contents.Quest.Mission.1008",
        "text": "Fight with him..."
    },
    "12001009": {
        "deprecated": false,
        "id": 12001009,
        "alias": "Contents.Quest.Mission.1009",
        "text": "... life... kill..."
    },
    "12001010": {
        "deprecated": false,
        "id": 12001010,
        "alias": "Contents.Quest.Mission.1010",
        "text": "Conversation with Harem"
    },
    "12001011": {
        "deprecated": false,
        "id": 12001011,
        "alias": "Contents.Quest.Mission.1011",
        "text": "Move to the new Daeeobang Guntae"
    },
    "12001012": {
        "deprecated": false,
        "id": 12001012,
        "alias": "Contents.Quest.Mission.1012",
        "text": "tangent to Doha"
    },
    "12001013": {
        "deprecated": false,
        "id": 12001013,
        "alias": "Contents.Quest.Mission.1013",
        "text": "Conversation with Arang"
    },
    "12001014": {
        "deprecated": false,
        "id": 12001014,
        "alias": "Contents.Quest.Mission.1014",
        "text": "Conversation with Dong-dong"
    },
    "12001015": {
        "deprecated": false,
        "id": 12001015,
        "alias": "Contents.Quest.Mission.1015",
        "text": "Talk to Dong-dong again"
    },
    "12001016": {
        "deprecated": false,
        "id": 12001016,
        "alias": "Contents.Quest.Mission.1016",
        "text": "Go to Ereda Barracks"
    },
    "12001017": {
        "deprecated": false,
        "id": 12001017,
        "alias": "Contents.Quest.Mission.1017",
        "text": "tangent to Doha"
    },
    "12001018": {
        "deprecated": false,
        "id": 12001018,
        "alias": "Contents.Quest.Mission.1018",
        "text": "Conversation with Arang"
    },
    "12001019": {
        "deprecated": false,
        "id": 12001019,
        "alias": "Contents.Quest.Mission.1019",
        "text": "Conversation with Doongdung"
    },
    "12001020": {
        "deprecated": false,
        "id": 12001020,
        "alias": "Contents.Quest.Mission.1020",
        "text": "Use Guardian Spirit Summon Scroll"
    },
    "12001021": {
        "deprecated": false,
        "id": 12001021,
        "alias": "Contents.Quest.Mission.1021",
        "text": "Talk to Doongdung again"
    },
    "12001022": {
        "deprecated": false,
        "id": 12001022,
        "alias": "Contents.Quest.Mission.1022",
        "text": "Move to the south of the square"
    },
    "12001023": {
        "deprecated": false,
        "id": 12001023,
        "alias": "Contents.Quest.Mission.1023",
        "text": "Conversation with Arang"
    },
    "12001024": {
        "deprecated": false,
        "id": 12001024,
        "alias": "Contents.Quest.Mission.1024",
        "text": "Conversation with Arang"
    },
    "12001025": {
        "deprecated": false,
        "id": 12001025,
        "alias": "Contents.Quest.Mission.1025",
        "text": "Collecting Medals of Merit"
    },
    "12001026": {
        "deprecated": false,
        "id": 12001026,
        "alias": "Contents.Quest.Mission.1026",
        "text": "Go to Fisherman's Village"
    },
    "12001027": {
        "deprecated": false,
        "id": 12001027,
        "alias": "Contents.Quest.Mission.1027",
        "text": "Go to Fisherman's Village"
    },
    "12001028": {
        "deprecated": false,
        "id": 12001028,
        "alias": "Contents.Quest.Mission.1028",
        "text": "Conversation with Harem's party"
    },
    "12001029": {
        "deprecated": false,
        "id": 12001029,
        "alias": "Contents.Quest.Mission.1029",
        "text": "Move along Harem"
    },
    "12001030": {
        "deprecated": false,
        "id": 12001030,
        "alias": "Contents.Quest.Mission.1030",
        "text": "Conversation with Arang"
    },
    "12001031": {
        "deprecated": false,
        "id": 12001031,
        "alias": "Contents.Quest.Mission.1031",
        "text": "Conversation with Oreum"
    },
    "12001032": {
        "deprecated": false,
        "id": 12001032,
        "alias": "Contents.Quest.Mission.1032",
        "text": "Perform necessary quests"
    },
    "12001033": {
        "deprecated": false,
        "id": 12001033,
        "alias": "Contents.Quest.Mission.1033",
        "text": "Go to the tent"
    },
    "12001034": {
        "deprecated": false,
        "id": 12001034,
        "alias": "Contents.Quest.Mission.1034",
        "text": "Conversation with Harem"
    },
    "12001035": {
        "deprecated": false,
        "id": 12001035,
        "alias": "Contents.Quest.Mission.1035",
        "text": "Go to the entrance to the Deep Cemetery Forest"
    },
    "12001036": {
        "deprecated": false,
        "id": 12001036,
        "alias": "Contents.Quest.Mission.1036",
        "text": "clear graveyard forest monster clearance"
    },
    "12001037": {
        "deprecated": false,
        "id": 12001037,
        "alias": "Contents.Quest.Mission.1037",
        "text": "tangent to hareum"
    },
    "12001038": {
        "deprecated": false,
        "id": 12001038,
        "alias": "Contents.Quest.Mission.1038",
        "text": "Conversation with Harem"
    },
    "12001039": {
        "deprecated": false,
        "id": 12001039,
        "alias": "Contents.Quest.Mission.1039",
        "text": "Defeat Elite Bulwark Assassin"
    },
    "12001040": {
        "deprecated": false,
        "id": 12001040,
        "alias": "Contents.Quest.Mission.1040",
        "text": "Conversation with Harem"
    },
    "12001041": {
        "deprecated": false,
        "id": 12001041,
        "alias": "Contents.Quest.Mission.1041",
        "text": "Battle with Harem"
    },
    "12001042": {
        "deprecated": false,
        "id": 12001042,
        "alias": "Contents.Quest.Mission.1042",
        "text": "Conversation with Arang"
    },
    "12001043": {
        "deprecated": false,
        "id": 12001043,
        "alias": "Contents.Quest.Mission.1043",
        "text": "Manipulate Tomo"
    },
    "12001044": {
        "deprecated": false,
        "id": 12001044,
        "alias": "Contents.Quest.Mission.1044",
        "text": "Conversation with Arang"
    },
    "12001045": {
        "deprecated": false,
        "id": 12001045,
        "alias": "Contents.Quest.Mission.1045",
        "text": "Back to Suwol Port"
    },
    "12001046": {
        "deprecated": false,
        "id": 12001046,
        "alias": "Contents.Quest.Mission.1046",
        "text": "Conversation with Yang Dae-hae"
    },
    "12001047": {
        "deprecated": false,
        "id": 12001047,
        "alias": "Contents.Quest.Mission.1047",
        "text": "Get on board"
    },
    "12001048": {
        "deprecated": false,
        "id": 12001048,
        "alias": "Contents.Quest.Mission.1048",
        "text": "at level 32"
    },
    "12001049": {
        "deprecated": false,
        "id": 12001049,
        "alias": "Contents.Quest.Mission.1049",
        "text": "Confirm Cheer Gift"
    },
    "12001050": {
        "deprecated": false,
        "id": 12001050,
        "alias": "Contents.Quest.Mission.1050",
        "text": "Go in search of Saho"
    },
    "12001051": {
        "deprecated": false,
        "id": 12001051,
        "alias": "Contents.Quest.Mission.1051",
        "text": "Conversation with a mysterious man"
    },
    "12001052": {
        "deprecated": false,
        "id": 12001052,
        "alias": "Contents.Quest.Mission.1052",
        "text": "Confirm collaborating headings"
    },
    "12001053": {
        "deprecated": false,
        "id": 12001053,
        "alias": "Contents.Quest.Mission.1053",
        "text": "Go to Fisherman's Village"
    },
    "12001054": {
        "deprecated": false,
        "id": 12001054,
        "alias": "Contents.Quest.Mission.1054",
        "text": "Read the tombstone"
    },
    "12001055": {
        "deprecated": false,
        "id": 12001055,
        "alias": "Contents.Quest.Mission.1055",
        "text": "Conversation with Yoo Ae-rin"
    },
    "12001056": {
        "deprecated": false,
        "id": 12001056,
        "alias": "Contents.Quest.Mission.1056",
        "text": "Conversation with the Logistics Manager"
    },
    "12001057": {
        "deprecated": false,
        "id": 12001057,
        "alias": "Contents.Quest.Mission.1057",
        "text": "Speak with the Confederate Vendor"
    },
    "12001058": {
        "deprecated": false,
        "id": 12001058,
        "alias": "Contents.Quest.Mission.1058",
        "text": "Conversation with Doha"
    },
    "12001059": {
        "deprecated": false,
        "id": 12001059,
        "alias": "Contents.Quest.Mission.1059",
        "text": "Conversation with the cumulus cloud"
    },
    "12001060": {
        "deprecated": false,
        "id": 12001060,
        "alias": "Contents.Quest.Mission.1060",
        "text": "Talk to the fortification craftsman"
    },
    "12001061": {
        "deprecated": false,
        "id": 12001061,
        "alias": "Contents.Quest.Mission.1061",
        "text": "Visit Younggyowon"
    },
    "12001062": {
        "deprecated": false,
        "id": 12001062,
        "alias": "Contents.Quest.Mission.1062",
        "text": "Speak again with Red Plum"
    },
    "12001063": {
        "deprecated": false,
        "id": 12001063,
        "alias": "Contents.Quest.Mission.1063",
        "text": "Reclaiming the Peace of Vandal Lake"
    },
    "12001064": {
        "deprecated": false,
        "id": 12001064,
        "alias": "Contents.Quest.Mission.1064",
        "text": "Conversation with Yang Dae-hae"
    },
    "12001065": {
        "deprecated": false,
        "id": 12001065,
        "alias": "Contents.Quest.Mission.1065",
        "text": "Get materials to repair the ship"
    },
    "12001066": {
        "deprecated": false,
        "id": 12001066,
        "alias": "Contents.Quest.Mission.1066",
        "text": "Nuclear Delivery to Two Seas"
    },
    "12001067": {
        "deprecated": false,
        "id": 12001067,
        "alias": "Contents.Quest.Mission.1067",
        "text": "Boarding a passenger ship"
    },
    "12001068": {
        "deprecated": false,
        "id": 12001068,
        "alias": "Contents.Quest.Mission.1068",
        "text": "Waiting for ship to be repaired"
    },
    "12001069": {
        "deprecated": false,
        "id": 12001069,
        "alias": "Contents.Quest.Mission.1069",
        "text": "Conversation with Shim Ha-yeon"
    },
    "12001070": {
        "deprecated": false,
        "id": 12001070,
        "alias": "Contents.Quest.Mission.1070",
        "text": "Arang and Tangent"
    },
    "12001071": {
        "deprecated": false,
        "id": 12001071,
        "alias": "Contents.Quest.Mission.1071",
        "text": "Explore the Corridor of Awakening"
    },
    "12001072": {
        "deprecated": false,
        "id": 12001072,
        "alias": "Contents.Quest.Mission.1072",
        "text": "Manipulating the entrance to the corridor of awakening"
    },
    "12001073": {
        "deprecated": false,
        "id": 12001073,
        "alias": "Contents.Quest.Mission.1073",
        "text": "Check closed door"
    },
    "12001074": {
        "deprecated": false,
        "id": 12001074,
        "alias": "Contents.Quest.Mission.1074",
        "text": "Enter inside the corridor"
    },
    "12001075": {
        "deprecated": false,
        "id": 12001075,
        "alias": "Contents.Quest.Mission.1075",
        "text": "Guardian Killed"
    },
    "12001076": {
        "deprecated": false,
        "id": 12001076,
        "alias": "Contents.Quest.Mission.1076",
        "text": "Elite Guard Kill"
    },
    "12001077": {
        "deprecated": false,
        "id": 12001077,
        "alias": "Contents.Quest.Mission.1077",
        "text": "Mysterious Device Manipulation"
    },
    "12001078": {
        "deprecated": false,
        "id": 12001078,
        "alias": "Contents.Quest.Mission.1078",
        "text": "Right device operation"
    },
    "12001079": {
        "deprecated": false,
        "id": 12001079,
        "alias": "Contents.Quest.Mission.1079",
        "text": "Go to next place"
    },
    "12001080": {
        "deprecated": false,
        "id": 12001080,
        "alias": "Contents.Quest.Mission.1080",
        "text": "Manipulate a device across the water"
    },
    "12001081": {
        "deprecated": false,
        "id": 12001081,
        "alias": "Contents.Quest.Mission.1081",
        "text": "Move out of the corridor of awakening"
    },
    "12001082": {
        "deprecated": false,
        "id": 12001082,
        "alias": "Contents.Quest.Mission.1082",
        "text": "Conversation with Arang"
    },
    "12001083": {
        "deprecated": false,
        "id": 12001083,
        "alias": "Contents.Quest.Mission.1083",
        "text": "Go to Camp Barong"
    },
    "12001084": {
        "deprecated": false,
        "id": 12001084,
        "alias": "Contents.Quest.Mission.1084",
        "text": "Conversation with Ne-Nyan"
    },
    "12001085": {
        "deprecated": false,
        "id": 12001085,
        "alias": "Contents.Quest.Mission.1085",
        "text": "Get Glittering Stone"
    },
    "12001086": {
        "deprecated": false,
        "id": 12001086,
        "alias": "Contents.Quest.Mission.1086",
        "text": "Go inside the ruins"
    },
    "12001087": {
        "deprecated": false,
        "id": 12001087,
        "alias": "Contents.Quest.Mission.1087",
        "text": "Check Suspicious Spot"
    },
    "12001088": {
        "deprecated": false,
        "id": 12001088,
        "alias": "Contents.Quest.Mission.1088",
        "text": "Defeat Giant Monsters"
    },
    "12001089": {
        "deprecated": false,
        "id": 12001089,
        "alias": "Contents.Quest.Mission.1089",
        "text": "Conversation with Arang"
    },
    "12001090": {
        "deprecated": false,
        "id": 12001090,
        "alias": "Contents.Quest.Mission.1090",
        "text": "Check for suspicious spots"
    },
    "12001091": {
        "deprecated": false,
        "id": 12001091,
        "alias": "Contents.Quest.Mission.1091",
        "text": "verification complete"
    },
    "12001092": {
        "deprecated": false,
        "id": 12001092,
        "alias": "Contents.Quest.Mission.1092",
        "text": "Move over the cliff"
    },
    "12001093": {
        "deprecated": false,
        "id": 12001093,
        "alias": "Contents.Quest.Mission.1093",
        "text": "Check the shiny spot"
    },
    "12001094": {
        "deprecated": false,
        "id": 12001094,
        "alias": "Contents.Quest.Mission.1094",
        "text": "Manipulate Tomo"
    },
    "12001095": {
        "deprecated": false,
        "id": 12001095,
        "alias": "Contents.Quest.Mission.1095",
        "text": "Conversation with Arang"
    },
    "12001096": {
        "deprecated": false,
        "id": 12001096,
        "alias": "Contents.Quest.Mission.1096",
        "text": "Ascent and Tangent"
    },
    "12001097": {
        "deprecated": false,
        "id": 12001097,
        "alias": "Contents.Quest.Mission.1097",
        "text": "Investigate how to get nuclei"
    },
    "12001098": {
        "deprecated": false,
        "id": 12001098,
        "alias": "Contents.Quest.Mission.1098",
        "text": "Collecting the Nucleus of the Weakened Bolster"
    },
    "12001099": {
        "deprecated": false,
        "id": 12001099,
        "alias": "Contents.Quest.Mission.1099",
        "text": "Nuclear delivery to Jo Jo-Hun"
    },
    "12001100": {
        "deprecated": false,
        "id": 12001100,
        "alias": "Contents.Quest.Mission.1100",
        "text": "Mission performance and martial arts training"
    },
    "12001101": {
        "deprecated": false,
        "id": 12001101,
        "alias": "Contents.Quest.Mission.1101",
        "text": "Move to the new Daeeobang Gunta"
    },
    "12001102": {
        "deprecated": false,
        "id": 12001102,
        "alias": "Contents.Quest.Mission.1102",
        "text": "Go to the stadium entrance"
    },
    "12001103": {
        "deprecated": false,
        "id": 12001103,
        "alias": "Contents.Quest.Mission.1103",
        "text": "Back to Suwol Port"
    },
    "12001104": {
        "deprecated": false,
        "id": 12001104,
        "alias": "Contents.Quest.Mission.1104",
        "text": "Conversation with Shim Ha-yeon"
    },
    "12001105": {
        "deprecated": false,
        "id": 12001105,
        "alias": "Contents.Quest.Mission.1105",
        "text": "Subdue Controlled Residents"
    },
    "12001106": {
        "deprecated": false,
        "id": 12001106,
        "alias": "Contents.Quest.Mission.1106",
        "text": "Conversation with Shim Ha-yeon"
    },
    "12001107": {
        "deprecated": false,
        "id": 12001107,
        "alias": "Contents.Quest.Mission.1107",
        "text": "Find Yeonsu Lim"
    },
    "12001108": {
        "deprecated": false,
        "id": 12001108,
        "alias": "Contents.Quest.Mission.1108",
        "text": "Conversation with Lim Yeonsu"
    },
    "12001109": {
        "deprecated": false,
        "id": 12001109,
        "alias": "Contents.Quest.Mission.1109",
        "text": "Talk back to Doha"
    },
    "12001110": {
        "deprecated": false,
        "id": 12001110,
        "alias": "Contents.Quest.Mission.1110",
        "text": "Talk back to the fortification craftsman"
    },
    "12001111": {
        "deprecated": false,
        "id": 12001111,
        "alias": "Contents.Quest.Mission.1111",
        "text": "Defeat the enemy blocking the half moon"
    },
    "12001112": {
        "deprecated": false,
        "id": 12001112,
        "alias": "Contents.Quest.Mission.1112",
        "text": "Move to Suwol Port"
    },
    "12001113": {
        "deprecated": false,
        "id": 12001113,
        "alias": "Contents.Quest.Mission.1113",
        "text": "Waiting for Arang"
    },
    "12001114": {
        "deprecated": false,
        "id": 12001114,
        "alias": "Contents.Quest.Mission.1114",
        "text": "Complete conversation with Red Plum"
    }
}