{
    "120010000": {
        "deprecated": false,
        "Dev_Desc": "반달서브_10000_1",
        "id": 120010000,
        "alias": "Contents.Quest.Mission.10000",
        "text": "Listen to children's conversations"
    },
    "120010001": {
        "deprecated": false,
        "Dev_Desc": "반달서브_10000_2",
        "id": 120010001,
        "alias": "Contents.Quest.Mission.10001",
        "text": "Collect useful trees"
    },
    "120010002": {
        "deprecated": false,
        "Dev_Desc": "반달서브_10000_3",
        "id": 120010002,
        "alias": "Contents.Quest.Mission.10002",
        "text": "Conversation with the Geumgyeongcheolmun Master"
    },
    "120010003": {
        "deprecated": false,
        "Dev_Desc": "반달서브_10000_4",
        "id": 120010003,
        "alias": "Contents.Quest.Mission.10003",
        "text": "Conversation with children"
    },
    "120010004": {
        "deprecated": false,
        "Dev_Desc": "반달서브_10001_1",
        "id": 120010004,
        "alias": "Contents.Quest.Mission.10004",
        "text": "Listening to the conversations of the artisans of the Geumgyeongcheolmun"
    },
    "120010005": {
        "deprecated": false,
        "Dev_Desc": "반달서브_10002_1",
        "id": 120010005,
        "alias": "Contents.Quest.Mission.10005",
        "text": "The Thief's Apple Collection"
    },
    "120010006": {
        "deprecated": false,
        "Dev_Desc": "반달서브_10002_2",
        "id": 120010006,
        "alias": "Contents.Quest.Mission.10006",
        "text": "The Rift Researcher moved to the encampment"
    },
    "120010007": {
        "deprecated": false,
        "Dev_Desc": "반달서브_10002_3",
        "id": 120010007,
        "alias": "Contents.Quest.Mission.10007",
        "text": "Conversation with Gyu-Neung Kim"
    },
    "120010008": {
        "deprecated": false,
        "Dev_Desc": "반달서브_10002_4",
        "id": 120010008,
        "alias": "Contents.Quest.Mission.10008",
        "text": "Sampling the Bulwark"
    },
    "120010009": {
        "deprecated": false,
        "Dev_Desc": "반달서브_10002_5",
        "id": 120010009,
        "alias": "Contents.Quest.Mission.10009",
        "text": "Move to Gyu-Neong Kim's camp"
    },
    "120010010": {
        "deprecated": false,
        "Dev_Desc": "반달서브_10002_6",
        "id": 120010010,
        "alias": "Contents.Quest.Mission.10010",
        "text": "Special sampling"
    },
    "120010011": {
        "deprecated": false,
        "Dev_Desc": "반달서브_10002_7",
        "id": 120010011,
        "alias": "Contents.Quest.Mission.10011",
        "text": "Submit a sample to Gyu-Neong Kim"
    },
    "120010012": {
        "deprecated": false,
        "Dev_Desc": "반달서브_10003_1",
        "id": 120010012,
        "alias": "Contents.Quest.Mission.10012",
        "text": "Go to the Void Pit"
    },
    "120010013": {
        "deprecated": false,
        "Dev_Desc": "반달서브_10003_2",
        "id": 120010013,
        "alias": "Contents.Quest.Mission.10013",
        "text": "Elite Bulwark Killed"
    },
    "120010014": {
        "deprecated": false,
        "Dev_Desc": "반달서브_10003_3",
        "id": 120010014,
        "alias": "Contents.Quest.Mission.10014",
        "text": "Submit a sample to Gyu-Neung Kim"
    },
    "120010015": {
        "deprecated": false,
        "Dev_Desc": "반달서브_10003_4",
        "id": 120010015,
        "alias": "Contents.Quest.Mission.10015",
        "text": "Conversation with Gyu-Neung Kim"
    },
    "120010016": {
        "deprecated": false,
        "Dev_Desc": "반달서브_10004_1",
        "id": 120010016,
        "alias": "Contents.Quest.Mission.10016",
        "text": "Explore the Void Pit"
    },
    "120010017": {
        "deprecated": false,
        "Dev_Desc": "반달서브_10004_5",
        "id": 120010017,
        "alias": "Contents.Quest.Mission.10017",
        "text": "Conversation with Jo Hoon"
    },
    "120010018": {
        "deprecated": false,
        "Dev_Desc": "반달서브_10005_1",
        "id": 120010018,
        "alias": "Contents.Quest.Mission.10018",
        "text": "Trace Trace"
    },
    "120010019": {
        "deprecated": false,
        "Dev_Desc": "반달서브_10005_2",
        "id": 120010019,
        "alias": "Contents.Quest.Mission.10019",
        "text": "Search inside the canyon"
    },
    "120010020": {
        "deprecated": false,
        "Dev_Desc": "반달서브_10006_1",
        "id": 120010020,
        "alias": "Contents.Quest.Mission.10020",
        "text": "Investigate the crate"
    },
    "120010021": {
        "deprecated": false,
        "Dev_Desc": "반달서브_10006_2",
        "id": 120010021,
        "alias": "Contents.Quest.Mission.10021",
        "text": "Check the sealed log"
    },
    "120010022": {
        "deprecated": false,
        "Dev_Desc": "반달서브_10007_1",
        "id": 120010022,
        "alias": "Contents.Quest.Mission.10022",
        "text": "Eavesdropping on Blue People's Conversation"
    },
    "120010023": {
        "deprecated": false,
        "Dev_Desc": "반달서브_10008_2",
        "id": 120010023,
        "alias": "Contents.Quest.Mission.10023",
        "text": "Lumberjack's mineral check"
    },
    "120010024": {
        "deprecated": false,
        "Dev_Desc": "반달서브_10008_3",
        "id": 120010024,
        "alias": "Contents.Quest.Mission.10024",
        "text": "Defeat the Enraged Tree Spirit"
    },
    "120010025": {
        "deprecated": false,
        "Dev_Desc": "반달서브_10008_4",
        "id": 120010025,
        "alias": "Contents.Quest.Mission.10025",
        "text": "Report to the Woodcutter"
    },
    "120010026": {
        "deprecated": false,
        "Dev_Desc": "반달서브_10009_2",
        "id": 120010026,
        "alias": "Contents.Quest.Mission.10026",
        "text": "Confirm the Legend of the Divine Tree"
    },
    "120010027": {
        "deprecated": false,
        "Dev_Desc": "반달서브_10010_1",
        "id": 120010027,
        "alias": "Contents.Quest.Mission.10027",
        "text": "Conversation with a worried man"
    },
    "120010028": {
        "deprecated": false,
        "Dev_Desc": "반달서브_10011_1",
        "id": 120010028,
        "alias": "Contents.Quest.Mission.10028",
        "text": "Investigation of the Old City Forest Road"
    },
    "120010029": {
        "deprecated": false,
        "Dev_Desc": "반달서브_10011_2",
        "id": 120010029,
        "alias": "Contents.Quest.Mission.10029",
        "text": "Speak with the Arboretum"
    },
    "120010030": {
        "deprecated": false,
        "Dev_Desc": "반달서브_10011_3",
        "id": 120010030,
        "alias": "Contents.Quest.Mission.10030",
        "text": "Helping the arboreal spirits rest"
    },
    "120010031": {
        "deprecated": false,
        "Dev_Desc": "반달서브_10011_4",
        "id": 120010031,
        "alias": "Contents.Quest.Mission.10031",
        "text": "Speak with the Arboretum"
    },
    "120010032": {
        "deprecated": false,
        "Dev_Desc": "반달서브_10011_5",
        "id": 120010032,
        "alias": "Contents.Quest.Mission.10032",
        "text": "Investigate shiny objects"
    },
    "120010033": {
        "deprecated": false,
        "Dev_Desc": "반달서브_10012_2",
        "id": 120010033,
        "alias": "Contents.Quest.Mission.10033",
        "text": "Question about the identity of the thing"
    },
    "120010034": {
        "deprecated": false,
        "Dev_Desc": "반달서브_10012_3",
        "id": 120010034,
        "alias": "Contents.Quest.Mission.10034",
        "text": "Speak again with Ne-Nyan"
    },
    "120010035": {
        "deprecated": false,
        "Dev_Desc": "반달서브_10012_4",
        "id": 120010035,
        "alias": "Contents.Quest.Mission.10035",
        "text": "Defeat the Runaway Guard"
    },
    "120010036": {
        "deprecated": false,
        "Dev_Desc": "반달서브_10012_5",
        "id": 120010036,
        "alias": "Contents.Quest.Mission.10036",
        "text": "Defeat the Awakened Runaway Guard"
    },
    "120010037": {
        "deprecated": false,
        "Dev_Desc": "반달서브_10012_6",
        "id": 120010037,
        "alias": "Contents.Quest.Mission.10037",
        "text": "Conversation with Ne-Nyan"
    },
    "120010038": {
        "deprecated": false,
        "Dev_Desc": "반달서브_10013_1",
        "id": 120010038,
        "alias": "Contents.Quest.Mission.10038",
        "text": "Investigate shiny objects"
    },
    "120010039": {
        "deprecated": false,
        "Dev_Desc": "반달서브_10013_2",
        "id": 120010039,
        "alias": "Contents.Quest.Mission.10039",
        "text": "Conversation with Yoo Ae-rin"
    },
    "120010040": {
        "deprecated": false,
        "Dev_Desc": "반달서브_10014_1",
        "id": 120010040,
        "alias": "Contents.Quest.Mission.10040",
        "text": "Conversation with the mysterious man"
    },
    "120010041": {
        "deprecated": false,
        "Dev_Desc": "반달서브_10014_2",
        "id": 120010041,
        "alias": "Contents.Quest.Mission.10041",
        "text": "Confirm collaborating headings"
    },
    "120010042": {
        "deprecated": false,
        "Dev_Desc": "반달서브_10015_1",
        "id": 120010042,
        "alias": "Contents.Quest.Mission.10042",
        "text": "Visit the Wildlife Conservation Society"
    },
    "120010043": {
        "deprecated": false,
        "Dev_Desc": "반달서브_10015_2",
        "id": 120010043,
        "alias": "Contents.Quest.Mission.10043",
        "text": "Talk to the Ashenwind"
    },
    "120010044": {
        "deprecated": false,
        "Dev_Desc": "반달서브_10015_3",
        "id": 120010044,
        "alias": "Contents.Quest.Mission.10044",
        "text": "Help the Wildlife Conservation Society"
    },
    "120010045": {
        "deprecated": false,
        "Dev_Desc": "반달서브_10015_4",
        "id": 120010045,
        "alias": "Contents.Quest.Mission.10045",
        "text": "Talk to Ashenwind"
    },
    "120010046": {
        "deprecated": false,
        "Dev_Desc": "반달서브_10016_2",
        "id": 120010046,
        "alias": "Contents.Quest.Mission.10046",
        "text": "Search for Pioneer Barongdan Members"
    },
    "120010047": {
        "deprecated": false,
        "Dev_Desc": "반달서브_10016_3",
        "id": 120010047,
        "alias": "Contents.Quest.Mission.10047",
        "text": "Conversation with Pyeongyang"
    },
    "120010048": {
        "deprecated": false,
        "Dev_Desc": "반달서브_10016_4",
        "id": 120010048,
        "alias": "Contents.Quest.Mission.10048",
        "text": "Finding the fun"
    },
    "120010049": {
        "deprecated": false,
        "Dev_Desc": "반달서브_10016_5",
        "id": 120010049,
        "alias": "Contents.Quest.Mission.10049",
        "text": "Guardian Killed"
    },
    "120010050": {
        "deprecated": false,
        "Dev_Desc": "반달서브_10016_6",
        "id": 120010050,
        "alias": "Contents.Quest.Mission.10050",
        "text": "Conversation with Heung-Nyang"
    },
    "120010051": {
        "deprecated": false,
        "Dev_Desc": "반달서브_10016_7",
        "id": 120010051,
        "alias": "Contents.Quest.Mission.10051",
        "text": "Conversation with Neyan"
    },
    "120010052": {
        "deprecated": false,
        "Dev_Desc": "반달서브_10017_1",
        "id": 120010052,
        "alias": "Contents.Quest.Mission.10052",
        "text": "Conversation with Heung-Nyang"
    },
    "120010053": {
        "deprecated": false,
        "Dev_Desc": "반달서브_10017_2",
        "id": 120010053,
        "alias": "Contents.Quest.Mission.10053",
        "text": "Gathering Barong Grass"
    },
    "120010054": {
        "deprecated": false,
        "Dev_Desc": "반달서브_10017_3",
        "id": 120010054,
        "alias": "Contents.Quest.Mission.10054",
        "text": "Conversation with Heung-Nyang"
    },
    "120010055": {
        "deprecated": false,
        "Dev_Desc": "반달서브_10018_1",
        "id": 120010055,
        "alias": "Contents.Quest.Mission.10055",
        "text": "Conversation with Pyeongyang"
    },
    "120010056": {
        "deprecated": false,
        "Dev_Desc": "반달서브_10018_2",
        "id": 120010056,
        "alias": "Contents.Quest.Mission.10056",
        "text": "Collecting the fur of wild animals"
    },
    "120010057": {
        "deprecated": false,
        "Dev_Desc": "반달서브_10018_3",
        "id": 120010057,
        "alias": "Contents.Quest.Mission.10057",
        "text": "Conversation with Pyeongyang"
    },
    "120010058": {
        "deprecated": false,
        "Dev_Desc": "반달서브_10019_1",
        "id": 120010058,
        "alias": "Contents.Quest.Mission.10058",
        "text": "Conversation with Pioneer Barongdan"
    },
    "120010059": {
        "deprecated": false,
        "Dev_Desc": "반달서브_10020_1",
        "id": 120010059,
        "alias": "Contents.Quest.Mission.10059",
        "text": "Talk to Jimmy God"
    },
    "120010060": {
        "deprecated": false,
        "Dev_Desc": "반달서브_10020_2",
        "id": 120010060,
        "alias": "Contents.Quest.Mission.10060",
        "text": "Proof of Proficiency"
    },
    "120010061": {
        "deprecated": false,
        "Dev_Desc": "반달서브_10020_3",
        "id": 120010061,
        "alias": "Contents.Quest.Mission.10061",
        "text": "Talk to Jimmy God"
    },
    "120010062": {
        "deprecated": false,
        "Dev_Desc": "반달서브_10021_1",
        "id": 120010062,
        "alias": "Contents.Quest.Mission.10062",
        "text": "Trace traces of seawater"
    },
    "120010063": {
        "deprecated": false,
        "Dev_Desc": "반달서브_10021_2",
        "id": 120010063,
        "alias": "Contents.Quest.Mission.10063",
        "text": "Avoid disturbing wildlife"
    },
    "120010064": {
        "deprecated": false,
        "Dev_Desc": "반달서브_10021_3",
        "id": 120010064,
        "alias": "Contents.Quest.Mission.10064",
        "text": "Investigate traces of seawater"
    },
    "120010065": {
        "deprecated": false,
        "Dev_Desc": "반달서브_10021_4",
        "id": 120010065,
        "alias": "Contents.Quest.Mission.10065",
        "text": "Trace traces of seawater"
    },
    "120010066": {
        "deprecated": false,
        "Dev_Desc": "반달서브_10021_5",
        "id": 120010066,
        "alias": "Contents.Quest.Mission.10066",
        "text": "Avoid disturbing wildlife"
    },
    "120010067": {
        "deprecated": false,
        "Dev_Desc": "반달서브_10021_6",
        "id": 120010067,
        "alias": "Contents.Quest.Mission.10067",
        "text": "Investigate traces of seawater"
    },
    "120010068": {
        "deprecated": false,
        "Dev_Desc": "반달서브_10021_7",
        "id": 120010068,
        "alias": "Contents.Quest.Mission.10068",
        "text": "discover the habitation of seawater"
    },
    "120010069": {
        "deprecated": false,
        "Dev_Desc": "반달서브_10021_8",
        "id": 120010069,
        "alias": "Contents.Quest.Mission.10069",
        "text": "Talk to Jimmy God"
    },
    "120010070": {
        "deprecated": false,
        "Dev_Desc": "반달서브_10022_1",
        "id": 120010070,
        "alias": "Contents.Quest.Mission.10070",
        "text": "Listen to the conversation of the Pioneer Barongdan"
    },
    "120010071": {
        "deprecated": false,
        "Dev_Desc": "반달서브_10022_2",
        "id": 120010071,
        "alias": "Contents.Quest.Mission.10071",
        "text": "Speak with Neyan"
    },
    "120010072": {
        "deprecated": false,
        "Dev_Desc": "반달서브_10022_3",
        "id": 120010072,
        "alias": "Contents.Quest.Mission.10072",
        "text": "Conversation with Red Plum"
    },
    "120010073": {
        "deprecated": false,
        "Dev_Desc": "반달서브_10022_4",
        "id": 120010073,
        "alias": "Contents.Quest.Mission.10073",
        "text": "Help anglers"
    },
    "120010074": {
        "deprecated": false,
        "Dev_Desc": "반달서브_10022_5",
        "id": 120010074,
        "alias": "Contents.Quest.Mission.10074",
        "text": "Conversation with Red Plum"
    },
    "120010075": {
        "deprecated": false,
        "Dev_Desc": "반달서브_10022_6",
        "id": 120010075,
        "alias": "Contents.Quest.Mission.10075",
        "text": "Pass the permit to the plum blossoms"
    },
    "120010076": {
        "deprecated": false,
        "Dev_Desc": "반달서브_10022_7",
        "id": 120010076,
        "alias": "Contents.Quest.Mission.10076",
        "text": "Speak with Ney Nyan"
    },
    "120010077": {
        "deprecated": false,
        "Dev_Desc": "반달서브_10023_1",
        "id": 120010077,
        "alias": "Contents.Quest.Mission.10077",
        "text": "Move to Suwol Port"
    },
    "120010078": {
        "deprecated": false,
        "Dev_Desc": "반달서브_10023_2",
        "id": 120010078,
        "alias": "Contents.Quest.Mission.10078",
        "text": "Speak with Ney Nyan"
    },
    "120010079": {
        "deprecated": false,
        "Dev_Desc": "반달서브_10023_3",
        "id": 120010079,
        "alias": "Contents.Quest.Mission.10079",
        "text": "Go to Yeongkyowon"
    },
    "120010080": {
        "deprecated": false,
        "Dev_Desc": "반달서브_10023_4",
        "id": 120010080,
        "alias": "Contents.Quest.Mission.10080",
        "text": "Check under the Younggyowon tree"
    },
    "120010081": {
        "deprecated": false,
        "Dev_Desc": "반달서브_10023_5",
        "id": 120010081,
        "alias": "Contents.Quest.Mission.10081",
        "text": "Confirm Neyan's Gift"
    },
    "120010082": {
        "deprecated": false,
        "Dev_Desc": "반달서브_10024_1",
        "id": 120010082,
        "alias": "Contents.Quest.Mission.10082",
        "text": "Conversation with Min Kyung-han"
    },
    "120010083": {
        "deprecated": false,
        "Dev_Desc": "반달서브_10024_2",
        "id": 120010083,
        "alias": "Contents.Quest.Mission.10083",
        "text": "Check the status of Yahwa"
    },
    "120010084": {
        "deprecated": false,
        "Dev_Desc": "반달서브_10024_3",
        "id": 120010084,
        "alias": "Contents.Quest.Mission.10084",
        "text": "Chasing the mysterious man"
    },
    "120010085": {
        "deprecated": false,
        "Dev_Desc": "반달서브_10024_4",
        "id": 120010085,
        "alias": "Contents.Quest.Mission.10085",
        "text": "Battle with a mysterious man"
    },
    "120010086": {
        "deprecated": false,
        "Dev_Desc": "반달서브_10024_5",
        "id": 120010086,
        "alias": "Contents.Quest.Mission.10086",
        "text": "Conversation with a mysterious man"
    },
    "120010087": {
        "deprecated": false,
        "Dev_Desc": "반달서브_10024_6",
        "id": 120010087,
        "alias": "Contents.Quest.Mission.10087",
        "text": "Check the status of other tombstones"
    },
    "120010088": {
        "deprecated": false,
        "Dev_Desc": "반달서브_10000_2",
        "id": 120010088,
        "alias": "Contents.Quest.Mission.10088",
        "text": "Collect more useful trees"
    },
    "120010089": {
        "deprecated": false,
        "Dev_Desc": "반달서브_10025_1",
        "id": 120010089,
        "alias": "Contents.Quest.Mission.10089",
        "text": "Enhance the security of Vandal Lake"
    },
    "120010090": {
        "deprecated": false,
        "Dev_Desc": "반달서브_10026_1",
        "id": 120010090,
        "alias": "Contents.Quest.Mission.10090",
        "text": "Tiger Kill"
    },
    "120010091": {
        "deprecated": false,
        "Dev_Desc": "반달서브_10026_2",
        "id": 120010091,
        "alias": "Contents.Quest.Mission.10091",
        "text": "Talk with the Breeze"
    },
    "120010092": {
        "deprecated": false,
        "Dev_Desc": "반달서브_10027_1",
        "id": 120010092,
        "alias": "Contents.Quest.Mission.10092",
        "text": "Attack on the Buffalo Base"
    },
    "120010093": {
        "deprecated": false,
        "Dev_Desc": "반달서브_10027_2",
        "id": 120010093,
        "alias": "Contents.Quest.Mission.10093",
        "text": "Talk to Mapparam"
    },
    "120010096": {
        "deprecated": false,
        "Dev_Desc": "반달서브_10029_1",
        "id": 120010096,
        "alias": "Contents.Quest.Mission.10096",
        "text": "Correct the Goblin"
    },
    "120010097": {
        "deprecated": false,
        "Dev_Desc": "반달서브_10029_2",
        "id": 120010097,
        "alias": "Contents.Quest.Mission.10097",
        "text": "Conversation with the Goblin"
    },
    "120010098": {
        "deprecated": false,
        "Dev_Desc": "반달서브_10029_3",
        "id": 120010098,
        "alias": "Contents.Quest.Mission.10098",
        "text": "Conversation with villager fool"
    },
    "120010099": {
        "deprecated": false,
        "Dev_Desc": "반달서브_10030_1",
        "id": 120010099,
        "alias": "Contents.Quest.Mission.10099",
        "text": "Destroy Outbreak"
    },
    "120010100": {
        "deprecated": false,
        "Dev_Desc": "반달서브_10030_2",
        "id": 120010100,
        "alias": "Contents.Quest.Mission.10100",
        "text": "Speak with the sneeze"
    },
    "120010101": {
        "deprecated": false,
        "Dev_Desc": "반달서브_10031_1",
        "id": 120010101,
        "alias": "Contents.Quest.Mission.10101",
        "text": "Collect Weapon Crafting Materials"
    },
    "120010102": {
        "deprecated": false,
        "Dev_Desc": "반달서브_10031_2",
        "id": 120010102,
        "alias": "Contents.Quest.Mission.10102",
        "text": "Conversation with Mowa"
    },
    "120010103": {
        "deprecated": false,
        "Dev_Desc": "반달서브_10006_1",
        "id": 120010103,
        "alias": "Contents.Quest.Mission.10103",
        "text": "The Blue Hermit Crab Cleanup"
    },
    "120010104": {
        "deprecated": false,
        "Dev_Desc": "반달서브_10012_3",
        "id": 120010104,
        "alias": "Contents.Quest.Mission.10104",
        "text": "Ask Neyan"
    },
    "120010105": {
        "deprecated": false,
        "Dev_Desc": "반달서브_10010_2",
        "id": 120010105,
        "alias": "Contents.Quest.Mission.10105",
        "text": "Subdue Spiders in the Graveyard Forest"
    },
    "120010106": {
        "deprecated": false,
        "Dev_Desc": "반달서브_10017_2",
        "id": 120010106,
        "alias": "Contents.Quest.Mission.10106",
        "text": "Find Heung-Nyang's Basket"
    },
    "120010107": {
        "deprecated": false,
        "Dev_Desc": "반달서브_10032_1",
        "id": 120010107,
        "alias": "Contents.Quest.Mission.10107",
        "text": "Entry to the corridor of awakening"
    },
    "120010108": {
        "deprecated": false,
        "Dev_Desc": "반달서브_10032_2",
        "id": 120010108,
        "alias": "Contents.Quest.Mission.10108",
        "text": "Enter inside the corridor"
    },
    "120010109": {
        "deprecated": false,
        "Dev_Desc": "반달서브_10032_9",
        "id": 120010109,
        "alias": "Contents.Quest.Mission.10109",
        "text": "Find the corridor exit"
    },
    "120010110": {
        "deprecated": false,
        "Dev_Desc": "반달서브_10032_10",
        "id": 120010110,
        "alias": "Contents.Quest.Mission.10110",
        "text": "Move out of the corridor"
    },
    "120010111": {
        "deprecated": false,
        "Dev_Desc": "반달서브_10033_1",
        "id": 120010111,
        "alias": "Contents.Quest.Mission.10111",
        "text": "Entry to the corridor of awakening"
    },
    "120010112": {
        "deprecated": false,
        "Dev_Desc": "반달서브_10033_2",
        "id": 120010112,
        "alias": "Contents.Quest.Mission.10112",
        "text": "Enter inside the corridor"
    },
    "120010113": {
        "deprecated": false,
        "Dev_Desc": "반달서브_10033_11",
        "id": 120010113,
        "alias": "Contents.Quest.Mission.10113",
        "text": "Find the corridor exit"
    },
    "120010114": {
        "deprecated": false,
        "Dev_Desc": "반달서브_10033_12",
        "id": 120010114,
        "alias": "Contents.Quest.Mission.10114",
        "text": "Move out of the corridor"
    },
    "120010115": {
        "deprecated": false,
        "Dev_Desc": "반달서브_10004_2",
        "id": 120010115,
        "alias": "Contents.Quest.Mission.10115",
        "text": "Find a Night Story"
    },
    "120010116": {
        "deprecated": false,
        "Dev_Desc": "반달서브_10004_3",
        "id": 120010116,
        "alias": "Contents.Quest.Mission.10116",
        "text": "Explore the Void Pit"
    },
    "120010117": {
        "deprecated": false,
        "Dev_Desc": "반달서브_10004_4",
        "id": 120010117,
        "alias": "Contents.Quest.Mission.10117",
        "text": "Find a Night Story"
    },
    "120010118": {
        "deprecated": false,
        "Dev_Desc": "반달서브_10032_3",
        "id": 120010118,
        "alias": "Contents.Quest.Mission.10118",
        "text": "Defeat the entrance guard"
    },
    "120010119": {
        "deprecated": false,
        "Dev_Desc": "반달서브_10032_4",
        "id": 120010119,
        "alias": "Contents.Quest.Mission.10119",
        "text": "Defeat the Underground Guard"
    },
    "120010120": {
        "deprecated": false,
        "Dev_Desc": "반달서브_10032_5",
        "id": 120010120,
        "alias": "Contents.Quest.Mission.10120",
        "text": "Elite Guard Kill"
    },
    "120010121": {
        "deprecated": false,
        "Dev_Desc": "반달서브_10032_6",
        "id": 120010121,
        "alias": "Contents.Quest.Mission.10121",
        "text": "Move along the road"
    },
    "120010122": {
        "deprecated": false,
        "Dev_Desc": "반달서브_10032_8",
        "id": 120010122,
        "alias": "Contents.Quest.Mission.10122",
        "text": "Go up the stairs"
    },
    "120010123": {
        "deprecated": false,
        "Dev_Desc": "반달서브_10032_7",
        "id": 120010123,
        "alias": "Contents.Quest.Mission.10123",
        "text": "Manipulating Suspicious Device"
    },
    "120010124": {
        "deprecated": false,
        "Dev_Desc": "반달서브_10033_3",
        "id": 120010124,
        "alias": "Contents.Quest.Mission.10124",
        "text": "Guardian Killed"
    },
    "120010125": {
        "deprecated": false,
        "Dev_Desc": "반달서브_10033_4",
        "id": 120010125,
        "alias": "Contents.Quest.Mission.10125",
        "text": "Move over the cliff"
    },
    "120010126": {
        "deprecated": false,
        "Dev_Desc": "반달서브_10033_5",
        "id": 120010126,
        "alias": "Contents.Quest.Mission.10126",
        "text": "Guardian Killed"
    },
    "120010127": {
        "deprecated": false,
        "Dev_Desc": "반달서브_10033_6",
        "id": 120010127,
        "alias": "Contents.Quest.Mission.10127",
        "text": "Elite Guard Kill"
    },
    "120010128": {
        "deprecated": false,
        "Dev_Desc": "반달서브_10033_8",
        "id": 120010128,
        "alias": "Contents.Quest.Mission.10128",
        "text": "Move inward"
    },
    "120010129": {
        "deprecated": false,
        "Dev_Desc": "반달서브_10033_7",
        "id": 120010129,
        "alias": "Contents.Quest.Mission.10129",
        "text": "Manipulating Mysterious Device"
    },
    "120010130": {
        "deprecated": false,
        "Dev_Desc": "반달서브_10033_10",
        "id": 120010130,
        "alias": "Contents.Quest.Mission.10130",
        "text": "Move along the road"
    },
    "120010131": {
        "deprecated": false,
        "Dev_Desc": "반달서브_10033_11",
        "id": 120010131,
        "alias": "Contents.Quest.Mission.10131",
        "text": "Defeat Guardians in One Strike"
    },
    "120010132": {
        "deprecated": false,
        "Dev_Desc": "반달서브_10033_9",
        "id": 120010132,
        "alias": "Contents.Quest.Mission.10132",
        "text": "Move to the other side"
    },
    "120010133": {
        "deprecated": false,
        "Dev_Desc": "반달서브_10024_4",
        "id": 120010133,
        "alias": "Contents.Quest.Mission.10133",
        "text": "chasing after the mysterious man again"
    },
    "120010134": {
        "deprecated": false,
        "Dev_Desc": "반달서브_10024_7",
        "id": 120010134,
        "alias": "Contents.Quest.Mission.10134",
        "text": "move forward"
    },
    "120010135": {
        "deprecated": false,
        "Dev_Desc": "반달서브_10024_4",
        "id": 120010135,
        "alias": "Contents.Quest.Mission.10135",
        "text": "Check the night story"
    }
}