{
    "40020000": {
        "deprecated": false,
        "Dev_Desc": "아랑",
        "id": 40020000,
        "alias": "Contents.Quest.Guide.20000",
        "text": "Isn't something strange?"
    },
    "40020001": {
        "deprecated": false,
        "Dev_Desc": "아랑",
        "id": 40020001,
        "alias": "Contents.Quest.Guide.20001",
        "text": "People seem to be a little \nnot vigilant."
    },
    "40020002": {
        "deprecated": false,
        "Dev_Desc": "PC",
        "id": 40020002,
        "alias": "Contents.Quest.Guide.20002",
        "text": "(Ask if it's your mood)"
    },
    "40020003": {
        "deprecated": false,
        "Dev_Desc": "아랑",
        "id": 40020003,
        "alias": "Contents.Quest.Guide.20003",
        "text": "Is that so...? \nWell, that's good."
    },
    "40020004": {
        "deprecated": false,
        "Dev_Desc": "아랑",
        "id": 40020004,
        "alias": "Contents.Quest.Guide.20004",
        "text": "Now, I think that's enough.\nShall we go bargain now?"
    },
    "40020005": {
        "deprecated": false,
        "Dev_Desc": "아랑",
        "id": 40020005,
        "alias": "Contents.Quest.Guide.20005",
        "text": "Um... But who do you give it to?\nYou decide."
    },
    "40020006": {
        "deprecated": false,
        "Dev_Desc": "아랑",
        "id": 40020006,
        "alias": "Contents.Quest.Guide.20006",
        "text": "Um...? What?"
    },
    "40020007": {
        "deprecated": false,
        "Dev_Desc": "아랑",
        "id": 40020007,
        "alias": "Contents.Quest.Guide.20007",
        "text": "Let's take a look around the stronghold."
    },
    "40020008": {
        "deprecated": false,
        "Dev_Desc": "아랑",
        "id": 40020008,
        "alias": "Contents.Quest.Guide.20008",
        "text": "Okay! \nNow let's go to <textColor=[255:204:102:255]>Barong</>!"
    },
    "40020009": {
        "deprecated": false,
        "Dev_Desc": "PC",
        "id": 40020009,
        "alias": "Contents.Quest.Guide.20009",
        "text": "(First I need to get \nfrom <textColor=[255:204:102:255]>Permit</>)"
    },
    "40020010": {
        "deprecated": false,
        "Dev_Desc": "PC",
        "id": 40020010,
        "alias": "Contents.Quest.Guide.20010",
        "text": "(I think this should be enough)"
    },
    "40020011": {
        "deprecated": false,
        "Dev_Desc": "PC",
        "id": 40020011,
        "alias": "Contents.Quest.Guide.20011",
        "text": "(I think this should be enough)"
    },
    "40020012": {
        "deprecated": false,
        "Dev_Desc": "고민 많은 대원",
        "id": 40020012,
        "alias": "Contents.Quest.Guide.20012",
        "text": "Small! I've told the captain\nI think I'll be able to meet you once."
    },
    "40020013": {
        "deprecated": false,
        "Dev_Desc": "PC",
        "id": 40020013,
        "alias": "Contents.Quest.Guide.20013",
        "text": "(<textColor=[255:204:102:255]>Let's go to the Discipline Captain</>)"
    },
    "40020014": {
        "deprecated": false,
        "Dev_Desc": "PC",
        "id": 40020014,
        "alias": "Contents.Quest.Guide.20054",
        "text": "(Now let's get <textColor=[255:204:102:255]>Material</>)"
    },
    "40020015": {
        "deprecated": false,
        "Dev_Desc": "PC",
        "id": 40020015,
        "alias": "Contents.Quest.Guide.20014",
        "text": "(I think it's in that direction)"
    },
    "40020016": {
        "deprecated": false,
        "Dev_Desc": "PC",
        "id": 40020016,
        "alias": "Contents.Quest.Guide.20015",
        "text": "(Is this nearby?\nI don't think so)"
    },
    "40020017": {
        "deprecated": false,
        "Dev_Desc": "PC",
        "id": 40020017,
        "alias": "Contents.Quest.Guide.20016",
        "text": "(Killing <textColor=[215:94:94:255]>Blood Plaque</>\nLet's go further inside)"
    },
    "40020018": {
        "deprecated": false,
        "Dev_Desc": "PC",
        "id": 40020018,
        "alias": "Contents.Quest.Guide.20017",
        "text": "(It seems to be nearby)"
    },
    "40020019": {
        "deprecated": false,
        "Dev_Desc": "신입단원",
        "id": 40020019,
        "alias": "Contents.Quest.Guide.20018",
        "text": "I think, here!"
    },
    "40020020": {
        "deprecated": false,
        "Dev_Desc": "PC",
        "id": 40020020,
        "alias": "Contents.Quest.Guide.20019",
        "text": "(Let's find <textColor=[255:204:102:255]>Responsible Person</>)"
    },
    "40020021": {
        "deprecated": false,
        "Dev_Desc": "도화상전 일꾼",
        "id": 40020021,
        "alias": "Contents.Quest.Guide.20020",
        "text": "Aigoo Sohyuk, \nPlease help us!"
    },
    "40020022": {
        "deprecated": false,
        "Dev_Desc": "도화상전 일꾼",
        "id": 40020022,
        "alias": "Contents.Quest.Guide.20021",
        "text": "Thank you! Thanks, \nI can go back!"
    },
    "40020023": {
        "deprecated": false,
        "Dev_Desc": "도화상전 책임자",
        "id": 40020023,
        "alias": "Contents.Quest.Guide.20022",
        "text": "Next it is the kiln's turn."
    },
    "40020024": {
        "deprecated": false,
        "Dev_Desc": "도화상전 책임자",
        "id": 40020024,
        "alias": "Contents.Quest.Guide.20023",
        "text": "Prepare <textColor=[255:204:102:255]>Firewood</>"
    },
    "40020025": {
        "deprecated": false,
        "Dev_Desc": "도화상전 책임자",
        "id": 40020025,
        "alias": "Contents.Quest.Guide.20024",
        "text": "Now light the fire."
    },
    "40020026": {
        "deprecated": false,
        "Dev_Desc": "도화상전 책임자",
        "id": 40020026,
        "alias": "Contents.Quest.Guide.20025",
        "text": "Okay. \nYou can wait."
    },
    "40020027": {
        "deprecated": false,
        "Dev_Desc": "문주 달빛바람",
        "id": 40020027,
        "alias": "Contents.Quest.Guide.20026",
        "text": "The first one is \n<textColor=[255:204:102:255]>Rockhorn horn</>"
    },
    "40020028": {
        "deprecated": false,
        "Dev_Desc": "문주 달빛바람",
        "id": 40020028,
        "alias": "Contents.Quest.Guide.20027",
        "text": "The second is \n<textColor=[255:204:102:255]>Blood's Weapon</>."
    },
    "40020029": {
        "deprecated": false,
        "Dev_Desc": "문주 달빛바람",
        "id": 40020029,
        "alias": "Contents.Quest.Guide.20028",
        "text": "This is the end. \nSave the <textColor=[255:204:102:255]>Illusionary Spirit</>."
    },
    "40020030": {
        "deprecated": false,
        "Dev_Desc": "문주 달빛바람",
        "id": 40020030,
        "alias": "Contents.Quest.Guide.20029",
        "text": "<textColor=[255:204:102:255]>Welcome soul light</>, \nYou feel weird? \nWell, see you at the base."
    },
    "40020031": {
        "deprecated": false,
        "Dev_Desc": "영교원 동동",
        "id": 40020031,
        "alias": "Contents.Quest.Guide.20030",
        "text": "Oh? You guys! \nI don't know?"
    },
    "40020032": {
        "deprecated": false,
        "Dev_Desc": "PC",
        "id": 40020032,
        "alias": "Contents.Quest.Guide.20031",
        "text": "(Oh my head...)"
    },
    "40020033": {
        "deprecated": false,
        "Dev_Desc": "어린 바롱",
        "id": 40020033,
        "alias": "Contents.Quest.Guide.20032",
        "text": "Help me!"
    },
    "40020034": {
        "deprecated": false,
        "Dev_Desc": "어린 바롱",
        "id": 40020034,
        "alias": "Contents.Quest.Guide.20033",
        "text": "There are still more!"
    },
    "40020035": {
        "deprecated": false,
        "Dev_Desc": "어린 바롱",
        "id": 40020035,
        "alias": "Contents.Quest.Guide.20034",
        "text": "Looks like it's over."
    },
    "40020036": {
        "deprecated": false,
        "Dev_Desc": "어린 바롱",
        "id": 40020036,
        "alias": "Contents.Quest.Guide.20035",
        "text": "Follow me~"
    },
    "40020037": {
        "deprecated": false,
        "Dev_Desc": "어린 바롱",
        "id": 40020037,
        "alias": "Contents.Quest.Guide.20036",
        "text": "You're over there~!"
    },
    "40020038": {
        "deprecated": false,
        "Dev_Desc": "PC",
        "id": 40020038,
        "alias": "Contents.Quest.Guide.20037",
        "text": "(Here is <textColor=[110:216:175:255]>Office</>...?\nLet's take a closer look)"
    },
    "40020039": {
        "deprecated": false,
        "Dev_Desc": "하름",
        "id": 40020039,
        "alias": "Contents.Quest.Guide.20038",
        "text": "Are you looking for me?"
    },
    "40020040": {
        "deprecated": false,
        "Dev_Desc": "PC",
        "id": 40020040,
        "alias": "Contents.Quest.Guide.20039",
        "text": "(Let's find a quiet place)"
    },
    "40020041": {
        "deprecated": false,
        "Dev_Desc": "봇짐상인",
        "id": 40020041,
        "alias": "Contents.Quest.Guide.20040",
        "text": "Is there anyone there?!\nHelp me!"
    },
    "40020042": {
        "deprecated": false,
        "Dev_Desc": "봇짐상인",
        "id": 40020042,
        "alias": "Contents.Quest.Guide.20041",
        "text": "I lived thanks to you."
    },
    "40020043": {
        "deprecated": false,
        "Dev_Desc": "PC",
        "id": 40020043,
        "alias": "Contents.Quest.Guide.20042",
        "text": "(Let's go a little further inside)"
    },
    "40020044": {
        "deprecated": false,
        "Dev_Desc": "PC",
        "id": 40020044,
        "alias": "Contents.Quest.Guide.20043",
        "text": "(Let's go a little further inside)"
    },
    "40020045": {
        "deprecated": false,
        "Dev_Desc": "PC",
        "id": 40020045,
        "alias": "Contents.Quest.Guide.20044",
        "text": "(The road is open)"
    },
    "40020046": {
        "deprecated": false,
        "Dev_Desc": "아랑",
        "id": 40020046,
        "alias": "Contents.Quest.Guide.20045",
        "text": "Do you think this should be enough?"
    },
    "40020047": {
        "deprecated": false,
        "Dev_Desc": "???",
        "id": 40020047,
        "alias": "Contents.Quest.Guide.20046",
        "text": "My dear. This is it."
    },
    "40020048": {
        "deprecated": false,
        "Dev_Desc": "???",
        "id": 40020048,
        "alias": "Contents.Quest.Guide.20047",
        "text": "It's been a while."
    },
    "40020049": {
        "deprecated": false,
        "Dev_Desc": "거점책임자",
        "id": 40020049,
        "alias": "Contents.Quest.Guide.20048",
        "text": "If you get a <textColor=[255:204:102:255]>sample</>,\nI'll go to <textColor=[110:216:175:255]>Cinnamon Swamp</>\n I will go."
    },
    "40020050": {
        "deprecated": false,
        "Dev_Desc": "아랑",
        "id": 40020050,
        "alias": "Contents.Quest.Guide.20049",
        "text": "Isn't it a bit lacking yet?\nLet's focus on the strong ones."
    },
    "40020051": {
        "deprecated": false,
        "Dev_Desc": "PC",
        "id": 40020051,
        "alias": "Contents.Quest.Guide.20052",
        "text": "(<textColor=[255:204:102:255]>Go to Node Manager</>)"
    },
    "40020052": {
        "deprecated": false,
        "Dev_Desc": "아랑",
        "id": 40020052,
        "alias": "Contents.Quest.Guide.20053",
        "text": "Um, what is this?"
    },
    "40020053": {
        "deprecated": false,
        "Dev_Desc": "도화상전 상인",
        "id": 40020053,
        "alias": "Contents.Quest.Guide.20055",
        "text": "Dohwasangjeon Merchant Ildarae"
    },
    "40020054": {
        "deprecated": false,
        "Dev_Desc": "금경철문 장인",
        "id": 40020054,
        "alias": "Contents.Quest.Guide.20056",
        "text": "Geumgyeongcheolmun craftsman Nam Dara"
    },
    "40020055": {
        "deprecated": false,
        "Dev_Desc": "고민 많은 대원",
        "id": 40020055,
        "alias": "Contents.Quest.Guide.20057",
        "text": "Shim Go-min, a foster care member"
    },
    "40020056": {
        "deprecated": false,
        "Dev_Desc": "신입단원",
        "id": 40020056,
        "alias": "Contents.Quest.Guide.20058",
        "text": "Membership for new members of the Plum Blossoms"
    },
    "40020057": {
        "deprecated": false,
        "Dev_Desc": "도화상전 일꾼",
        "id": 40020057,
        "alias": "Contents.Quest.Guide.20059",
        "text": "Towaji, a workman of the stencil"
    },
    "40020058": {
        "deprecated": false,
        "Dev_Desc": "도화상전 책임자",
        "id": 40020058,
        "alias": "Contents.Quest.Guide.20060",
        "text": "Dohwasangjeon craftsman Woo Tae"
    },
    "40020059": {
        "deprecated": false,
        "Dev_Desc": "문주 달빛바람",
        "id": 40020059,
        "alias": "Contents.Quest.Guide.20061",
        "text": "Geumgyeongcheolmun Munju Moonlight Wind"
    },
    "40020060": {
        "deprecated": false,
        "Dev_Desc": "영교원 동동",
        "id": 40020060,
        "alias": "Contents.Quest.Guide.20062",
        "text": "Younggyowon Dong-dong"
    },
    "40020061": {
        "deprecated": false,
        "Dev_Desc": "어린 바롱",
        "id": 40020061,
        "alias": "Contents.Quest.Guide.20063",
        "text": "Youngkyowon Ryangryang"
    },
    "40020062": {
        "deprecated": false,
        "Dev_Desc": "하름",
        "id": 40020062,
        "alias": "Contents.Quest.Guide.20064",
        "text": "Hareum, Munju Ereda"
    },
    "40020063": {
        "deprecated": false,
        "Dev_Desc": "봇짐상인",
        "id": 40020063,
        "alias": "Contents.Quest.Guide.20065",
        "text": "The Bot Gym Trader Scary Soul"
    },
    "40020064": {
        "deprecated": false,
        "Dev_Desc": "???",
        "id": 40020064,
        "alias": "Contents.Quest.Guide.20066",
        "text": "???"
    },
    "40020065": {
        "deprecated": false,
        "Dev_Desc": "거점책임자",
        "id": 40020065,
        "alias": "Contents.Quest.Guide.20067",
        "text": "Node Manager Super Bad"
    },
    "40020066": {
        "deprecated": false,
        "Dev_Desc": "아랑",
        "id": 40020066,
        "alias": "Contents.Quest.Guide.20068",
        "text": "Arang"
    },
    "40020067": {
        "deprecated": false,
        "Dev_Desc": "PC",
        "id": 40020067,
        "alias": "Contents.Quest.Guide.20069",
        "text": "(I think we need to rescue them soon!)"
    },
    "40020068": {
        "deprecated": false,
        "Dev_Desc": "도화상전 상인B",
        "id": 40020068,
        "alias": "Contents.Quest.Guide.20070",
        "text": "Oh, that's good enough. \nHere, <textColor=[255:204:102:255]>Ginger grass</>."
    },
    "40020069": {
        "deprecated": false,
        "Dev_Desc": "고민 많은 수양대원",
        "id": 40020069,
        "alias": "Contents.Quest.Guide.20071",
        "text": "<textColor=[215:94:94:255]>Neighboring beasts</> also \ndefeat some \nand we'll move them later."
    },
    "40020070": {
        "deprecated": false,
        "Dev_Desc": "아랑",
        "id": 40020070,
        "alias": "Contents.Quest.Guide.20072",
        "text": "Looks like <textColor=[255:204:102:255]>Uncle</> needs \n<textColor=[255:204:102:255]>Cobweb</>, right?"
    },
    "40020071": {
        "deprecated": false,
        "Dev_Desc": "아랑",
        "id": 40020071,
        "alias": "Contents.Quest.Guide.20073",
        "text": "Huh? Where did he go?\nI can't help it. Let's go to <textColor=[110:216:175:255]>The Workshop</>."
    },
    "40020072": {
        "deprecated": false,
        "Dev_Desc": "달빛바람",
        "id": 40020072,
        "alias": "Contents.Quest.Guide.20074",
        "text": "I think that should be enough."
    },
    "40020073": {
        "deprecated": false,
        "Dev_Desc": "달빛바람",
        "id": 40020073,
        "alias": "Contents.Quest.Guide.20075",
        "text": "Well, I need one more thing.\nGet me <textColor=[255:204:102:255]>The bark of an old tree</>."
    },
    "40020074": {
        "deprecated": false,
        "Dev_Desc": "달빛바람",
        "id": 40020074,
        "alias": "Contents.Quest.Guide.20076",
        "text": "You must have found <textColor=[255:204:102:255]>Shell</>?\nCome to my place."
    },
    "40020075": {
        "deprecated": false,
        "Dev_Desc": "PC",
        "id": 40020075,
        "alias": "Contents.Quest.Guide.20077",
        "text": "(<textColor=[78:148:215:255]>Let's go find the moonlight</>)"
    },
    "40020076": {
        "deprecated": false,
        "Dev_Desc": "달빛바람",
        "id": 40020076,
        "alias": "Contents.Quest.Guide.20078",
        "text": "What's so scary about <textColor=[215:94:94:255]>Welcome</>?"
    },
    "40020077": {
        "deprecated": false,
        "Dev_Desc": "강철주먹",
        "id": 40020077,
        "alias": "Contents.Quest.Guide.20079",
        "text": "No, it's not scary!\nI want to be by your side."
    },
    "40020078": {
        "deprecated": false,
        "Dev_Desc": "달빛바람",
        "id": 40020078,
        "alias": "Contents.Quest.Guide.20080",
        "text": "(I think it came right.\nLet's go to <textColor=[78:148:215:255]>Moonlight</>)"
    },
    "40020079": {
        "deprecated": false,
        "Dev_Desc": "아랑",
        "id": 40020079,
        "alias": "Contents.Quest.Guide.20081",
        "text": "Shall we go to <textColor=[110:216:175:255]>Paradise Valley</> as the death penalty said?"
    },
    "40020080": {
        "deprecated": false,
        "Dev_Desc": "아랑",
        "id": 40020080,
        "alias": "Contents.Quest.Guide.20082",
        "text": "You decide how\nyou do it."
    },
    "40020081": {
        "deprecated": false,
        "Dev_Desc": "아랑",
        "id": 40020081,
        "alias": "Contents.Quest.Guide.20083",
        "text": "The death penalty said to wait \nat <textColor=[110:216:175:255]>Red Slope</>."
    },
    "40020082": {
        "deprecated": false,
        "Dev_Desc": "아랑",
        "id": 40020082,
        "alias": "Contents.Quest.Guide.20084",
        "text": "If we're ready, let's go to <textColor=[110:216:175:255]>Red Slope</>."
    },
    "40020083": {
        "deprecated": false,
        "Dev_Desc": "강철주먹",
        "id": 40020083,
        "alias": "Contents.Quest.Guide.20085",
        "text": "Geumgyeongcheolmun Steel Fist"
    },
    "40020084": {
        "deprecated": false,
        "Dev_Desc": "매화단 정예단원 노염지",
        "id": 40020084,
        "alias": "Contents.Quest.Guide.20086",
        "text": "Small, this way."
    },
    "40020085": {
        "deprecated": false,
        "Dev_Desc": "매화단 정예단원 노염지",
        "id": 40020085,
        "alias": "Contents.Quest.Guide.20087",
        "text": "No Yeomji, an elite member of the Maehwadan"
    },
    "40020086": {
        "deprecated": false,
        "Dev_Desc": "20056",
        "id": 40020086,
        "alias": "Contents.Quest.Guide.20088",
        "text": "(<textColor=[255:204:102:255]>I got a plum tree</>.\nBut why do you seem to be deceived...?)"
    },
    "40020087": {
        "deprecated": false,
        "Dev_Desc": "20057",
        "id": 40020087,
        "alias": "Contents.Quest.Guide.20089",
        "text": "(<textColor=[255:204:102:255]>I got a golden light iron sword</>.\nLet's handle it with care)"
    },
    "40020088": {
        "deprecated": false,
        "Dev_Desc": "20058",
        "id": 40020088,
        "alias": "Contents.Quest.Guide.20090",
        "text": "(<textColor=[255:204:102:255]>I got a kaleidoscope</>.\nYou can feel the craftsmanship)"
    },
    "40020089": {
        "deprecated": false,
        "Dev_Desc": "20059",
        "id": 40020089,
        "alias": "Contents.Quest.Guide.20091",
        "text": "(This is <textColor=[110:216:175:255]>Gyeongcheon Dan</>...\n<textColor=[78:148:215:255]>Oreum</> Move forward lets do it)"
    },
    "40020090": {
        "deprecated": false,
        "Dev_Desc": "20060",
        "id": 40020090,
        "alias": "Contents.Quest.Guide.20092",
        "text": "(Hey! Looks like you got caught!\nLet's subdue it quickly)"
    },
    "40020091": {
        "deprecated": false,
        "Dev_Desc": "20061",
        "id": 40020091,
        "alias": "Contents.Quest.Guide.20093",
        "text": "(I think I'll have to go a little further inside\n)"
    },
    "40020092": {
        "deprecated": false,
        "Dev_Desc": "20062",
        "id": 40020092,
        "alias": "Contents.Quest.Guide.20094",
        "text": "(<textColor=[215:94:94:255]>Hareum's servants</> are visible.\nLet's deal with it secretly)"
    },
    "40020093": {
        "deprecated": false,
        "Dev_Desc": "20030",
        "id": 40020093,
        "alias": "Contents.Quest.Guide.20095",
        "text": "(Lee, this, <textColor=[215:94:94:255]>Hareum</>'s voice!?)"
    },
    "40020094": {
        "deprecated": false,
        "Dev_Desc": "20063",
        "id": 40020094,
        "alias": "Contents.Quest.Guide.20096",
        "text": "(Sorry, now,\n<textColor=[110:216:175:255]>Let's go back to Misty Frontier</>)"
    },
    "40020095": {
        "deprecated": false,
        "Dev_Desc": "20064",
        "id": 40020095,
        "alias": "Contents.Quest.Guide.20097",
        "text": "(Do you want to become a credential?\nLet's go back to <textColor=[78:148:215:255]>Seojungmun</>)"
    },
    "40020096": {
        "deprecated": false,
        "Dev_Desc": "20054",
        "id": 40020096,
        "alias": "Contents.Quest.Guide.20098",
        "text": "Oh, it's a raid!\nWatch out!"
    },
    "40020097": {
        "deprecated": false,
        "id": 40020097,
        "alias": "Contents.Quest.Guide.20099",
        "text": "What's the fuss!\nWhat else is your guy!?"
    },
    "40020098": {
        "deprecated": false,
        "id": 40020098,
        "alias": "Contents.Quest.Guide.20100",
        "text": "Carry the Red Blood Hood"
    },
    "40020099": {
        "deprecated": false,
        "Dev_Desc": "아랑(보이스용)",
        "id": 40020099,
        "alias": "Contents.Quest.Guide.20101",
        "text": "Now, I think that's enough.\nShall we go bargain now?"
    },
    "40020100": {
        "deprecated": false,
        "Dev_Desc": "아랑(보이스용)",
        "id": 40020100,
        "alias": "Contents.Quest.Guide.20102",
        "text": "Um... But who do you give it to?\nYou decide."
    }
}