{
    "80000001": {
        "deprecated": false,
        "Dev_Desc": "금화",
        "id": 80000001,
        "alias": "Contents.Money.Name.1",
        "text": "Gold Coin"
    },
    "80000002": {
        "deprecated": false,
        "Dev_Desc": "신석",
        "id": 80000002,
        "alias": "Contents.Money.Name.2",
        "text": "Godstone"
    },
    "80000003": {
        "deprecated": false,
        "Dev_Desc": "업적주화",
        "id": 80000003,
        "alias": "Contents.Money.Name.3",
        "text": "Achievement Coin"
    },
    "80000004": {
        "deprecated": false,
        "Dev_Desc": "문파주화",
        "id": 80000004,
        "alias": "Contents.Money.Name.4",
        "text": "Guild Coin"
    },
    "80000005": {
        "deprecated": false,
        "Dev_Desc": "마일리지",
        "id": 80000005,
        "alias": "Contents.Money.Name.5",
        "text": "Play Points"
    },
    "80000006": {
        "deprecated": false,
        "Dev_Desc": "패스 포인트",
        "id": 80000006,
        "alias": "Contents.Money.Name.6",
        "text": "Season 1 Pass Points"
    },
    "80000007": {
        "deprecated": false,
        "Dev_Desc": "패스 포인트",
        "id": 80000007,
        "alias": "Contents.Money.Name.7",
        "text": "Daily Pass Points"
    },
    "80000008": {
        "deprecated": false,
        "Dev_Desc": "패스 포인트",
        "id": 80000008,
        "alias": "Contents.Money.Name.8",
        "text": "Special Pass Points"
    },
    "80000009": {
        "deprecated": false,
        "Dev_Desc": "패스 포인트",
        "id": 80000009,
        "alias": "Contents.Money.Name.9",
        "text": "Event Pass Points"
    },
    "80000010": {
        "deprecated": false,
        "Dev_Desc": "패스 포인트",
        "id": 80000010,
        "alias": "Contents.Money.Name.10",
        "text": "Pass Point 5"
    },
    "80000011": {
        "deprecated": false,
        "Dev_Desc": "패스 포인트",
        "id": 80000011,
        "alias": "Contents.Money.Name.11",
        "text": "pass point 6"
    },
    "80000012": {
        "deprecated": false,
        "Dev_Desc": "패스 포인트",
        "id": 80000012,
        "alias": "Contents.Money.Name.12",
        "text": "pass point 7"
    },
    "80000013": {
        "deprecated": false,
        "Dev_Desc": "패스 포인트",
        "id": 80000013,
        "alias": "Contents.Money.Name.13",
        "text": "pass point 8"
    },
    "80000014": {
        "deprecated": false,
        "Dev_Desc": "패스 포인트",
        "id": 80000014,
        "alias": "Contents.Money.Name.14",
        "text": "pass point 9"
    },
    "80000015": {
        "deprecated": false,
        "Dev_Desc": "패스 포인트",
        "id": 80000015,
        "alias": "Contents.Money.Name.15",
        "text": "Pass Point 10"
    },
    "80000016": {
        "deprecated": false,
        "Dev_Desc": "패스 포인트",
        "id": 80000016,
        "alias": "Contents.Money.Name.16",
        "text": "pass point 11"
    },
    "80000017": {
        "deprecated": false,
        "Dev_Desc": "패스 포인트",
        "id": 80000017,
        "alias": "Contents.Money.Name.17",
        "text": "pass point12"
    },
    "80000018": {
        "deprecated": false,
        "Dev_Desc": "패스 포인트",
        "id": 80000018,
        "alias": "Contents.Money.Name.18",
        "text": "pass point 13"
    },
    "80000019": {
        "deprecated": false,
        "Dev_Desc": "패스 포인트",
        "id": 80000019,
        "alias": "Contents.Money.Name.19",
        "text": "pass point 14"
    },
    "80000020": {
        "deprecated": false,
        "Dev_Desc": "패스 포인트",
        "id": 80000020,
        "alias": "Contents.Money.Name.20",
        "text": "Pass Point 15"
    },
    "80000021": {
        "deprecated": false,
        "Dev_Desc": "패스 포인트",
        "id": 80000021,
        "alias": "Contents.Money.Name.21",
        "text": "pass point 16"
    },
    "80000022": {
        "deprecated": false,
        "Dev_Desc": "패스 포인트",
        "id": 80000022,
        "alias": "Contents.Money.Name.22",
        "text": "pass point 17"
    },
    "80000023": {
        "deprecated": false,
        "Dev_Desc": "패스 포인트",
        "id": 80000023,
        "alias": "Contents.Money.Name.23",
        "text": "pass point 18"
    },
    "80000024": {
        "deprecated": false,
        "Dev_Desc": "패스 포인트",
        "id": 80000024,
        "alias": "Contents.Money.Name.24",
        "text": "pass point 19"
    },
    "80000025": {
        "deprecated": false,
        "Dev_Desc": "패스 포인트",
        "id": 80000025,
        "alias": "Contents.Money.Name.25",
        "text": "Pass Point 20"
    }
}