{
    "13025000": {
        "deprecated": false,
        "Dev_Desc": "태록림스페셜_25006_2_제목",
        "id": 13025000,
        "alias": "Contents.Quest.Point.25000",
        "text": "Request to attend"
    },
    "13025001": {
        "deprecated": false,
        "Dev_Desc": "태록림스페셜_25006_2_힌트1",
        "id": 13025001,
        "alias": "Contents.Quest.Point.25001",
        "text": "Request to attend plum blossoms"
    },
    "13025002": {
        "deprecated": false,
        "Dev_Desc": "태록림스페셜_25006_2_힌트2",
        "id": 13025002,
        "alias": "Contents.Quest.Point.25002",
        "text": "Request to attend Geumgyeongcheolmun"
    },
    "13025003": {
        "deprecated": false,
        "Dev_Desc": "태록림스페셜_25006_2_힌트3",
        "id": 13025003,
        "alias": "Contents.Quest.Point.25003",
        "text": "Request to attend foster care"
    },
    "13025004": {
        "deprecated": false,
        "Dev_Desc": "태록림스페셜_25006_3_제목",
        "id": 13025004,
        "alias": "Contents.Quest.Point.25004",
        "text": "Get ingredients for a banquet"
    },
    "13025005": {
        "deprecated": false,
        "Dev_Desc": "태록림스페셜_25006_3_힌트1",
        "id": 13025005,
        "alias": "Contents.Quest.Point.25005",
        "text": "Get Sea Turtle Meat"
    },
    "13025006": {
        "deprecated": false,
        "Dev_Desc": "태록림스페셜_25006_3_힌트2",
        "id": 13025006,
        "alias": "Contents.Quest.Point.25006",
        "text": "Get Fresh Turtle Liver"
    },
    "13025007": {
        "deprecated": false,
        "Dev_Desc": "태록림스페셜_25006_3_힌트3",
        "id": 13025007,
        "alias": "Contents.Quest.Point.25007",
        "text": "Get fresh leaves"
    },
    "13025008": {
        "deprecated": false,
        "Dev_Desc": "태록림스페셜_25006_3_힌트4",
        "id": 13025008,
        "alias": "Contents.Quest.Point.25008",
        "text": "Get Turtle Eggs"
    },
    "13025009": {
        "deprecated": false,
        "Dev_Desc": "태록림스페셜_25200_2_제목",
        "id": 13025009,
        "alias": "Contents.Quest.Point.25009",
        "text": "Investigate the cause"
    },
    "13025010": {
        "deprecated": false,
        "Dev_Desc": "태록림스페셜_25200_2_힌트1",
        "id": 13025010,
        "alias": "Contents.Quest.Point.25010",
        "text": "Investigate Strange Flowers"
    },
    "13025011": {
        "deprecated": false,
        "Dev_Desc": "태록림스페셜_25200_2_힌트2",
        "id": 13025011,
        "alias": "Contents.Quest.Point.25011",
        "text": "Investigation of dead animals"
    },
    "13025012": {
        "deprecated": false,
        "Dev_Desc": "태록림스페셜_25200_2_힌트3",
        "id": 13025012,
        "alias": "Contents.Quest.Point.25012",
        "text": "Investigate filth"
    },
    "13025013": {
        "deprecated": false,
        "Dev_Desc": "태록림스페셜_25203_2_제목",
        "id": 13025013,
        "alias": "Contents.Quest.Point.25013",
        "text": "Remove area mark"
    },
    "13025014": {
        "deprecated": false,
        "Dev_Desc": "태록림스페셜_25203_2_힌트1",
        "id": 13025014,
        "alias": "Contents.Quest.Point.25014",
        "text": "Remove entry area mark"
    },
    "13025015": {
        "deprecated": false,
        "Dev_Desc": "태록림스페셜_25203_2_힌트2",
        "id": 13025015,
        "alias": "Contents.Quest.Point.25015",
        "text": "Remove waterfall area display"
    },
    "13025016": {
        "deprecated": false,
        "Dev_Desc": "태록림스페셜_25203_2_힌트3",
        "id": 13025016,
        "alias": "Contents.Quest.Point.25016",
        "text": "Remove deep zone mark"
    },
    "13025017": {
        "deprecated": false,
        "Dev_Desc": "태록림스페셜_25000_4_제목",
        "id": 13025017,
        "alias": "Contents.Quest.Point.25017",
        "text": "Gathering paws and spiders"
    },
    "13025018": {
        "deprecated": false,
        "Dev_Desc": "태록림스페셜_25000_4_힌트1",
        "id": 13025018,
        "alias": "Contents.Quest.Point.25018",
        "text": "Saving the grass of an outbreak"
    },
    "13025019": {
        "deprecated": false,
        "Dev_Desc": "태록림스페셜_25000_4_힌트2",
        "id": 13025019,
        "alias": "Contents.Quest.Point.25019",
        "text": "Get Spider Sap"
    }
}