{
    "30020000": {
        "deprecated": false,
        "Dev_Desc": "양대해",
        "id": 30020000,
        "alias": "Contents.Gossip.20000",
        "text": "If you are ready, \nplease complete the boarding procedure!"
    },
    "30020001": {
        "deprecated": false,
        "Dev_Desc": "양대해",
        "id": 30020001,
        "alias": "Contents.Gossip.20001",
        "text": "You shouldn't have to ruin your stomach again..."
    },
    "30020002": {
        "deprecated": false,
        "Dev_Desc": "도화상전 상인",
        "id": 30020002,
        "alias": "Contents.Gossip.20002",
        "text": "Oh, sister. Please don't do that, share a little.\nWe haven't seen each other in a day or two..."
    },
    "30020003": {
        "deprecated": false,
        "Dev_Desc": "금경철문 장인",
        "id": 30020003,
        "alias": "Contents.Gossip.20003",
        "text": "Hey. It's because I got it too hard, right?\nNow stop staring!"
    },
    "30020004": {
        "deprecated": false,
        "Dev_Desc": "금경철문 장인",
        "id": 30020004,
        "alias": "Contents.Gossip.20004",
        "text": "<textColor=[78:148:215:255]>Weeping</> niggas said they supply <textColor=[255:204:102:255]>Cobweb</>\nWhy is there still news? You don't have one!?"
    },
    "30020005": {
        "deprecated": false,
        "Dev_Desc": "수양 대원",
        "id": 30020005,
        "alias": "Contents.Gossip.20005",
        "text": "<textColor=[78:148:215:255]>Ereda</> I can't see the clan these days.\n<textColor=[110:216:175:255]>Yedohang</> Have you decided not to come?"
    },
    "30020006": {
        "deprecated": false,
        "Dev_Desc": "도화상전 상인",
        "id": 30020006,
        "alias": "Contents.Gossip.20006",
        "text": "Come here~!\nWhat are you looking for?"
    },
    "30020007": {
        "deprecated": false,
        "Dev_Desc": "손님",
        "id": 30020007,
        "alias": "Contents.Gossip.20007",
        "text": "Um... it doesn't seem like it..."
    },
    "30020008": {
        "deprecated": false,
        "Dev_Desc": "도화상전 상인",
        "id": 30020008,
        "alias": "Contents.Gossip.20008",
        "text": "I won this, should I go and get the <textColor=[255:204:102:255]>Cobweb</>?"
    },
    "30020009": {
        "deprecated": false,
        "Dev_Desc": "영교원 수련원",
        "id": 30020009,
        "alias": "Contents.Gossip.20009",
        "text": "It's been a month since I haven't tasted <textColor=[255:204:102:255]>Douglasgrass</>...\n<textColor=[255:204:102:255>Dog...all...rae...full...</>Nyan..."
    },
    "30020010": {
        "deprecated": false,
        "Dev_Desc": "도화상전 상인",
        "id": 30020010,
        "alias": "Contents.Gossip.20010",
        "text": "Hmm...the stock seems to be out of stock?\nHow about this..."
    },
    "30020011": {
        "deprecated": false,
        "Dev_Desc": "도화상전 상인",
        "id": 30020011,
        "alias": "Contents.Gossip.20011",
        "text": "<textColor=[215:94:94:255]>Anger gnats</> are scattered around <textColor=[110:216:175:255]>Northern Point</>.\nYou can't find them It's kind of weird, isn't it?"
    },
    "30020012": {
        "deprecated": false,
        "Dev_Desc": "영교원 수련원",
        "id": 30020012,
        "alias": "Contents.Gossip.20012",
        "text": "<textColor=[255:204:102:255]>Dog~da~rae~grass</> Joa-nyang!\nGood-nyang~ <textColor=[255:204:102:255]>Gaeda-rae full</>~"
    },
    "30020013": {
        "deprecated": false,
        "Dev_Desc": "서중문",
        "id": 30020013,
        "alias": "Contents.Gossip.20013",
        "text": "The morale of the <textColor=[78:148:215:255]>Crew</> doesn't make sense.\n<textColor=[110:216:175:255]>Reinforcement from home</> Are you saying he's an agent..."
    },
    "30020014": {
        "deprecated": false,
        "Dev_Desc": "고민 많은 대원",
        "id": 30020014,
        "alias": "Contents.Gossip.20014",
        "text": "The <textColor=[110:216:175:255]>Watchtower</> leftover <textColor=[255:204:102:255]>Material</> needs to be moved...\nHa , Everyone is busy, so should I use <textColor=[78:148:215:255]>Mercenary</>?"
    },
    "30020015": {
        "deprecated": false,
        "Dev_Desc": "불만 많은 대원",
        "id": 30020015,
        "alias": "Contents.Gossip.20015",
        "text": "How do you buy a house with this little rattle rust?"
    },
    "30020016": {
        "deprecated": false,
        "Dev_Desc": "불만 많은 대원",
        "id": 30020016,
        "alias": "Contents.Gossip.20016",
        "text": "Where doesn't the money fall?"
    },
    "30020017": {
        "deprecated": false,
        "Dev_Desc": "홍매화",
        "id": 30020017,
        "alias": "Contents.Gossip.20017",
        "text": "Did you say <textColor=[110:216:175:255]>Blood Forest</>? Heh heh, this is true.\nSo now <textColor=[78:148:215:255]> Are you looking for members</>?"
    },
    "30020018": {
        "deprecated": false,
        "Dev_Desc": "매화단 단원",
        "id": 30020018,
        "alias": "Contents.Gossip.20018",
        "text": "That's what happened....\nHey, isn't there a <textColor=[78:148:215:255]>rookie</> who came in this time?"
    },
    "30020019": {
        "deprecated": false,
        "Dev_Desc": "홍매화",
        "id": 30020019,
        "alias": "Contents.Gossip.20019",
        "text": "If you move too quickly... you'll be in trouble.\nOkay. Let's find a way."
    },
    "30020020": {
        "deprecated": false,
        "Dev_Desc": "매화단 단원",
        "id": 30020020,
        "alias": "Contents.Gossip.20020",
        "text": "You mean if you wait here...?\n<textColor=[78:148:215:255]>Chief</>what do you think?"
    },
    "30020021": {
        "deprecated": false,
        "Dev_Desc": "정예 단원",
        "id": 30020021,
        "alias": "Contents.Gossip.20021",
        "text": "<textColor=[78:148:215:255]>Chief</>Is this going to go the way you thought...?\nIt's okay. I'll just do what I'm told."
    },
    "30020022": {
        "deprecated": false,
        "Dev_Desc": "신입 단원",
        "id": 30020022,
        "alias": "Contents.Gossip.20022",
        "text": "Oh my, it's a knee...\n<textColor=[215:94:94:255]>carry it</> He said he was still alive. I'm glad..."
    },
    "30020023": {
        "deprecated": false,
        "Dev_Desc": "곽호룡",
        "id": 30020023,
        "alias": "Contents.Gossip.20023",
        "text": "Still, it would be nice to get along with <textColor=[78:148:215:255]>Weeping</>...\nI'm worried that things aren't going the way I expected."
    },
    "30020024": {
        "deprecated": false,
        "Dev_Desc": "곽호룡",
        "id": 30020024,
        "alias": "Contents.Gossip.20024",
        "text": "It's a very interesting <textColor=[255:204:102:255]>Shortcut</>.\nI used to be like that too! Let's do our best <textColor=[78:148:215:255]>Kwak Ho-ryong</>!"
    },
    "30020025": {
        "deprecated": false,
        "Dev_Desc": "도화상전 책임자",
        "id": 30020025,
        "alias": "Contents.Gossip.20025",
        "text": "Why don't the <textColor=[78:148:215:255]>workers</> workers who went to <textColor=[110:216:175:255]>Swamp</> come?\nMaybe Did something happen..."
    },
    "30020026": {
        "deprecated": false,
        "Dev_Desc": "도화상전 책임자",
        "id": 30020026,
        "alias": "Contents.Gossip.20026",
        "text": "<textColor=[255:204:102:255]>It's called a kaleidoscope</>... I've only seen how to make it in a book...\nUgh, I'm nervous."
    },
    "30020027": {
        "deprecated": false,
        "Dev_Desc": "도화상전 책임자",
        "id": 30020027,
        "alias": "Contents.Gossip.20027",
        "text": "Phew... you succeeded! But <textColor=[255:204:102:255]>Jesus</> calling <textColor=[78:148:215:255]>Sacred Beast</> ...\n As I've heard, <textColor=[255:204:102:255]>Small</>"
    },
    "30020028": {
        "deprecated": false,
        "Dev_Desc": "아랑",
        "id": 30020028,
        "alias": "Contents.Gossip.20028",
        "text": "Here, here!"
    },
    "30020029": {
        "deprecated": false,
        "Dev_Desc": "동동",
        "id": 30020029,
        "alias": "Contents.Gossip.20029",
        "text": "Oh! You guys! I don't know!?\n<textColor=[110:216:175:255]>Didn't we meet at Half Moon Lake</>!?"
    },
    "30020030": {
        "deprecated": false,
        "Dev_Desc": "어린 바롱",
        "id": 30020030,
        "alias": "Contents.Gossip.20030",
        "text": "Please save me!\n<textColor=[215:94:94:255]>Snake mushroom</> is so scary!"
    },
    "30020031": {
        "deprecated": false,
        "Dev_Desc": "어린 바롱",
        "id": 30020031,
        "alias": "Contents.Gossip.20031",
        "text": "Thank you!\nYou are a lifesaver!"
    },
    "30020032": {
        "deprecated": false,
        "Dev_Desc": "퍼롱퍼롱",
        "id": 30020032,
        "alias": "Contents.Gossip.20032",
        "text": "Next time, don't leave your party with your party.\nIf it wasn't for <textColor=[255:204:102:255]>Cool</>, it would have been a big mess."
    },
    "30020033": {
        "deprecated": false,
        "Dev_Desc": "퍼롱퍼롱",
        "id": 30020033,
        "alias": "Contents.Gossip.20033",
        "text": "Tell me when you're ready\nThis <textColor=[78:148:215:255]>old man</> must also be ready."
    },
    "30020034": {
        "deprecated": false,
        "Dev_Desc": "오름",
        "id": 30020034,
        "alias": "Contents.Gossip.20034",
        "text": "How did you choose this path...\n<textColor=[78:148:215:255]>Ereda</> Best <textColor=[78:148:215:255]> I thought it was Moonju</>..."
    },
    "30020035": {
        "deprecated": false,
        "Dev_Desc": "홍매화",
        "id": 30020035,
        "alias": "Contents.Gossip.20035",
        "text": "Are you feeling a little better?\nYou should have done it in moderation. Be careful."
    },
    "30020036": {
        "deprecated": false,
        "Dev_Desc": "매화단 단원",
        "id": 30020036,
        "alias": "Contents.Gossip.20036",
        "text": "Yes... Thanks for your concern, I'm fine.\nI'll be more careful next time!"
    },
    "30020037": {
        "deprecated": false,
        "Dev_Desc": "봇짐상인",
        "id": 30020037,
        "alias": "Contents.Gossip.20037",
        "text": "Hey, what's going on here.\nWhy are there so many <textColor=[215:94:94:255]>Welcome</>!?"
    },
    "30020038": {
        "deprecated": false,
        "Dev_Desc": "파사",
        "id": 30020038,
        "alias": "Contents.Gossip.20038",
        "text": "Looking like you've come so often, it's not like you're a very childish girl.\nAre you mentally ready?"
    },
    "30020039": {
        "deprecated": false,
        "Dev_Desc": "아랑",
        "id": 30020039,
        "alias": "Contents.Gossip.20039",
        "text": "Here, here!"
    },
    "30020040": {
        "deprecated": false,
        "Dev_Desc": "비류하",
        "id": 30020040,
        "alias": "Contents.Gossip.20040",
        "text": "It's been a while~ <textColor=[78:148:215:255]>Moonju</>.\nWhat's going on with you saying you're coming soon?"
    },
    "30020041": {
        "deprecated": false,
        "Dev_Desc": "비류하",
        "id": 30020041,
        "alias": "Contents.Gossip.20041",
        "text": "(I think, please lower your voice)"
    },
    "30020042": {
        "deprecated": false,
        "Dev_Desc": "거점 책임자",
        "id": 30020042,
        "alias": "Contents.Gossip.20042",
        "text": "Thank you. Thanks for saving an hour.\nI'll pass it on to the <textColor=[78:148:215:255]>Researchers</>."
    },
    "30020043": {
        "deprecated": false,
        "Dev_Desc": "아랑",
        "id": 30020043,
        "alias": "Contents.Gossip.20043",
        "text": "Uh, I think this <textColor=[78:148:215:255]>Biryuha</>the death penalty left?"
    },
    "30020044": {
        "deprecated": false,
        "Dev_Desc": "달빛바람",
        "id": 30020044,
        "alias": "Contents.Gossip.20044",
        "text": "Why are you here. Get away from it."
    },
    "30020045": {
        "deprecated": false,
        "Dev_Desc": "강철주먹",
        "id": 30020045,
        "alias": "Contents.Gossip.20045",
        "text": "My, I'll protect you.\nDon't fall from your side!"
    },
    "30020046": {
        "deprecated": false,
        "Dev_Desc": "달빛바람",
        "id": 30020046,
        "alias": "Contents.Gossip.20046",
        "text": "Uh huh... that's all I want.\nWhen will I get the <textColor=[255:204:102:255]>Illusion Soul Fire</>?"
    },
    "30020047": {
        "deprecated": false,
        "Dev_Desc": "달빛바람",
        "id": 30020047,
        "alias": "Contents.Gossip.20047",
        "text": "<textColor=[78:148:215:255]>Steel Fist</>...\nGo and <textColor=[255:204:102:255]>Essence of Thunderwood</> Save me."
    },
    "30020048": {
        "deprecated": false,
        "Dev_Desc": "강철주먹",
        "id": 30020048,
        "alias": "Contents.Gossip.20048",
        "text": "Yeah! No that's...\nThat's it, so <textColor=[215:94:94:255]>Tobacco</> next to <textColor=[215:94:94:255]> Welcome</>this!"
    },
    "30020049": {
        "deprecated": false,
        "Dev_Desc": "달빛바람",
        "id": 30020049,
        "alias": "Contents.Gossip.20049",
        "text": "Ha... it's varied, really."
    },
    "30020050": {
        "deprecated": false,
        "Dev_Desc": "도와지",
        "id": 30020050,
        "alias": "Contents.Gossip.20050",
        "text": "No, someone help!!"
    }
}