{
    "20040000": {
        "deprecated": false,
        "Dev_Desc": "비류하",
        "id": 20040000,
        "alias": "Contents.Quest.Dialogue.40000",
        "text": "You arrived safely. You worked hard. Now..."
    },
    "20040001": {
        "deprecated": false,
        "Dev_Desc": "아랑",
        "id": 20040001,
        "alias": "Contents.Quest.Dialogue.40001",
        "text": "Ah~~~ Look, it hasn't even been a minute since you came back."
    },
    "20040002": {
        "deprecated": false,
        "Dev_Desc": "비류하",
        "id": 20040002,
        "alias": "Contents.Quest.Dialogue.40002",
        "text": "Isn't it just what you were supposed to do as a munju?"
    },
    "20040003": {
        "deprecated": false,
        "Dev_Desc": "아랑",
        "id": 20040003,
        "alias": "Contents.Quest.Dialogue.40003",
        "text": "Ah, okay, okay, I need to go say hello to Master. \n<textColor=[255:204:102:255]><myHero.name/></>, you too."
    },
    "20040004": {
        "deprecated": false,
        "Dev_Desc": "비류하",
        "id": 20040004,
        "alias": "Contents.Quest.Dialogue.40004",
        "text": "Oh, before that, shouldn't you bring a present for the elder?"
    },
    "20040005": {
        "deprecated": false,
        "Dev_Desc": "아랑",
        "id": 20040005,
        "alias": "Contents.Quest.Dialogue.40005",
        "text": "Gift? That would be nice. What does Master like?"
    },
    "20040006": {
        "deprecated": false,
        "Dev_Desc": "비류하",
        "id": 20040006,
        "alias": "Contents.Quest.Dialogue.40006",
        "text": "I know you'll love it. \n<textColor=[215:94:94:255]>Hongdon</> problem solving... <textColor=[215:94:94:255]>Black Dawn</> Repel or..."
    },
    "20040007": {
        "deprecated": false,
        "Dev_Desc": "아랑",
        "id": 20040007,
        "alias": "Contents.Quest.Dialogue.40007",
        "text": "That's what the death penalty should care about!"
    },
    "20040008": {
        "deprecated": false,
        "Dev_Desc": "비류하",
        "id": 20040008,
        "alias": "Contents.Quest.Dialogue.40008",
        "text": "If it's for <textColor=[78:148:215:255]>Pungbaekmun</>, then of course, Master Moon should also be concerned. \nThe Elder Elder is also in trouble. Perfect for greetings. It will be a gift."
    },
    "20040009": {
        "deprecated": false,
        "Dev_Desc": "아랑",
        "id": 20040009,
        "alias": "Contents.Quest.Dialogue.40009",
        "text": "Ugh... Okay. Let's do this quickly. \nLet's go <textColor=[255:204:102:255]><myHero.name/></>."
    },
    "20040010": {
        "deprecated": false,
        "Dev_Desc": "순찰조장",
        "id": 20040010,
        "alias": "Contents.Quest.Dialogue.40010",
        "text": "Isn't it Munju?! What's going on?"
    },
    "20040011": {
        "deprecated": false,
        "Dev_Desc": "아랑",
        "id": 20040011,
        "alias": "Contents.Quest.Dialogue.40011",
        "text": "<textColor=[78:148:215:255]>Biryuha</> sent by the death penalty. You want me to ask the captain?"
    },
    "20040012": {
        "deprecated": false,
        "Dev_Desc": "순찰조장",
        "id": 20040012,
        "alias": "Contents.Quest.Dialogue.40012",
        "text": "That's right. I'm in charge of the <textColor=[215:94:94:255]>Hongdon tribe</> related issues. \nLord Moon has come to solve it himself. Okay. Then explain the situation. I will."
    },
    "20040013": {
        "deprecated": false,
        "Dev_Desc": "순찰조장",
        "id": 20040013,
        "alias": "Contents.Quest.Dialogue.40013",
        "text": "<textColor=[78:148:215:255]>Weeping</> The <textColor=[215:94:94:255]>Hongdon</> have been angry ever since the expedition broke their promise. However, they never attacked our clan, but they started attacking even our clan members from the passage for a while."
    },
    "20040014": {
        "deprecated": false,
        "Dev_Desc": "아랑",
        "id": 20040014,
        "alias": "Contents.Quest.Dialogue.40014",
        "text": "They're usually a little angry, <textColor=[215:94:94:255]>Hongdon</> guys. \nIt's strange that they even attack us though. So you know what? Do you have anything?"
    },
    "20040015": {
        "deprecated": false,
        "Dev_Desc": "순찰조장",
        "id": 20040015,
        "alias": "Contents.Quest.Dialogue.40015",
        "text": "<textColor=[78:148:215:255]>Weeping</> The relatively moderate <textColor=[215:94:94:255]>Hongdon</> are also violent. We lost, but \nFortunately, <textColor=[78:148:215:255]>Donchil Hong</>, the leader of the moderates, escaped the group and asked us for help."
    },
    "20040016": {
        "deprecated": false,
        "Dev_Desc": "아랑",
        "id": 20040016,
        "alias": "Contents.Quest.Dialogue.40016",
        "text": "If <textColor=[78:148:215:255]>Donchil Hong</>, then he is the older brother of <textColor=[215:94:94:255]>Donpal Hong</>. That's surprising. \n I thought it would be more violent than <textColor=[215:94:94:255]>Hongdonpal</>."
    },
    "20040017": {
        "deprecated": false,
        "Dev_Desc": "아랑",
        "id": 20040017,
        "alias": "Contents.Quest.Dialogue.40017",
        "text": "So where is <textColor=[78:148:215:255]>Donchil Hong</> now?\nI think we should meet and talk about it."
    },
    "20040018": {
        "deprecated": false,
        "Dev_Desc": "순찰조장",
        "id": 20040018,
        "alias": "Contents.Quest.Dialogue.40018",
        "text": "Two members of our team are protecting him.\nYou'll find him if you go there."
    },
    "20040019": {
        "deprecated": false,
        "Dev_Desc": "아랑",
        "id": 20040019,
        "alias": "Contents.Quest.Dialogue.40019",
        "text": "Okay. Thanks!"
    },
    "20040020": {
        "deprecated": false,
        "Dev_Desc": "순찰조원",
        "id": 20040020,
        "alias": "Contents.Quest.Dialogue.40020",
        "text": "Honor name! Nice to meet you, Lord Moon."
    },
    "20040021": {
        "deprecated": false,
        "Dev_Desc": "아랑",
        "id": 20040021,
        "alias": "Contents.Quest.Dialogue.40021",
        "text": "What's the name of John... You don't have to be so polite. \nI heard from the captain. Where is <textColor=[78:148:215:255]>Donchil Hong</>?"
    },
    "20040022": {
        "deprecated": false,
        "Dev_Desc": "순찰조원",
        "id": 20040022,
        "alias": "Contents.Quest.Dialogue.40022",
        "text": "It's inside. Come in."
    },
    "20040023": {
        "deprecated": false,
        "Dev_Desc": "홍돈칠",
        "id": 20040023,
        "alias": "Contents.Quest.Dialogue.40023",
        "text": "Is that the <textColor=[78:148:215:255]>Pungbaekmun</> door~?"
    },
    "20040024": {
        "deprecated": false,
        "Dev_Desc": "아랑",
        "id": 20040024,
        "alias": "Contents.Quest.Dialogue.40024",
        "text": "Yes, nice to meet you. I am <textColor=[78:148:215:255]>Arang</> of <textColor=[78:148:215:255]>Pungbaekmun</>."
    },
    "20040025": {
        "deprecated": false,
        "Dev_Desc": "홍돈칠",
        "id": 20040025,
        "alias": "Contents.Quest.Dialogue.40025",
        "text": "Who is the person next to you~? \nIf you don't think this conversation will be helpful, leave out~"
    },
    "20040026": {
        "deprecated": false,
        "Dev_Desc": "아랑",
        "id": 20040026,
        "alias": "Contents.Quest.Dialogue.40026",
        "text": "Oh, my friend. I'll guarantee my skills."
    },
    "20040027": {
        "deprecated": false,
        "Dev_Desc": "홍돈칠",
        "id": 20040027,
        "alias": "Contents.Quest.Dialogue.40027",
        "text": "No guarantees~ I believe only what I see~"
    },
    "20040028": {
        "deprecated": false,
        "Dev_Desc": "아랑",
        "id": 20040028,
        "alias": "Contents.Quest.Dialogue.40028",
        "text": "Should I show you? <textColor=[255:204:102:255]><myHero.name/></>."
    },
    "20040029": {
        "deprecated": false,
        "Dev_Desc": "아랑",
        "id": 20040029,
        "alias": "Contents.Quest.Dialogue.40030",
        "text": "Haha. Take it easy!"
    },
    "20040030": {
        "deprecated": false,
        "Dev_Desc": "홍돈칠",
        "id": 20040030,
        "alias": "Contents.Quest.Dialogue.40031",
        "text": "Human. You're surprisingly strong~?"
    },
    "20040031": {
        "deprecated": false,
        "Dev_Desc": "PC",
        "id": 20040031,
        "alias": "Contents.Quest.Dialogue.40032",
        "text": "(<textColor=[78:148:215:255]>Hongdonchil</> is also said to be strong)"
    },
    "20040032": {
        "deprecated": false,
        "Dev_Desc": "아랑",
        "id": 20040032,
        "alias": "Contents.Quest.Dialogue.40033",
        "text": "Yeah. I thought only <textColor=[215:94:94:255]>Hong Don-pal</> was strong. Are they still brothers?"
    },
    "20040033": {
        "deprecated": false,
        "Dev_Desc": "홍돈칠",
        "id": 20040033,
        "alias": "Contents.Quest.Dialogue.40034",
        "text": "<textColor=[215:94:94:255]>Empty</> is a lot stronger than me~ A few years ago <textColor=[215:94:94:255]>Empty</> >'s minion found a strange stone around here. Since then, <textColor=[215:94:94:255]>Fantastic</> and his subordinates have become more and more violent."
    },
    "20040034": {
        "deprecated": false,
        "Dev_Desc": "아랑",
        "id": 20040034,
        "alias": "Contents.Quest.Dialogue.40035",
        "text": "Is it <textColor=[255:204:102:255]>'strange stone'</>... <textColor=[255:204:102:255]>fertile</>? No. <textColor=[255:204:102:255]>Fertility</>I don't make this guy violent.\nIf that's the case, <textColor=[255:204:102:255]>Tartrate</>... "
    },
    "20040035": {
        "deprecated": false,
        "Dev_Desc": "PC",
        "id": 20040035,
        "alias": "Contents.Quest.Dialogue.40036",
        "text": "(Ask what is <textColor=[255:204:102:255]>Takrate</>)"
    },
    "20040036": {
        "deprecated": false,
        "Dev_Desc": "아랑",
        "id": 20040036,
        "alias": "Contents.Quest.Dialogue.40037",
        "text": "It's not exactly known, but I've heard of <textColor=[255:204:102:255]>Takhoeam</>'s energy that causes you to lose your temper or change your appearance."
    },
    "20040037": {
        "deprecated": false,
        "Dev_Desc": "아랑",
        "id": 20040037,
        "alias": "Contents.Quest.Dialogue.40038",
        "text": "First we need to check if the <textColor=[215:94:94:255]>Hongdon</> have the <textColor=[255:204:102:255]>Strange Stone</> ?"
    },
    "20040038": {
        "deprecated": false,
        "Dev_Desc": "홍돈칠",
        "id": 20040038,
        "alias": "Contents.Quest.Dialogue.40039",
        "text": "Come on, mix this medicine with some very tasty food and try to weaken and subdue <textColor=[215:94:94:255]>arms</>. <textColor=[215:94:94:255]>I'll show you where the little ones</> sometimes take a mud bath alone."
    },
    "20040039": {
        "deprecated": false,
        "Dev_Desc": "홍돈칠",
        "id": 20040039,
        "alias": "Contents.Quest.Dialogue.40040",
        "text": "I haven't tried this because I don't think I'll be able to win even with this drug. \nNo worries, Moonju, and the human next to me looks like they can do it together~"
    },
    "20040040": {
        "deprecated": false,
        "Dev_Desc": "아랑",
        "id": 20040040,
        "alias": "Contents.Quest.Dialogue.40041",
        "text": "Oh, thank you. Leave it to me!"
    },
    "20040041": {
        "deprecated": false,
        "Dev_Desc": "홍돈팔",
        "id": 20040041,
        "alias": "Contents.Quest.Dialogue.40042",
        "text": "What kind of food is this~?"
    },
    "20040042": {
        "deprecated": false,
        "Dev_Desc": "PC",
        "id": 20040042,
        "alias": "Contents.Quest.Dialogue.40043",
        "text": "(It looks like <textColor=[215:94:94:255]>Hongdonpal</>is eating as planned)"
    },
    "20040043": {
        "deprecated": false,
        "Dev_Desc": "PC",
        "id": 20040043,
        "alias": "Contents.Quest.Dialogue.40044",
        "text": "(<textColor=[215:94:94:255]>Hongdonpal</> looks weird!)"
    },
    "20040044": {
        "deprecated": false,
        "Dev_Desc": "아랑",
        "id": 20040044,
        "alias": "Contents.Quest.Dialogue.40045",
        "text": "Even if you're weak, you're still <textColor=[215:94:94:255]>Chief of the Hongdon clan</>. It was a great strength."
    },
    "20040045": {
        "deprecated": false,
        "Dev_Desc": "PC",
        "id": 20040045,
        "alias": "Contents.Quest.Dialogue.40046",
        "text": "(he said he was super strong)"
    },
    "20040046": {
        "deprecated": false,
        "Dev_Desc": "홍돈팔",
        "id": 20040046,
        "alias": "Contents.Quest.Dialogue.40047",
        "text": "What are you doing... ugh... By the way, where are you..."
    },
    "20040047": {
        "deprecated": false,
        "Dev_Desc": "아랑",
        "id": 20040047,
        "alias": "Contents.Quest.Dialogue.40048",
        "text": "Have you regained your senses? Tell me where is the stone that you got your hands on a few years ago. \nThat stone is what caused you to get weird!"
    },
    "20040048": {
        "deprecated": false,
        "Dev_Desc": "홍돈팔",
        "id": 20040048,
        "alias": "Contents.Quest.Dialogue.40049",
        "text": "A stone...? Are you... talking about this...?"
    },
    "20040049": {
        "deprecated": false,
        "Dev_Desc": "아랑",
        "id": 20040049,
        "alias": "Contents.Quest.Dialogue.40050",
        "text": "Oh! I think so?!"
    },
    "20040050": {
        "deprecated": false,
        "Dev_Desc": "홍돈팔",
        "id": 20040050,
        "alias": "Contents.Quest.Dialogue.40051",
        "text": "This is... joul... su... kuul- ku-wool"
    },
    "20040051": {
        "deprecated": false,
        "Dev_Desc": "아랑",
        "id": 20040051,
        "alias": "Contents.Quest.Dialogue.40052",
        "text": "I think I'm asleep..."
    },
    "20040052": {
        "deprecated": false,
        "Dev_Desc": "아랑",
        "id": 20040052,
        "alias": "Contents.Quest.Dialogue.40053",
        "text": "Oh my... <textColor=[78:148:215:255]>Donchil Hong</> must have given him a large amount of sleeping pills.\nAfter making a fuss, soon <textColor=[215:94:94:255]>The Red Dons</> They're coming. Let's destroy the stones and leave!"
    },
    "20040053": {
        "deprecated": false,
        "Dev_Desc": "홍도니",
        "id": 20040053,
        "alias": "Contents.Quest.Dialogue.40054",
        "text": "<textColor=[78:148:215:255]>Donchil Hong</> has sent it to you~! \nI'm here to give you another request~"
    },
    "20040054": {
        "deprecated": false,
        "Dev_Desc": "아랑",
        "id": 20040054,
        "alias": "Contents.Quest.Dialogue.40055",
        "text": "A request? Ha, let's hear what it is."
    },
    "20040055": {
        "deprecated": false,
        "Dev_Desc": "홍도니",
        "id": 20040055,
        "alias": "Contents.Quest.Dialogue.40056",
        "text": "You asked me to release the captured moderates~ \nAnd you also asked me to get weapons for the moderates to use~"
    },
    "20040056": {
        "deprecated": false,
        "Dev_Desc": "아랑",
        "id": 20040056,
        "alias": "Contents.Quest.Dialogue.40057",
        "text": "Are you running very errands?"
    },
    "20040057": {
        "deprecated": false,
        "Dev_Desc": "PC",
        "id": 20040057,
        "alias": "Contents.Quest.Dialogue.40058",
        "text": "(I still want to help)"
    },
    "20040058": {
        "deprecated": false,
        "Dev_Desc": "아랑",
        "id": 20040058,
        "alias": "Contents.Quest.Dialogue.40059",
        "text": "Okay, okay. Now that you're here, can I help you?"
    },
    "20040059": {
        "deprecated": false,
        "Dev_Desc": "홍도니",
        "id": 20040059,
        "alias": "Contents.Quest.Dialogue.40060",
        "text": "Thank you so much~"
    },
    "20040060": {
        "deprecated": false,
        "Dev_Desc": "홍돈칠",
        "id": 20040060,
        "alias": "Contents.Quest.Dialogue.40061",
        "text": "Thank you for doing a favor~ I heard you destroyed a stone~"
    },
    "20040061": {
        "deprecated": false,
        "Dev_Desc": "아랑",
        "id": 20040061,
        "alias": "Contents.Quest.Dialogue.40062",
        "text": "Yeah. I think it was due to <textColor=[255:204:102:255]>Tericite</> so I destroyed it. \n<textColor=[215:94:94:255]>Hongdon We'll have to wait and see if the violence of </> goes away, right?"
    },
    "20040062": {
        "deprecated": false,
        "Dev_Desc": "홍돈칠",
        "id": 20040062,
        "alias": "Contents.Quest.Dialogue.40063",
        "text": "Once a mind becomes strange, it doesn't seem to come back easily~ \nMy subordinates are still a bit strange..."
    },
    "20040063": {
        "deprecated": false,
        "Dev_Desc": "아랑",
        "id": 20040063,
        "alias": "Contents.Quest.Dialogue.40064",
        "text": "It will take some time. What do you plan to do next?"
    },
    "20040064": {
        "deprecated": false,
        "Dev_Desc": "홍돈칠",
        "id": 20040064,
        "alias": "Contents.Quest.Dialogue.40065",
        "text": "This is a <textColor=[215:94:94:255]>Hong-don</> problem, so I will try to solve it as much as possible in the future~ \n<textColor=[78:148:215:255]>Pungbaekmun </> will not be attacked as much as possible!"
    },
    "20040065": {
        "deprecated": false,
        "Dev_Desc": "아랑",
        "id": 20040065,
        "alias": "Contents.Quest.Dialogue.40066",
        "text": "Nice to meet you. Thank you."
    },
    "20040066": {
        "deprecated": false,
        "Dev_Desc": "홍돈칠",
        "id": 20040066,
        "alias": "Contents.Quest.Dialogue.40067",
        "text": "I am more grateful~"
    },
    "20040067": {
        "deprecated": false,
        "Dev_Desc": "전투조장",
        "id": 20040067,
        "alias": "Contents.Quest.Dialogue.40068",
        "text": "Honor name! Nice to meet you, Lord Moon."
    },
    "20040068": {
        "deprecated": false,
        "Dev_Desc": "아랑",
        "id": 20040068,
        "alias": "Contents.Quest.Dialogue.40069",
        "text": "Everyone keeps saying that you don't have to be too polite, really"
    },
    "20040069": {
        "deprecated": false,
        "Dev_Desc": "전투조장",
        "id": 20040069,
        "alias": "Contents.Quest.Dialogue.40070",
        "text": "Okay. What's wrong, Lord Moon?"
    },
    "20040070": {
        "deprecated": false,
        "Dev_Desc": "아랑",
        "id": 20040070,
        "alias": "Contents.Quest.Dialogue.40071",
        "text": "<textColor=[78:148:215:255]>Biryuha</> The death sentence told me. These days, <textColor=[215:94:94:255]>Black Dawn</> They say I'm in trouble. How's the situation?"
    },
    "20040071": {
        "deprecated": false,
        "Dev_Desc": "전투조장",
        "id": 20040071,
        "alias": "Contents.Quest.Dialogue.40072",
        "text": "They worship <textColor=[215:94:94:255]>Sura</>, close to fanaticism. \nCurrently <textColor=[110:216:175:255]>Animals On the hill of </>, we are fighting with our <textColor=[78:148:215:255]>Pungbaekmun</> battle team."
    },
    "20040072": {
        "deprecated": false,
        "Dev_Desc": "아랑",
        "id": 20040072,
        "alias": "Contents.Quest.Dialogue.40073",
        "text": "Worship <textColor=[215:94:94:255]>Sura</>... Chit. In the end, we can only be hostile. \nThis problem should be rather simple. Isn't it? <textColor=[255:204:102:255]><myHero.name/></>."
    },
    "20040073": {
        "deprecated": false,
        "Dev_Desc": "전투조장",
        "id": 20040073,
        "alias": "Contents.Quest.Dialogue.40075",
        "text": "Then let's talk more with our centurion at <textColor=[110:216:175:255]>Hill of Annunciation</>."
    },
    "20040074": {
        "deprecated": false,
        "Dev_Desc": "아랑",
        "id": 20040074,
        "alias": "Contents.Quest.Dialogue.40076",
        "text": "Okay. Come on, let's go break it down!"
    },
    "20040075": {
        "deprecated": false,
        "Dev_Desc": "백인장",
        "id": 20040075,
        "alias": "Contents.Quest.Dialogue.40077",
        "text": "John!, Oops... Lord Moon is here. \nI got a call from the manager anyway. I'll explain the situation right away."
    },
    "20040076": {
        "deprecated": false,
        "Dev_Desc": "백인장",
        "id": 20040076,
        "alias": "Contents.Quest.Dialogue.40078",
        "text": "At the moment, at the entrance of the hill, the Tenjin is fighting. The current situation of the Tendon who broke through the entrance is unknown. And a small number of people are imprisoned deep in the hill."
    },
    "20040077": {
        "deprecated": false,
        "Dev_Desc": "백인장",
        "id": 20040077,
        "alias": "Contents.Quest.Dialogue.40079",
        "text": "I think Moonju will break through the entrance again\nand rescue the people imprisoned with the ten people inside."
    },
    "20040078": {
        "deprecated": false,
        "Dev_Desc": "아랑",
        "id": 20040078,
        "alias": "Contents.Quest.Dialogue.40080",
        "text": "Um... In short, do you mean you can just sweep the entrance away? \nOkay! Then let's go!"
    },
    "20040079": {
        "deprecated": false,
        "Dev_Desc": "백인장",
        "id": 20040079,
        "alias": "Contents.Quest.Dialogue.40081",
        "text": "that... that..."
    },
    "20040080": {
        "deprecated": false,
        "Dev_Desc": "십인장",
        "id": 20040080,
        "alias": "Contents.Quest.Dialogue.40083",
        "text": "Thank you! Lord Moon!"
    },
    "20040081": {
        "deprecated": false,
        "Dev_Desc": "아랑",
        "id": 20040081,
        "alias": "Contents.Quest.Dialogue.40084",
        "text": "It's not a big deal. Are you saying these guys were this much stronger than that? \nYou must have worked hard all this time. But is this enough to slow you down for a while?"
    },
    "20040082": {
        "deprecated": false,
        "Dev_Desc": "PC",
        "id": 20040082,
        "alias": "Contents.Quest.Dialogue.40085",
        "text": "(says you hit enough)"
    },
    "20040083": {
        "deprecated": false,
        "Dev_Desc": "십인장",
        "id": 20040083,
        "alias": "Contents.Quest.Dialogue.40086",
        "text": "I don't know where they appear, but reinforcements from these guys will come soon. \nFirst, you've defeated the guy who seems to be the captain, so get out."
    },
    "20040084": {
        "deprecated": false,
        "Dev_Desc": "아랑",
        "id": 20040084,
        "alias": "Contents.Quest.Dialogue.40087",
        "text": "Shit. Okay. I feel like sweeping it away, but everyone's in a bad state. \nLet's go straight to <textColor=[78:148:215:255]>Pungbaekmun</>."
    },
    "20040085": {
        "deprecated": false,
        "Dev_Desc": "아랑",
        "id": 20040085,
        "alias": "Contents.Quest.Dialogue.40088",
        "text": "I'll go back with the clan members, so would you like to go first? <textColor=[255:204:102:255]><myHero.name/></>."
    },
    "20040086": {
        "deprecated": false,
        "Dev_Desc": "PC",
        "id": 20040086,
        "alias": "Contents.Quest.Dialogue.40089",
        "text": "(<textColor=[78:148:215:255]>Arang</> will help)"
    },
    "20040087": {
        "deprecated": false,
        "Dev_Desc": "아랑",
        "id": 20040087,
        "alias": "Contents.Quest.Dialogue.40090",
        "text": "Thank you. Then let's get out of here."
    },
    "20040088": {
        "deprecated": false,
        "Dev_Desc": "아랑",
        "id": 20040088,
        "alias": "Contents.Quest.Dialogue.40091",
        "text": "I think it's better to go down the cliff than to go back the way you came.\nHold on the wounded everyone! Let's go!"
    },
    "20040089": {
        "deprecated": false,
        "Dev_Desc": "십인장",
        "id": 20040089,
        "alias": "Contents.Quest.Dialogue.40093",
        "text": "Okay! Lord Moon! Be careful everyone!"
    },
    "20040090": {
        "deprecated": false,
        "Dev_Desc": "PC",
        "id": 20040090,
        "alias": "Contents.Quest.Dialogue.40094",
        "text": "(Moves to the cliff while exhorting the members of the clan)"
    },
    "20040091": {
        "deprecated": false,
        "Dev_Desc": "아랑",
        "id": 20040091,
        "alias": "Contents.Quest.Dialogue.40095",
        "text": "Wow... it was breathtaking."
    },
    "20040092": {
        "deprecated": false,
        "Dev_Desc": "PC",
        "id": 20040092,
        "alias": "Contents.Quest.Dialogue.40096",
        "text": "(He says he'll never join the cliff-jumping strategy again)"
    },
    "20040093": {
        "deprecated": false,
        "Dev_Desc": "아랑",
        "id": 20040093,
        "alias": "Contents.Quest.Dialogue.40097",
        "text": "I agree too. Phew... Let's go back to <textColor=[78:148:215:255]>Pungbaekmun</>."
    },
    "20040094": {
        "deprecated": false,
        "Dev_Desc": "비류하",
        "id": 20040094,
        "alias": "Contents.Quest.Dialogue.40099",
        "text": "You are back. Munju-sama. I heard that you did a great job. \nThe Chief Elder will like it very much."
    },
    "20040095": {
        "deprecated": false,
        "Dev_Desc": "아랑",
        "id": 20040095,
        "alias": "Contents.Quest.Dialogue.40100",
        "text": "Don't make fun of me. The death penalty. It was close. \nIt was too hasty to judge, so the members of the clan were in danger."
    },
    "20040096": {
        "deprecated": false,
        "Dev_Desc": "비류하",
        "id": 20040096,
        "alias": "Contents.Quest.Dialogue.40101",
        "text": "Hey. Moonju has finished thinking about that! \nThe reward of preparing a present this time will be doubled."
    },
    "20040097": {
        "deprecated": false,
        "Dev_Desc": "아랑",
        "id": 20040097,
        "alias": "Contents.Quest.Dialogue.40102",
        "text": "Uh huh... I'm just living the death penalty for fun."
    },
    "20040098": {
        "deprecated": false,
        "Dev_Desc": "아랑",
        "id": 20040098,
        "alias": "Contents.Quest.Dialogue.40104",
        "text": "You are too! Let's go to Master. \nI prepared a present, so you won't be scolded."
    },
    "20040099": {
        "deprecated": false,
        "Dev_Desc": "비류하",
        "id": 20040099,
        "alias": "Contents.Quest.Dialogue.40105",
        "text": "You would have liked it even if you went empty-handed. Master."
    },
    "20040100": {
        "deprecated": false,
        "Dev_Desc": "아랑",
        "id": 20040100,
        "alias": "Contents.Quest.Dialogue.40106",
        "text": "Is that so? haha. Come on, <textColor=[255:204:102:255]><myHero.name/></>."
    },
    "20040101": {
        "deprecated": false,
        "Dev_Desc": "송시국",
        "id": 20040101,
        "alias": "Contents.Quest.Dialogue.40107",
        "text": "Do you think a writer who only shows up when he needs it and asks him to give <textColor=[255:204:102:255]>fertility</> \nwould be worthy of being a monarch, father?"
    },
    "20040102": {
        "deprecated": false,
        "Dev_Desc": "송문악",
        "id": 20040102,
        "alias": "Contents.Quest.Dialogue.40108",
        "text": "It is the will of the Lord Moon!"
    },
    "20040103": {
        "deprecated": false,
        "Dev_Desc": "송시국",
        "id": 20040103,
        "alias": "Contents.Quest.Dialogue.40109",
        "text": "Munju, Munju, Munju! \nWhy is she the Munju? Not me!?"
    },
    "20040104": {
        "deprecated": false,
        "Dev_Desc": "송시국",
        "id": 20040104,
        "alias": "Contents.Quest.Dialogue.40110",
        "text": "Originally, even before he was born, his father gave him the gate, but shouldn't he have passed on the position of the gatekeeper to his son?"
    },
    "20040105": {
        "deprecated": false,
        "Dev_Desc": "송문악",
        "id": 20040105,
        "alias": "Contents.Quest.Dialogue.40111",
        "text": "Munju is not inherited by blood! Why are you still not realizing that you need skills and qualifications! \nThat's why you're saying you're lacking!"
    },
    "20040106": {
        "deprecated": false,
        "Dev_Desc": "송시국",
        "id": 20040106,
        "alias": "Contents.Quest.Dialogue.40112",
        "text": "Skills? Ha! That's funny. Good. \nI'll show you that skill. "
    },
    "20040107": {
        "deprecated": false,
        "Dev_Desc": "송시국",
        "id": 20040107,
        "alias": "Contents.Quest.Dialogue.40113",
        "text": "I'll bring you <textColor=[255:204:102:255]>Fertility</> before that child, \nthen you'll have to give me the seat of the moonshine!!"
    },
    "20040108": {
        "deprecated": false,
        "Dev_Desc": "아랑",
        "id": 20040108,
        "alias": "Contents.Quest.Dialogue.40114",
        "text": "Isn't this a bad time?"
    },
    "20040109": {
        "deprecated": false,
        "Dev_Desc": "PC",
        "id": 20040109,
        "alias": "Contents.Quest.Dialogue.40115",
        "text": "(says it seems like it)"
    },
    "20040110": {
        "deprecated": false,
        "Dev_Desc": "아랑",
        "id": 20040110,
        "alias": "Contents.Quest.Dialogue.40116",
        "text": "Why don't you just look around for a while?\nI'll just spend some time and come back."
    },
    "20040111": {
        "deprecated": false,
        "Dev_Desc": "PC",
        "id": 20040111,
        "alias": "Contents.Quest.Dialogue.40117",
        "text": "(say you will)"
    },
    "20040112": {
        "deprecated": false,
        "Dev_Desc": "아랑",
        "id": 20040112,
        "alias": "Contents.Quest.Dialogue.40118",
        "text": "Then take a look and see you later."
    },
    "20040113": {
        "deprecated": false,
        "Dev_Desc": "아랑",
        "id": 20040113,
        "alias": "Contents.Quest.Dialogue.40119",
        "text": "Welcome back, Master. The friend I was talking about is this guy. "
    },
    "20040114": {
        "deprecated": false,
        "Dev_Desc": "송문악",
        "id": 20040114,
        "alias": "Contents.Quest.Dialogue.40120",
        "text": "Oh, you are the alumni of our Master Moon. \nIt's nice to meet you like this."
    },
    "20040115": {
        "deprecated": false,
        "Dev_Desc": "PC",
        "id": 20040115,
        "alias": "Contents.Quest.Dialogue.40121",
        "text": "(Tell <textColor=[78:148:215:255]>Songmunak</> to be polite and speak low)"
    },
    "20040116": {
        "deprecated": false,
        "Dev_Desc": "송문악",
        "id": 20040116,
        "alias": "Contents.Quest.Dialogue.40122",
        "text": "It can't be. \nI used to be a teacher, but now I'm not a full-fledged Master Moon and his colleague."
    },
    "20040117": {
        "deprecated": false,
        "Dev_Desc": "아랑",
        "id": 20040117,
        "alias": "Contents.Quest.Dialogue.40123",
        "text": "You're being strict... you're still there anyway. \nThat's why <textColor=[78:148:215:255]>The death penalty</> is so..."
    },
    "20040118": {
        "deprecated": false,
        "Dev_Desc": "아랑",
        "id": 20040118,
        "alias": "Contents.Quest.Dialogue.40125",
        "text": "So, what's the situation now?"
    },
    "20040119": {
        "deprecated": false,
        "Dev_Desc": "송문악",
        "id": 20040119,
        "alias": "Contents.Quest.Dialogue.40126",
        "text": "... <textColor=[78:148:215:255]>The city</> said they would bring back the giant <textColor=[255:204:102:255]>Fertility</> I went to the old <textColor=[255:204:102:255]>fertile</> site."
    },
    "20040120": {
        "deprecated": false,
        "Dev_Desc": "아랑",
        "id": 20040120,
        "alias": "Contents.Quest.Dialogue.40127",
        "text": "But if only a single human went to that place, it would be burnt down?"
    },
    "20040121": {
        "deprecated": false,
        "Dev_Desc": "송문악",
        "id": 20040121,
        "alias": "Contents.Quest.Dialogue.40129",
        "text": "Please. I am an ugly child, but still my child. \nThink of the past and save Si Guk. "
    },
    "20040122": {
        "deprecated": false,
        "Dev_Desc": "아랑",
        "id": 20040122,
        "alias": "Contents.Quest.Dialogue.40131",
        "text": "You don't have to. \n<textColor=[78:148:215:255]>The death penalty</> was a friend I grew up with as a child. "
    },
    "20040123": {
        "deprecated": false,
        "Dev_Desc": "PC",
        "id": 20040123,
        "alias": "Contents.Quest.Dialogue.40132",
        "text": "(He says he will help too)"
    },
    "20040124": {
        "deprecated": false,
        "Dev_Desc": "송문악",
        "id": 20040124,
        "alias": "Contents.Quest.Dialogue.40133",
        "text": "Thank you. Thank you..."
    },
    "20040125": {
        "deprecated": false,
        "Dev_Desc": "아랑",
        "id": 20040125,
        "alias": "Contents.Quest.Dialogue.40134",
        "text": "Didn't you see <textColor=[78:148:215:255]>The death penalty</>?"
    },
    "20040126": {
        "deprecated": false,
        "Dev_Desc": "문파원",
        "id": 20040126,
        "alias": "Contents.Quest.Dialogue.40135",
        "text": "If it was <textColor=[78:148:215:255]>The death penalty</>, I ran towards the razor."
    },
    "20040127": {
        "deprecated": false,
        "Dev_Desc": "아랑",
        "id": 20040127,
        "alias": "Contents.Quest.Dialogue.40136",
        "text": "Rope? Why did you go to the ropeway...? "
    },
    "20040128": {
        "deprecated": false,
        "Dev_Desc": "문파원",
        "id": 20040128,
        "alias": "Contents.Quest.Dialogue.40137",
        "text": "Well... I'm not sure about that."
    },
    "20040129": {
        "deprecated": false,
        "Dev_Desc": "아랑",
        "id": 20040129,
        "alias": "Contents.Quest.Dialogue.40138",
        "text": "Okay. Thanks first!"
    },
    "20040130": {
        "deprecated": false,
        "Dev_Desc": "아랑",
        "id": 20040130,
        "alias": "Contents.Quest.Dialogue.40139",
        "text": "Have you ever seen <textColor=[78:148:215:255]>State Execution</>?"
    },
    "20040131": {
        "deprecated": false,
        "Dev_Desc": "문파원",
        "id": 20040131,
        "alias": "Contents.Quest.Dialogue.40140",
        "text": "I rode a ropeway to the Great Fertility."
    },
    "20040132": {
        "deprecated": false,
        "Dev_Desc": "아랑",
        "id": 20040132,
        "alias": "Contents.Quest.Dialogue.40141",
        "text": "Rope? But that would be too dangerous..."
    },
    "20040133": {
        "deprecated": false,
        "Dev_Desc": "문파원",
        "id": 20040133,
        "alias": "Contents.Quest.Dialogue.40142",
        "text": "We told you that too, but you recklessly made it work."
    },
    "20040134": {
        "deprecated": false,
        "Dev_Desc": "아랑",
        "id": 20040134,
        "alias": "Contents.Quest.Dialogue.40143",
        "text": "Damn... I need to hurry before it's too late."
    },
    "20040135": {
        "deprecated": false,
        "Dev_Desc": "PC",
        "id": 20040135,
        "alias": "Contents.Quest.Dialogue.40144",
        "text": "(Gives an anxious look)"
    },
    "20040136": {
        "deprecated": false,
        "Dev_Desc": "아랑",
        "id": 20040136,
        "alias": "Contents.Quest.Dialogue.40145",
        "text": "Let's ride a razor too!"
    },
    "20040137": {
        "deprecated": false,
        "Dev_Desc": "아랑",
        "id": 20040137,
        "alias": "Contents.Quest.Dialogue.40146",
        "text": "Master... are you okay?"
    },
    "20040138": {
        "deprecated": false,
        "Dev_Desc": "송문악",
        "id": 20040138,
        "alias": "Contents.Quest.Dialogue.40147",
        "text": "... I'll go to the branch first."
    },
    "20040139": {
        "deprecated": false,
        "Dev_Desc": "아랑",
        "id": 20040139,
        "alias": "Contents.Quest.Dialogue.40148",
        "text": "No way. Let's go back."
    },
    "20040140": {
        "deprecated": false,
        "Dev_Desc": "PC",
        "id": 20040140,
        "alias": "Contents.Quest.Dialogue.40149",
        "text": "(But <textColor=[78:148:215:255]>Munak Song</> Elder...)"
    },
    "20040141": {
        "deprecated": false,
        "Dev_Desc": "아랑",
        "id": 20040141,
        "alias": "Contents.Quest.Dialogue.40150",
        "text": "You know this is not true. \nThe person who knelt down to save his son. It can't be okay."
    },
    "20040142": {
        "deprecated": false,
        "Dev_Desc": "PC",
        "id": 20040142,
        "alias": "Contents.Quest.Dialogue.40151",
        "text": "(Ask if there is a way)"
    },
    "20040143": {
        "deprecated": false,
        "Dev_Desc": "아랑",
        "id": 20040143,
        "alias": "Contents.Quest.Dialogue.40152",
        "text": "No... I don't know how. But..."
    },
    "20040144": {
        "deprecated": false,
        "Dev_Desc": "PC",
        "id": 20040144,
        "alias": "Contents.Quest.Dialogue.40153",
        "text": "(Says what are you doing without going fast)"
    },
    "20040145": {
        "deprecated": false,
        "Dev_Desc": "아랑",
        "id": 20040145,
        "alias": "Contents.Quest.Dialogue.40154",
        "text": "Yeah! Let's go!"
    },
    "20040146": {
        "deprecated": false,
        "Dev_Desc": "아랑",
        "id": 20040146,
        "alias": "Contents.Quest.Dialogue.40156",
        "text": "What is that? <textColor=[255:204:102:255]>Fertility</>? "
    },
    "20040147": {
        "deprecated": false,
        "Dev_Desc": "PC",
        "id": 20040147,
        "alias": "Contents.Quest.Dialogue.40157",
        "text": "(someone said it seems like they dropped this after taking <textColor=[78:148:215:255]>quick execution</>)"
    },
    "20040148": {
        "deprecated": false,
        "Dev_Desc": "아랑",
        "id": 20040148,
        "alias": "Contents.Quest.Dialogue.40158",
        "text": "But it's extremely rare that someone has <textColor=[255:204:102:255]>fertility</>...? ."
    },
    "20040149": {
        "deprecated": false,
        "Dev_Desc": "PC",
        "id": 20040149,
        "alias": "Contents.Quest.Dialogue.40159",
        "text": "(ask what you mean)"
    },
    "20040150": {
        "deprecated": false,
        "Dev_Desc": "아랑",
        "id": 20040150,
        "alias": "Contents.Quest.Dialogue.40160",
        "text": "Obviously! Master came back and saved the <textColor=[78:148:215:255]>state death penalty</>. I don't have to worry, right?"
    },
    "20040151": {
        "deprecated": false,
        "Dev_Desc": "PC",
        "id": 20040151,
        "alias": "Contents.Quest.Dialogue.40161",
        "text": "(Something reluctant, but I agree that it could be)"
    },
    "20040152": {
        "deprecated": false,
        "Dev_Desc": "아랑",
        "id": 20040152,
        "alias": "Contents.Quest.Dialogue.40162",
        "text": "Okay. Then <textColor=[255:204:102:255]>fertility</>, things are going well... \nShould I finish what I was doing?"
    },
    "20040153": {
        "deprecated": false,
        "Dev_Desc": "PC",
        "id": 20040153,
        "alias": "Contents.Quest.Dialogue.40163",
        "text": "(what did you do?)"
    },
    "20040154": {
        "deprecated": false,
        "Dev_Desc": "아랑",
        "id": 20040154,
        "alias": "Contents.Quest.Dialogue.40164",
        "text": "Hey! Dalian! \n<textColor=[255:204:102:255]>Fertility</> You said you could open a rift by competing with <textColor=[255:204:102:255]>Fertility</>."
    },
    "20040155": {
        "deprecated": false,
        "Dev_Desc": "PC",
        "id": 20040155,
        "alias": "Contents.Quest.Dialogue.40165",
        "text": "(ah...)"
    },
    "20040156": {
        "deprecated": false,
        "Dev_Desc": "아랑",
        "id": 20040156,
        "alias": "Contents.Quest.Dialogue.40166",
        "text": "You know what. Why don't you just move to a suitable place instead of like this? \nIf it's close to here... Yes, <textColor=[110:216:175:255]>Crystal Jungle</> would be nice . See you there!"
    },
    "20040157": {
        "deprecated": false,
        "Dev_Desc": "아랑",
        "id": 20040157,
        "alias": "Contents.Quest.Dialogue.40167",
        "text": "Oh, it's been a while since I've had a light craft showdown? Let's go!"
    },
    "20040158": {
        "deprecated": false,
        "Dev_Desc": "아랑",
        "id": 20040158,
        "alias": "Contents.Quest.Dialogue.40168",
        "text": "I think this could be it!"
    },
    "20040159": {
        "deprecated": false,
        "Dev_Desc": "아랑",
        "id": 20040159,
        "alias": "Contents.Quest.Dialogue.40169",
        "text": "Well, shall we start?"
    },
    "20040160": {
        "deprecated": false,
        "Dev_Desc": "파사(신형)",
        "id": 20040160,
        "alias": "Contents.Quest.Dialogue.40170",
        "text": "What are you doing!!!"
    },
    "20040161": {
        "deprecated": false,
        "Dev_Desc": "아랑",
        "id": 20040161,
        "alias": "Contents.Quest.Dialogue.40171",
        "text": "Ouch... I really want to ask! Why are you disturbing me!?"
    },
    "20040162": {
        "deprecated": false,
        "Dev_Desc": "파사(신형)",
        "id": 20040162,
        "alias": "Contents.Quest.Dialogue.40172",
        "text": "You're so stupid you're mad at me! <textColor=[255:204:102:255]>Regressor</> can't stop the rift, call it yourself!? How can you <textColor=[255:204:102:255]>Regression</> is not that foolish!"
    },
    "20040163": {
        "deprecated": false,
        "Dev_Desc": "아랑",
        "id": 20040163,
        "alias": "Contents.Quest.Dialogue.40173",
        "text": "Don't be rude! You said this guy's dad said <textColor=[215:94:94:255]>Sura</>! Plus <textColor=[78:148:215:255]>Noy You killed </>!"
    },
    "20040164": {
        "deprecated": false,
        "Dev_Desc": "파사(신형)",
        "id": 20040164,
        "alias": "Contents.Quest.Dialogue.40174",
        "text": "What does that have to do with this?"
    },
    "20040165": {
        "deprecated": false,
        "Dev_Desc": "아랑",
        "id": 20040165,
        "alias": "Contents.Quest.Dialogue.40175",
        "text": "So I tried to call <textColor=[215:94:94:255]>Sura</> and ask! Do you know? <textColor=[215:94:94:255]>Sura</> Will he be summoned? If not, at least the same <textColor=[215:94:94:255]>Sura</>, you can ask about him."
    },
    "20040166": {
        "deprecated": false,
        "Dev_Desc": "파사(신형)",
        "id": 20040166,
        "alias": "Contents.Quest.Dialogue.40176",
        "text": "Ha.. I was stupid. \nIf I inherited the blood of <textColor=[78:148:215:255]>Noy</>, I'd be just a child... "
    },
    "20040167": {
        "deprecated": false,
        "Dev_Desc": "파사(신형)",
        "id": 20040167,
        "alias": "Contents.Quest.Dialogue.40177",
        "text": "I said this too hastily. It's my fault. Basically, <textColor=[255:204:102:255]>God Beast</> should not get involved in human affairs, but you're not human, so it'll be fine. I won't help."
    },
    "20040168": {
        "deprecated": false,
        "Dev_Desc": "아랑",
        "id": 20040168,
        "alias": "Contents.Quest.Dialogue.40178",
        "text": "Really! Great!"
    },
    "20040169": {
        "deprecated": false,
        "Dev_Desc": "파사(신형)",
        "id": 20040169,
        "alias": "Contents.Quest.Dialogue.40180",
        "text": "I will visit you when the time is right."
    },
    "20040170": {
        "deprecated": false,
        "Dev_Desc": "아랑",
        "id": 20040170,
        "alias": "Contents.Quest.Dialogue.40181",
        "text": "Now, until <textColor=[78:148:215:255]>Pasa</> arrives, shall I go look for <textColor=[255:204:102:255]>Fertility</>? But, \nWhat are you going to do?"
    },
    "20040171": {
        "deprecated": false,
        "Dev_Desc": "PC",
        "id": 20040171,
        "alias": "Contents.Quest.Dialogue.40182",
        "text": "(I plan to train)"
    },
    "20040172": {
        "deprecated": false,
        "Dev_Desc": "아랑",
        "id": 20040172,
        "alias": "Contents.Quest.Dialogue.40183",
        "text": "Oh, I'll be looking forward to it. Take care then!"
    },
    "20040173": {
        "deprecated": false,
        "Dev_Desc": "비류하",
        "id": 20040173,
        "alias": "Contents.Quest.Dialogue.40184",
        "text": "You're back! Master Moon. I told you..."
    },
    "20040174": {
        "deprecated": false,
        "Dev_Desc": "아랑",
        "id": 20040174,
        "alias": "Contents.Quest.Dialogue.40185",
        "text": "Ahaha! Death penalty, that's how much we practice..."
    },
    "20040175": {
        "deprecated": false,
        "Dev_Desc": "비류하",
        "id": 20040175,
        "alias": "Contents.Quest.Dialogue.40186",
        "text": "I know. You two, you didn't neglect your training. \nWell~ If that's the case, the Elder will like it too."
    },
    "20040176": {
        "deprecated": false,
        "Dev_Desc": "아랑",
        "id": 20040176,
        "alias": "Contents.Quest.Dialogue.40187",
        "text": "Whew..."
    },
    "20040177": {
        "deprecated": false,
        "Dev_Desc": "비류하",
        "id": 20040177,
        "alias": "Contents.Quest.Dialogue.40188",
        "text": "Let's go then."
    },
    "20040178": {
        "deprecated": false,
        "Dev_Desc": "PC",
        "id": 20040178,
        "alias": "Contents.Quest.Dialogue.40189",
        "text": "(Let's use the ingredients Hong Donchil gave us)"
    },
    "20040179": {
        "deprecated": false,
        "Dev_Desc": "아랑",
        "id": 20040179,
        "alias": "Contents.Quest.Dialogue.40190",
        "text": "Whew. I also rescued the members of the clan who were caught on the way. \nWe told you to gather around the Ten Commanders, so let's join."
    },
    "20040180": {
        "deprecated": false,
        "Dev_Desc": "PC",
        "id": 20040180,
        "alias": "Contents.Quest.Dialogue.40191",
        "text": "(It feels strange)"
    },
    "20040181": {
        "deprecated": false,
        "Dev_Desc": "아랑",
        "id": 20040181,
        "alias": "Contents.Quest.Dialogue.40192",
        "text": "Shit. They're coming!"
    },
    "20040182": {
        "deprecated": false,
        "Dev_Desc": "PC",
        "id": 20040182,
        "alias": "Contents.Quest.Dialogue.40193",
        "text": "(Ask what's going on)"
    },
    "20040183": {
        "deprecated": false,
        "Dev_Desc": "아랑",
        "id": 20040183,
        "alias": "Contents.Quest.Dialogue.40194",
        "text": "I can feel the powerful energy around me!"
    },
    "20040184": {
        "deprecated": false,
        "Dev_Desc": "PC",
        "id": 20040184,
        "alias": "Contents.Quest.Dialogue.40195",
        "text": "(?!!)"
    },
    "20040185": {
        "deprecated": false,
        "Dev_Desc": "아랑",
        "id": 20040185,
        "alias": "Contents.Quest.Dialogue.40196",
        "text": "I can barely feel the aura of the death penalty...!?\nLet's go this way!"
    }
}