{
    "82100000": {
        "deprecated": false,
        "id": 82100000,
        "alias": "Contents.Item.Name.2100000",
        "text": "true name"
    },
    "82101001": {
        "deprecated": false,
        "id": 82101001,
        "alias": "Contents.Item.Name.2101001",
        "text": "Practice Sword"
    },
    "82101002": {
        "deprecated": false,
        "id": 82101002,
        "alias": "Contents.Item.Name.2101002",
        "text": "Long Sword"
    },
    "82101003": {
        "deprecated": false,
        "id": 82101003,
        "alias": "Contents.Item.Name.2101003",
        "text": "Long Blade"
    },
    "82101004": {
        "deprecated": false,
        "id": 82101004,
        "alias": "Contents.Item.Name.2101004",
        "text": "Bronze Sword"
    },
    "82101005": {
        "deprecated": false,
        "id": 82101005,
        "alias": "Contents.Item.Name.2101005",
        "text": "Crude Sword"
    },
    "82101006": {
        "deprecated": false,
        "id": 82101006,
        "alias": "Contents.Item.Name.2101006",
        "text": "Recurvesword"
    },
    "82101007": {
        "deprecated": false,
        "id": 82101007,
        "alias": "Contents.Item.Name.2101007",
        "text": "Gugok Sword"
    },
    "82101008": {
        "deprecated": false,
        "id": 82101008,
        "alias": "Contents.Item.Name.2101008",
        "text": "Reverse Swordsman"
    },
    "82101009": {
        "deprecated": false,
        "id": 82101009,
        "alias": "Contents.Item.Name.2101009",
        "text": "lucky sword"
    },
    "82101010": {
        "deprecated": false,
        "id": 82101010,
        "alias": "Contents.Item.Name.2101010",
        "text": "Seven Edges"
    },
    "82101201": {
        "deprecated": false,
        "id": 82101201,
        "alias": "Contents.Item.Name.2101201",
        "text": "Longsword of Shadow"
    },
    "82101202": {
        "deprecated": false,
        "id": 82101202,
        "alias": "Contents.Item.Name.2101202",
        "text": "Sword of Disaster"
    },
    "82101203": {
        "deprecated": false,
        "id": 82101203,
        "alias": "Contents.Item.Name.2101203",
        "text": "Sword of the Spirit"
    },
    "82101204": {
        "deprecated": false,
        "id": 82101204,
        "alias": "Contents.Item.Name.2101204",
        "text": "Full Moon Sword"
    },
    "82101205": {
        "deprecated": false,
        "id": 82101205,
        "alias": "Contents.Item.Name.2101205",
        "text": "Blessed Sword"
    },
    "82101401": {
        "deprecated": false,
        "id": 82101401,
        "alias": "Contents.Item.Name.2101401",
        "text": "Golden Long Sword"
    },
    "82101402": {
        "deprecated": false,
        "id": 82101402,
        "alias": "Contents.Item.Name.2101402",
        "text": "Sword of the Moon Moon"
    },
    "82101403": {
        "deprecated": false,
        "id": 82101403,
        "alias": "Contents.Item.Name.2101403",
        "text": "Super Sword"
    },
    "82101404": {
        "deprecated": false,
        "id": 82101404,
        "alias": "Contents.Item.Name.2101404",
        "text": "Enforcer's Sword"
    },
    "82101405": {
        "deprecated": false,
        "id": 82101405,
        "alias": "Contents.Item.Name.2101405",
        "text": "Smash Sword"
    },
    "82101406": {
        "deprecated": false,
        "id": 82101406,
        "alias": "Contents.Item.Name.2101406",
        "text": "Wild Fangs"
    },
    "82101407": {
        "deprecated": false,
        "id": 82101407,
        "alias": "Contents.Item.Name.2101407",
        "text": "Sword of Wandering"
    },
    "82101408": {
        "deprecated": false,
        "id": 82101408,
        "alias": "Contents.Item.Name.2101408",
        "text": "Interlace Sword"
    },
    "82101409": {
        "deprecated": false,
        "id": 82101409,
        "alias": "Contents.Item.Name.2101409",
        "text": "Sword of the Nether"
    },
    "82101410": {
        "deprecated": false,
        "id": 82101410,
        "alias": "Contents.Item.Name.2101410",
        "text": "Thorn of the Abyss"
    },
    "82101601": {
        "deprecated": false,
        "id": 82101601,
        "alias": "Contents.Item.Name.2101601",
        "text": "The King's Sword"
    },
    "82101602": {
        "deprecated": false,
        "id": 82101602,
        "alias": "Contents.Item.Name.2101602",
        "text": "Demoral Wand Demon Sword"
    },
    "82101603": {
        "deprecated": false,
        "id": 82101603,
        "alias": "Contents.Item.Name.2101603",
        "text": "tuner of the wind"
    },
    "82101604": {
        "deprecated": false,
        "id": 82101604,
        "alias": "Contents.Item.Name.2101604",
        "text": "Floor Stalker"
    },
    "82101605": {
        "deprecated": false,
        "id": 82101605,
        "alias": "Contents.Item.Name.2101605",
        "text": "The Pioneer of Flames"
    },
    "82101801": {
        "deprecated": false,
        "id": 82101801,
        "alias": "Contents.Item.Name.2101801",
        "text": "The Last Judgment"
    },
    "82101802": {
        "deprecated": false,
        "id": 82101802,
        "alias": "Contents.Item.Name.2101802",
        "text": "Watcher of Destiny"
    },
    "82102001": {
        "deprecated": false,
        "id": 82102001,
        "alias": "Contents.Item.Name.2102001",
        "text": "Practice Gauntlets"
    },
    "82102002": {
        "deprecated": false,
        "id": 82102002,
        "alias": "Contents.Item.Name.2102002",
        "text": "Gauntlet"
    },
    "82102003": {
        "deprecated": false,
        "id": 82102003,
        "alias": "Contents.Item.Name.2102003",
        "text": "Wood Cowl"
    },
    "82102004": {
        "deprecated": false,
        "id": 82102004,
        "alias": "Contents.Item.Name.2102004",
        "text": "Bronze Handguard"
    },
    "82102005": {
        "deprecated": false,
        "id": 82102005,
        "alias": "Contents.Item.Name.2102005",
        "text": "Copper Handguard"
    },
    "82102006": {
        "deprecated": false,
        "id": 82102006,
        "alias": "Contents.Item.Name.2102006",
        "text": "Tai Chi Gap"
    },
    "82102007": {
        "deprecated": false,
        "id": 82102007,
        "alias": "Contents.Item.Name.2102007",
        "text": "Yin-Yang Kwon-Gap"
    },
    "82102008": {
        "deprecated": false,
        "id": 82102008,
        "alias": "Contents.Item.Name.2102008",
        "text": "Iron Fist"
    },
    "82102009": {
        "deprecated": false,
        "id": 82102009,
        "alias": "Contents.Item.Name.2102009",
        "text": "Shaman Armor"
    },
    "82102010": {
        "deprecated": false,
        "id": 82102010,
        "alias": "Contents.Item.Name.2102010",
        "text": "Hopo Gauntlet"
    },
    "82102201": {
        "deprecated": false,
        "id": 82102201,
        "alias": "Contents.Item.Name.2102201",
        "text": "Seeker's Gauntlets"
    },
    "82102202": {
        "deprecated": false,
        "id": 82102202,
        "alias": "Contents.Item.Name.2102202",
        "text": "Anti-Yagi Gauntlet"
    },
    "82102203": {
        "deprecated": false,
        "id": 82102203,
        "alias": "Contents.Item.Name.2102203",
        "text": "Monk's Gauntlets"
    },
    "82102204": {
        "deprecated": false,
        "id": 82102204,
        "alias": "Contents.Item.Name.2102204",
        "text": "Jinwolgwongap"
    },
    "82102205": {
        "deprecated": false,
        "id": 82102205,
        "alias": "Contents.Item.Name.2102205",
        "text": "Red-Eye Armor"
    },
    "82102401": {
        "deprecated": false,
        "id": 82102401,
        "alias": "Contents.Item.Name.2102401",
        "text": "Geumgyeonggwongap"
    },
    "82102402": {
        "deprecated": false,
        "id": 82102402,
        "alias": "Contents.Item.Name.2102402",
        "text": "Shadow Gauntlets"
    },
    "82102403": {
        "deprecated": false,
        "id": 82102403,
        "alias": "Contents.Item.Name.2102403",
        "text": "Gift of the Face"
    },
    "82102404": {
        "deprecated": false,
        "id": 82102404,
        "alias": "Contents.Item.Name.2102404",
        "text": "Fist of Condemnation"
    },
    "82102405": {
        "deprecated": false,
        "id": 82102405,
        "alias": "Contents.Item.Name.2102405",
        "text": "Girls of Vigor"
    },
    "82102406": {
        "deprecated": false,
        "id": 82102406,
        "alias": "Contents.Item.Name.2102406",
        "text": "Beast's Bite"
    },
    "82102407": {
        "deprecated": false,
        "id": 82102407,
        "alias": "Contents.Item.Name.2102407",
        "text": "The Hand of Wei Tacheon"
    },
    "82102408": {
        "deprecated": false,
        "id": 82102408,
        "alias": "Contents.Item.Name.2102408",
        "text": "Sun Moon Gauntlet"
    },
    "82102409": {
        "deprecated": false,
        "id": 82102409,
        "alias": "Contents.Item.Name.2102409",
        "text": "Call of the Three Heavens"
    },
    "82102410": {
        "deprecated": false,
        "id": 82102410,
        "alias": "Contents.Item.Name.2102410",
        "text": "Abyssal Claw"
    },
    "82102601": {
        "deprecated": false,
        "id": 82102601,
        "alias": "Contents.Item.Name.2102601",
        "text": "Forgotten Promise"
    },
    "82102602": {
        "deprecated": false,
        "id": 82102602,
        "alias": "Contents.Item.Name.2102602",
        "text": "Fist of the Colossus"
    },
    "82102603": {
        "deprecated": false,
        "id": 82102603,
        "alias": "Contents.Item.Name.2102603",
        "text": "Shackles of the Windfury"
    },
    "82102604": {
        "deprecated": false,
        "id": 82102604,
        "alias": "Contents.Item.Name.2102604",
        "text": "Youkai Hunter"
    },
    "82102605": {
        "deprecated": false,
        "id": 82102605,
        "alias": "Contents.Item.Name.2102605",
        "text": "Lava Fist"
    },
    "82102801": {
        "deprecated": false,
        "id": 82102801,
        "alias": "Contents.Item.Name.2102801",
        "text": "The hand of all three things"
    },
    "82102802": {
        "deprecated": false,
        "id": 82102802,
        "alias": "Contents.Item.Name.2102802",
        "text": "The Last Shadow"
    },
    "82103001": {
        "deprecated": false,
        "id": 82103001,
        "alias": "Contents.Item.Name.2103001",
        "text": "Practice groundwork plaque"
    },
    "82103002": {
        "deprecated": false,
        "id": 82103002,
        "alias": "Contents.Item.Name.2103002",
        "text": "Firework Ceremony"
    },
    "82103003": {
        "deprecated": false,
        "id": 82103003,
        "alias": "Contents.Item.Name.2103003",
        "text": "Wooden Ceremonial Plaque"
    },
    "82103004": {
        "deprecated": false,
        "id": 82103004,
        "alias": "Contents.Item.Name.2103004",
        "text": "Bronze Medal"
    },
    "82103005": {
        "deprecated": false,
        "id": 82103005,
        "alias": "Contents.Item.Name.2103005",
        "text": "Sapphire Medal"
    },
    "82103006": {
        "deprecated": false,
        "id": 82103006,
        "alias": "Contents.Item.Name.2103006",
        "text": "Taegeuk qigong plaque"
    },
    "82103007": {
        "deprecated": false,
        "id": 82103007,
        "alias": "Contents.Item.Name.2103007",
        "text": "Yin-Yang Qigong Plaque"
    },
    "82103008": {
        "deprecated": false,
        "id": 82103008,
        "alias": "Contents.Item.Name.2103008",
        "text": "Red Flame Dragon"
    },
    "82103009": {
        "deprecated": false,
        "id": 82103009,
        "alias": "Contents.Item.Name.2103009",
        "text": "Bronze Butterfly"
    },
    "82103010": {
        "deprecated": false,
        "id": 82103010,
        "alias": "Contents.Item.Name.2103010",
        "text": "Jeongah Qigong Plaque"
    },
    "82103201": {
        "deprecated": false,
        "id": 82103201,
        "alias": "Contents.Item.Name.2103201",
        "text": "The Martyrs' Ceremony"
    },
    "82103202": {
        "deprecated": false,
        "id": 82103202,
        "alias": "Contents.Item.Name.2103202",
        "text": "Fire Drops"
    },
    "82103203": {
        "deprecated": false,
        "id": 82103203,
        "alias": "Contents.Item.Name.2103203",
        "text": "Dinyeom Qigong Plaque"
    },
    "82103204": {
        "deprecated": false,
        "id": 82103204,
        "alias": "Contents.Item.Name.2103204",
        "text": "Wolyeong Qigong Plaque"
    },
    "82103205": {
        "deprecated": false,
        "id": 82103205,
        "alias": "Contents.Item.Name.2103205",
        "text": "Chocheon Qigong Plaque"
    },
    "82103401": {
        "deprecated": false,
        "id": 82103401,
        "alias": "Contents.Item.Name.2103401",
        "text": "Golden match"
    },
    "82103402": {
        "deprecated": false,
        "id": 82103402,
        "alias": "Contents.Item.Name.2103402",
        "text": "Ring of Seven Nights"
    },
    "82103403": {
        "deprecated": false,
        "id": 82103403,
        "alias": "Contents.Item.Name.2103403",
        "text": "Wave of Spirits"
    },
    "82103404": {
        "deprecated": false,
        "id": 82103404,
        "alias": "Contents.Item.Name.2103404",
        "text": "Mirror of Sin"
    },
    "82103405": {
        "deprecated": false,
        "id": 82103405,
        "alias": "Contents.Item.Name.2103405",
        "text": "The longing of the soul"
    },
    "82103406": {
        "deprecated": false,
        "id": 82103406,
        "alias": "Contents.Item.Name.2103406",
        "text": "Breath of Nature"
    },
    "82103407": {
        "deprecated": false,
        "id": 82103407,
        "alias": "Contents.Item.Name.2103407",
        "text": "Spore Amplifier"
    },
    "82103408": {
        "deprecated": false,
        "id": 82103408,
        "alias": "Contents.Item.Name.2103408",
        "text": "Flame of Fire"
    },
    "82103409": {
        "deprecated": false,
        "id": 82103409,
        "alias": "Contents.Item.Name.2103409",
        "text": "Fire of the Underworld"
    },
    "82103410": {
        "deprecated": false,
        "id": 82103410,
        "alias": "Contents.Item.Name.2103410",
        "text": "Abyssal Ice Flower"
    },
    "82103601": {
        "deprecated": false,
        "id": 82103601,
        "alias": "Contents.Item.Name.2103601",
        "text": "The Fire of Dawn"
    },
    "82103602": {
        "deprecated": false,
        "id": 82103602,
        "alias": "Contents.Item.Name.2103602",
        "text": "Ancient Remnants"
    },
    "82103603": {
        "deprecated": false,
        "id": 82103603,
        "alias": "Contents.Item.Name.2103603",
        "text": "Shock of the Storm"
    },
    "82103604": {
        "deprecated": false,
        "id": 82103604,
        "alias": "Contents.Item.Name.2103604",
        "text": "Fire of a Small Thousand"
    },
    "82103605": {
        "deprecated": false,
        "id": 82103605,
        "alias": "Contents.Item.Name.2103605",
        "text": "Blood Jewel"
    },
    "82103801": {
        "deprecated": false,
        "id": 82103801,
        "alias": "Contents.Item.Name.2103801",
        "text": "Eternal Flash"
    },
    "82103802": {
        "deprecated": false,
        "id": 82103802,
        "alias": "Contents.Item.Name.2103802",
        "text": "The Light of the End"
    },
    "82104001": {
        "deprecated": false,
        "id": 82104001,
        "alias": "Contents.Item.Name.2104001",
        "text": "Practice Axe"
    },
    "82104002": {
        "deprecated": false,
        "id": 82104002,
        "alias": "Contents.Item.Name.2104002",
        "text": "Large Axe"
    },
    "82104003": {
        "deprecated": false,
        "id": 82104003,
        "alias": "Contents.Item.Name.2104003",
        "text": "Lumberjack"
    },
    "82104004": {
        "deprecated": false,
        "id": 82104004,
        "alias": "Contents.Item.Name.2104004",
        "text": "Bronze Axe"
    },
    "82104005": {
        "deprecated": false,
        "id": 82104005,
        "alias": "Contents.Item.Name.2104005",
        "text": "Sapphire Ax"
    },
    "82104006": {
        "deprecated": false,
        "id": 82104006,
        "alias": "Contents.Item.Name.2104006",
        "text": "Steel Axe"
    },
    "82104007": {
        "deprecated": false,
        "id": 82104007,
        "alias": "Contents.Item.Name.2104007",
        "text": "The Godfather of Gungon"
    },
    "82104008": {
        "deprecated": false,
        "id": 82104008,
        "alias": "Contents.Item.Name.2104008",
        "text": "Blue Dragon Play"
    },
    "82104009": {
        "deprecated": false,
        "id": 82104009,
        "alias": "Contents.Item.Name.2104009",
        "text": "Wolasan"
    },
    "82104010": {
        "deprecated": false,
        "id": 82104010,
        "alias": "Contents.Item.Name.2104010",
        "text": "Red Moon"
    },
    "82104201": {
        "deprecated": false,
        "id": 82104201,
        "alias": "Contents.Item.Name.2104201",
        "text": "Sandstorm Axe"
    },
    "82104202": {
        "deprecated": false,
        "id": 82104202,
        "alias": "Contents.Item.Name.2104202",
        "text": "Axe of the Fighters"
    },
    "82104203": {
        "deprecated": false,
        "id": 82104203,
        "alias": "Contents.Item.Name.2104203",
        "text": "The Executioner"
    },
    "82104204": {
        "deprecated": false,
        "id": 82104204,
        "alias": "Contents.Item.Name.2104204",
        "text": "New Moon"
    },
    "82104205": {
        "deprecated": false,
        "id": 82104205,
        "alias": "Contents.Item.Name.2104205",
        "text": "Sacred Wood Axe"
    },
    "82104401": {
        "deprecated": false,
        "id": 82104401,
        "alias": "Contents.Item.Name.2104401",
        "text": "Golden Axe"
    },
    "82104402": {
        "deprecated": false,
        "id": 82104402,
        "alias": "Contents.Item.Name.2104402",
        "text": "The Shadow Axe"
    },
    "82104403": {
        "deprecated": false,
        "id": 82104403,
        "alias": "Contents.Item.Name.2104403",
        "text": "Golden Axe"
    },
    "82104404": {
        "deprecated": false,
        "id": 82104404,
        "alias": "Contents.Item.Name.2104404",
        "text": "Axe of Fanaticism"
    },
    "82104405": {
        "deprecated": false,
        "id": 82104405,
        "alias": "Contents.Item.Name.2104405",
        "text": "Ax of the Requiem"
    },
    "82104406": {
        "deprecated": false,
        "id": 82104406,
        "alias": "Contents.Item.Name.2104406",
        "text": "Ax of Savagery"
    },
    "82104407": {
        "deprecated": false,
        "id": 82104407,
        "alias": "Contents.Item.Name.2104407",
        "text": "Shadow of the Mountain"
    },
    "82104408": {
        "deprecated": false,
        "id": 82104408,
        "alias": "Contents.Item.Name.2104408",
        "text": "The Absolute Godfather"
    },
    "82104409": {
        "deprecated": false,
        "id": 82104409,
        "alias": "Contents.Item.Name.2104409",
        "text": "Axe of Destruction"
    },
    "82104410": {
        "deprecated": false,
        "id": 82104410,
        "alias": "Contents.Item.Name.2104410",
        "text": "Abyssal Crusher"
    },
    "82104601": {
        "deprecated": false,
        "id": 82104601,
        "alias": "Contents.Item.Name.2104601",
        "text": "The Wall of the Continent"
    },
    "82104602": {
        "deprecated": false,
        "id": 82104602,
        "alias": "Contents.Item.Name.2104602",
        "text": "Wrath of the Deep"
    },
    "82104603": {
        "deprecated": false,
        "id": 82104603,
        "alias": "Contents.Item.Name.2104603",
        "text": "Surge of Gusts"
    },
    "82104604": {
        "deprecated": false,
        "id": 82104604,
        "alias": "Contents.Item.Name.2104604",
        "text": "Lord of the Epic"
    },
    "82104605": {
        "deprecated": false,
        "id": 82104605,
        "alias": "Contents.Item.Name.2104605",
        "text": "Guardian of Ashes"
    },
    "82104801": {
        "deprecated": false,
        "id": 82104801,
        "alias": "Contents.Item.Name.2104801",
        "text": "The Weight of Good and Evil"
    },
    "82104802": {
        "deprecated": false,
        "id": 82104802,
        "alias": "Contents.Item.Name.2104802",
        "text": "Apostle of Eternal Sleep"
    },
    "82105001": {
        "deprecated": false,
        "id": 82105001,
        "alias": "Contents.Item.Name.2105001",
        "text": "Practice Bow"
    },
    "82105002": {
        "deprecated": false,
        "id": 82105002,
        "alias": "Contents.Item.Name.2105002",
        "text": "bow"
    },
    "82105003": {
        "deprecated": false,
        "id": 82105003,
        "alias": "Contents.Item.Name.2105003",
        "text": "Wood Bow"
    },
    "82105004": {
        "deprecated": false,
        "id": 82105004,
        "alias": "Contents.Item.Name.2105004",
        "text": "Heavy Bow"
    },
    "82105005": {
        "deprecated": false,
        "id": 82105005,
        "alias": "Contents.Item.Name.2105005",
        "text": "copper bow"
    },
    "82105006": {
        "deprecated": false,
        "id": 82105006,
        "alias": "Contents.Item.Name.2105006",
        "text": "Ice Flame Bow"
    },
    "82105007": {
        "deprecated": false,
        "id": 82105007,
        "alias": "Contents.Item.Name.2105007",
        "text": "Sun Moon Palace"
    },
    "82105008": {
        "deprecated": false,
        "id": 82105008,
        "alias": "Contents.Item.Name.2105008",
        "text": "Sharp Bow"
    },
    "82105009": {
        "deprecated": false,
        "id": 82105009,
        "alias": "Contents.Item.Name.2105009",
        "text": "Hwanmokgung"
    },
    "82105010": {
        "deprecated": false,
        "id": 82105010,
        "alias": "Contents.Item.Name.2105010",
        "text": "Black Gecko"
    },
    "82105201": {
        "deprecated": false,
        "id": 82105201,
        "alias": "Contents.Item.Name.2105201",
        "text": "Desert Leader's Bow"
    },
    "82105202": {
        "deprecated": false,
        "id": 82105202,
        "alias": "Contents.Item.Name.2105202",
        "text": "General's Bow"
    },
    "82105203": {
        "deprecated": false,
        "id": 82105203,
        "alias": "Contents.Item.Name.2105203",
        "text": "Byeoksa Palace"
    },
    "82105204": {
        "deprecated": false,
        "id": 82105204,
        "alias": "Contents.Item.Name.2105204",
        "text": "Baekwoogung"
    },
    "82105205": {
        "deprecated": false,
        "id": 82105205,
        "alias": "Contents.Item.Name.2105205",
        "text": "The Beast's Bow"
    },
    "82105401": {
        "deprecated": false,
        "id": 82105401,
        "alias": "Contents.Item.Name.2105401",
        "text": "Golden Gyeongbokgung"
    },
    "82105402": {
        "deprecated": false,
        "id": 82105402,
        "alias": "Contents.Item.Name.2105402",
        "text": "Night Horror"
    },
    "82105403": {
        "deprecated": false,
        "id": 82105403,
        "alias": "Contents.Item.Name.2105403",
        "text": "Golden Bow"
    },
    "82105404": {
        "deprecated": false,
        "id": 82105404,
        "alias": "Contents.Item.Name.2105404",
        "text": "The Punisher's Bow"
    },
    "82105405": {
        "deprecated": false,
        "id": 82105405,
        "alias": "Contents.Item.Name.2105405",
        "text": "Longbow of the Soul"
    },
    "82105406": {
        "deprecated": false,
        "id": 82105406,
        "alias": "Contents.Item.Name.2105406",
        "text": "Onslaught of Predators"
    },
    "82105407": {
        "deprecated": false,
        "id": 82105407,
        "alias": "Contents.Item.Name.2105407",
        "text": "The trajectory of a comet"
    },
    "82105408": {
        "deprecated": false,
        "id": 82105408,
        "alias": "Contents.Item.Name.2105408",
        "text": "Bow of the Broken Moonlight"
    },
    "82105409": {
        "deprecated": false,
        "id": 82105409,
        "alias": "Contents.Item.Name.2105409",
        "text": "Light of Purgatory"
    },
    "82105410": {
        "deprecated": false,
        "id": 82105410,
        "alias": "Contents.Item.Name.2105410",
        "text": "Abyssal Bow"
    },
    "82105601": {
        "deprecated": false,
        "id": 82105601,
        "alias": "Contents.Item.Name.2105601",
        "text": "The Bow of the Shrine"
    },
    "82105602": {
        "deprecated": false,
        "id": 82105602,
        "alias": "Contents.Item.Name.2105602",
        "text": "Traces of the natural enemy"
    },
    "82105603": {
        "deprecated": false,
        "id": 82105603,
        "alias": "Contents.Item.Name.2105603",
        "text": "The trajectory of the wind wind"
    },
    "82105604": {
        "deprecated": false,
        "id": 82105604,
        "alias": "Contents.Item.Name.2105604",
        "text": "The Stem of the Oral"
    },
    "82105605": {
        "deprecated": false,
        "id": 82105605,
        "alias": "Contents.Item.Name.2105605",
        "text": "a shower of flames"
    },
    "82105801": {
        "deprecated": false,
        "id": 82105801,
        "alias": "Contents.Item.Name.2105801",
        "text": "Bow of Shinsal"
    },
    "82105802": {
        "deprecated": false,
        "id": 82105802,
        "alias": "Contents.Item.Name.2105802",
        "text": "Hours of Disruption"
    },
    "82106001": {
        "deprecated": false,
        "id": 82106001,
        "alias": "Contents.Item.Name.2106001",
        "text": "Practice Bell"
    },
    "82106002": {
        "deprecated": false,
        "id": 82106002,
        "alias": "Contents.Item.Name.2106002",
        "text": "bell"
    },
    "82106003": {
        "deprecated": false,
        "id": 82106003,
        "alias": "Contents.Item.Name.2106003",
        "text": "Wood Law"
    },
    "82106004": {
        "deprecated": false,
        "id": 82106004,
        "alias": "Contents.Item.Name.2106004",
        "text": "Bronze Bell"
    },
    "82106005": {
        "deprecated": false,
        "id": 82106005,
        "alias": "Contents.Item.Name.2106005",
        "text": "Servant of the Rite"
    },
    "82106006": {
        "deprecated": false,
        "id": 82106006,
        "alias": "Contents.Item.Name.2106006",
        "text": "Bapalpapa"
    },
    "82106007": {
        "deprecated": false,
        "id": 82106007,
        "alias": "Contents.Item.Name.2106007",
        "text": "Gongon Beopjong"
    },
    "82106008": {
        "deprecated": false,
        "id": 82106008,
        "alias": "Contents.Item.Name.2106008",
        "text": "Servant of the Exorcism"
    },
    "82106009": {
        "deprecated": false,
        "id": 82106009,
        "alias": "Contents.Item.Name.2106009",
        "text": "The Silver Court"
    },
    "82106010": {
        "deprecated": false,
        "id": 82106010,
        "alias": "Contents.Item.Name.2106010",
        "text": "Law of Silence"
    },
    "82106201": {
        "deprecated": false,
        "id": 82106201,
        "alias": "Contents.Item.Name.2106201",
        "text": "Pilgrimage Bell"
    },
    "82106202": {
        "deprecated": false,
        "id": 82106202,
        "alias": "Contents.Item.Name.2106202",
        "text": "The Dharma of Myeonggyeong"
    },
    "82106203": {
        "deprecated": false,
        "id": 82106203,
        "alias": "Contents.Item.Name.2106203",
        "text": "The Bell of the Fugu"
    },
    "82106204": {
        "deprecated": false,
        "id": 82106204,
        "alias": "Contents.Item.Name.2106204",
        "text": "Moonlight Bell"
    },
    "82106205": {
        "deprecated": false,
        "id": 82106205,
        "alias": "Contents.Item.Name.2106205",
        "text": "Goblin Drop"
    },
    "82106401": {
        "deprecated": false,
        "id": 82106401,
        "alias": "Contents.Item.Name.2106401",
        "text": "Geumgyeongbeopjong"
    },
    "82106402": {
        "deprecated": false,
        "id": 82106402,
        "alias": "Contents.Item.Name.2106402",
        "text": "Tuning Fork of Spirits"
    },
    "82106403": {
        "deprecated": false,
        "id": 82106403,
        "alias": "Contents.Item.Name.2106403",
        "text": "Lighthouse of the Soul"
    },
    "82106404": {
        "deprecated": false,
        "id": 82106404,
        "alias": "Contents.Item.Name.2106404",
        "text": "Eight Head Spirit"
    },
    "82106405": {
        "deprecated": false,
        "id": 82106405,
        "alias": "Contents.Item.Name.2106405",
        "text": "Servant of the Spirit"
    },
    "82106406": {
        "deprecated": false,
        "id": 82106406,
        "alias": "Contents.Item.Name.2106406",
        "text": "The Primal Call"
    },
    "82106407": {
        "deprecated": false,
        "id": 82106407,
        "alias": "Contents.Item.Name.2106407",
        "text": "Starlight Trembling"
    },
    "82106408": {
        "deprecated": false,
        "id": 82106408,
        "alias": "Contents.Item.Name.2106408",
        "text": "The Law of the Lake"
    },
    "82106409": {
        "deprecated": false,
        "id": 82106409,
        "alias": "Contents.Item.Name.2106409",
        "text": "The Prophet of the End"
    },
    "82106410": {
        "deprecated": false,
        "id": 82106410,
        "alias": "Contents.Item.Name.2106410",
        "text": "Wail of the Abyss"
    },
    "82106601": {
        "deprecated": false,
        "id": 82106601,
        "alias": "Contents.Item.Name.2106601",
        "text": "Whispers of the Dawn"
    },
    "82106602": {
        "deprecated": false,
        "id": 82106602,
        "alias": "Contents.Item.Name.2106602",
        "text": "Cry of Heaven"
    },
    "82106603": {
        "deprecated": false,
        "id": 82106603,
        "alias": "Contents.Item.Name.2106603",
        "text": "The Breeze"
    },
    "82106604": {
        "deprecated": false,
        "id": 82106604,
        "alias": "Contents.Item.Name.2106604",
        "text": "The Eternal Storyteller"
    },
    "82106605": {
        "deprecated": false,
        "id": 82106605,
        "alias": "Contents.Item.Name.2106605",
        "text": "Fire of Creation"
    },
    "82106801": {
        "deprecated": false,
        "id": 82106801,
        "alias": "Contents.Item.Name.2106801",
        "text": "Hymn of Brilliance"
    },
    "82106802": {
        "deprecated": false,
        "id": 82106802,
        "alias": "Contents.Item.Name.2106802",
        "text": "The Sound of Salvation"
    },
    "82201001": {
        "deprecated": false,
        "id": 82201001,
        "alias": "Contents.Item.Name.2201001",
        "text": "Practice sword (engraved)"
    },
    "82201002": {
        "deprecated": false,
        "id": 82201002,
        "alias": "Contents.Item.Name.2201002",
        "text": "Long Sword (Engraved)"
    },
    "82201003": {
        "deprecated": false,
        "id": 82201003,
        "alias": "Contents.Item.Name.2201003",
        "text": "Autumn leaves (engraved)"
    },
    "82201004": {
        "deprecated": false,
        "id": 82201004,
        "alias": "Contents.Item.Name.2201004",
        "text": "Bronze Sword (Engraved)"
    },
    "82201005": {
        "deprecated": false,
        "id": 82201005,
        "alias": "Contents.Item.Name.2201005",
        "text": "Rough Sword (Engraved)"
    },
    "82201006": {
        "deprecated": false,
        "id": 82201006,
        "alias": "Contents.Item.Name.2201006",
        "text": "Sword (Engraved)"
    },
    "82201007": {
        "deprecated": false,
        "id": 82201007,
        "alias": "Contents.Item.Name.2201007",
        "text": "Gugok sword (engraved)"
    },
    "82201008": {
        "deprecated": false,
        "id": 82201008,
        "alias": "Contents.Item.Name.2201008",
        "text": "Reverse Sword (Engraved)"
    },
    "82201009": {
        "deprecated": false,
        "id": 82201009,
        "alias": "Contents.Item.Name.2201009",
        "text": "Fortune Sword (Engraved)"
    },
    "82201010": {
        "deprecated": false,
        "id": 82201010,
        "alias": "Contents.Item.Name.2201010",
        "text": "Seven Jigsaw (Imprinted)"
    },
    "82201201": {
        "deprecated": false,
        "id": 82201201,
        "alias": "Contents.Item.Name.2201201",
        "text": "Shadow Longsword (Engraved)"
    },
    "82201202": {
        "deprecated": false,
        "id": 82201202,
        "alias": "Contents.Item.Name.2201202",
        "text": "Disaster Sword (Engraved)"
    },
    "82201203": {
        "deprecated": false,
        "id": 82201203,
        "alias": "Contents.Item.Name.2201203",
        "text": "Sword of the Spirit (Engraved)"
    },
    "82201204": {
        "deprecated": false,
        "id": 82201204,
        "alias": "Contents.Item.Name.2201204",
        "text": "Full Moon Sword (Engraved)"
    },
    "82201205": {
        "deprecated": false,
        "id": 82201205,
        "alias": "Contents.Item.Name.2201205",
        "text": "Unsoul Sword (Engraved)"
    },
    "82201401": {
        "deprecated": false,
        "id": 82201401,
        "alias": "Contents.Item.Name.2201401",
        "text": "Golden Long Sword (Engraved)"
    },
    "82201402": {
        "deprecated": false,
        "id": 82201402,
        "alias": "Contents.Item.Name.2201402",
        "text": "Moon Moon Sword (Engraved)"
    },
    "82201403": {
        "deprecated": false,
        "id": 82201403,
        "alias": "Contents.Item.Name.2201403",
        "text": "Super Heavenly Sword (Engraved)"
    },
    "82201404": {
        "deprecated": false,
        "id": 82201404,
        "alias": "Contents.Item.Name.2201404",
        "text": "Enforcer's Sword (Imprint)"
    },
    "82201405": {
        "deprecated": false,
        "id": 82201405,
        "alias": "Contents.Item.Name.2201405",
        "text": "Sword of Soul Sword (Engraved)"
    },
    "82201406": {
        "deprecated": false,
        "id": 82201406,
        "alias": "Contents.Item.Name.2201406",
        "text": "Wild Fang (Imprinted)"
    },
    "82201407": {
        "deprecated": false,
        "id": 82201407,
        "alias": "Contents.Item.Name.2201407",
        "text": "Sword of Wandering (Imprinted)"
    },
    "82201408": {
        "deprecated": false,
        "id": 82201408,
        "alias": "Contents.Item.Name.2201408",
        "text": "Biwol sword (engraved)"
    },
    "82201409": {
        "deprecated": false,
        "id": 82201409,
        "alias": "Contents.Item.Name.2201409",
        "text": "Sword of the Nether (Engraved)"
    },
    "82201410": {
        "deprecated": false,
        "id": 82201410,
        "alias": "Contents.Item.Name.2201410",
        "text": "Thorn of the Abyss (Imprint)"
    },
    "82201601": {
        "deprecated": false,
        "id": 82201601,
        "alias": "Contents.Item.Name.2201601",
        "text": "Sword of the King (Engraving)"
    },
    "82201602": {
        "deprecated": false,
        "id": 82201602,
        "alias": "Contents.Item.Name.2201602",
        "text": "Destruction Wand Demon Sword (Engraved)"
    },
    "82201603": {
        "deprecated": false,
        "id": 82201603,
        "alias": "Contents.Item.Name.2201603",
        "text": "Wind Tuner (Imprint)"
    },
    "82201604": {
        "deprecated": false,
        "id": 82201604,
        "alias": "Contents.Item.Name.2201604",
        "text": "Sulwhastalker (engraved)"
    },
    "82201605": {
        "deprecated": false,
        "id": 82201605,
        "alias": "Contents.Item.Name.2201605",
        "text": "Fire Pioneer (Imprinted)"
    },
    "82201801": {
        "deprecated": false,
        "id": 82201801,
        "alias": "Contents.Item.Name.2201801",
        "text": "Last Judgment (Imprint)"
    },
    "82201802": {
        "deprecated": false,
        "id": 82201802,
        "alias": "Contents.Item.Name.2201802",
        "text": "Watcher of Destiny (Imprint)"
    },
    "82202001": {
        "deprecated": false,
        "id": 82202001,
        "alias": "Contents.Item.Name.2202001",
        "text": "Practice Gauntlets (Engraved)"
    },
    "82202002": {
        "deprecated": false,
        "id": 82202002,
        "alias": "Contents.Item.Name.2202002",
        "text": "Gauntlet (engraved)"
    },
    "82202003": {
        "deprecated": false,
        "id": 82202003,
        "alias": "Contents.Item.Name.2202003",
        "text": "Wooden Crest (Engraved)"
    },
    "82202004": {
        "deprecated": false,
        "id": 82202004,
        "alias": "Contents.Item.Name.2202004",
        "text": "Bronze Gauntlet (Engraved)"
    },
    "82202005": {
        "deprecated": false,
        "id": 82202005,
        "alias": "Contents.Item.Name.2202005",
        "text": "Copper Gauntlet (Engraved)"
    },
    "82202006": {
        "deprecated": false,
        "id": 82202006,
        "alias": "Contents.Item.Name.2202006",
        "text": "Tai chi kwon gap (engraved)"
    },
    "82202007": {
        "deprecated": false,
        "id": 82202007,
        "alias": "Contents.Item.Name.2202007",
        "text": "Yin-Yang Gwon-Gap (Engraved)"
    },
    "82202008": {
        "deprecated": false,
        "id": 82202008,
        "alias": "Contents.Item.Name.2202008",
        "text": "Iron Fist (Imprinted)"
    },
    "82202009": {
        "deprecated": false,
        "id": 82202009,
        "alias": "Contents.Item.Name.2202009",
        "text": "Shaman's Gauntlet (Engraved)"
    },
    "82202010": {
        "deprecated": false,
        "id": 82202010,
        "alias": "Contents.Item.Name.2202010",
        "text": "Hopo Gauntlet (Engraved)"
    },
    "82202201": {
        "deprecated": false,
        "id": 82202201,
        "alias": "Contents.Item.Name.2202201",
        "text": "Seeker's Gauntlets (Engraving)"
    },
    "82202202": {
        "deprecated": false,
        "id": 82202202,
        "alias": "Contents.Item.Name.2202202",
        "text": "Banya Gauntlet (Engraved)"
    },
    "82202203": {
        "deprecated": false,
        "id": 82202203,
        "alias": "Contents.Item.Name.2202203",
        "text": "Monk's Gauntlet (Engraved)"
    },
    "82202204": {
        "deprecated": false,
        "id": 82202204,
        "alias": "Contents.Item.Name.2202204",
        "text": "Jinwolgwongap (engraved)"
    },
    "82202205": {
        "deprecated": false,
        "id": 82202205,
        "alias": "Contents.Item.Name.2202205",
        "text": "Red-Eye Armor (Engraved)"
    },
    "82202401": {
        "deprecated": false,
        "id": 82202401,
        "alias": "Contents.Item.Name.2202401",
        "text": "Golden Gyeonggwon (engraved)"
    },
    "82202402": {
        "deprecated": false,
        "id": 82202402,
        "alias": "Contents.Item.Name.2202402",
        "text": "Black Gauntlet (Engraved)"
    },
    "82202403": {
        "deprecated": false,
        "id": 82202403,
        "alias": "Contents.Item.Name.2202403",
        "text": "Girl face shield (engraved)"
    },
    "82202404": {
        "deprecated": false,
        "id": 82202404,
        "alias": "Contents.Item.Name.2202404",
        "text": "Fist of Condemnation (Imprint)"
    },
    "82202405": {
        "deprecated": false,
        "id": 82202405,
        "alias": "Contents.Item.Name.2202405",
        "text": "Girl of Vigor (Imprinted)"
    },
    "82202406": {
        "deprecated": false,
        "id": 82202406,
        "alias": "Contents.Item.Name.2202406",
        "text": "Beast's Bite (Imprint)"
    },
    "82202407": {
        "deprecated": false,
        "id": 82202407,
        "alias": "Contents.Item.Name.2202407",
        "text": "Hand of Wei Tacheon (Engraving)"
    },
    "82202408": {
        "deprecated": false,
        "id": 82202408,
        "alias": "Contents.Item.Name.2202408",
        "text": "Sun Moon Gauntlet (Engraved)"
    },
    "82202409": {
        "deprecated": false,
        "id": 82202409,
        "alias": "Contents.Item.Name.2202409",
        "text": "Call of the Three Thousands (Engraving)"
    },
    "82202410": {
        "deprecated": false,
        "id": 82202410,
        "alias": "Contents.Item.Name.2202410",
        "text": "Abyssal Claw (Imprint)"
    },
    "82202601": {
        "deprecated": false,
        "id": 82202601,
        "alias": "Contents.Item.Name.2202601",
        "text": "Forgotten Promise (Engraved)"
    },
    "82202602": {
        "deprecated": false,
        "id": 82202602,
        "alias": "Contents.Item.Name.2202602",
        "text": "Fist of the Colossus (Imprint)"
    },
    "82202603": {
        "deprecated": false,
        "id": 82202603,
        "alias": "Contents.Item.Name.2202603",
        "text": "Shackles of the Windfury (Imprinted)"
    },
    "82202604": {
        "deprecated": false,
        "id": 82202604,
        "alias": "Contents.Item.Name.2202604",
        "text": "Yokai Hunter (Engraved)"
    },
    "82202605": {
        "deprecated": false,
        "id": 82202605,
        "alias": "Contents.Item.Name.2202605",
        "text": "Lava Fist (Imprinted)"
    },
    "82202801": {
        "deprecated": false,
        "id": 82202801,
        "alias": "Contents.Item.Name.2202801",
        "text": "Hands of all things (engraving)"
    },
    "82202802": {
        "deprecated": false,
        "id": 82202802,
        "alias": "Contents.Item.Name.2202802",
        "text": "Last Shadow (Imprint)"
    },
    "82203001": {
        "deprecated": false,
        "id": 82203001,
        "alias": "Contents.Item.Name.2203001",
        "text": "Practice qigong plaque (engraved)"
    },
    "82203002": {
        "deprecated": false,
        "id": 82203002,
        "alias": "Contents.Item.Name.2203002",
        "text": "Fireworks plaque (engraved)"
    },
    "82203003": {
        "deprecated": false,
        "id": 82203003,
        "alias": "Contents.Item.Name.2203003",
        "text": "Wood ground plaque (engraved)"
    },
    "82203004": {
        "deprecated": false,
        "id": 82203004,
        "alias": "Contents.Item.Name.2203004",
        "text": "Bronze qigong plaque (engraved)"
    },
    "82203005": {
        "deprecated": false,
        "id": 82203005,
        "alias": "Contents.Item.Name.2203005",
        "text": "Sapphire plaque (engraved)"
    },
    "82203006": {
        "deprecated": false,
        "id": 82203006,
        "alias": "Contents.Item.Name.2203006",
        "text": "Taegeuk qigong plaque (engraved)"
    },
    "82203007": {
        "deprecated": false,
        "id": 82203007,
        "alias": "Contents.Item.Name.2203007",
        "text": "Yin-Yang Qigong Plaque (Engraved)"
    },
    "82203008": {
        "deprecated": false,
        "id": 82203008,
        "alias": "Contents.Item.Name.2203008",
        "text": "Red Flame Gong (engraved)"
    },
    "82203009": {
        "deprecated": false,
        "id": 82203009,
        "alias": "Contents.Item.Name.2203009",
        "text": "Bronze Butterfly (Engraved)"
    },
    "82203010": {
        "deprecated": false,
        "id": 82203010,
        "alias": "Contents.Item.Name.2203010",
        "text": "Jeokah Qigong plaque (engraved)"
    },
    "82203201": {
        "deprecated": false,
        "id": 82203201,
        "alias": "Contents.Item.Name.2203201",
        "text": "Qigong plaque of the martyrs (engraved)"
    },
    "82203202": {
        "deprecated": false,
        "id": 82203202,
        "alias": "Contents.Item.Name.2203202",
        "text": "Fire Bubble (Imprinted)"
    },
    "82203203": {
        "deprecated": false,
        "id": 82203203,
        "alias": "Contents.Item.Name.2203203",
        "text": "Shinyeom Qigong Plaque (Engraved)"
    },
    "82203204": {
        "deprecated": false,
        "id": 82203204,
        "alias": "Contents.Item.Name.2203204",
        "text": "Wolyeong qigong plaque (engraved)"
    },
    "82203205": {
        "deprecated": false,
        "id": 82203205,
        "alias": "Contents.Item.Name.2203205",
        "text": "Choicheon Qigong Plaque (Engraved)"
    },
    "82203401": {
        "deprecated": false,
        "id": 82203401,
        "alias": "Contents.Item.Name.2203401",
        "text": "Golden medal (engraved)"
    },
    "82203402": {
        "deprecated": false,
        "id": 82203402,
        "alias": "Contents.Item.Name.2203402",
        "text": "Ring of Seven Nights (Engraved)"
    },
    "82203403": {
        "deprecated": false,
        "id": 82203403,
        "alias": "Contents.Item.Name.2203403",
        "text": "Wave of Spirits (Imprint)"
    },
    "82203404": {
        "deprecated": false,
        "id": 82203404,
        "alias": "Contents.Item.Name.2203404",
        "text": "Mirror of Sin (Imprint)"
    },
    "82203405": {
        "deprecated": false,
        "id": 82203405,
        "alias": "Contents.Item.Name.2203405",
        "text": "Soul's longing (imprint)"
    },
    "82203406": {
        "deprecated": false,
        "id": 82203406,
        "alias": "Contents.Item.Name.2203406",
        "text": "Breath of Nature (Imprinted)"
    },
    "82203407": {
        "deprecated": false,
        "id": 82203407,
        "alias": "Contents.Item.Name.2203407",
        "text": "Spore Amplifier (Imprinted)"
    },
    "82203408": {
        "deprecated": false,
        "id": 82203408,
        "alias": "Contents.Item.Name.2203408",
        "text": "Fire of Fire (Imprint)"
    },
    "82203409": {
        "deprecated": false,
        "id": 82203409,
        "alias": "Contents.Item.Name.2203409",
        "text": "Fire of the Underworld (Imprint)"
    },
    "82203410": {
        "deprecated": false,
        "id": 82203410,
        "alias": "Contents.Item.Name.2203410",
        "text": "Abyssal Ice Flower (Engraved)"
    },
    "82203601": {
        "deprecated": false,
        "id": 82203601,
        "alias": "Contents.Item.Name.2203601",
        "text": "Fire of the Dawn (Imprint)"
    },
    "82203602": {
        "deprecated": false,
        "id": 82203602,
        "alias": "Contents.Item.Name.2203602",
        "text": "Ancient Remnants (Engraving)"
    },
    "82203603": {
        "deprecated": false,
        "id": 82203603,
        "alias": "Contents.Item.Name.2203603",
        "text": "Tempest Thrill (Imprint)"
    },
    "82203604": {
        "deprecated": false,
        "id": 82203604,
        "alias": "Contents.Item.Name.2203604",
        "text": "Fire of a small stream (engraved)"
    },
    "82203605": {
        "deprecated": false,
        "id": 82203605,
        "alias": "Contents.Item.Name.2203605",
        "text": "Blood Jewel (Engraved)"
    },
    "82203801": {
        "deprecated": false,
        "id": 82203801,
        "alias": "Contents.Item.Name.2203801",
        "text": "Eternal Flash (Imprint)"
    },
    "82203802": {
        "deprecated": false,
        "id": 82203802,
        "alias": "Contents.Item.Name.2203802",
        "text": "Light of the End (Imprint)"
    },
    "82204001": {
        "deprecated": false,
        "id": 82204001,
        "alias": "Contents.Item.Name.2204001",
        "text": "Practice Axe (Engraved)"
    },
    "82204002": {
        "deprecated": false,
        "id": 82204002,
        "alias": "Contents.Item.Name.2204002",
        "text": "Large Axe (Engraved)"
    },
    "82204003": {
        "deprecated": false,
        "id": 82204003,
        "alias": "Contents.Item.Name.2204003",
        "text": "Lumbering Ax (Engraved)"
    },
    "82204004": {
        "deprecated": false,
        "id": 82204004,
        "alias": "Contents.Item.Name.2204004",
        "text": "Bronze Ax (Engraved)"
    },
    "82204005": {
        "deprecated": false,
        "id": 82204005,
        "alias": "Contents.Item.Name.2204005",
        "text": "Sapphire Ax (Engraved)"
    },
    "82204006": {
        "deprecated": false,
        "id": 82204006,
        "alias": "Contents.Item.Name.2204006",
        "text": "Steel Axe (Imprinted)"
    },
    "82204007": {
        "deprecated": false,
        "id": 82204007,
        "alias": "Contents.Item.Name.2204007",
        "text": "Gongon Godfather (engraved)"
    },
    "82204008": {
        "deprecated": false,
        "id": 82204008,
        "alias": "Contents.Item.Name.2204008",
        "text": "Blue dragon play (engraved)"
    },
    "82204009": {
        "deprecated": false,
        "id": 82204009,
        "alias": "Contents.Item.Name.2204009",
        "text": "Wol-Asan (engraved)"
    },
    "82204010": {
        "deprecated": false,
        "id": 82204010,
        "alias": "Contents.Item.Name.2204010",
        "text": "Red Moon (Engraved)"
    },
    "82204201": {
        "deprecated": false,
        "id": 82204201,
        "alias": "Contents.Item.Name.2204201",
        "text": "Sandstorm Ax (Engraved)"
    },
    "82204202": {
        "deprecated": false,
        "id": 82204202,
        "alias": "Contents.Item.Name.2204202",
        "text": "Warrior's Ax (Engraved)"
    },
    "82204203": {
        "deprecated": false,
        "id": 82204203,
        "alias": "Contents.Item.Name.2204203",
        "text": "Executor (Imprinted)"
    },
    "82204204": {
        "deprecated": false,
        "id": 82204204,
        "alias": "Contents.Item.Name.2204204",
        "text": "August part (engraved)"
    },
    "82204205": {
        "deprecated": false,
        "id": 82204205,
        "alias": "Contents.Item.Name.2204205",
        "text": "Sacred Wooden Ax (Engraved)"
    },
    "82204401": {
        "deprecated": false,
        "id": 82204401,
        "alias": "Contents.Item.Name.2204401",
        "text": "Golden axe (engraved)"
    },
    "82204402": {
        "deprecated": false,
        "id": 82204402,
        "alias": "Contents.Item.Name.2204402",
        "text": "Axe of Darkness (Imprint)"
    },
    "82204403": {
        "deprecated": false,
        "id": 82204403,
        "alias": "Contents.Item.Name.2204403",
        "text": "Golden Ax (Engraved)"
    },
    "82204404": {
        "deprecated": false,
        "id": 82204404,
        "alias": "Contents.Item.Name.2204404",
        "text": "Axe of Fanaticism (Imprint)"
    },
    "82204405": {
        "deprecated": false,
        "id": 82204405,
        "alias": "Contents.Item.Name.2204405",
        "text": "Ax of the Soul (Engraved)"
    },
    "82204406": {
        "deprecated": false,
        "id": 82204406,
        "alias": "Contents.Item.Name.2204406",
        "text": "Ax of Savagery (Engraved)"
    },
    "82204407": {
        "deprecated": false,
        "id": 82204407,
        "alias": "Contents.Item.Name.2204407",
        "text": "Shadow of the Mountain (Imprint)"
    },
    "82204408": {
        "deprecated": false,
        "id": 82204408,
        "alias": "Contents.Item.Name.2204408",
        "text": "Eternal Godfather (engraved)"
    },
    "82204409": {
        "deprecated": false,
        "id": 82204409,
        "alias": "Contents.Item.Name.2204409",
        "text": "Axe of Destruction (Imprint)"
    },
    "82204410": {
        "deprecated": false,
        "id": 82204410,
        "alias": "Contents.Item.Name.2204410",
        "text": "Abyssal Crusher (Imprint)"
    },
    "82204601": {
        "deprecated": false,
        "id": 82204601,
        "alias": "Contents.Item.Name.2204601",
        "text": "Barrier of the Continent (Imprinted)"
    },
    "82204602": {
        "deprecated": false,
        "id": 82204602,
        "alias": "Contents.Item.Name.2204602",
        "text": "Wrath of the Deep (Imprinted)"
    },
    "82204603": {
        "deprecated": false,
        "id": 82204603,
        "alias": "Contents.Item.Name.2204603",
        "text": "Surge of Gust (Imprint)"
    },
    "82204604": {
        "deprecated": false,
        "id": 82204604,
        "alias": "Contents.Item.Name.2204604",
        "text": "Lord of the epic (engraved)"
    },
    "82204605": {
        "deprecated": false,
        "id": 82204605,
        "alias": "Contents.Item.Name.2204605",
        "text": "Guardian of Ash (Imprinted)"
    },
    "82204801": {
        "deprecated": false,
        "id": 82204801,
        "alias": "Contents.Item.Name.2204801",
        "text": "The weight of good and evil (imprint)"
    },
    "82204802": {
        "deprecated": false,
        "id": 82204802,
        "alias": "Contents.Item.Name.2204802",
        "text": "Apostle of Remembrance (Engraving)"
    },
    "82205001": {
        "deprecated": false,
        "id": 82205001,
        "alias": "Contents.Item.Name.2205001",
        "text": "Practice Bow (Imprinted)"
    },
    "82205002": {
        "deprecated": false,
        "id": 82205002,
        "alias": "Contents.Item.Name.2205002",
        "text": "Bow (Imprinted)"
    },
    "82205003": {
        "deprecated": false,
        "id": 82205003,
        "alias": "Contents.Item.Name.2205003",
        "text": "Wood Bow (Imprinted)"
    },
    "82205004": {
        "deprecated": false,
        "id": 82205004,
        "alias": "Contents.Item.Name.2205004",
        "text": "Heavy Bow (Imprinted)"
    },
    "82205005": {
        "deprecated": false,
        "id": 82205005,
        "alias": "Contents.Item.Name.2205005",
        "text": "Copper Bow (Imprinted)"
    },
    "82205006": {
        "deprecated": false,
        "id": 82205006,
        "alias": "Contents.Item.Name.2205006",
        "text": "Ice Flame Bow (Engraved)"
    },
    "82205007": {
        "deprecated": false,
        "id": 82205007,
        "alias": "Contents.Item.Name.2205007",
        "text": "Sun Moon Palace (Engraved)"
    },
    "82205008": {
        "deprecated": false,
        "id": 82205008,
        "alias": "Contents.Item.Name.2205008",
        "text": "Sharp bow (engraved)"
    },
    "82205009": {
        "deprecated": false,
        "id": 82205009,
        "alias": "Contents.Item.Name.2205009",
        "text": "Hwanmokgung (engraved)"
    },
    "82205010": {
        "deprecated": false,
        "id": 82205010,
        "alias": "Contents.Item.Name.2205010",
        "text": "Black Gakgung (Imprinted)"
    },
    "82205201": {
        "deprecated": false,
        "id": 82205201,
        "alias": "Contents.Item.Name.2205201",
        "text": "Desert Leader's Bow (Engraved)"
    },
    "82205202": {
        "deprecated": false,
        "id": 82205202,
        "alias": "Contents.Item.Name.2205202",
        "text": "General's Bow (Imprinted)"
    },
    "82205203": {
        "deprecated": false,
        "id": 82205203,
        "alias": "Contents.Item.Name.2205203",
        "text": "Byeoksa Palace (Engraved)"
    },
    "82205204": {
        "deprecated": false,
        "id": 82205204,
        "alias": "Contents.Item.Name.2205204",
        "text": "Baekwoogung (engraved)"
    },
    "82205205": {
        "deprecated": false,
        "id": 82205205,
        "alias": "Contents.Item.Name.2205205",
        "text": "Ghost's Bow (Engraved)"
    },
    "82205401": {
        "deprecated": false,
        "id": 82205401,
        "alias": "Contents.Item.Name.2205401",
        "text": "Golden Gyeongbokgung (Engraved)"
    },
    "82205402": {
        "deprecated": false,
        "id": 82205402,
        "alias": "Contents.Item.Name.2205402",
        "text": "Terror of the Night (Imprint)"
    },
    "82205403": {
        "deprecated": false,
        "id": 82205403,
        "alias": "Contents.Item.Name.2205403",
        "text": "Golden Bow (Engraved)"
    },
    "82205404": {
        "deprecated": false,
        "id": 82205404,
        "alias": "Contents.Item.Name.2205404",
        "text": "Bow of the Punisher (Imprinted)"
    },
    "82205405": {
        "deprecated": false,
        "id": 82205405,
        "alias": "Contents.Item.Name.2205405",
        "text": "Longbow of the Soul (Engraved)"
    },
    "82205406": {
        "deprecated": false,
        "id": 82205406,
        "alias": "Contents.Item.Name.2205406",
        "text": "Onslaught of the Predator (Imprint)"
    },
    "82205407": {
        "deprecated": false,
        "id": 82205407,
        "alias": "Contents.Item.Name.2205407",
        "text": "The trajectory of the comet (imprint)"
    },
    "82205408": {
        "deprecated": false,
        "id": 82205408,
        "alias": "Contents.Item.Name.2205408",
        "text": "Bow of Broken Moonlight (Imprinted)"
    },
    "82205409": {
        "deprecated": false,
        "id": 82205409,
        "alias": "Contents.Item.Name.2205409",
        "text": "Light of Purgatory (Imprint)"
    },
    "82205410": {
        "deprecated": false,
        "id": 82205410,
        "alias": "Contents.Item.Name.2205410",
        "text": "Abyssal Bow (Imprint)"
    },
    "82205601": {
        "deprecated": false,
        "id": 82205601,
        "alias": "Contents.Item.Name.2205601",
        "text": "Bow of Jingu (engraved)"
    },
    "82205602": {
        "deprecated": false,
        "id": 82205602,
        "alias": "Contents.Item.Name.2205602",
        "text": "Traces of natural enemies (engraved)"
    },
    "82205603": {
        "deprecated": false,
        "id": 82205603,
        "alias": "Contents.Item.Name.2205603",
        "text": "The trajectory of the wind (engraved)"
    },
    "82205604": {
        "deprecated": false,
        "id": 82205604,
        "alias": "Contents.Item.Name.2205604",
        "text": "Stem of Oral (Imprint)"
    },
    "82205605": {
        "deprecated": false,
        "id": 82205605,
        "alias": "Contents.Item.Name.2205605",
        "text": "A shower of flames (engraved)"
    },
    "82205801": {
        "deprecated": false,
        "id": 82205801,
        "alias": "Contents.Item.Name.2205801",
        "text": "Bow of Shinsal (engraved)"
    },
    "82205802": {
        "deprecated": false,
        "id": 82205802,
        "alias": "Contents.Item.Name.2205802",
        "text": "Time of Disruption (Imprint)"
    },
    "82206001": {
        "deprecated": false,
        "id": 82206001,
        "alias": "Contents.Item.Name.2206001",
        "text": "Practice Bell (Engraving)"
    },
    "82206002": {
        "deprecated": false,
        "id": 82206002,
        "alias": "Contents.Item.Name.2206002",
        "text": "bell (engraved)"
    },
    "82206003": {
        "deprecated": false,
        "id": 82206003,
        "alias": "Contents.Item.Name.2206003",
        "text": "Wooden Bell (Engraved)"
    },
    "82206004": {
        "deprecated": false,
        "id": 82206004,
        "alias": "Contents.Item.Name.2206004",
        "text": "Bronze Bell (Engraved)"
    },
    "82206005": {
        "deprecated": false,
        "id": 82206005,
        "alias": "Contents.Item.Name.2206005",
        "text": "The bell of the ritual (engraving)"
    },
    "82206006": {
        "deprecated": false,
        "id": 82206006,
        "alias": "Contents.Item.Name.2206006",
        "text": "Eight folds (engraved)"
    },
    "82206007": {
        "deprecated": false,
        "id": 82206007,
        "alias": "Contents.Item.Name.2206007",
        "text": "Geongon Beopjong (Engraved)"
    },
    "82206008": {
        "deprecated": false,
        "id": 82206008,
        "alias": "Contents.Item.Name.2206008",
        "text": "Exorcist Bell (Imprinted)"
    },
    "82206009": {
        "deprecated": false,
        "id": 82206009,
        "alias": "Contents.Item.Name.2206009",
        "text": "Silver Bell (Engraved)"
    },
    "82206010": {
        "deprecated": false,
        "id": 82206010,
        "alias": "Contents.Item.Name.2206010",
        "text": "The Bell of Silence (Engraved)"
    },
    "82206201": {
        "deprecated": false,
        "id": 82206201,
        "alias": "Contents.Item.Name.2206201",
        "text": "Pilgrimage Bell (Engraving)"
    },
    "82206202": {
        "deprecated": false,
        "id": 82206202,
        "alias": "Contents.Item.Name.2206202",
        "text": "The Blessing of Myeonggyeong (Engraving)"
    },
    "82206203": {
        "deprecated": false,
        "id": 82206203,
        "alias": "Contents.Item.Name.2206203",
        "text": "Bell of Fugu (Engraved)"
    },
    "82206204": {
        "deprecated": false,
        "id": 82206204,
        "alias": "Contents.Item.Name.2206204",
        "text": "Moonlight Bell (Engraved)"
    },
    "82206205": {
        "deprecated": false,
        "id": 82206205,
        "alias": "Contents.Item.Name.2206205",
        "text": "Goblin Drop (Imprinted)"
    },
    "82206401": {
        "deprecated": false,
        "id": 82206401,
        "alias": "Contents.Item.Name.2206401",
        "text": "Geumgyeongbeopjong (engraved)"
    },
    "82206402": {
        "deprecated": false,
        "id": 82206402,
        "alias": "Contents.Item.Name.2206402",
        "text": "Tuning Fork of Spirits (Imprint)"
    },
    "82206403": {
        "deprecated": false,
        "id": 82206403,
        "alias": "Contents.Item.Name.2206403",
        "text": "Lighthouse of the Soul (Imprint)"
    },
    "82206404": {
        "deprecated": false,
        "id": 82206404,
        "alias": "Contents.Item.Name.2206404",
        "text": "Eight Head Spirit (Engraved)"
    },
    "82206405": {
        "deprecated": false,
        "id": 82206405,
        "alias": "Contents.Item.Name.2206405",
        "text": "Spirit Bell (Engraved)"
    },
    "82206406": {
        "deprecated": false,
        "id": 82206406,
        "alias": "Contents.Item.Name.2206406",
        "text": "Primal Call (Imprint)"
    },
    "82206407": {
        "deprecated": false,
        "id": 82206407,
        "alias": "Contents.Item.Name.2206407",
        "text": "Starlight Trembling (Imprinted)"
    },
    "82206408": {
        "deprecated": false,
        "id": 82206408,
        "alias": "Contents.Item.Name.2206408",
        "text": "Lake Bell (Engraving)"
    },
    "82206409": {
        "deprecated": false,
        "id": 82206409,
        "alias": "Contents.Item.Name.2206409",
        "text": "Prophet of the End (Imprinted)"
    },
    "82206410": {
        "deprecated": false,
        "id": 82206410,
        "alias": "Contents.Item.Name.2206410",
        "text": "Wail of the Abyss (Imprint)"
    },
    "82206601": {
        "deprecated": false,
        "id": 82206601,
        "alias": "Contents.Item.Name.2206601",
        "text": "Whispers of Dawn (Imprinted)"
    },
    "82206602": {
        "deprecated": false,
        "id": 82206602,
        "alias": "Contents.Item.Name.2206602",
        "text": "Cry of Heaven (Engraved)"
    },
    "82206603": {
        "deprecated": false,
        "id": 82206603,
        "alias": "Contents.Item.Name.2206603",
        "text": "The Breeze (Imprinted)"
    },
    "82206604": {
        "deprecated": false,
        "id": 82206604,
        "alias": "Contents.Item.Name.2206604",
        "text": "Eternal Storyteller (Imprinted)"
    },
    "82206605": {
        "deprecated": false,
        "id": 82206605,
        "alias": "Contents.Item.Name.2206605",
        "text": "Fire of Creation (Imprint)"
    },
    "82206801": {
        "deprecated": false,
        "id": 82206801,
        "alias": "Contents.Item.Name.2206801",
        "text": "Hymn of Brilliance (Imprinted)"
    },
    "82206802": {
        "deprecated": false,
        "id": 82206802,
        "alias": "Contents.Item.Name.2206802",
        "text": "Echo of Salvation (Imprint)"
    },
    "82101606": {
        "deprecated": false,
        "id": 82101606,
        "alias": "Contents.Item.Name.2101606",
        "text": "Sword of the Forgotten Executioner"
    },
    "82102606": {
        "deprecated": false,
        "id": 82102606,
        "alias": "Contents.Item.Name.2102606",
        "text": "Fist of Forgotten Condemnation"
    },
    "82103606": {
        "deprecated": false,
        "id": 82103606,
        "alias": "Contents.Item.Name.2103606",
        "text": "Mirror of Forgotten Sins"
    },
    "82104606": {
        "deprecated": false,
        "id": 82104606,
        "alias": "Contents.Item.Name.2104606",
        "text": "Axe of Forgotten Fanaticism"
    },
    "82105606": {
        "deprecated": false,
        "id": 82105606,
        "alias": "Contents.Item.Name.2105606",
        "text": "Bow of the Forgotten Punisher"
    },
    "82106606": {
        "deprecated": false,
        "id": 82106606,
        "alias": "Contents.Item.Name.2106606",
        "text": "Forgotten Head Spirit"
    },
    "82201606": {
        "deprecated": false,
        "id": 82201606,
        "alias": "Contents.Item.Name.2201606",
        "text": "Sword of the Forgotten Executioner (Imprint)"
    },
    "82202606": {
        "deprecated": false,
        "id": 82202606,
        "alias": "Contents.Item.Name.2202606",
        "text": "Fist of Forgotten Condemnation (Imprint)"
    },
    "82203606": {
        "deprecated": false,
        "id": 82203606,
        "alias": "Contents.Item.Name.2203606",
        "text": "Mirror of Forgotten Sins (engraved)"
    },
    "82204606": {
        "deprecated": false,
        "id": 82204606,
        "alias": "Contents.Item.Name.2204606",
        "text": "Axe of Forgotten Fanaticism (Engraving)"
    },
    "82205606": {
        "deprecated": false,
        "id": 82205606,
        "alias": "Contents.Item.Name.2205606",
        "text": "Bow of the Forgotten Punisher (Imprint)"
    },
    "82206606": {
        "deprecated": false,
        "id": 82206606,
        "alias": "Contents.Item.Name.2206606",
        "text": "Forgotten Head Spirit (engraved)"
    }
}