{
    "13001000": {
        "deprecated": false,
        "Dev_Desc": "1000_1 제목",
        "id": 13001000,
        "alias": "Contents.Quest.Point.1000",
        "text": "Younggyowon's request"
    },
    "13001001": {
        "deprecated": false,
        "Dev_Desc": "1000_2 제목",
        "id": 13001001,
        "alias": "Contents.Quest.Point.1001",
        "text": "Plum Blossom's Request"
    },
    "13001002": {
        "deprecated": false,
        "Dev_Desc": "1000_3 제목",
        "id": 13001002,
        "alias": "Contents.Quest.Point.1002",
        "text": "Request for Dohwasangjeon"
    },
    "13001003": {
        "deprecated": false,
        "Dev_Desc": "1000_4 제목",
        "id": 13001003,
        "alias": "Contents.Quest.Point.1003",
        "text": "Request for Geumgyeongcheolmun"
    },
    "13001004": {
        "deprecated": false,
        "Dev_Desc": "1000_5 제목",
        "id": 13001004,
        "alias": "Contents.Quest.Point.1004",
        "text": "Find another way"
    },
    "13001005": {
        "deprecated": false,
        "Dev_Desc": "1000_6 제목",
        "id": 13001005,
        "alias": "Contents.Quest.Point.1005",
        "text": "Look around"
    },
    "13001006": {
        "deprecated": false,
        "Dev_Desc": "1001_1 제목",
        "id": 13001006,
        "alias": "Contents.Quest.Point.1006",
        "text": "In Search of Fertility"
    },
    "13001007": {
        "deprecated": false,
        "Dev_Desc": "1001_2 제목",
        "id": 13001007,
        "alias": "Contents.Quest.Point.1007",
        "text": "The Void Pit"
    },
    "13001008": {
        "deprecated": false,
        "Dev_Desc": "1000_1 힌트명",
        "id": 13001008,
        "alias": "Contents.Quest.Point.1008",
        "text": "Resolve Young Gyowon's request"
    },
    "13001010": {
        "deprecated": false,
        "Dev_Desc": "1000_1_2",
        "id": 13001010,
        "alias": "Contents.Quest.Point.1010",
        "text": "Speak with Perong Perong again"
    },
    "13001011": {
        "deprecated": false,
        "Dev_Desc": "1000_1_3",
        "id": 13001011,
        "alias": "Contents.Quest.Point.1011",
        "text": "Find the Lost Herbalist"
    },
    "13001012": {
        "deprecated": false,
        "Dev_Desc": "1000_1_4",
        "id": 13001012,
        "alias": "Contents.Quest.Point.1012",
        "text": "Find the Lost Herbalist"
    },
    "13001013": {
        "deprecated": false,
        "Dev_Desc": "1000_1_5",
        "id": 13001013,
        "alias": "Contents.Quest.Point.1013",
        "text": "Move towards the wreck"
    },
    "13001014": {
        "deprecated": false,
        "Dev_Desc": "1000_1_6",
        "id": 13001014,
        "alias": "Contents.Quest.Point.1014",
        "text": "Check scroll"
    },
    "13001015": {
        "deprecated": false,
        "Dev_Desc": "1000_1_7",
        "id": 13001015,
        "alias": "Contents.Quest.Point.1015",
        "text": "Rescue Barong"
    },
    "13001016": {
        "deprecated": false,
        "Dev_Desc": "1000_1_8",
        "id": 13001016,
        "alias": "Contents.Quest.Point.1016",
        "text": "Conversation with Lingling"
    },
    "13001017": {
        "deprecated": false,
        "Dev_Desc": "1000_1_9",
        "id": 13001017,
        "alias": "Contents.Quest.Point.1017",
        "text": "Get Half Moon"
    },
    "13001018": {
        "deprecated": false,
        "Dev_Desc": "1000_1_10",
        "id": 13001018,
        "alias": "Contents.Quest.Point.1018",
        "text": "Pass the half moon candle to Lingling"
    },
    "13001019": {
        "deprecated": false,
        "Dev_Desc": "1000_1_11",
        "id": 13001019,
        "alias": "Contents.Quest.Point.1019",
        "text": "Report to Perong Perong"
    },
    "13001020": {
        "deprecated": false,
        "Dev_Desc": "1000_1_12",
        "id": 13001020,
        "alias": "Contents.Quest.Point.1020",
        "text": "Acquired a plaque of merit"
    },
    "13001021": {
        "deprecated": false,
        "Dev_Desc": "1000_2 힌트명",
        "id": 13001021,
        "alias": "Contents.Quest.Point.1021",
        "text": "Resolve the request of the plum blossoms"
    },
    "13001023": {
        "deprecated": false,
        "Dev_Desc": "1000_2_2",
        "id": 13001023,
        "alias": "Contents.Quest.Point.1023",
        "text": "Find Maehwadan Headquarters"
    },
    "13001024": {
        "deprecated": false,
        "Dev_Desc": "1000_2_3",
        "id": 13001024,
        "alias": "Contents.Quest.Point.1024",
        "text": "Go to the plum blossoms"
    },
    "13001025": {
        "deprecated": false,
        "Dev_Desc": "1000_2_4",
        "id": 13001025,
        "alias": "Contents.Quest.Point.1025",
        "text": "Go to the plum flower bed"
    },
    "13001026": {
        "deprecated": false,
        "Dev_Desc": "1000_2_5",
        "id": 13001026,
        "alias": "Contents.Quest.Point.1026",
        "text": "Go to the carpentry dwelling"
    },
    "13001027": {
        "deprecated": false,
        "Dev_Desc": "1000_2_6",
        "id": 13001027,
        "alias": "Contents.Quest.Point.1027",
        "text": "Tracking footprints"
    },
    "13001028": {
        "deprecated": false,
        "Dev_Desc": "1000_2_7",
        "id": 13001028,
        "alias": "Contents.Quest.Point.1028",
        "text": "Defeat the Westin"
    },
    "13001029": {
        "deprecated": false,
        "Dev_Desc": "1000_2_8",
        "id": 13001029,
        "alias": "Contents.Quest.Point.1029",
        "text": "Move inward"
    },
    "13001030": {
        "deprecated": false,
        "Dev_Desc": "1000_2_9",
        "id": 13001030,
        "alias": "Contents.Quest.Point.1030",
        "text": "Defeat the westerners in the base"
    },
    "13001031": {
        "deprecated": false,
        "Dev_Desc": "1000_2_10",
        "id": 13001031,
        "alias": "Contents.Quest.Point.1031",
        "text": "Conversation with Shim Ha-yeon"
    },
    "13001032": {
        "deprecated": false,
        "Dev_Desc": "1000_2_11",
        "id": 13001032,
        "alias": "Contents.Quest.Point.1032",
        "text": "Visit the lakeside cottage"
    },
    "13001033": {
        "deprecated": false,
        "Dev_Desc": "1000_2_12",
        "id": 13001033,
        "alias": "Contents.Quest.Point.1033",
        "text": "Investigate Suspicious Stain"
    },
    "13001034": {
        "deprecated": false,
        "Dev_Desc": "1000_2_13",
        "id": 13001034,
        "alias": "Contents.Quest.Point.1034",
        "text": "Go to the back of the house"
    },
    "13001035": {
        "deprecated": false,
        "Dev_Desc": "1000_2_14",
        "id": 13001035,
        "alias": "Contents.Quest.Point.1035",
        "text": "Defeat Unidentified Monster"
    },
    "13001036": {
        "deprecated": false,
        "Dev_Desc": "1000_2_15",
        "id": 13001036,
        "alias": "Contents.Quest.Point.1036",
        "text": "Conversation with Arang"
    },
    "13001037": {
        "deprecated": false,
        "Dev_Desc": "1000_2_16",
        "id": 13001037,
        "alias": "Contents.Quest.Point.1037",
        "text": "Escape the outbuildings"
    },
    "13001038": {
        "deprecated": false,
        "Dev_Desc": "1000_2_17",
        "id": 13001038,
        "alias": "Contents.Quest.Point.1038",
        "text": "Go to Shim Ha-yeon"
    },
    "13001039": {
        "deprecated": false,
        "Dev_Desc": "1000_2_18",
        "id": 13001039,
        "alias": "Contents.Quest.Point.1039",
        "text": "A tangent to the deep sea"
    },
    "13001040": {
        "deprecated": false,
        "Dev_Desc": "1000_2_19",
        "id": 13001040,
        "alias": "Contents.Quest.Point.1040",
        "text": "Acquired a plaque of merit"
    },
    "13001041": {
        "deprecated": false,
        "Dev_Desc": "1000_3 힌트명",
        "id": 13001041,
        "alias": "Contents.Quest.Point.1041",
        "text": "Resolve the quest of Dohwasangjeon"
    },
    "13001043": {
        "deprecated": false,
        "Dev_Desc": "1000_3_2",
        "id": 13001043,
        "alias": "Contents.Quest.Point.1043",
        "text": "Go on a winding hill road"
    },
    "13001044": {
        "deprecated": false,
        "Dev_Desc": "1000_3_3",
        "id": 13001044,
        "alias": "Contents.Quest.Point.1044",
        "text": "tangent with Kwak Yu-ok"
    },
    "13001045": {
        "deprecated": false,
        "Dev_Desc": "1000_3_4",
        "id": 13001045,
        "alias": "Contents.Quest.Point.1045",
        "text": "Recover Stolen Cargo"
    },
    "13001046": {
        "deprecated": false,
        "Dev_Desc": "1000_3_5",
        "id": 13001046,
        "alias": "Contents.Quest.Point.1046",
        "text": "Conversation with Kwak Yu-ok"
    },
    "13001047": {
        "deprecated": false,
        "Dev_Desc": "1000_3_6",
        "id": 13001047,
        "alias": "Contents.Quest.Point.1047",
        "text": "Go to vigilante post"
    },
    "13001048": {
        "deprecated": false,
        "Dev_Desc": "1000_3_7",
        "id": 13001048,
        "alias": "Contents.Quest.Point.1048",
        "text": "Go to vigilante post"
    },
    "13001049": {
        "deprecated": false,
        "Dev_Desc": "1000_3_8",
        "id": 13001049,
        "alias": "Contents.Quest.Point.1049",
        "text": "Follow the Superintendent"
    },
    "13001050": {
        "deprecated": false,
        "Dev_Desc": "1000_3_9",
        "id": 13001050,
        "alias": "Contents.Quest.Point.1050",
        "text": "Subdue Vigilantes"
    },
    "13001051": {
        "deprecated": false,
        "Dev_Desc": "1000_3_10",
        "id": 13001051,
        "alias": "Contents.Quest.Point.1051",
        "text": "Investigation of Suspicious Documents"
    },
    "13001052": {
        "deprecated": false,
        "Dev_Desc": "1000_3_11",
        "id": 13001052,
        "alias": "Contents.Quest.Point.1052",
        "text": "Interrogation of the Superintendent"
    },
    "13001053": {
        "deprecated": false,
        "Dev_Desc": "1000_3_12",
        "id": 13001053,
        "alias": "Contents.Quest.Point.1053",
        "text": "tangent with Kwak Yu-ok"
    },
    "13001055": {
        "deprecated": false,
        "Dev_Desc": "1000_3_14",
        "id": 13001055,
        "alias": "Contents.Quest.Point.1055",
        "text": "Obtain a plaque of merit"
    },
    "13001056": {
        "deprecated": false,
        "Dev_Desc": "1000_4 힌트명",
        "id": 13001056,
        "alias": "Contents.Quest.Point.1056",
        "text": "Resolve the request of Geumgyeongcheolmun"
    },
    "13001057": {
        "deprecated": false,
        "Dev_Desc": "1000_4_1",
        "id": 13001057,
        "alias": "Contents.Quest.Point.1057",
        "text": "Talk to the Moonlight"
    },
    "13001058": {
        "deprecated": false,
        "Dev_Desc": "1000_4_2",
        "id": 13001058,
        "alias": "Contents.Quest.Point.1058",
        "text": "Collect Turtle Crystals"
    },
    "13001059": {
        "deprecated": false,
        "Dev_Desc": "1000_4_3",
        "id": 13001059,
        "alias": "Contents.Quest.Point.1059",
        "text": "Move to Ironfist"
    },
    "13001060": {
        "deprecated": false,
        "Dev_Desc": "1000_4_4",
        "id": 13001060,
        "alias": "Contents.Quest.Point.1060",
        "text": "Speak with Ironfist"
    },
    "13001061": {
        "deprecated": false,
        "Dev_Desc": "1000_4_5",
        "id": 13001061,
        "alias": "Contents.Quest.Point.1061",
        "text": "Go to Luggage Storage"
    },
    "13001062": {
        "deprecated": false,
        "Dev_Desc": "1000_4_6",
        "id": 13001062,
        "alias": "Contents.Quest.Point.1062",
        "text": "Go to Luggage Storage"
    },
    "13001063": {
        "deprecated": false,
        "Dev_Desc": "1000_4_7",
        "id": 13001063,
        "alias": "Contents.Quest.Point.1063",
        "text": "Investigate Inside the Vault"
    },
    "13001064": {
        "deprecated": false,
        "Dev_Desc": "1000_4_8",
        "id": 13001064,
        "alias": "Contents.Quest.Point.1064",
        "text": "Investigate Inside the Vault"
    },
    "13001065": {
        "deprecated": false,
        "Dev_Desc": "1000_4_9",
        "id": 13001065,
        "alias": "Contents.Quest.Point.1065",
        "text": "Move to special storage area"
    },
    "13001066": {
        "deprecated": false,
        "Dev_Desc": "1000_4_10",
        "id": 13001066,
        "alias": "Contents.Quest.Point.1066",
        "text": "Subdue the mercenaries"
    },
    "13001067": {
        "deprecated": false,
        "Dev_Desc": "1000_4_11",
        "id": 13001067,
        "alias": "Contents.Quest.Point.1067",
        "text": "Recall of correspondence"
    },
    "13001068": {
        "deprecated": false,
        "Dev_Desc": "1000_4_12",
        "id": 13001068,
        "alias": "Contents.Quest.Point.1068",
        "text": "Conversation with Arang"
    },
    "13001069": {
        "deprecated": false,
        "Dev_Desc": "1000_4_13",
        "id": 13001069,
        "alias": "Contents.Quest.Point.1069",
        "text": "Steelfist and Tangent"
    },
    "13001071": {
        "deprecated": false,
        "Dev_Desc": "1000_4_15",
        "id": 13001071,
        "alias": "Contents.Quest.Point.1071",
        "text": "Acquired a plaque of merit"
    },
    "13001072": {
        "deprecated": false,
        "Dev_Desc": "1000_5 힌트명",
        "id": 13001072,
        "alias": "Contents.Quest.Point.1072",
        "text": "Find another way"
    },
    "13001073": {
        "deprecated": false,
        "Dev_Desc": "1000_5_1",
        "id": 13001073,
        "alias": "Contents.Quest.Point.1073",
        "text": "Explore the square"
    },
    "13001074": {
        "deprecated": false,
        "Dev_Desc": "1000_5_2",
        "id": 13001074,
        "alias": "Contents.Quest.Point.1074",
        "text": "Approaching the rogue"
    },
    "13001076": {
        "deprecated": false,
        "Dev_Desc": "1000_5_4",
        "id": 13001076,
        "alias": "Contents.Quest.Point.1076",
        "text": "Purchase Medal of Merit"
    },
    "13001077": {
        "deprecated": false,
        "Dev_Desc": "1000_6 힌트명",
        "id": 13001077,
        "alias": "Contents.Quest.Point.1077",
        "text": "Look around"
    },
    "13001078": {
        "deprecated": false,
        "Dev_Desc": "1000_6_1",
        "id": 13001078,
        "alias": "Contents.Quest.Point.1078",
        "text": "Look around"
    },
    "13001079": {
        "deprecated": false,
        "Dev_Desc": "1000_6_2",
        "id": 13001079,
        "alias": "Contents.Quest.Point.1079",
        "text": "Explore Peaks"
    },
    "13001080": {
        "deprecated": false,
        "Dev_Desc": "1001_1 힌트명",
        "id": 13001080,
        "alias": "Contents.Quest.Point.1080",
        "text": "Find Fertility with Arang"
    },
    "13001081": {
        "deprecated": false,
        "Dev_Desc": "1001_1_1",
        "id": 13001081,
        "alias": "Contents.Quest.Point.1081",
        "text": "Go to Revealed Ruins"
    },
    "13001082": {
        "deprecated": false,
        "Dev_Desc": "1001_1_2",
        "id": 13001082,
        "alias": "Contents.Quest.Point.1082",
        "text": "tangent with arang"
    },
    "13001083": {
        "deprecated": false,
        "Dev_Desc": "1001_1_3",
        "id": 13001083,
        "alias": "Contents.Quest.Point.1083",
        "text": "Investigate the entrance to the corridor of awakening"
    },
    "13001084": {
        "deprecated": false,
        "Dev_Desc": "1001_1_4",
        "id": 13001084,
        "alias": "Contents.Quest.Point.1084",
        "text": "Manipulating the entrance to the corridor of awakening"
    },
    "13001085": {
        "deprecated": false,
        "Dev_Desc": "1001_1_5",
        "id": 13001085,
        "alias": "Contents.Quest.Point.1085",
        "text": "Check closed door"
    },
    "13001086": {
        "deprecated": false,
        "Dev_Desc": "1001_1_6",
        "id": 13001086,
        "alias": "Contents.Quest.Point.1086",
        "text": "Enter inside the corridor"
    },
    "13001087": {
        "deprecated": false,
        "Dev_Desc": "1001_1_7",
        "id": 13001087,
        "alias": "Contents.Quest.Point.1087",
        "text": "Operate Left Device"
    },
    "13001088": {
        "deprecated": false,
        "Dev_Desc": "1001_1_8",
        "id": 13001088,
        "alias": "Contents.Quest.Point.1088",
        "text": "Go inside the corridor"
    },
    "13001089": {
        "deprecated": false,
        "Dev_Desc": "1001_1_9",
        "id": 13001089,
        "alias": "Contents.Quest.Point.1089",
        "text": "Move to the other side"
    },
    "13001090": {
        "deprecated": false,
        "Dev_Desc": "1001_1_10",
        "id": 13001090,
        "alias": "Contents.Quest.Point.1090",
        "text": "Exit Corridor of Awakening"
    },
    "13001091": {
        "deprecated": false,
        "Dev_Desc": "1001_1_11",
        "id": 13001091,
        "alias": "Contents.Quest.Point.1091",
        "text": "Conversation with Arang"
    },
    "13001092": {
        "deprecated": false,
        "Dev_Desc": "1001_1_12",
        "id": 13001092,
        "alias": "Contents.Quest.Point.1092",
        "text": "Go to Camp Barong"
    },
    "13001093": {
        "deprecated": false,
        "Dev_Desc": "1001_1_13",
        "id": 13001093,
        "alias": "Contents.Quest.Point.1093",
        "text": "Speak with Ne-Nyan"
    },
    "13001094": {
        "deprecated": false,
        "Dev_Desc": "1001_1_14",
        "id": 13001094,
        "alias": "Contents.Quest.Point.1094",
        "text": "Get Glittering Stone"
    },
    "13001095": {
        "deprecated": false,
        "Dev_Desc": "1001_1_15",
        "id": 13001095,
        "alias": "Contents.Quest.Point.1095",
        "text": "Go inside the ruins"
    },
    "13001096": {
        "deprecated": false,
        "Dev_Desc": "1001_1_16",
        "id": 13001096,
        "alias": "Contents.Quest.Point.1096",
        "text": "Check the shiny spot"
    },
    "13001097": {
        "deprecated": false,
        "Dev_Desc": "1001_1_17",
        "id": 13001097,
        "alias": "Contents.Quest.Point.1097",
        "text": "Check Suspicious Spot"
    },
    "13001098": {
        "deprecated": false,
        "Dev_Desc": "1001_1_18",
        "id": 13001098,
        "alias": "Contents.Quest.Point.1098",
        "text": "Defeat Giant Monsters"
    },
    "13001099": {
        "deprecated": false,
        "Dev_Desc": "1001_1_19",
        "id": 13001099,
        "alias": "Contents.Quest.Point.1099",
        "text": "Conversation with Arang"
    },
    "13001100": {
        "deprecated": false,
        "Dev_Desc": "1001_1_20",
        "id": 13001100,
        "alias": "Contents.Quest.Point.1100",
        "text": "Check the sparkling point"
    },
    "13001101": {
        "deprecated": false,
        "Dev_Desc": "1001_1_21",
        "id": 13001101,
        "alias": "Contents.Quest.Point.1101",
        "text": "verification complete"
    },
    "13001102": {
        "deprecated": false,
        "Dev_Desc": "1001_1_22",
        "id": 13001102,
        "alias": "Contents.Quest.Point.1102",
        "text": "Go to a steep cliff"
    },
    "13001103": {
        "deprecated": false,
        "Dev_Desc": "1001_1_23",
        "id": 13001103,
        "alias": "Contents.Quest.Point.1103",
        "text": "Move over the cliff"
    },
    "13001104": {
        "deprecated": false,
        "Dev_Desc": "1001_1_24",
        "id": 13001104,
        "alias": "Contents.Quest.Point.1104",
        "text": "Check for shiny objects"
    },
    "13001105": {
        "deprecated": false,
        "Dev_Desc": "1001_1_25",
        "id": 13001105,
        "alias": "Contents.Quest.Point.1105",
        "text": "Manipulate Tomo"
    },
    "13001106": {
        "deprecated": false,
        "Dev_Desc": "1001_1_26",
        "id": 13001106,
        "alias": "Contents.Quest.Point.1106",
        "text": "Conversation with Arang"
    },
    "13001107": {
        "deprecated": false,
        "Dev_Desc": "1001_2 힌트명",
        "id": 13001107,
        "alias": "Contents.Quest.Point.1107",
        "text": "Fixing the Void Pit situation"
    },
    "13001108": {
        "deprecated": false,
        "Dev_Desc": "1001_2_1",
        "id": 13001108,
        "alias": "Contents.Quest.Point.1108",
        "text": "Go to the Void Pit"
    },
    "13001109": {
        "deprecated": false,
        "Dev_Desc": "1001_2_2",
        "id": 13001109,
        "alias": "Contents.Quest.Point.1109",
        "text": "Ascent and Tangent"
    },
    "13001110": {
        "deprecated": false,
        "Dev_Desc": "1001_2_3",
        "id": 13001110,
        "alias": "Contents.Quest.Point.1110",
        "text": "Collection of information"
    },
    "13001111": {
        "deprecated": false,
        "Dev_Desc": "1001_2_4",
        "id": 13001111,
        "alias": "Contents.Quest.Point.1111",
        "text": "Investigate how to get nuclei"
    },
    "13001112": {
        "deprecated": false,
        "Dev_Desc": "1001_2_5",
        "id": 13001112,
        "alias": "Contents.Quest.Point.1112",
        "text": "Collect the Bulwark's Core"
    },
    "13001113": {
        "deprecated": false,
        "Dev_Desc": "1001_2_6",
        "id": 13001113,
        "alias": "Contents.Quest.Point.1113",
        "text": "Nuclear Delivery of Bulwarks"
    },
    "13001114": {
        "deprecated": false,
        "Dev_Desc": "1004_5_1_7",
        "id": 13001114,
        "alias": "Contents.Quest.Point.1114",
        "text": "Guardian Killed"
    },
    "13001115": {
        "deprecated": false,
        "Dev_Desc": "1004_5_1_8",
        "id": 13001115,
        "alias": "Contents.Quest.Point.1115",
        "text": "Elite Guard Kill"
    },
    "13001116": {
        "deprecated": false,
        "Dev_Desc": "1003_3_2_9",
        "id": 13001116,
        "alias": "Contents.Quest.Point.1116",
        "text": "Investigation complete"
    },
    "13001117": {
        "deprecated": false,
        "Dev_Desc": "1003_3_1_10",
        "id": 13001117,
        "alias": "Contents.Quest.Point.1117",
        "text": "Go to Yeongkyowon"
    },
    "13001118": {
        "deprecated": false,
        "Dev_Desc": "1003_3_2_10",
        "id": 13001118,
        "alias": "Contents.Quest.Point.1118",
        "text": "Go to tangent place"
    },
    "13001119": {
        "deprecated": false,
        "Dev_Desc": "1003_3_1_11",
        "id": 13001119,
        "alias": "Contents.Quest.Point.1119",
        "text": "Go to tangent place"
    },
    "13001120": {
        "deprecated": false,
        "Dev_Desc": "1003_3_2_11",
        "id": 13001120,
        "alias": "Contents.Quest.Point.1120",
        "text": "Go to tangent place"
    },
    "13001121": {
        "deprecated": false,
        "Dev_Desc": "1004_5_1_9",
        "id": 13001121,
        "alias": "Contents.Quest.Point.1121",
        "text": "Right device operation"
    },
    "13001122": {
        "deprecated": false,
        "id": 13001122,
        "alias": "Contents.Quest.Point.1122",
        "text": "Solving the problems of Soho Village"
    },
    "13001123": {
        "deprecated": false,
        "id": 13001123,
        "alias": "Contents.Quest.Point.1123",
        "text": "Condition: Resolve [Painful Reality]"
    },
    "13001124": {
        "deprecated": false,
        "id": 13001124,
        "alias": "Contents.Quest.Point.1124",
        "text": "Resolving remaining episodes"
    },
    "13001125": {
        "deprecated": false,
        "id": 13001125,
        "alias": "Contents.Quest.Point.1125",
        "text": "Condition: [Vale living monster]>resolved"
    },
    "13001126": {
        "deprecated": false,
        "id": 13001126,
        "alias": "Contents.Quest.Point.1126",
        "text": "Resolving the difficulties of Vandal Ranch"
    },
    "13001127": {
        "deprecated": false,
        "id": 13001127,
        "alias": "Contents.Quest.Point.1127",
        "text": "Condition: [True Peaceful Vandal Ranch]>resolved"
    },
    "13001128": {
        "deprecated": false,
        "id": 13001128,
        "alias": "Contents.Quest.Point.1128",
        "text": "Be strong enough"
    },
    "13001129": {
        "deprecated": false,
        "id": 13001129,
        "alias": "Contents.Quest.Point.1129",
        "text": "Requirement: Achieve [Level 25]"
    },
    "13001130": {
        "deprecated": false,
        "id": 13001130,
        "alias": "Contents.Quest.Point.1130",
        "text": "Perform mission"
    },
    "13001131": {
        "deprecated": false,
        "id": 13001131,
        "alias": "Contents.Quest.Point.1131",
        "text": "Condition: Resolve [Sword of Real Fake Truth]"
    },
    "13001132": {
        "deprecated": false,
        "id": 13001132,
        "alias": "Contents.Quest.Point.1132",
        "text": "Training in martial arts"
    },
    "13001133": {
        "deprecated": false,
        "id": 13001133,
        "alias": "Contents.Quest.Point.1133",
        "text": "Requirement: Achieve [Level 17]"
    },
    "13001134": {
        "deprecated": false,
        "id": 13001134,
        "alias": "Contents.Quest.Point.1134",
        "text": "Collect Repair Catalyst"
    },
    "13001135": {
        "deprecated": false,
        "id": 13001135,
        "alias": "Contents.Quest.Point.1135",
        "text": "Go to the Labyrinth of Destroyed Awakening"
    },
    "13001136": {
        "deprecated": false,
        "id": 13001136,
        "alias": "Contents.Quest.Point.1136",
        "text": "Collect 200 nuclei of labyrinth monsters"
    },
    "13001137": {
        "deprecated": false,
        "id": 13001137,
        "alias": "Contents.Quest.Point.1137",
        "text": "Nuclear delivery to the two great seas"
    },
    "13001138": {
        "deprecated": false,
        "id": 13001138,
        "alias": "Contents.Quest.Point.1138",
        "text": "Collect a powerful repair catalyst"
    },
    "13001139": {
        "deprecated": false,
        "id": 13001139,
        "alias": "Contents.Quest.Point.1139",
        "text": "Entry to the 3rd floor of the Labyrinth of Destroyed Awakening"
    },
    "13001140": {
        "deprecated": false,
        "id": 13001140,
        "alias": "Contents.Quest.Point.1140",
        "text": "Honglin's Core Collection"
    },
    "13001141": {
        "deprecated": false,
        "id": 13001141,
        "alias": "Contents.Quest.Point.1141",
        "text": "Nuclear delivery to the two great seas"
    },
    "13001142": {
        "deprecated": false,
        "id": 13001142,
        "alias": "Contents.Quest.Point.1142",
        "text": "Practice martial arts"
    },
    "13001143": {
        "deprecated": false,
        "id": 13001143,
        "alias": "Contents.Quest.Point.1143",
        "text": "Requirement: Achieve [Level 30]"
    },
    "13001144": {
        "deprecated": false,
        "id": 13001144,
        "alias": "Contents.Quest.Point.1144",
        "text": "Condition: Resolve [Bought Rogue]"
    },
    "13001145": {
        "deprecated": false,
        "id": 13001145,
        "alias": "Contents.Quest.Point.1145",
        "text": "Condition: [Can I join?]>solved"
    },
    "13001146": {
        "deprecated": false,
        "id": 13001146,
        "alias": "Contents.Quest.Point.1146",
        "text": "Condition: Resolve [Sword of Real Fake Truth]"
    },
    "13001147": {
        "deprecated": false,
        "id": 13001147,
        "alias": "Contents.Quest.Point.1147",
        "text": "Condition: [Cursed Village]>resolved"
    },
    "13001148": {
        "deprecated": false,
        "id": 13001148,
        "alias": "Contents.Quest.Point.1148",
        "text": "Condition: Solve [Secret Hidden in the Forest]"
    },
    "13001149": {
        "deprecated": false,
        "id": 13001149,
        "alias": "Contents.Quest.Point.1149",
        "text": "Condition: [Secret Revealed]>Resolved"
    },
    "13001150": {
        "deprecated": false,
        "id": 13001150,
        "alias": "Contents.Quest.Point.1150",
        "text": "Condition: Resolve [Painful Reality]"
    },
    "13001151": {
        "deprecated": false,
        "id": 13001151,
        "alias": "Contents.Quest.Point.1151",
        "text": "Condition: [Peaceful Half Moon Ranch]>resolved"
    },
    "13001152": {
        "deprecated": false,
        "id": 13001152,
        "alias": "Contents.Quest.Point.1152",
        "text": "Condition: [True Peaceful Half Moon Ranch]>resolved"
    },
    "13001153": {
        "deprecated": false,
        "id": 13001153,
        "alias": "Contents.Quest.Point.1153",
        "text": "Condition: [Destroyed Suwa Village]>resolved"
    },
    "13001154": {
        "deprecated": false,
        "id": 13001154,
        "alias": "Contents.Quest.Point.1154",
        "text": "Condition: [Operation to retake village]>resolved"
    },
    "13001155": {
        "deprecated": false,
        "id": 13001155,
        "alias": "Contents.Quest.Point.1155",
        "text": "Condition: [Vale living monster]>resolved"
    },
    "13001156": {
        "deprecated": false,
        "id": 13001156,
        "alias": "Contents.Quest.Point.1156",
        "text": "Entry to Labyrinth Guardian Honglin's Room"
    }
}