{
    "40055000": {
        "deprecated": false,
        "Dev_Desc": "[LV.50] 탐사 1(붉은 비탈)",
        "id": 40055000,
        "alias": "Contents.Quest.Guide.55000",
        "text": "(How did the <textColor=[215:94:94:255]>Hongdon tribe</> get to the sea and moon continent?)"
    },
    "40055001": {
        "deprecated": false,
        "Dev_Desc": "[LV.50] 탐사 2(붉은 비탈)",
        "id": 40055001,
        "alias": "Contents.Quest.Guide.55001",
        "text": "(don't be fooled by foxtail in <textColor=[215:94:94:255]>mandala</>)"
    },
    "40055002": {
        "deprecated": false,
        "Dev_Desc": "[LV.51] 탐사 1(붉은 숲길)",
        "id": 40055002,
        "alias": "Contents.Quest.Guide.55002",
        "text": "(Beasts are a threat)"
    },
    "40055003": {
        "deprecated": false,
        "Dev_Desc": "[LV.51] 탐사 1(붉은 숲길)_2",
        "id": 40055003,
        "alias": "Contents.Quest.Guide.55003",
        "text": "(<textColor=[78:148:215:255]>Pungbaekmun</>is managed to increase the number of animals. How about other places?)"
    },
    "40055004": {
        "deprecated": false,
        "Dev_Desc": "[LV.51] 탐사 2(붉은 숲길)",
        "id": 40055004,
        "alias": "Contents.Quest.Guide.55004",
        "text": "(<textColor=[78:148:215:255]>If the expedition</> provided the land, the <textColor=[215:94:94:255]>Reddon</> would also loot. I wouldn't have taken it)"
    },
    "40055005": {
        "deprecated": false,
        "Dev_Desc": "[LV.51] 탐사 1(원령의 언덕)",
        "id": 40055005,
        "alias": "Contents.Quest.Guide.55005",
        "text": "(The crowd. You need to know the purpose of <textColor=[215:94:94:255]>Blackdawn</>)"
    },
    "40055006": {
        "deprecated": false,
        "Dev_Desc": "[LV.51] 탐사 1(원령의 언덕)_2",
        "id": 40055006,
        "alias": "Contents.Quest.Guide.55006",
        "text": "(They are keeping the <textColor=[78:148:215:255]>Pungbaekmun</> in check. Seems serious...)"
    },
    "40055007": {
        "deprecated": false,
        "Dev_Desc": "[LV.51] 탐사 2(원령의 언덕)",
        "id": 40055007,
        "alias": "Contents.Quest.Guide.55007",
        "text": "(If you follow <textColor=[255:204:102:255]>Sura</>, then <textColor=[255:204:102:255]>Your Shinsu</> <textColor=[78:148:215:255]>Pungbaekmun</> cannot be tolerated)"
    },
    "40055008": {
        "deprecated": false,
        "Dev_Desc": "[LV.52] 탐사 1(단풍 노을 골...)",
        "id": 40055008,
        "alias": "Contents.Quest.Guide.55008",
        "text": "(<textColor=[215:94:94:255]>The scorpion</> caught my eye. I'll have to look into it)"
    },
    "40055009": {
        "deprecated": false,
        "Dev_Desc": "[LV.52] 탐사 1(단풍 노을 골...)_2",
        "id": 40055009,
        "alias": "Contents.Quest.Guide.55009",
        "text": "(<textColor=[215:94:94:255]>Scorpions</> and <textColor=[215:94:94:255]>Mushrooms</> also breathe poison. That's dangerous. )"
    },
    "40055010": {
        "deprecated": false,
        "Dev_Desc": "[LV.52] 탐사 2(단풍 노을 골...)",
        "id": 40055010,
        "alias": "Contents.Quest.Guide.55010",
        "text": "(<textColor=[215:94:94:255]>Animals</>they're trying to protect the tree from people)"
    },
    "40055011": {
        "deprecated": false,
        "Dev_Desc": "[LV.53] 탐사 (수수께끼 벌판)",
        "id": 40055011,
        "alias": "Contents.Quest.Guide.55011",
        "text": "(<textColor=[110:216:175:255]>The field</> has <textColor=[215:94:94:255]>You're Dark</>. Why aren't there people around? ?)"
    },
    "40055012": {
        "deprecated": false,
        "Dev_Desc": "[LV.53] 탐사 (수수께끼 벌판)_2",
        "id": 40055012,
        "alias": "Contents.Quest.Guide.55012",
        "text": "(<textColor=[215:94:94:255]>Dim</> playing with riddles <textColor=[110:216:175:255]>Planes of riddles</> giant)"
    },
    "40055013": {
        "deprecated": false,
        "Dev_Desc": "[LV.54] 탐사 1(벌목지)",
        "id": 40055013,
        "alias": "Contents.Quest.Guide.55013",
        "text": "(<textColor=[215:94:94:255]>Fox</>so it's strange that <textColor=[110:216:175:255]>Lumberjack</> in a dangerous place. Let's investigate further. )"
    },
    "40055014": {
        "deprecated": false,
        "Dev_Desc": "[LV.54] 탐사 1(벌목지)_2",
        "id": 40055014,
        "alias": "Contents.Quest.Guide.55014",
        "text": "(<textColor=[215:94:94:255]>Fox</> has taken a seat. Why is this place abandoned?)"
    },
    "40055015": {
        "deprecated": false,
        "Dev_Desc": "[LV.54] 탐사 2(벌목지)",
        "id": 40055015,
        "alias": "Contents.Quest.Guide.55015",
        "text": "(The <textColor=[110:216:175:255]>Lumberjack</> was abandoned because of the <textColor=[215:94:94:255]>mandala</> cut from the tree) "
    },
    "40055016": {
        "deprecated": false,
        "Dev_Desc": "[LV.54] 탐사(숲의 장막)",
        "id": 40055016,
        "alias": "Contents.Quest.Guide.55016",
        "text": "(Here <textColor=[215:94:94:255]>You're Dark</> are exceptionally gray. Why?)"
    },
    "40055017": {
        "deprecated": false,
        "Dev_Desc": "[LV.54] 탐사(숲의 장막)_2",
        "id": 40055017,
        "alias": "Contents.Quest.Guide.55017",
        "text": "(<textColor=[215:94:94:255]>You are dim</> in the shade of the forest. So why did the forest exist?)"
    },
    "40055018": {
        "deprecated": false,
        "Dev_Desc": "[LV.55] 탐사 1(잿빛 밀림)",
        "id": 40055018,
        "alias": "Contents.Quest.Guide.55018",
        "text": "(<textColor=[215:94:94:255]>The Westin</> has been eroded by something. I doubt there are only dead trees)"
    },
    "40055019": {
        "deprecated": false,
        "Dev_Desc": "[LV.55] 탐사 1(잿빛 밀림)_2",
        "id": 40055019,
        "alias": "Contents.Quest.Guide.55019",
        "text": "(Forest lost vitality, lost reason <textColor=[215:94:94:255]>Seoin</> all <textColor=[255:204:102:255]>Tarkite</> It's your fault)"
    },
    "40055020": {
        "deprecated": false,
        "Dev_Desc": "[LV.55] 탐사 2(잿빛 밀림)",
        "id": 40055020,
        "alias": "Contents.Quest.Guide.55020",
        "text": "(The catastrophe happened and only <textColor=[215:94:94:255]>Tiger</> are left...)"
    },
    "40055021": {
        "deprecated": false,
        "Dev_Desc": "[LV.55] 탐사 1(비옥 폐허)",
        "id": 40055021,
        "alias": "Contents.Quest.Guide.55021",
        "text": "(<textColor=[255:204:102:255]>No Greater Rift</>, but <textColor=[215:94:94:255]>Burnhead</>. Why are they flocking here? is what?)"
    },
    "40055022": {
        "deprecated": false,
        "Dev_Desc": "[LV.55] 탐사 1(비옥 폐허)_2",
        "id": 40055022,
        "alias": "Contents.Quest.Guide.55022",
        "text": "(Isn't <textColor=[215:94:94:255]>Burned</> not able to move because it is blocked by forest?)"
    },
    "40055023": {
        "deprecated": false,
        "Dev_Desc": "[LV.55] 탐사 2(비옥 폐허)",
        "id": 40055023,
        "alias": "Contents.Quest.Guide.55023",
        "text": "(Probably the <textColor=[110:216:175:255]>fertile land</> forest part was created to prevent <textColor=[215:94:94:255]>burnout</> maybe?)"
    },
    "40055024": {
        "deprecated": false,
        "Dev_Desc": "[LV.55] 탐사 1(비옥 발굴지)",
        "id": 40055024,
        "alias": "Contents.Quest.Guide.55024",
        "text": "(<textColor=[255:204:102:255]>great fertility</>, it's strange that <textColor=[78:148:215:255]>weeping</> is letting go. Investigation Let's do it)"
    },
    "40055025": {
        "deprecated": false,
        "Dev_Desc": "[LV.55] 탐사 1(비옥 발굴지)_2",
        "id": 40055025,
        "alias": "Contents.Quest.Guide.55025",
        "text": "(Is it because I saw the old disaster and knew the horror of <textColor=[255:204:102:255]>fertility</>?)"
    },
    "40055026": {
        "deprecated": false,
        "Dev_Desc": "[LV.55] 탐사 2(비옥 발굴지)",
        "id": 40055026,
        "alias": "Contents.Quest.Guide.55026",
        "text": "(<textColor=[110:216:175:255]>Under excavation</> <textColor=[215:94:94:255]>Burnout</> lair <textColor=[255:204:102:255]>Have you given up on fertility</>?)"
    },
    "40055027": {
        "deprecated": false,
        "Dev_Desc": "[LV.55] 탐사 1(붉은 뿔의 길)",
        "id": 40055027,
        "alias": "Contents.Quest.Guide.55027",
        "text": "(The horns of the <textColor=[215:94:94:255]>deer</> here stand out. Should I investigate further?)"
    },
    "40055028": {
        "deprecated": false,
        "Dev_Desc": "[LV.55] 탐사 1(붉은 뿔의 길)_2",
        "id": 40055028,
        "alias": "Contents.Quest.Guide.55028",
        "text": "(I don't think it was caused by a bad influence. It's a red light that's captivating)"
    },
    "40055029": {
        "deprecated": false,
        "Dev_Desc": "[LV.55] 탐사 2(붉은 뿔의 길)",
        "id": 40055029,
        "alias": "Contents.Quest.Guide.55029",
        "text": "(Is there a <textColor=[215:94:94:255]>Flowers</> here too?\nAre you aiming for horns?)"
    },
    "40055030": {
        "deprecated": false,
        "Dev_Desc": "[LV.56] 탐사 1(꿈결의 숲)",
        "id": 40055030,
        "alias": "Contents.Quest.Guide.55030",
        "text": "(<textColor=[215:94:94:255]>Jellyfish</> aren't usually at the beach? Why are they here?)"
    },
    "40055031": {
        "deprecated": false,
        "Dev_Desc": "[LV.56] 탐사 1(꿈결의 숲)_2",
        "id": 40055031,
        "alias": "Contents.Quest.Guide.55031",
        "text": "(The more I look at it, the more comfortable I feel... Oops, I need to calm down)"
    },
    "40055032": {
        "deprecated": false,
        "Dev_Desc": "[LV.56] 탐사 2(꿈결의 숲)",
        "id": 40055032,
        "alias": "Contents.Quest.Guide.55032",
        "text": "(The colorful feathers of <textColor=[215:94:94:255]>Tricolor</> seem to have changed with the forest environment)"
    },
    "40055033": {
        "deprecated": false,
        "Dev_Desc": "[LV.56] 탐사 1(파석의 갈채)",
        "id": 40055033,
        "alias": "Contents.Quest.Guide.55033",
        "text": "(That pickaxe...? <textColor=[255:204:102:255]>Where there is no fertility</><textColor=[215:94:94:255]>The miner</> Why are they there?)"
    },
    "40055034": {
        "deprecated": false,
        "Dev_Desc": "[LV.56] 탐사 1(파석의 갈채)_2",
        "id": 40055034,
        "alias": "Contents.Quest.Guide.55034",
        "text": "(Maybe all these <textColor=[215:94:94:255]>miners</> were digging through the rocky mountain?)"
    },
    "40055035": {
        "deprecated": false,
        "Dev_Desc": "[LV.56] 탐사 2(파석의 갈채)",
        "id": 40055035,
        "alias": "Contents.Quest.Guide.55035",
        "text": "(The mutation that swept the area must have been a disaster. <textColor=[215:94:94:255]>Even the mutant</>mutated...)"
    },
    "40055036": {
        "deprecated": false,
        "Dev_Desc": "[LV.56] 탐사 3(파석의 갈채)",
        "id": 40055036,
        "alias": "Contents.Quest.Guide.55036",
        "text": "(The aftermath of the mutation could not have been avoided by the administrators of <textColor=[78:148:215:255]>Exploration </>)"
    },
    "40055037": {
        "deprecated": false,
        "Dev_Desc": "[LV.56] 탐사 1(솟을바위산)",
        "id": 40055037,
        "alias": "Contents.Quest.Guide.55037",
        "text": "(The giant bugs might be worth investigating)"
    },
    "40055038": {
        "deprecated": false,
        "Dev_Desc": "[LV.56] 탐사 1(솟을바위산)_2",
        "id": 40055038,
        "alias": "Contents.Quest.Guide.55038",
        "text": "(I don't want to imagine seeing these <textColor=[215:94:94:255]>larvae</> all grown)"
    },
    "40055039": {
        "deprecated": false,
        "Dev_Desc": "[LV.56] 탐사 2(솟을바위산)",
        "id": 40055039,
        "alias": "Contents.Quest.Guide.55039",
        "text": "(Due to the rugged terrain, <textColor=[215:94:94:255]>Ginseng</> are concentrated at the foot of the mountain)"
    },
    "40055040": {
        "deprecated": false,
        "Dev_Desc": "[LV.56] 탐사 1(사묘정의 숲)",
        "id": 40055040,
        "alias": "Contents.Quest.Guide.55040",
        "text": "(The signs of mutation are noticeable. What is the effect?)"
    },
    "40055041": {
        "deprecated": false,
        "Dev_Desc": "[LV.56] 탐사 1(사묘정의 숲)_2",
        "id": 40055041,
        "alias": "Contents.Quest.Guide.55041",
        "text": "(The cause of the heterogeneous color is the shape from <textColor=[255:204:102:255]>Termicite</>)"
    },
    "40055042": {
        "deprecated": false,
        "Dev_Desc": "[LV.56] 탐사 2(사묘정의 숲)",
        "id": 40055042,
        "alias": "Contents.Quest.Guide.55042",
        "text": "(<textColor=[215:94:94:255]>Samyojeong</>'s mutation is progressing slowly. Full mutation will only be a matter of time)"
    },
    "40055043": {
        "deprecated": false,
        "Dev_Desc": "[LV.56] 탐사 1(솟을바위 경...)",
        "id": 40055043,
        "alias": "Contents.Quest.Guide.55043",
        "text": "(You might as well take a break and examine <textColor=[215:94:94:255]>Goat</>)"
    },
    "40055044": {
        "deprecated": false,
        "Dev_Desc": "[LV.56] 탐사 1(솟을바위 경...)_2",
        "id": 40055044,
        "alias": "Contents.Quest.Guide.55044",
        "text": "(I think only <textColor=[215:94:94:255]>Goat</> can live on this huge rocky ramp)"
    },
    "40055045": {
        "deprecated": false,
        "Dev_Desc": "[LV.56] 탐사 2(솟을바위 경...)",
        "id": 40055045,
        "alias": "Contents.Quest.Guide.55045",
        "text": "(Soldiers were sent to secure access to <textColor=[255:204:102:255]>Dragon Carcasses</>...)"
    },
    "40055046": {
        "deprecated": false,
        "Dev_Desc": "[LV.57] 탐사 1(탁회암 협곡)",
        "id": 40055046,
        "alias": "Contents.Quest.Guide.55046",
        "text": "Is the <textColor=[215:94:94:255]>Blue People</> stronger near (<textColor=[255:204:102:255]>Giant Marbles</>? Let's investigate)"
    },
    "40055047": {
        "deprecated": false,
        "Dev_Desc": "[LV.57] 탐사 1(탁회암 협곡)_2",
        "id": 40055047,
        "alias": "Contents.Quest.Guide.55047",
        "text": "(I don't see any difference. <textColor=[255:204:102:255]>Tarnish</>I don't think this has any effect)"
    },
    "40055048": {
        "deprecated": false,
        "Dev_Desc": "[LV.57] 탐사 2(탁회암 협곡)",
        "id": 40055048,
        "alias": "Contents.Quest.Guide.55048",
        "text": "(By the way, there are a lot of <textColor=[215:94:94:255]>Blue people</> around here)"
    },
    "40055049": {
        "deprecated": false,
        "Dev_Desc": "[LV.57] 탐사 3(탁회암 협곡)",
        "id": 40055049,
        "alias": "Contents.Quest.Guide.55049",
        "text": "(<textColor=[215:94:94:255]>Blue people</> were ordinary people before being changed by <textColor=[255:204:102:255]>Takhoite</> I guess)"
    },
    "40055050": {
        "deprecated": false,
        "Dev_Desc": "[LV.58] 탐사 1(용머리 곶)",
        "id": 40055050,
        "alias": "Contents.Quest.Guide.55050",
        "text": "(<textColor=[215:94:94:255]>Spear gang</>I'm concerned about wandering around here. Shall we investigate further?)"
    },
    "40055051": {
        "deprecated": false,
        "Dev_Desc": "[LV.58] 탐사 1(용머리 곶)_2",
        "id": 40055051,
        "alias": "Contents.Quest.Guide.55051",
        "text": "(also aiming at <textColor=[110:216:175:255]>exploration base</>)"
    },
    "40055052": {
        "deprecated": false,
        "Dev_Desc": "[LV.58] 탐사 2(용머리 곶)",
        "id": 40055052,
        "alias": "Contents.Quest.Guide.55052",
        "text": "(<textColor=[78:148:215:255]><textColor=[215]<textColor=[110:216:175:255]>base</> created by expedition</>\n<textColor=[215 :94:94:255]>The spear gang</> took over)"
    },
    "40055053": {
        "deprecated": false,
        "Dev_Desc": "[LV.58] 탐사 3(용머리 곶)",
        "id": 40055053,
        "alias": "Contents.Quest.Guide.55053",
        "text": "(With such a tight security, <textColor=[78:148:215:255]>Plum flower bed</> would be in trouble)"
    },
    "40055054": {
        "deprecated": false,
        "Dev_Desc": "[LV.60] 탐사 1(재앙의 은신처)",
        "id": 40055054,
        "alias": "Contents.Quest.Guide.55054",
        "text": "(<textColor=[215:94:94:255]>The number of spiders</> is amazing. It's a bizarre group. Shall we check it out?)"
    },
    "40055055": {
        "deprecated": false,
        "Dev_Desc": "[LV.60] 탐사 1(재앙의 은신처)_2",
        "id": 40055055,
        "alias": "Contents.Quest.Guide.55055",
        "text": "(There were a lot of <textColor=[215:94:94:255]>Spiders</> because people didn't reach them)"
    },
    "40055056": {
        "deprecated": false,
        "Dev_Desc": "[LV.60] 탐사 2(재앙의 은신처)",
        "id": 40055056,
        "alias": "Contents.Quest.Guide.55056",
        "text": "(<textColor=[215:94:94:255]>Metallurgy</> and <textColor=[215:94:94:255]>Ghost</>, confusing)"
    }
}