{
    "40030000": {
        "deprecated": false,
        "Dev_Desc": "태록림서브_30000_1_pc 가이드",
        "id": 40030000,
        "alias": "Contents.Quest.Guide.30000",
        "text": "(Let's ask the people around us for now)"
    },
    "40030001": {
        "deprecated": false,
        "Dev_Desc": "태록림서브_30000_2_pc 가이드",
        "id": 40030001,
        "alias": "Contents.Quest.Guide.30001",
        "text": "(Let's go \nto <textColor=[110:216:175:255]>Waterfall</> then!)"
    },
    "40030002": {
        "deprecated": false,
        "Dev_Desc": "태록림서브_30000_3_pc 가이드",
        "id": 40030002,
        "alias": "Contents.Quest.Guide.30002",
        "text": "(Defeat <textColor=[215:94:94:255]>Mandala</>\nLet's look around)"
    },
    "40030003": {
        "deprecated": false,
        "Dev_Desc": "태록림서브_30000_4_pc 가이드",
        "id": 40030003,
        "alias": "Contents.Quest.Guide.30003",
        "text": "(No trace found.\nWould you like to find a place near the <textColor=[110:216:175:255]>Waterfall</>?)"
    },
    "40030004": {
        "deprecated": false,
        "Dev_Desc": "태록림서브_30000_5_pc 가이드",
        "id": 40030004,
        "alias": "Contents.Quest.Guide.30004",
        "text": "(That one? \nSomething looks like a ball. \nLet's take a closer look)"
    },
    "40030005": {
        "deprecated": false,
        "Dev_Desc": "태록림서브_30000_6_pc 가이드",
        "id": 40030005,
        "alias": "Contents.Quest.Guide.30005",
        "text": "(<textColor=[78:148:215:255]>hope</> means...\nWould you like this <textColor=[255:204:102:255]>drop</> this?)"
    },
    "40030006": {
        "deprecated": false,
        "Dev_Desc": "태록림서브_30000_6_pc 가이드",
        "id": 40030006,
        "alias": "Contents.Quest.Guide.30006",
        "text": "(<textColor=[78:148:215:255]>Go to the Ranger</>\nLet's talk)"
    },
    "40030007": {
        "deprecated": false,
        "Dev_Desc": "태록림서브_30001_0_pc 가이드",
        "id": 40030007,
        "alias": "Contents.Quest.Guide.30007",
        "text": "(Meet that <textColor=[78:148:215:255]>Colleague</> \nLet's hear the story!)"
    },
    "40030008": {
        "deprecated": false,
        "Dev_Desc": "태록림서브_30001_1_pc 가이드",
        "id": 40030008,
        "alias": "Contents.Quest.Guide.30008",
        "text": "(Let's ask the <textColor=[78:148:215:255]>Crews</> over there!)"
    },
    "40030009": {
        "deprecated": false,
        "Dev_Desc": "태록림서브_30001_2_pc 가이드",
        "id": 40030009,
        "alias": "Contents.Quest.Guide.30009",
        "text": "(Would you like \nfollow the patrol route?)"
    },
    "40030010": {
        "deprecated": false,
        "Dev_Desc": "태록림서브_30001_3_pc 가이드",
        "id": 40030010,
        "alias": "Contents.Quest.Guide.30010",
        "text": "(There are \nthis many animals...)"
    },
    "40030011": {
        "deprecated": false,
        "Dev_Desc": "태록림서브_30001_4_pc 가이드",
        "id": 40030011,
        "alias": "Contents.Quest.Guide.30011",
        "text": "(I removed a few,\nbut it doesn't seem to make much difference)"
    },
    "40030012": {
        "deprecated": false,
        "Dev_Desc": "태록림서브_30001_5_pc 가이드",
        "id": 40030012,
        "alias": "Contents.Quest.Guide.30012",
        "text": "(If this is the case,\nit might be better not to patrol for a while...)"
    },
    "40030013": {
        "deprecated": false,
        "Dev_Desc": "태록림서브_30001_6_pc 가이드",
        "id": 40030013,
        "alias": "Contents.Quest.Guide.30013",
        "text": "(Let's go to the last patrol area\nLet's find the monster)"
    },
    "40030014": {
        "deprecated": false,
        "Dev_Desc": "태록림서브_30001_7_pc 가이드",
        "id": 40030014,
        "alias": "Contents.Quest.Guide.30014",
        "text": "(<textColor=[78:148:215:255]>Go to the crew</>\nlet me know the situation!)"
    },
    "40030015": {
        "deprecated": false,
        "Dev_Desc": "태록림서브_30002_0_pc 가이드",
        "id": 40030015,
        "alias": "Contents.Quest.Guide.30015",
        "text": "(Let's go to the experts!)"
    },
    "40030016": {
        "deprecated": false,
        "Dev_Desc": "태록림서브_30002_1_pc 가이드",
        "id": 40030016,
        "alias": "Contents.Quest.Guide.30016",
        "text": "(There must be a way to make \nfood and fertilizer)"
    },
    "40030017": {
        "deprecated": false,
        "Dev_Desc": "태록림서브_30002_1_pc 가이드",
        "id": 40030017,
        "alias": "Contents.Quest.Guide.30017",
        "text": "(In the end, \nyou have no choice but to drive it out)"
    },
    "40030018": {
        "deprecated": false,
        "Dev_Desc": "태록림서브_30002_1_pc 가이드",
        "id": 40030018,
        "alias": "Contents.Quest.Guide.30018",
        "text": "(Let's do\nwhat I can do!)"
    },
    "40030019": {
        "deprecated": false,
        "Dev_Desc": "태록림서브_30002_2_pc 가이드",
        "id": 40030019,
        "alias": "Contents.Quest.Guide.30019",
        "text": "(Shall we go and look around?)"
    },
    "40030020": {
        "deprecated": false,
        "Dev_Desc": "태록림서브_30002_3_pc 가이드",
        "id": 40030020,
        "alias": "Contents.Quest.Guide.30020",
        "text": "(The atmosphere here is strange...\nShall we take a look around?)"
    },
    "40030021": {
        "deprecated": false,
        "Dev_Desc": "태록림서브_30002_4_pc 가이드",
        "id": 40030021,
        "alias": "Contents.Quest.Guide.30021",
        "text": "(This is not a solution,\nLet's go back and tell the story!)"
    },
    "40030022": {
        "deprecated": false,
        "Dev_Desc": "태록림서브_30003_0_pc 가이드",
        "id": 40030022,
        "alias": "Contents.Quest.Guide.30022",
        "text": "(I need help)"
    },
    "40030023": {
        "deprecated": false,
        "Dev_Desc": "태록림서브_30003_1_pc 가이드",
        "id": 40030023,
        "alias": "Contents.Quest.Guide.30023",
        "text": "(Didn't you ask \nto collect those things?)"
    },
    "40030024": {
        "deprecated": false,
        "Dev_Desc": "태록림서브_30003_2_pc 가이드",
        "id": 40030024,
        "alias": "Contents.Quest.Guide.30024",
        "text": "(It won't be as difficult as you think)"
    },
    "40030025": {
        "deprecated": false,
        "Dev_Desc": "태록림서브_30003_2_pc 가이드",
        "id": 40030025,
        "alias": "Contents.Quest.Guide.30025",
        "text": "(What do you see over there?\nLet's check what it is!)"
    },
    "40030026": {
        "deprecated": false,
        "Dev_Desc": "태록림서브_30003_3_pc 가이드",
        "id": 40030026,
        "alias": "Contents.Quest.Guide.30026",
        "text": "(This is where <textColor=[215:94:94:255]>Spears</>?\nAre you trying to attack?)"
    },
    "40030027": {
        "deprecated": false,
        "Dev_Desc": "태록림서브_30003_4_pc 가이드",
        "id": 40030027,
        "alias": "Contents.Quest.Guide.30027",
        "text": "(<textColor=[215:94:94:255]>\nSuccessful to remove spears</>)"
    },
    "40030028": {
        "deprecated": false,
        "Dev_Desc": "태록림서브_30003_4_pc 가이드",
        "id": 40030028,
        "alias": "Contents.Quest.Guide.30028",
        "text": "(<textColor=[255:204:102:255]>There is a journal</>.\nThere may be a plan written on it...)"
    },
    "40030029": {
        "deprecated": false,
        "Dev_Desc": "태록림서브_30003_5_pc 가이드",
        "id": 40030029,
        "alias": "Contents.Quest.Guide.30029",
        "text": "(Well... let's just do this and go get some <textColor=[255:204:102:255]>material</> and go home!)"
    },
    "40030030": {
        "deprecated": false,
        "Dev_Desc": "태록림서브_30003_6_pc 가이드",
        "id": 40030030,
        "alias": "Contents.Quest.Guide.30030",
        "text": "(Is this enough?\nLet's go back soon)"
    },
    "40030031": {
        "deprecated": false,
        "Dev_Desc": "태록림서브_30100_0_pc 가이드",
        "id": 40030031,
        "alias": "Contents.Quest.Guide.30031",
        "text": "((<textColor=[110:216:175:255]>toward the snake mushroom colony</>\nLet's go first!)"
    },
    "40030032": {
        "deprecated": false,
        "Dev_Desc": "태록림서브_30100_1_pc 가이드",
        "id": 40030032,
        "alias": "Contents.Quest.Guide.30032",
        "text": "(Let's catch the snake mushroom</> so we can make medicine\n<textColor=[215:94:94:255]>!)"
    },
    "40030033": {
        "deprecated": false,
        "Dev_Desc": "태록림서브_30100_2_pc 가이드",
        "id": 40030033,
        "alias": "Contents.Quest.Guide.30033",
        "text": "(Let's just grab as much as we can carry \nwith both hands)"
    },
    "40030034": {
        "deprecated": false,
        "Dev_Desc": "태록림서브_30100_3_pc 가이드",
        "id": 40030034,
        "alias": "Contents.Quest.Guide.30034",
        "text": "(Mushroom wine and hot pot dishes \n meant that)"
    },
    "40030035": {
        "deprecated": false,
        "Dev_Desc": "태록림서브_30101_0_pc 가이드",
        "id": 40030035,
        "alias": "Contents.Quest.Guide.30035",
        "text": "(I'll have to check if it's a real ghost)"
    },
    "40030036": {
        "deprecated": false,
        "Dev_Desc": "태록림서브_30101_1_pc 가이드",
        "id": 40030036,
        "alias": "Contents.Quest.Guide.30036",
        "text": "(Is that one over there\n<textColor=[110:216:175:255]>Gemetery</>Career?)"
    },
    "40030037": {
        "deprecated": false,
        "Dev_Desc": "태록림서브_30101_2_pc 가이드",
        "id": 40030037,
        "alias": "Contents.Quest.Guide.30037",
        "text": "(You must have hated it.\n<textColor=[110:216:175:255]>Let's go inside the graveyard</>)"
    },
    "40030038": {
        "deprecated": false,
        "Dev_Desc": "태록림서브_30101_3_pc 가이드",
        "id": 40030038,
        "alias": "Contents.Quest.Guide.30038",
        "text": "(There is someone over there.\nHuh? Looks like a ghost?)"
    },
    "40030039": {
        "deprecated": false,
        "Dev_Desc": "태록림서브_30101_4_pc 가이드",
        "id": 40030039,
        "alias": "Contents.Quest.Guide.30039",
        "text": "(If this is enough, I\n need to help you)"
    },
    "40030040": {
        "deprecated": false,
        "Dev_Desc": "태록림서브_30101_5_pc 가이드",
        "id": 40030040,
        "alias": "Contents.Quest.Guide.30040",
        "text": "(Looks like it's cleared up. \n<textColor=[78:148:215:255]>Let's go to the guard</>)"
    },
    "40030041": {
        "deprecated": false,
        "Dev_Desc": "태록림서브_30101_6_pc 가이드",
        "id": 40030041,
        "alias": "Contents.Quest.Guide.30041",
        "text": "(In order to fulfill the mission\nI should hope that I don't run into any more of that spirit)"
    },
    "40030042": {
        "deprecated": false,
        "Dev_Desc": "태록림서브_30102_0_pc 가이드",
        "id": 40030042,
        "alias": "Contents.Quest.Guide.30042",
        "text": "(I still know someone\nI'll help you if you need it)"
    },
    "40030043": {
        "deprecated": false,
        "Dev_Desc": "태록림서브_30102_1_비류하 가이드",
        "id": 40030043,
        "alias": "Contents.Quest.Guide.30043",
        "text": "Your favorite <textColor=[255:204:102:255]>flower</>\nPlease give me an appropriate amount"
    },
    "40030044": {
        "deprecated": false,
        "Dev_Desc": "태록림서브_30102_2_비류하 가이드",
        "id": 40030044,
        "alias": "Contents.Quest.Guide.30044",
        "text": "He's in very good shape.\nThen follow me"
    },
    "40030045": {
        "deprecated": false,
        "Dev_Desc": "태록림서브_30102_3_pc 가이드",
        "id": 40030045,
        "alias": "Contents.Quest.Guide.30045",
        "text": "(<textColor=[110:216:175:255]>You are coming to the cemetery</>\nYou must have brought flowers)"
    },
    "40030046": {
        "deprecated": false,
        "Dev_Desc": "태록림서브_30103_0_pc 가이드",
        "id": 40030046,
        "alias": "Contents.Quest.Guide.30046",
        "text": "(Do I just need to know \nthe location of the base?)"
    },
    "40030047": {
        "deprecated": false,
        "Dev_Desc": "태록림서브_30103_1_pc 가이드",
        "id": 40030047,
        "alias": "Contents.Quest.Guide.30047",
        "text": "(First, let's kill the surrounding <textColor=[215:94:94:255]>Blood Plaque</>!)"
    },
    "40030048": {
        "deprecated": false,
        "Dev_Desc": "태록림서브_30103_2_pc 가이드",
        "id": 40030048,
        "alias": "Contents.Quest.Guide.30048",
        "text": "(Do you want to go inside?)"
    },
    "40030049": {
        "deprecated": false,
        "Dev_Desc": "태록림서브_30103_3_pc 가이드",
        "id": 40030049,
        "alias": "Contents.Quest.Guide.30049",
        "text": "(Looks like a base here?)"
    },
    "40030050": {
        "deprecated": false,
        "Dev_Desc": "태록림서브_30103_3_pc 가이드",
        "id": 40030050,
        "alias": "Contents.Quest.Guide.30050",
        "text": "(<textColor=[255:204:102:255]>You said you need evidence</>\n?)"
    },
    "40030051": {
        "deprecated": false,
        "Dev_Desc": "태록림서브_30103_4_pc 가이드",
        "id": 40030051,
        "alias": "Contents.Quest.Guide.30051",
        "text": "(Is this proof?)"
    },
    "40030052": {
        "deprecated": false,
        "Dev_Desc": "태록림서브_30104_0_pc 가이드",
        "id": 40030052,
        "alias": "Contents.Quest.Guide.30052",
        "text": "(If you buy something like that,\nWon't you feel bad? Let's go)"
    },
    "40030053": {
        "deprecated": false,
        "Dev_Desc": "태록림서브_30104_1_pc 가이드",
        "id": 40030053,
        "alias": "Contents.Quest.Guide.30053",
        "text": "(You just \nrun away without a word... \nLet's follow)"
    },
    "40030054": {
        "deprecated": false,
        "Dev_Desc": "태록림서브_30104_2_pc 가이드",
        "id": 40030054,
        "alias": "Contents.Quest.Guide.30054",
        "text": "(Let's just\nget the job done quickly!)"
    },
    "40030055": {
        "deprecated": false,
        "Dev_Desc": "태록림서브_30104_3_영교원 구구 (공통)",
        "id": 40030055,
        "alias": "Contents.Quest.Guide.30055",
        "text": "Come on!\nMove to the next location!"
    },
    "40030056": {
        "deprecated": false,
        "Dev_Desc": "태록림서브_30104_3_pc 가이드",
        "id": 40030056,
        "alias": "Contents.Quest.Guide.30056",
        "text": "(Um... I think it's dangerous...\nLet's clean up the area a bit)"
    },
    "40030057": {
        "deprecated": false,
        "Dev_Desc": "태록림서브_30104_4_영교원 구구 (공통)",
        "id": 40030057,
        "alias": "Contents.Quest.Guide.30057",
        "text": "Come on, here's <textColor=[255:204:102:255]>soil</>\nGather it!"
    },
    "40030058": {
        "deprecated": false,
        "Dev_Desc": "태록림서브_30104_4_pc 가이드",
        "id": 40030058,
        "alias": "Contents.Quest.Guide.30058",
        "text": "(It seems that you hardly listen\nto what others are saying)"
    },
    "40030059": {
        "deprecated": false,
        "Dev_Desc": "태록림서브_30104_5_pc 가이드",
        "id": 40030059,
        "alias": "Contents.Quest.Guide.30059",
        "text": "(Gathering is complete.\nShall we talk?)"
    },
    "40030060": {
        "deprecated": false,
        "Dev_Desc": "태록림서브_30104_6_pc 가이드",
        "id": 40030060,
        "alias": "Contents.Quest.Guide.30060",
        "text": "(It is true that it is unpleasant.\nLet's get rid of it)"
    },
    "40030061": {
        "deprecated": false,
        "Dev_Desc": "태록림서브_30104_7_영교원 구구 (공통)",
        "id": 40030061,
        "alias": "Contents.Quest.Guide.30061",
        "text": "You did a great job!\nI'll pay you back."
    },
    "40030062": {
        "deprecated": false,
        "Dev_Desc": "태록림서브_30104_7_pc 가이드",
        "id": 40030062,
        "alias": "Contents.Quest.Guide.30062",
        "text": "(I ended up\nfinished everything)"
    },
    "40030063": {
        "deprecated": false,
        "Dev_Desc": "태록림서브_30104_8_pc 가이드",
        "id": 40030063,
        "alias": "Contents.Quest.Guide.30063",
        "text": "(It was fun,\nLet's end it like this)"
    },
    "40030064": {
        "deprecated": false,
        "Dev_Desc": "태록림서브_30105_0_pc 가이드",
        "id": 40030064,
        "alias": "Contents.Quest.Guide.30064",
        "text": "(There are a lot of <textColor=[215:94:94:255]>Human Insects</> here\nYou might get hurt...)"
    },
    "40030065": {
        "deprecated": false,
        "Dev_Desc": "태록림서브_30105_1_영교원 구구 (공통)",
        "id": 40030065,
        "alias": "Contents.Quest.Guide.30065",
        "text": "First, get rid of those nasty \nwho are there!"
    },
    "40030066": {
        "deprecated": false,
        "Dev_Desc": "태록림서브_30105_2_영교원 구구 (공통)",
        "id": 40030066,
        "alias": "Contents.Quest.Guide.30066",
        "text": "Come here\nListen to my story."
    },
    "40030067": {
        "deprecated": false,
        "Dev_Desc": "태록림서브_30105_3_pc 가이드",
        "id": 40030067,
        "alias": "Contents.Quest.Guide.30067",
        "text": "(You might think so)"
    },
    "40030068": {
        "deprecated": false,
        "Dev_Desc": "태록림서브_30200_1_pc 가이드",
        "id": 40030068,
        "alias": "Contents.Quest.Guide.30068",
        "text": "(I think installing a safety rail is\na good idea)"
    },
    "40030069": {
        "deprecated": false,
        "Dev_Desc": "태록림서브_30200_2_pc 가이드",
        "id": 40030069,
        "alias": "Contents.Quest.Guide.30069",
        "text": "(I got enough <textColor=[255:204:102:255]>tree</>)"
    },
    "40030070": {
        "deprecated": false,
        "Dev_Desc": "태록림서브_30200_2_pc 가이드",
        "id": 40030070,
        "alias": "Contents.Quest.Guide.30070",
        "text": "(This should be enough\nI can apply it)"
    },
    "40030071": {
        "deprecated": false,
        "Dev_Desc": "태록림서브_30200_2_pc 가이드",
        "id": 40030071,
        "alias": "Contents.Quest.Guide.30071",
        "text": "(Shall we go back now?)"
    },
    "40030072": {
        "deprecated": false,
        "Dev_Desc": "태록림서브_30201_0_pc 가이드",
        "id": 40030072,
        "alias": "Contents.Quest.Guide.30072",
        "text": "(looks pretty dangerous)"
    },
    "40030073": {
        "deprecated": false,
        "Dev_Desc": "태록림서브_30201_1_pc 가이드",
        "id": 40030073,
        "alias": "Contents.Quest.Guide.30073",
        "text": "(Let's go to the observation area\n)"
    },
    "40030074": {
        "deprecated": false,
        "Dev_Desc": "태록림서브_30201_2_pc 가이드",
        "id": 40030074,
        "alias": "Contents.Quest.Guide.30074",
        "text": "(Is this here?)"
    },
    "40030075": {
        "deprecated": false,
        "Dev_Desc": "태록림서브_30201_3_pc 가이드",
        "id": 40030075,
        "alias": "Contents.Quest.Guide.30075",
        "text": "(Let's go deeper\nLet's go)"
    },
    "40030076": {
        "deprecated": false,
        "Dev_Desc": "태록림서브_30201_4_pc 가이드",
        "id": 40030076,
        "alias": "Contents.Quest.Guide.30076",
        "text": "(This is a big deal. \n<textColor=[215:94:94:255]>Paradise</> is attacking!)"
    },
    "40030077": {
        "deprecated": false,
        "Dev_Desc": "태록림서브_30201_4_pc 가이드",
        "id": 40030077,
        "alias": "Contents.Quest.Guide.30077",
        "text": "(For now, let's drive out the <textColor=[215:94:94:255]>Paradise</>!)"
    },
    "40030078": {
        "deprecated": false,
        "Dev_Desc": "태록림서브_30201_5_pc 가이드",
        "id": 40030078,
        "alias": "Contents.Quest.Guide.30078",
        "text": "(Good luck.\nIt seems to be stable for now)"
    },
    "40030079": {
        "deprecated": false,
        "Dev_Desc": "태록림서브_30201_6_pc 가이드",
        "id": 40030079,
        "alias": "Contents.Quest.Guide.30079",
        "text": "(<textColor=[215:94:94:255]>Don't offend\nParadise Daeseong</>)"
    },
    "40030080": {
        "deprecated": false,
        "Dev_Desc": "태록림 서브 캐릭터 이름",
        "id": 40030080,
        "alias": "Contents.Quest.Guide.30080",
        "text": "Elder Pungbaekmun Biryuha"
    },
    "40030081": {
        "deprecated": false,
        "Dev_Desc": "태록림 서브 캐릭터 이름",
        "id": 40030081,
        "alias": "Contents.Quest.Guide.30081",
        "text": "Younggyowon Gugu"
    },
    "40030082": {
        "deprecated": false,
        "Dev_Desc": "태록림서브_30004_0_pc 가이드",
        "id": 40030082,
        "alias": "Contents.Quest.Guide.30082",
        "text": "(If that's enough,\nI can help)"
    },
    "40030083": {
        "deprecated": false,
        "Dev_Desc": "태록림서브_30004_1_pc 가이드",
        "id": 40030083,
        "alias": "Contents.Quest.Guide.30083",
        "text": "(that's a lot)"
    },
    "40030084": {
        "deprecated": false,
        "Dev_Desc": "태록림서브_30004_2_pc 가이드_1",
        "id": 40030084,
        "alias": "Contents.Quest.Guide.30084",
        "text": "(I got rid of it...)"
    },
    "40030085": {
        "deprecated": false,
        "Dev_Desc": "태록림서브_30004_2_pc 가이드_2",
        "id": 40030085,
        "alias": "Contents.Quest.Guide.30085",
        "text": "(I don't think it's the amount to handle alone\n)"
    },
    "40030086": {
        "deprecated": false,
        "Dev_Desc": "태록림서브_30005_0_pc 가이드",
        "id": 40030086,
        "alias": "Contents.Quest.Guide.30086",
        "text": "(Let's check how many\nthere are\n<textColor=[215:94:94:255]>Dim</>)"
    },
    "40030087": {
        "deprecated": false,
        "Dev_Desc": "태록림서브_30005_1_pc 가이드",
        "id": 40030087,
        "alias": "Contents.Quest.Guide.30087",
        "text": "(If it's like this...\nI can't even take a walk on the beach)"
    },
    "40030088": {
        "deprecated": false,
        "Dev_Desc": "태록림서브_30005_2_pc 가이드_1",
        "id": 40030088,
        "alias": "Contents.Quest.Guide.30088",
        "text": "(Where\nwhere does <textColor=[215:94:94:255]>Dim</> come from?)"
    },
    "40030089": {
        "deprecated": false,
        "Dev_Desc": "태록림서브_30005_2_pc 가이드_2",
        "id": 40030089,
        "alias": "Contents.Quest.Guide.30089",
        "text": "(there is no end to the catch)"
    },
    "40030090": {
        "deprecated": false,
        "Dev_Desc": "태록림서브_30106_0_pc 가이드",
        "id": 40030090,
        "alias": "Contents.Quest.Guide.30090",
        "text": "(I'll have to tidy up\nthe way for now)"
    },
    "40030091": {
        "deprecated": false,
        "Dev_Desc": "태록림서브_30106_1_pc 가이드",
        "id": 40030091,
        "alias": "Contents.Quest.Guide.30091",
        "text": "(Now let's go to <textColor=[110:216:175:255]>Swamp</>)"
    },
    "40030092": {
        "deprecated": false,
        "Dev_Desc": "태록림서브_30106_2_pc 가이드",
        "id": 40030092,
        "alias": "Contents.Quest.Guide.30092",
        "text": "(Approximately half came)"
    },
    "40030093": {
        "deprecated": false,
        "Dev_Desc": "태록림서브_30106_3_pc 가이드",
        "id": 40030093,
        "alias": "Contents.Quest.Guide.30093",
        "text": "(The road is rough here too)"
    },
    "40030094": {
        "deprecated": false,
        "Dev_Desc": "태록림서브_30106_4_pc 가이드",
        "id": 40030094,
        "alias": "Contents.Quest.Guide.30094",
        "text": "(<textColor=[110:216:175:255]>Let's go to Misty Frontier</>)"
    },
    "40030095": {
        "deprecated": false,
        "Dev_Desc": "태록림서브_30106_5_pc 가이드_1",
        "id": 40030095,
        "alias": "Contents.Quest.Guide.30095",
        "text": "(\nI'm back here well...)"
    },
    "40030096": {
        "deprecated": false,
        "Dev_Desc": "태록림서브_30106_5_pc 가이드_2",
        "id": 40030096,
        "alias": "Contents.Quest.Guide.30096",
        "text": "(<textColor=[110:216:175:255]>Unexpected Jadrak</>\nCan I really go?)"
    },
    "40030097": {
        "deprecated": false,
        "Dev_Desc": "태록림서브_30106_6_pc 가이드_1",
        "id": 40030097,
        "alias": "Contents.Quest.Guide.30097",
        "text": "(Maybe it's strange \nIf you fall, you'll get lost)"
    },
    "40030098": {
        "deprecated": false,
        "Dev_Desc": "태록림서브_30106_6_pc 가이드_2",
        "id": 40030098,
        "alias": "Contents.Quest.Guide.30098",
        "text": "(Let's go with it)"
    },
    "40030099": {
        "deprecated": false,
        "Dev_Desc": "태록림서브_30202_0_pc 가이드",
        "id": 40030099,
        "alias": "Contents.Quest.Guide.30099",
        "text": "(Battle insecticide?\nCan I just kill it?)"
    },
    "40030100": {
        "deprecated": false,
        "Dev_Desc": "태록림서브_30202_1_pc 가이드",
        "id": 40030100,
        "alias": "Contents.Quest.Guide.30100",
        "text": "(Is this next page <textColor=[110:216:175:255]>hill</>?)"
    },
    "40030101": {
        "deprecated": false,
        "Dev_Desc": "태록림서브_30202_2_pc 가이드",
        "id": 40030101,
        "alias": "Contents.Quest.Guide.30101",
        "text": "(It's a regular job...\nIt can be annoying)"
    },
    "40030102": {
        "deprecated": false,
        "Dev_Desc": "태록림서브_30203_0_pc 가이드",
        "id": 40030102,
        "alias": "Contents.Quest.Guide.30102",
        "text": "(I'll have to be careful)"
    },
    "40030103": {
        "deprecated": false,
        "Dev_Desc": "태록림서브_30203_1_pc 가이드",
        "id": 40030103,
        "alias": "Contents.Quest.Guide.30103",
        "text": "(For now, there seems to be no giant monster here) "
    },
    "40030104": {
        "deprecated": false,
        "Dev_Desc": "태록림서브_30204_0_pc 가이드",
        "id": 40030104,
        "alias": "Contents.Quest.Guide.30104",
        "text": "(<textColor=[110:216:175:255]>Let's go to the slope</>)"
    },
    "40030105": {
        "deprecated": false,
        "Dev_Desc": "태록림서브_30204_1_pc 가이드",
        "id": 40030105,
        "alias": "Contents.Quest.Guide.30105",
        "text": "(Isn't this enough\na lot?)"
    },
    "40030106": {
        "deprecated": false,
        "Dev_Desc": "태록림서브_30204_2_pc 가이드",
        "id": 40030106,
        "alias": "Contents.Quest.Guide.30106",
        "text": "(Is that what you mean by getting it?)"
    },
    "40030107": {
        "deprecated": false,
        "Dev_Desc": "태록림서브_30107_0_pc 가이드",
        "id": 40030107,
        "alias": "Contents.Quest.Guide.30107",
        "text": "(obviously likely to be concerned)"
    },
    "40030108": {
        "deprecated": false,
        "Dev_Desc": "태록림서브_30107_1_pc 가이드",
        "id": 40030108,
        "alias": "Contents.Quest.Guide.30108",
        "text": "(Is the number reduced a bit?\nI hope this helps)"
    },
    "40030109": {
        "deprecated": false,
        "Dev_Desc": "태록림서브_30003_6_pc 가이드",
        "id": 40030109,
        "alias": "Contents.Quest.Guide.30109",
        "text": "(Not enough.\nLet's find more)"
    },
    "40030110": {
        "deprecated": false,
        "Dev_Desc": "태록림서브_30003_7_pc 가이드",
        "id": 40030110,
        "alias": "Contents.Quest.Guide.30110",
        "text": "(Can I take one more?)"
    },
    "40030111": {
        "deprecated": false,
        "Dev_Desc": "태록림서브_30102_2_pc 가이드",
        "id": 40030111,
        "alias": "Contents.Quest.Guide.30111",
        "text": "(How much should I win?)"
    },
    "40030112": {
        "deprecated": false,
        "Dev_Desc": "태록림서브_30102_3_pc 가이드",
        "id": 40030112,
        "alias": "Contents.Quest.Guide.30112",
        "text": "(Hmm... Shall we pick one more?)"
    },
    "40030113": {
        "deprecated": false,
        "Dev_Desc": "태록림서브_30200_2-1_pc 가이드",
        "id": 40030113,
        "alias": "Contents.Quest.Guide.30113",
        "text": "(You should have plenty of trees)"
    },
    "40030114": {
        "deprecated": false,
        "Dev_Desc": "태록림서브_30200_2-2_pc 가이드",
        "id": 40030114,
        "alias": "Contents.Quest.Guide.30114",
        "text": "(I'd rather have a spare than a hat)"
    },
    "40030115": {
        "deprecated": false,
        "Dev_Desc": "태록림서브_30101_3_pc 가이드",
        "id": 40030115,
        "alias": "Contents.Quest.Guide.30115",
        "text": "(Let's talk naturally \n)"
    },
    "40030116": {
        "deprecated": false,
        "Dev_Desc": "30006",
        "id": 40030116,
        "alias": "Contents.Quest.Guide.30116",
        "text": "See you at <textColor=[110:216:175:255]>Blood Rain Forest</>.\nSmall."
    },
    "40030117": {
        "deprecated": false,
        "Dev_Desc": "30006",
        "id": 40030117,
        "alias": "Contents.Quest.Guide.30117",
        "text": "I think we should take a look at <textColor=[110:216:175:255]>Blood Plague</> first \n."
    },
    "40030118": {
        "deprecated": false,
        "Dev_Desc": "30006",
        "id": 40030118,
        "alias": "Contents.Quest.Guide.30118",
        "text": "Be careful not to be attacked by <textColor=[215:94:94:255]>Blood Plaque</> on the way\n!"
    },
    "40030119": {
        "deprecated": false,
        "Dev_Desc": "30006",
        "id": 40030119,
        "alias": "Contents.Quest.Guide.30119",
        "text": "(<textColor=[110:216:175:255]>Let's explore the base</>)"
    },
    "40030120": {
        "deprecated": false,
        "Dev_Desc": "30006",
        "id": 40030120,
        "alias": "Contents.Quest.Guide.30120",
        "text": "You must now obtain\ntheir <textColor=[255:204:102:255]>Heist Plan</>."
    },
    "40030121": {
        "deprecated": false,
        "Dev_Desc": "30006",
        "id": 40030121,
        "alias": "Contents.Quest.Guide.30121",
        "text": "(<textColor=[255:204:102:255]>You got the Heist Plan</>)"
    },
    "40030122": {
        "deprecated": false,
        "Dev_Desc": "30006",
        "id": 40030122,
        "alias": "Contents.Quest.Guide.30122",
        "text": "I think you can install\n<textColor=[255:204:102:255]>Trap</> in the indicated location."
    },
    "40030123": {
        "deprecated": false,
        "Dev_Desc": "30006",
        "id": 40030123,
        "alias": "Contents.Quest.Guide.30123",
        "text": "(Installation is complete. \nLet's go back to <textColor=[78:148:215:255]>Red plum</>)"
    },
    "40030124": {
        "deprecated": false,
        "Dev_Desc": "30108",
        "id": 40030124,
        "alias": "Contents.Quest.Guide.30124",
        "text": "(<textColor=[110:216:175:255]>Let's go to Fogshade Forest</>)"
    },
    "40030125": {
        "deprecated": false,
        "Dev_Desc": "30108",
        "id": 40030125,
        "alias": "Contents.Quest.Guide.30125",
        "text": "After all, you need to know\n your skills."
    },
    "40030126": {
        "deprecated": false,
        "Dev_Desc": "30108",
        "id": 40030126,
        "alias": "Contents.Quest.Guide.30126",
        "text": "Ask for \n<textColor=[215:94:94:255]>Illustration of the head of the plum flower troupe</> in the swamp at your request."
    },
    "40030127": {
        "deprecated": false,
        "Dev_Desc": "30108",
        "id": 40030127,
        "alias": "Contents.Quest.Guide.30127",
        "text": "It is you too.\nSee you in the <textColor=[110:216:175:255]>frontier</>."
    },
    "40030128": {
        "deprecated": false,
        "Dev_Desc": "30108",
        "id": 40030128,
        "alias": "Contents.Quest.Guide.30128",
        "text": "(<textColor=[110:216:175:255]>Let's go to the frontier</>)"
    },
    "40030129": {
        "deprecated": false,
        "Dev_Desc": "30109",
        "id": 40030129,
        "alias": "Contents.Quest.Guide.30129",
        "text": "First of all, <textColor=[215:94:94:255]>Snake Mushrooms</>\nPlease ask for a lot of places!"
    },
    "40030130": {
        "deprecated": false,
        "Dev_Desc": "30109",
        "id": 40030130,
        "alias": "Contents.Quest.Guide.30130",
        "text": "This time \n<textColor=[110:216:175:255]>Pioneer Spirits Tomb</>Danyang!"
    },
    "40030131": {
        "deprecated": false,
        "Dev_Desc": "30109",
        "id": 40030131,
        "alias": "Contents.Quest.Guide.30131",
        "text": "Ah?! <textColor=[110:216:175:255]>A human I met\nat the base of the Abundant Rainforest</>!"
    },
    "40030132": {
        "deprecated": false,
        "Dev_Desc": "30109",
        "id": 40030132,
        "alias": "Contents.Quest.Guide.30132",
        "text": "(Looks familiar)"
    },
    "40030133": {
        "deprecated": false,
        "Dev_Desc": "30109",
        "id": 40030133,
        "alias": "Contents.Quest.Guide.30133",
        "text": "Look at me for a second."
    },
    "40030134": {
        "deprecated": false,
        "Dev_Desc": "30109",
        "id": 40030134,
        "alias": "Contents.Quest.Guide.30134",
        "text": "(Let's go back to Barong)"
    },
    "40030135": {
        "deprecated": false,
        "Dev_Desc": "30109",
        "id": 40030135,
        "alias": "Contents.Quest.Guide.30135",
        "text": "(Phew... sweaty)"
    },
    "40030136": {
        "deprecated": false,
        "Dev_Desc": "30110",
        "id": 40030136,
        "alias": "Contents.Quest.Guide.30136",
        "text": "The circulation of <textColor=[255:204:102:255]>poached</> must also be stopped\n."
    },
    "40030137": {
        "deprecated": false,
        "Dev_Desc": "30110",
        "id": 40030137,
        "alias": "Contents.Quest.Guide.30137",
        "text": "Please retrieve\ntheir <textColor=[255:204:102:255]>poached</>."
    },
    "40030138": {
        "deprecated": false,
        "Dev_Desc": "30110",
        "id": 40030138,
        "alias": "Contents.Quest.Guide.30138",
        "text": "(I'll have to find a way back\n)"
    },
    "40030139": {
        "deprecated": false,
        "Dev_Desc": "30110",
        "id": 40030139,
        "alias": "Contents.Quest.Guide.30139",
        "text": "(Let's go back to <textColor=[78:148:215:255]>Ashenwind</>)"
    },
    "40030140": {
        "deprecated": false,
        "Dev_Desc": "30110",
        "id": 40030140,
        "alias": "Contents.Quest.Guide.30140",
        "text": "(When will poaching be completely eradicated...?)"
    },
    "40030141": {
        "deprecated": false,
        "Dev_Desc": "30205",
        "id": 40030141,
        "alias": "Contents.Quest.Guide.30141",
        "text": "(<textColor=[110:216:175:255]>Let's go to Paradise Hills</>)"
    },
    "40030142": {
        "deprecated": false,
        "Dev_Desc": "30205",
        "id": 40030142,
        "alias": "Contents.Quest.Guide.30142",
        "text": "Oh, thank you."
    },
    "40030143": {
        "deprecated": false,
        "Dev_Desc": "30205",
        "id": 40030143,
        "alias": "Contents.Quest.Guide.30143",
        "text": "What is it, <textColor=[78:148:215:255]>Steel Fist</>.\nI told you to do it yourself."
    },
    "40030144": {
        "deprecated": false,
        "Dev_Desc": "30205",
        "id": 40030144,
        "alias": "Contents.Quest.Guide.30144",
        "text": "<textColor=[78:148:215:255]>Moon, Moonlight</>?!\nHey, what's going on here?"
    },
    "40030145": {
        "deprecated": false,
        "Dev_Desc": "30205",
        "id": 40030145,
        "alias": "Contents.Quest.Guide.30145",
        "text": "It's also reliable.\nUnlike anyone..."
    },
    "40030146": {
        "deprecated": false,
        "Dev_Desc": "30205",
        "id": 40030146,
        "alias": "Contents.Quest.Guide.30146",
        "text": "Who's not me...?"
    },
    "40030147": {
        "deprecated": false,
        "Dev_Desc": "30205",
        "id": 40030147,
        "alias": "Contents.Quest.Guide.30147",
        "text": "Be quiet.\nOh, I'll ask you one more thing."
    },
    "40030148": {
        "deprecated": false,
        "Dev_Desc": "30205",
        "id": 40030148,
        "alias": "Contents.Quest.Guide.30148",
        "text": "<textColor=[255:204:102:255]>Bring me some black mud</>.\n<textColor=[78:148:215:255]>Horyong Kwak, Sangjeonju</> \nIt was specially recommended."
    },
    "40030149": {
        "deprecated": false,
        "Dev_Desc": "30205",
        "id": 40030149,
        "alias": "Contents.Quest.Guide.30149",
        "text": "It's good quality soil.\nNow, here's the reward."
    },
    "40030150": {
        "deprecated": false,
        "Dev_Desc": "30205",
        "id": 40030150,
        "alias": "Contents.Quest.Guide.30150",
        "text": "See you then."
    },
    "40030151": {
        "deprecated": false,
        "Dev_Desc": "30206",
        "id": 40030151,
        "alias": "Contents.Quest.Guide.30151",
        "text": "(He said he would)"
    },
    "40030152": {
        "deprecated": false,
        "Dev_Desc": "30206",
        "id": 40030152,
        "alias": "Contents.Quest.Guide.30152",
        "text": "Hmm... <textColor=[215:94:94:255]>Myomyeon</>more\nmore than I thought."
    },
    "40030153": {
        "deprecated": false,
        "Dev_Desc": "30206",
        "id": 40030153,
        "alias": "Contents.Quest.Guide.30153",
        "text": "Keep them\naway a little bit from the aisle."
    },
    "40030154": {
        "deprecated": false,
        "Dev_Desc": "30206",
        "id": 40030154,
        "alias": "Contents.Quest.Guide.30154",
        "text": "I think that's enough.\nIt's you too."
    },
    "40030155": {
        "deprecated": false,
        "Dev_Desc": "30206",
        "id": 40030155,
        "alias": "Contents.Quest.Guide.30155",
        "text": "Then I'll be waiting for you at <textColor=[110:216:175:255]>Shelter</>."
    },
    "40030156": {
        "deprecated": false,
        "Dev_Desc": "30206",
        "id": 40030156,
        "alias": "Contents.Quest.Guide.30156",
        "text": "(<textColor=[110:216:175:255]>Let's go to the grassy hillside</>)"
    },
    "40030157": {
        "deprecated": false,
        "Dev_Desc": "30206",
        "id": 40030157,
        "alias": "Contents.Quest.Guide.30157",
        "text": "I think you should\nrescue the leaves."
    },
    "40030158": {
        "deprecated": false,
        "Dev_Desc": "30206",
        "id": 40030158,
        "alias": "Contents.Quest.Guide.30158",
        "text": "The workers are so frightened\nand swallowed up.\nI'll beg you."
    },
    "40030159": {
        "deprecated": false,
        "Dev_Desc": "30206",
        "id": 40030159,
        "alias": "Contents.Quest.Guide.30159",
        "text": "Thanks to you,\nthe preparations for the event went well."
    },
    "40030160": {
        "deprecated": false,
        "Dev_Desc": "30206",
        "id": 40030160,
        "alias": "Contents.Quest.Guide.30160",
        "text": "It's small, but it's a prepared\ncompensation."
    },
    "40030161": {
        "deprecated": false,
        "Dev_Desc": "30206",
        "id": 40030161,
        "alias": "Contents.Quest.Guide.30161",
        "text": "(thank you)"
    },
    "40030162": {
        "deprecated": false,
        "Dev_Desc": "30207",
        "id": 40030162,
        "alias": "Contents.Quest.Guide.30162",
        "text": "Thank you. Small.\nIt has been a great help."
    },
    "40030163": {
        "deprecated": false,
        "Dev_Desc": "30207",
        "id": 40030163,
        "alias": "Contents.Quest.Guide.30163",
        "text": "Go to <textColor=[110:216:175:255]>The Forest South of the Falls</>\nand you'll see a familiar face."
    },
    "40030164": {
        "deprecated": false,
        "Dev_Desc": "30207",
        "id": 40030164,
        "alias": "Contents.Quest.Guide.30164",
        "text": "This way. Small."
    },
    "40030165": {
        "deprecated": false,
        "Dev_Desc": "30207",
        "id": 40030165,
        "alias": "Contents.Quest.Guide.30165",
        "text": "May they rest in peace...\nThank you."
    },
    "40030166": {
        "deprecated": false,
        "Dev_Desc": "캐릭터 이름",
        "id": 40030166,
        "alias": "Contents.Quest.Guide.30166",
        "text": "Red plum, the leader of the plum flower group"
    },
    "40030167": {
        "deprecated": false,
        "Dev_Desc": "캐릭터 이름",
        "id": 40030167,
        "alias": "Contents.Quest.Guide.30167",
        "text": "Dohwasangjeon Sangjeonju Kwak Ho-ryong"
    },
    "40030168": {
        "deprecated": false,
        "Dev_Desc": "캐릭터 이름",
        "id": 40030168,
        "alias": "Contents.Quest.Guide.30168",
        "text": "Younggyowon Training Center Mumu"
    },
    "40030169": {
        "deprecated": false,
        "Dev_Desc": "캐릭터 이름",
        "id": 40030169,
        "alias": "Contents.Quest.Guide.30169",
        "text": "Younggyowon Training Center Mingming"
    },
    "40030170": {
        "deprecated": false,
        "Dev_Desc": "캐릭터 이름",
        "id": 40030170,
        "alias": "Contents.Quest.Guide.30170",
        "text": "Wild Conservation Hall Ashenwind"
    },
    "40030171": {
        "deprecated": false,
        "Dev_Desc": "캐릭터 이름",
        "id": 40030171,
        "alias": "Contents.Quest.Guide.30171",
        "text": "Geumgyeongcheolmun Steel Fist"
    },
    "40030172": {
        "deprecated": false,
        "Dev_Desc": "캐릭터 이름",
        "id": 40030172,
        "alias": "Contents.Quest.Guide.30172",
        "text": "Geumgyeongcheolmun Munju Moonlight Wind"
    },
    "40030173": {
        "deprecated": false,
        "Dev_Desc": "캐릭터 이름",
        "id": 40030173,
        "alias": "Contents.Quest.Guide.30173",
        "text": "Ereda Bunju Oreum"
    },
    "40030174": {
        "deprecated": false,
        "Dev_Desc": "캐릭터 이름",
        "id": 40030174,
        "alias": "Contents.Quest.Guide.30174",
        "text": "???"
    },
    "40030175": {
        "deprecated": false,
        "Dev_Desc": "캐릭터 이름",
        "id": 40030175,
        "alias": "Contents.Quest.Guide.30175",
        "text": "Hereda Elite Member Doha"
    }
}