{
    "100000": {
        "deprecated": false,
        "Dev_Desc": "해수_금강철권",
        "id": 100000,
        "alias": "UI.Contents.Name.100000",
        "text": "Seawater: Geumgang Tekken"
    },
    "100001": {
        "deprecated": false,
        "Dev_Desc": "해수_침식된 개골와",
        "id": 100001,
        "alias": "UI.Contents.Name.100001",
        "text": "Seawater: eroded gully"
    },
    "100002": {
        "deprecated": false,
        "Dev_Desc": "해수_예리한 가시 대장도치",
        "id": 100002,
        "alias": "UI.Contents.Name.100002",
        "text": "Seawater: Wangfu"
    },
    "100003": {
        "deprecated": false,
        "Dev_Desc": "해수_날카로운 갑주 바우탄",
        "id": 100003,
        "alias": "UI.Contents.Name.100003",
        "text": "Seawater: Bautan"
    },
    "100004": {
        "deprecated": false,
        "Dev_Desc": "해수_돌연변이 대왕거미",
        "id": 100004,
        "alias": "UI.Contents.Name.100004",
        "text": "Seawater: Giant Spider"
    },
    "100005": {
        "deprecated": false,
        "Dev_Desc": "해수_거센발톱 우푸",
        "id": 100005,
        "alias": "UI.Contents.Name.100005",
        "text": "Seawater: Whoopu"
    },
    "100006": {
        "deprecated": false,
        "Dev_Desc": "해수_침식된 칼날 서인장",
        "id": 100006,
        "alias": "UI.Contents.Name.100006",
        "text": "Seawater: Cactus"
    },
    "100007": {
        "deprecated": false,
        "Dev_Desc": "수월 각성의회랑1 입구",
        "id": 100007,
        "alias": "UI.Contents.Name.100007",
        "text": "Corridor of Awakening"
    },
    "100008": {
        "deprecated": false,
        "Dev_Desc": "수월항구 랜드마크",
        "id": 100008,
        "alias": "UI.Contents.Name.100008",
        "text": "Landmark: Suwol Port"
    },
    "100009": {
        "deprecated": false,
        "Dev_Desc": "파괴된 수와족 마을 랜드마크",
        "id": 100009,
        "alias": "UI.Contents.Name.100009",
        "text": "Landmark: Destroyed Suwa Village"
    },
    "100010": {
        "deprecated": false,
        "Dev_Desc": "신 대어방 총타 랜드마크",
        "id": 100010,
        "alias": "UI.Contents.Name.100010",
        "text": "Landmark: New Daeeobang Shot"
    },
    "100011": {
        "deprecated": false,
        "Dev_Desc": "공허의 구덩이 랜드마크",
        "id": 100011,
        "alias": "UI.Contents.Name.100011",
        "text": "Landmark: Void Pit"
    },
    "100012": {
        "deprecated": false,
        "Dev_Desc": "야생 보전회 거점 랜드마크",
        "id": 100012,
        "alias": "UI.Contents.Name.100012",
        "text": "Landmark: Wildlife Conservation Center"
    },
    "100013": {
        "deprecated": false,
        "Dev_Desc": "[야화]폭주한 수호병 후편",
        "id": 100013,
        "alias": "UI.Contents.Name.100013",
        "text": "The Night Story: The Runaway Guard Sequel"
    },
    "100014": {
        "deprecated": false,
        "Dev_Desc": "[야화]뒤틀린 신목 후편",
        "id": 100014,
        "alias": "UI.Contents.Name.100014",
        "text": "Night Story: Twisted Divine Tree Sequel"
    },
    "100015": {
        "deprecated": false,
        "Dev_Desc": "[야화]도화상전",
        "id": 100015,
        "alias": "UI.Contents.Name.100015",
        "text": "The Night Story: The Picture War"
    },
    "100016": {
        "deprecated": false,
        "Dev_Desc": "[야화]매화단",
        "id": 100016,
        "alias": "UI.Contents.Name.100016",
        "text": "Night Flower: Plum Blossom"
    },
    "100017": {
        "deprecated": false,
        "Dev_Desc": "[야화]강철악",
        "id": 100017,
        "alias": "UI.Contents.Name.100017",
        "text": "Night Story: Steel Evil"
    },
    "100018": {
        "deprecated": false,
        "Dev_Desc": "[야화]뒤틀린 신목 전편",
        "id": 100018,
        "alias": "UI.Contents.Name.100018",
        "text": "The Night Story: The Twisted Divine Tree Part 1"
    },
    "100019": {
        "deprecated": false,
        "Dev_Desc": "[야화]금경철문",
        "id": 100019,
        "alias": "UI.Contents.Name.100019",
        "text": "The Night Story: Geumgyeongcheolmun"
    },
    "100020": {
        "deprecated": false,
        "Dev_Desc": "[야화]수월항의 역사 전편",
        "id": 100020,
        "alias": "UI.Contents.Name.100020",
        "text": "Yahwa: The History of Suwol Port"
    },
    "100021": {
        "deprecated": false,
        "Dev_Desc": "[야화]수양탐사대",
        "id": 100021,
        "alias": "UI.Contents.Name.100021",
        "text": "Night story: The Shuriken Expedition"
    },
    "100022": {
        "deprecated": false,
        "Dev_Desc": "[야화]해룡",
        "id": 100022,
        "alias": "UI.Contents.Name.100022",
        "text": "Night Story: Sea Dragon"
    },
    "100023": {
        "deprecated": false,
        "Dev_Desc": "[야화]폭주한 수호병 전편",
        "id": 100023,
        "alias": "UI.Contents.Name.100023",
        "text": "Night Story: Runaway Guard Part 1"
    },
    "100024": {
        "deprecated": false,
        "Dev_Desc": "[야화]신대륙의 발견",
        "id": 100024,
        "alias": "UI.Contents.Name.100024",
        "text": "The Night Story: Discovery of a New World"
    },
    "100025": {
        "deprecated": false,
        "Dev_Desc": "[야화]잊혀진탐사대",
        "id": 100025,
        "alias": "UI.Contents.Name.100025",
        "text": "Night Story: The Forgotten Expedition"
    },
    "100026": {
        "deprecated": false,
        "Dev_Desc": "[야화]수월항의 역사 후편",
        "id": 100026,
        "alias": "UI.Contents.Name.100026",
        "text": "Yahwahwa: The History of Suwol Port, the Sequel"
    },
    "100027": {
        "deprecated": false,
        "Dev_Desc": "[야화]영교원",
        "id": 100027,
        "alias": "UI.Contents.Name.100027",
        "text": "Nighthwa: Younggyowon"
    },
    "100028": {
        "deprecated": false,
        "Dev_Desc": "[야화]공허의 구덩이",
        "id": 100028,
        "alias": "UI.Contents.Name.100028",
        "text": "Night story: The Void Pit"
    },
    "100029": {
        "deprecated": false,
        "Dev_Desc": "[야화]천월비옥",
        "id": 100029,
        "alias": "UI.Contents.Name.100029",
        "text": "Night story: Thousand Moon Fertility"
    },
    "100030": {
        "deprecated": false,
        "Dev_Desc": "[야화]잊혀진 자 전편",
        "id": 100030,
        "alias": "UI.Contents.Name.100030",
        "text": "Night Story: The Forgotten Part 1"
    },
    "100031": {
        "deprecated": false,
        "Dev_Desc": "[야화]잊혀진 자 후편",
        "id": 100031,
        "alias": "UI.Contents.Name.100031",
        "text": "Night Story: The Forgotten Sequel"
    },
    "100032": {
        "deprecated": false,
        "Dev_Desc": "랜드마크_풍백문 해월지부",
        "id": 100032,
        "alias": "UI.Contents.Name.100032",
        "text": "Landmark: Pungbaekmun Haewol Branch"
    },
    "100033": {
        "deprecated": false,
        "Dev_Desc": "랜드마크_잿빛 밀림",
        "id": 100033,
        "alias": "UI.Contents.Name.100033",
        "text": "Landmark: Ashen Jungle"
    },
    "100034": {
        "deprecated": false,
        "Dev_Desc": "랜드마크_꿈결의 숲",
        "id": 100034,
        "alias": "UI.Contents.Name.100034",
        "text": "Landmark: Forest of Dreams"
    },
    "100035": {
        "deprecated": false,
        "Dev_Desc": "랜드마크_용머리 곶",
        "id": 100035,
        "alias": "UI.Contents.Name.100035",
        "text": "Landmark: Cape Yongmeori"
    },
    "100036": {
        "deprecated": false,
        "Dev_Desc": "랜드마크_솟을바위 경사로",
        "id": 100036,
        "alias": "UI.Contents.Name.100036",
        "text": "Landmark: Sotreulrock Ramp"
    },
    "100037": {
        "deprecated": false,
        "Dev_Desc": "야화 : 해룡의 사체",
        "id": 100037,
        "alias": "UI.Contents.Name.100037",
        "text": "The Night Story: The Carcass of the Sea Dragon"
    },
    "100038": {
        "deprecated": false,
        "Dev_Desc": "야화 : 불마자",
        "id": 100038,
        "alias": "UI.Contents.Name.100038",
        "text": "Night Story: Burnout"
    },
    "100039": {
        "deprecated": false,
        "Dev_Desc": "야화 : 백야금",
        "id": 100039,
        "alias": "UI.Contents.Name.100039",
        "text": "Night story: Platinum"
    },
    "100040": {
        "deprecated": false,
        "Dev_Desc": "야화 : 홍돈팔팔",
        "id": 100040,
        "alias": "UI.Contents.Name.100040",
        "text": "Night story: Hong Donpal"
    },
    "100041": {
        "deprecated": false,
        "Dev_Desc": "야화 : 진실 혹은 거짓(전편)",
        "id": 100041,
        "alias": "UI.Contents.Name.100041",
        "text": "The Nightmare: The True or the False Prequel"
    },
    "100042": {
        "deprecated": false,
        "Dev_Desc": "야화 : 풍백문의 역사(전편)",
        "id": 100042,
        "alias": "UI.Contents.Name.100042",
        "text": "The Night Story: The History of Pungbaekmun"
    },
    "100043": {
        "deprecated": false,
        "Dev_Desc": "야화 : 풍백문의 역사(후편)",
        "id": 100043,
        "alias": "UI.Contents.Name.100043",
        "text": "The Night Story: The History of Pungbaekmun, the Sequel"
    },
    "100044": {
        "deprecated": false,
        "Dev_Desc": "야화 : 비밀에 쌓인 문주",
        "id": 100044,
        "alias": "UI.Contents.Name.100044",
        "text": "The Night Story: The Secret Moonju"
    },
    "100045": {
        "deprecated": false,
        "Dev_Desc": "야화 : 거대 비옥",
        "id": 100045,
        "alias": "UI.Contents.Name.100045",
        "text": "Nightfire: The Great Fertility"
    },
    "100046": {
        "deprecated": false,
        "Dev_Desc": "야화 : 비운의 사건",
        "id": 100046,
        "alias": "UI.Contents.Name.100046",
        "text": "Night Story: The Unfortunate Event"
    },
    "100047": {
        "deprecated": false,
        "Dev_Desc": "야화 : 진실 혹은 거짓(후편)",
        "id": 100047,
        "alias": "UI.Contents.Name.100047",
        "text": "Night Story: True or False Sequel"
    },
    "100048": {
        "deprecated": false,
        "Dev_Desc": "야화 : 바롱족의 역사(후편)",
        "id": 100048,
        "alias": "UI.Contents.Name.100048",
        "text": "Yahwa: Yeongkyowon and Barong"
    },
    "100049": {
        "deprecated": false,
        "Dev_Desc": "야화 : 개척 바롱단에 대해",
        "id": 100049,
        "alias": "UI.Contents.Name.100049",
        "text": "The Night Story: About the Pioneer Barongdan"
    },
    "100050": {
        "deprecated": false,
        "Dev_Desc": "비옥대지_해수_붉은 낫",
        "id": 100050,
        "alias": "UI.Contents.Name.100050",
        "text": "Seawater: King of monstrosities"
    },
    "100051": {
        "deprecated": false,
        "Dev_Desc": "비옥대지_해수_흑묘",
        "id": 100051,
        "alias": "UI.Contents.Name.100051",
        "text": "Seawater: Black Cattle"
    },
    "100052": {
        "deprecated": false,
        "Dev_Desc": "비옥대지_해수_철야금",
        "id": 100052,
        "alias": "UI.Contents.Name.100052",
        "text": "Seawater: Ironclaw"
    },
    "100053": {
        "deprecated": false,
        "Dev_Desc": "비옥대지_해수_재앙의 원령",
        "id": 100053,
        "alias": "UI.Contents.Name.100053",
        "text": "Seawater: Catastrophe Monkey"
    },
    "100054": {
        "deprecated": false,
        "Dev_Desc": "비옥대지_해수_고대의 엔트",
        "id": 100054,
        "alias": "UI.Contents.Name.100054",
        "text": "Seawater: Old tree"
    },
    "100055": {
        "deprecated": false,
        "Dev_Desc": "태록림 야화 : 유령선의 실체",
        "id": 100055,
        "alias": "UI.Contents.Name.100055",
        "text": "The Night Story: The Reality of the Ghost Ship"
    },
    "100056": {
        "deprecated": false,
        "Dev_Desc": "태록림 야화 : 기운을 빼앗기는 숲",
        "id": 100056,
        "alias": "UI.Contents.Name.100056",
        "text": "Night Story: Deprived Forest"
    },
    "100057": {
        "deprecated": false,
        "Dev_Desc": "태록림 야화 : 어둑시니",
        "id": 100057,
        "alias": "UI.Contents.Name.100057",
        "text": "Night Story: It's Dark"
    },
    "100058": {
        "deprecated": false,
        "Dev_Desc": "태록림 야화 : 녹색 뿔의 왕, 녹력대귀",
        "id": 100058,
        "alias": "UI.Contents.Name.100058",
        "text": "Yakhwa: King of the Green Horn, the Green Giant"
    },
    "100059": {
        "deprecated": false,
        "Dev_Desc": "태록림 야화 : 낙원대성",
        "id": 100059,
        "alias": "UI.Contents.Name.100059",
        "text": "Night Story: Paradise Grand Fortress"
    },
    "100060": {
        "deprecated": false,
        "Dev_Desc": "태록림 야화 : 대인면충",
        "id": 100060,
        "alias": "UI.Contents.Name.100060",
        "text": "Night story: Interpersonal Insect"
    },
    "100061": {
        "deprecated": false,
        "Dev_Desc": "태록림 야화 : 천신제례",
        "id": 100061,
        "alias": "UI.Contents.Name.100061",
        "text": "Nighthwa: Cheonshin Festival"
    },
    "100062": {
        "deprecated": false,
        "Dev_Desc": "태록림 야화 : 에레다의 역사 전편",
        "id": 100062,
        "alias": "UI.Contents.Name.100062",
        "text": "The Night Story: The Full Story of Ereda"
    },
    "100063": {
        "deprecated": false,
        "Dev_Desc": "태록림 야화 : 에레다의 역사 후편",
        "id": 100063,
        "alias": "UI.Contents.Name.100063",
        "text": "The Night Story: The History of Ereda Sequel"
    },
    "100064": {
        "deprecated": false,
        "Dev_Desc": "태록림 야화 : 에레다 문주, 하름",
        "id": 100064,
        "alias": "UI.Contents.Name.100064",
        "text": "Night story: Ereda Munju, Harum"
    },
    "100065": {
        "deprecated": false,
        "Dev_Desc": "태록림 야화 : 바롱족의 역사 전편",
        "id": 100065,
        "alias": "UI.Contents.Name.100065",
        "text": "The Night Story: The Full Story of the Barong's History"
    },
    "100066": {
        "deprecated": false,
        "Dev_Desc": "태록림 야화 : 바롱 탐방기",
        "id": 100066,
        "alias": "UI.Contents.Name.100066",
        "text": "Night Story: Barong Exploration"
    },
    "100067": {
        "deprecated": false,
        "Dev_Desc": "태록림 랜드마크 : 예도항",
        "id": 100067,
        "alias": "UI.Contents.Name.100067",
        "text": "Landmark: Yedohang"
    },
    "100068": {
        "deprecated": false,
        "Dev_Desc": "태록림 랜드마크 : 버려진 감시탑",
        "id": 100068,
        "alias": "UI.Contents.Name.100068",
        "text": "Landmark: Abandoned Watchtower"
    },
    "100069": {
        "deprecated": false,
        "Dev_Desc": "태록림 랜드마크 : 개척자 위령묘지",
        "id": 100069,
        "alias": "UI.Contents.Name.100069",
        "text": "Landmark: Pioneer Cemetery"
    },
    "100070": {
        "deprecated": false,
        "Dev_Desc": "태록림 랜드마크 : 낙원구릉",
        "id": 100070,
        "alias": "UI.Contents.Name.100070",
        "text": "Landmark: Paradise Hills"
    },
    "100071": {
        "deprecated": false,
        "Dev_Desc": "태록림 랜드마크 : 참고요 숲",
        "id": 100071,
        "alias": "UI.Contents.Name.100071",
        "text": "Landmark: Note Forest"
    },
    "100072": {
        "deprecated": false,
        "Dev_Desc": "태록림_해수_광포한 발",
        "id": 100072,
        "alias": "UI.Contents.Name.100072",
        "text": "Seawater: Hwang Woong"
    },
    "100073": {
        "deprecated": false,
        "Dev_Desc": "태록림_해수_해변 삼색조",
        "id": 100073,
        "alias": "UI.Contents.Name.100073",
        "text": "Seawater: Hanzo"
    },
    "100074": {
        "deprecated": false,
        "Dev_Desc": "태록림_해수_외로운 어둠",
        "id": 100074,
        "alias": "UI.Contents.Name.100074",
        "text": "Seawater: Blood Horse"
    },
    "100075": {
        "deprecated": false,
        "Dev_Desc": "태록림_해수_복수의 칼날",
        "id": 100075,
        "alias": "UI.Contents.Name.100075",
        "text": "Seawater: East-West"
    },
    "100076": {
        "deprecated": false,
        "Dev_Desc": "태록림_해수_왕두",
        "id": 100076,
        "alias": "UI.Contents.Name.100076",
        "text": "Seawater: Wangdu"
    },
    "100077": {
        "deprecated": false,
        "Dev_Desc": "비옥대지_필드던전_심연의틈",
        "id": 100077,
        "alias": "UI.Contents.Name.100077",
        "text": "Field Dungeon: Abyssal Rift"
    },
    "100078": {
        "deprecated": false,
        "Dev_Desc": "지도 GNB",
        "id": 100078,
        "alias": "UI.Contents.Map.Title",
        "text": "Map"
    },
    "100079": {
        "deprecated": false,
        "Dev_Desc": "토모",
        "id": 100079,
        "alias": "UI.Contents.Name.100079",
        "text": "Tomo"
    },
    "100080": {
        "deprecated": false,
        "Dev_Desc": "비옥대지",
        "id": 100080,
        "alias": "UI.Contents.Name.100080",
        "text": "Lv.50 Red Slope"
    },
    "100081": {
        "deprecated": false,
        "Dev_Desc": "비옥대지",
        "id": 100081,
        "alias": "UI.Contents.Name.100081",
        "text": "Lv.53 Mystery Field"
    },
    "100082": {
        "deprecated": false,
        "Dev_Desc": "비옥대지",
        "id": 100082,
        "alias": "UI.Contents.Name.100082",
        "text": "Lv.54 Forest Veil"
    },
    "100083": {
        "deprecated": false,
        "Dev_Desc": "비옥대지",
        "id": 100083,
        "alias": "UI.Contents.Name.100083",
        "text": "Lv.54 Anemone Hill"
    },
    "100084": {
        "deprecated": false,
        "Dev_Desc": "비옥대지",
        "id": 100084,
        "alias": "UI.Contents.Name.100084",
        "text": "Lv.55 Ashen Jungle"
    },
    "100085": {
        "deprecated": false,
        "Dev_Desc": "비옥대지",
        "id": 100085,
        "alias": "UI.Contents.Name.100085",
        "text": "Lv.60 Calamity Hideout"
    },
    "100086": {
        "deprecated": false,
        "Dev_Desc": "비옥대지",
        "id": 100086,
        "alias": "UI.Contents.Name.100086",
        "text": "Lv.56 Red Horn Path"
    },
    "100087": {
        "deprecated": false,
        "Dev_Desc": "비옥대지",
        "id": 100087,
        "alias": "UI.Contents.Name.100087",
        "text": "Lv.56 Forest of Dreams"
    },
    "100088": {
        "deprecated": false,
        "Dev_Desc": "비옥대지",
        "id": 100088,
        "alias": "UI.Contents.Name.100088",
        "text": "Lv.56 Sotulbawi Mountain"
    },
    "100089": {
        "deprecated": false,
        "Dev_Desc": "비옥대지",
        "id": 100089,
        "alias": "UI.Contents.Name.100089",
        "text": "Lv.57 Soaring Rock Ramp"
    },
    "100090": {
        "deprecated": false,
        "Dev_Desc": "비옥대지",
        "id": 100090,
        "alias": "UI.Contents.Name.100090",
        "text": "Lv.56 Wave of Applause"
    },
    "100091": {
        "deprecated": false,
        "Dev_Desc": "비옥대지",
        "id": 100091,
        "alias": "UI.Contents.Name.100091",
        "text": "Lv.59 Dragon Head Cape"
    },
    "100092": {
        "deprecated": false,
        "Dev_Desc": "비옥대지",
        "id": 100092,
        "alias": "UI.Contents.Name.100092",
        "text": "Lv.58 Turquoise Canyon"
    },
    "100093": {
        "deprecated": false,
        "Dev_Desc": "비옥대지",
        "id": 100093,
        "alias": "UI.Contents.Name.100093",
        "text": "Lv.51 Red Forest Road"
    },
    "100094": {
        "deprecated": false,
        "Dev_Desc": "비옥대지",
        "id": 100094,
        "alias": "UI.Contents.Name.100094",
        "text": "Lv.52 Autumnal Sunset Valley"
    },
    "100095": {
        "deprecated": false,
        "Dev_Desc": "비옥대지",
        "id": 100095,
        "alias": "UI.Contents.Name.100095",
        "text": "Lv.54 Lumberjack"
    },
    "100096": {
        "deprecated": false,
        "Dev_Desc": "비옥대지",
        "id": 100096,
        "alias": "UI.Contents.Name.100096",
        "text": "Lv.55 Fertile Ruins"
    },
    "100097": {
        "deprecated": false,
        "Dev_Desc": "비옥대지",
        "id": 100097,
        "alias": "UI.Contents.Name.100097",
        "text": "Lv.55 Fertility Dig"
    },
    "100098": {
        "deprecated": false,
        "Dev_Desc": "비옥대지",
        "id": 100098,
        "alias": "UI.Contents.Name.100098",
        "text": "Lv.56 Forest of Samyojeong"
    },
    "100099": {
        "deprecated": false,
        "Dev_Desc": "비옥대지",
        "id": 100099,
        "alias": "UI.Contents.Name.100099",
        "text": "Lv.63 Fertility Falls"
    },
    "100100": {
        "deprecated": false,
        "Dev_Desc": "비옥대지",
        "id": 100100,
        "alias": "UI.Contents.Name.100100",
        "text": "Lv.64 Blood Lair"
    },
    "100101": {
        "deprecated": false,
        "Dev_Desc": "비옥대지",
        "id": 100101,
        "alias": "UI.Contents.Name.100101",
        "text": "Lv.65 Hidden Paradise"
    },
    "100102": {
        "deprecated": false,
        "Dev_Desc": "비옥대지",
        "id": 100102,
        "alias": "UI.Contents.Name.100102",
        "text": "Lv.64 Abyssal Rift"
    },
    "100103": {
        "deprecated": false,
        "Dev_Desc": "비옥대지",
        "id": 100103,
        "alias": "UI.Contents.Name.100103",
        "text": "Lv.51 Wind Road"
    },
    "100104": {
        "deprecated": false,
        "Dev_Desc": "던전 공통",
        "id": 100104,
        "alias": "UI.Contents.Name.100104",
        "text": "Dungeon Entrance"
    },
    "100105": {
        "deprecated": false,
        "Dev_Desc": "잊혀진 낙원의 미궁 : 풍신과 뇌신",
        "id": 100105,
        "alias": "UI.Contents.Name.100105",
        "text": "Wind God and Thunder God"
    },
    "100106": {
        "deprecated": false,
        "Dev_Desc": "던전 공통",
        "id": 100106,
        "alias": "UI.Contents.Name.100106",
        "text": "Dungeon Exit"
    },
    "100107": {
        "deprecated": false,
        "Dev_Desc": "반달호수 경공 회랑 1",
        "id": 100107,
        "alias": "UI.Contents.Name.100107",
        "text": "Corridor of Awakening: Water Monument"
    },
    "100108": {
        "deprecated": false,
        "Dev_Desc": "반달호수 경공 회랑 2",
        "id": 100108,
        "alias": "UI.Contents.Name.100108",
        "text": "Corridor of Awakening: Glide"
    },
    "100109": {
        "deprecated": false,
        "Dev_Desc": "반달호수 경공 회랑 3",
        "id": 100109,
        "alias": "UI.Contents.Name.100109",
        "text": "Corridor of Awakening: Hoiryubi"
    },
    "100110": {
        "deprecated": false,
        "Dev_Desc": "반달호수 전투 회랑 1",
        "id": 100110,
        "alias": "UI.Contents.Name.100110",
        "text": "Corridor of Awakening: Guard of Strike No. 31"
    },
    "100111": {
        "deprecated": false,
        "Dev_Desc": "반달호수 전투 회랑 2",
        "id": 100111,
        "alias": "UI.Contents.Name.100111",
        "text": "Corridor of Awakening: Heavenly Father"
    },
    "100112": {
        "deprecated": false,
        "Dev_Desc": "반달호수 전투 회랑 3",
        "id": 100112,
        "alias": "UI.Contents.Name.100112",
        "text": "Corridor of Awakening: Guard of the Iron Wall No. 35"
    },
    "100113": {
        "deprecated": false,
        "Dev_Desc": "반달호수 전투 회랑 4",
        "id": 100113,
        "alias": "UI.Contents.Name.100113",
        "text": "Corridor of Awakening: Descent"
    },
    "100114": {
        "deprecated": false,
        "Dev_Desc": "반달호수 전투 회랑 5",
        "id": 100114,
        "alias": "UI.Contents.Name.100114",
        "text": "Corridor of Awakening: Guard of Strike No. 28"
    },
    "100115": {
        "deprecated": false,
        "Dev_Desc": "태록림 전투 회랑 9",
        "id": 100115,
        "alias": "UI.Contents.Name.100115",
        "text": "Corridor of Awakening: Guardian of Destruction No. 44"
    },
    "100116": {
        "deprecated": false,
        "Dev_Desc": "태록림 전투 회랑 10",
        "id": 100116,
        "alias": "UI.Contents.Name.100116",
        "text": "Corridor of Awakening: Guardian of Destruction No. 38"
    },
    "100117": {
        "deprecated": false,
        "Dev_Desc": "태록림 전투 회랑 11",
        "id": 100117,
        "alias": "UI.Contents.Name.100117",
        "text": "Corridor of Awakening: Guardian of Destruction No. 48"
    },
    "100118": {
        "deprecated": false,
        "Dev_Desc": "태록림 전투 회랑 12",
        "id": 100118,
        "alias": "UI.Contents.Name.100118",
        "text": "Corridor of Awakening: Guard of Strike No. 47"
    },
    "100119": {
        "deprecated": false,
        "Dev_Desc": "태록림 경공 회랑 13",
        "id": 100119,
        "alias": "UI.Contents.Name.100119",
        "text": "Corridor of Awakening: Ascension Monument"
    },
    "100120": {
        "deprecated": false,
        "Dev_Desc": "태록림 전투 회랑 10",
        "id": 100120,
        "alias": "UI.Contents.Name.100120",
        "text": "Corridor of Awakening: Guardian of Destruction No. 52"
    },
    "100121": {
        "deprecated": false,
        "Dev_Desc": "비옥대지 전투 회랑 11",
        "id": 100121,
        "alias": "UI.Contents.Name.100121",
        "text": "Corridor of Awakening: Guard of Strike No. 55"
    },
    "100122": {
        "deprecated": false,
        "Dev_Desc": "비옥대지 전투 회랑 12",
        "id": 100122,
        "alias": "UI.Contents.Name.100122",
        "text": "Corridor of Awakening: Guard of the Iron Wall No. 51"
    },
    "100123": {
        "deprecated": false,
        "Dev_Desc": "비옥대지 전투 회랑 13",
        "id": 100123,
        "alias": "UI.Contents.Name.100123",
        "text": "Corridor of Awakening: Guard of One Strike No. 57"
    },
    "100124": {
        "deprecated": false,
        "Dev_Desc": "비옥대지 전투 회랑 14 용머리 탐사지",
        "id": 100124,
        "alias": "UI.Contents.Name.100124",
        "text": "Corridor of Awakening: Guard of the Iron Wall No. 60"
    },
    "100125": {
        "deprecated": false,
        "Dev_Desc": "비옥대지 전투 회랑 15 파석의 갈채",
        "id": 100125,
        "alias": "UI.Contents.Name.100125",
        "text": "Corridor of Awakening: Guardian of Destruction No. 57"
    },
    "100126": {
        "deprecated": false,
        "Dev_Desc": "비옥대지",
        "id": 100126,
        "alias": "UI.Contents.Name.100126",
        "text": "Lv.64 Lair of Remnants"
    },
    "100127": {
        "deprecated": false,
        "Dev_Desc": "던전내 축지 포인트 공통",
        "id": 100127,
        "alias": "UI.Contents.Name.100127",
        "text": "The Chukji Branch"
    }
}