{
    "10001": {
        "deprecated": false,
        "Dev_Desc": "Strength",
        "id": 10001,
        "alias": "Contents.Stat.Name.Strength",
        "text": "Strength"
    },
    "10002": {
        "deprecated": false,
        "Dev_Desc": "Dexterity",
        "id": 10002,
        "alias": "Contents.Stat.Name.Dexterity",
        "text": "Dexterity"
    },
    "10003": {
        "deprecated": false,
        "Dev_Desc": "Intelligence",
        "id": 10003,
        "alias": "Contents.Stat.Name.Intelligence",
        "text": "Intelligence"
    },
    "10004": {
        "deprecated": false,
        "Dev_Desc": "Constitution",
        "id": 10004,
        "alias": "Contents.Stat.Name.Constitution",
        "text": "Health"
    },
    "10005": {
        "deprecated": false,
        "Dev_Desc": "Wisdom",
        "id": 10005,
        "alias": "Contents.Stat.Name.Wisdom",
        "text": "Wisdom"
    },
    "10006": {
        "deprecated": false,
        "Dev_Desc": "Agility",
        "id": 10006,
        "alias": "Contents.Stat.Name.Agility",
        "text": "Agility"
    },
    "10007": {
        "deprecated": false,
        "Dev_Desc": "ShortPhysicalAttack",
        "id": 10007,
        "alias": "Contents.Stat.Name.ShortPhysicalAttack",
        "text": "Melee Attack"
    },
    "10008": {
        "deprecated": false,
        "Dev_Desc": "LongPhysicalAttack",
        "id": 10008,
        "alias": "Contents.Stat.Name.LongPhysicalAttack",
        "text": "Ranged Attack"
    },
    "10009": {
        "deprecated": false,
        "Dev_Desc": "ForceAttack",
        "id": 10009,
        "alias": "Contents.Stat.Name.ForceAttack",
        "text": "Force Attack"
    },
    "10010": {
        "deprecated": false,
        "Dev_Desc": "Attack",
        "id": 10010,
        "alias": "Contents.Stat.Name.Attack",
        "text": "Attack"
    },
    "10011": {
        "deprecated": false,
        "Dev_Desc": "WeaponAttack",
        "id": 10011,
        "alias": "Contents.Stat.Name.WeaponAttack",
        "text": "Weapon Attack"
    },
    "10012": {
        "deprecated": false,
        "Dev_Desc": "WeaponAttackRate",
        "id": 10012,
        "alias": "Contents.Stat.Name.WeaponAttackRate",
        "text": "Weapon Attack Rate"
    },
    "10013": {
        "deprecated": false,
        "Dev_Desc": "WeaponAttackToleranceRate",
        "id": 10013,
        "alias": "Contents.Stat.Name.WeaponAttackToleranceRate",
        "text": "Weapon Attack Resistance"
    },
    "10014": {
        "deprecated": false,
        "Dev_Desc": "AttackBonus",
        "id": 10014,
        "alias": "Contents.Stat.Name.AttackBonus",
        "text": "Additional Attack Damage"
    },
    "10015": {
        "deprecated": false,
        "Dev_Desc": "AddAttackMin",
        "id": 10015,
        "alias": "Contents.Stat.Name.AddAttackMin",
        "text": "precision"
    },
    "10016": {
        "deprecated": false,
        "Dev_Desc": "healingPower",
        "id": 10016,
        "alias": "Contents.Stat.Name.healingPower",
        "text": "healing power"
    },
    "10017": {
        "deprecated": false,
        "Dev_Desc": "healingPowerRate",
        "id": 10017,
        "alias": "Contents.Stat.Name.healingPowerRate",
        "text": "Healing Power Increase"
    },
    "10018": {
        "deprecated": false,
        "Dev_Desc": "SwordAttack",
        "id": 10018,
        "alias": "Contents.Stat.Name.SwordAttack",
        "text": "Sword Attack"
    },
    "10019": {
        "deprecated": false,
        "Dev_Desc": "GauntletAttack",
        "id": 10019,
        "alias": "Contents.Stat.Name.GauntletAttack",
        "text": "Armor Attack"
    },
    "10020": {
        "deprecated": false,
        "Dev_Desc": "AxeAttack",
        "id": 10020,
        "alias": "Contents.Stat.Name.AxeAttack",
        "text": "Ax Attack"
    },
    "10021": {
        "deprecated": false,
        "Dev_Desc": "BangleAttack",
        "id": 10021,
        "alias": "Contents.Stat.Name.BangleAttack",
        "text": "The attack power of the qigong tile"
    },
    "10022": {
        "deprecated": false,
        "Dev_Desc": "BowAttack",
        "id": 10022,
        "alias": "Contents.Stat.Name.BowAttack",
        "text": "bow attack power"
    },
    "10023": {
        "deprecated": false,
        "Dev_Desc": "RitualBellAttack",
        "id": 10023,
        "alias": "Contents.Stat.Name.RitualBellAttack",
        "text": "Defense Attack"
    },
    "10024": {
        "deprecated": false,
        "Dev_Desc": "ShortPhysicalPenetration",
        "id": 10024,
        "alias": "Contents.Stat.Name.ShortPhysicalPenetration",
        "text": "Melee Penetration"
    },
    "10025": {
        "deprecated": false,
        "Dev_Desc": "LongPhysicalPenetration",
        "id": 10025,
        "alias": "Contents.Stat.Name.LongPhysicalPenetration",
        "text": "Range Penetration"
    },
    "10026": {
        "deprecated": false,
        "Dev_Desc": "ForcePenetration",
        "id": 10026,
        "alias": "Contents.Stat.Name.ForcePenetration",
        "text": "pore penetration"
    },
    "10027": {
        "deprecated": false,
        "Dev_Desc": "Penetration",
        "id": 10027,
        "alias": "Contents.Stat.Name.Penetration",
        "text": "penetration"
    },
    "10028": {
        "deprecated": false,
        "Dev_Desc": "ShortPhysicalHit",
        "id": 10028,
        "alias": "Contents.Stat.Name.ShortPhysicalHit",
        "text": "Melee Hit"
    },
    "10029": {
        "deprecated": false,
        "Dev_Desc": "LongPhysicalHit",
        "id": 10029,
        "alias": "Contents.Stat.Name.LongPhysicalHit",
        "text": "Ranged Hit"
    },
    "10030": {
        "deprecated": false,
        "Dev_Desc": "ForceHit",
        "id": 10030,
        "alias": "Contents.Stat.Name.ForceHit",
        "text": "Qigong Hit"
    },
    "10031": {
        "deprecated": false,
        "Dev_Desc": "Hit",
        "id": 10031,
        "alias": "Contents.Stat.Name.Hit",
        "text": "Hit"
    },
    "10032": {
        "deprecated": false,
        "Dev_Desc": "ShortPhysicalCriticalRate",
        "id": 10032,
        "alias": "Contents.Stat.Name.ShortPhysicalCriticalRate",
        "text": "Melee Critical Rate"
    },
    "10033": {
        "deprecated": false,
        "Dev_Desc": "LongPhysicalCriticalRate",
        "id": 10033,
        "alias": "Contents.Stat.Name.LongPhysicalCriticalRate",
        "text": "Ranged Critical Rate"
    },
    "10034": {
        "deprecated": false,
        "Dev_Desc": "ForceCriticalRate",
        "id": 10034,
        "alias": "Contents.Stat.Name.ForceCriticalRate",
        "text": "Qigong lethality"
    },
    "10035": {
        "deprecated": false,
        "Dev_Desc": "CriticalRate",
        "id": 10035,
        "alias": "Contents.Stat.Name.CriticalRate",
        "text": "lethal rate"
    },
    "10036": {
        "deprecated": false,
        "Dev_Desc": "CriticalAttack",
        "id": 10036,
        "alias": "Contents.Stat.Name.CriticalAttack",
        "text": "Additional critical strike damage"
    },
    "10037": {
        "deprecated": false,
        "Dev_Desc": "FatalAttack",
        "id": 10037,
        "alias": "Contents.Stat.Name.FatalAttack",
        "text": "Additional Weak Point Attack"
    },
    "10038": {
        "deprecated": false,
        "Dev_Desc": "BlockpenetrationAttack",
        "id": 10038,
        "alias": "Contents.Stat.Name.BlockpenetrationAttack",
        "text": "Block Penetration Bonus Attack"
    },
    "10039": {
        "deprecated": false,
        "Dev_Desc": "DamagePure",
        "id": 10039,
        "alias": "Contents.Stat.Name.DamagePure",
        "text": "Damage Ignoring Defense"
    },
    "10040": {
        "deprecated": false,
        "Dev_Desc": "ShortPhysicalAttackReduction",
        "id": 10040,
        "alias": "Contents.Stat.Name.ShortPhysicalAttackReduction",
        "text": "Short-distance self-defense"
    },
    "10041": {
        "deprecated": false,
        "Dev_Desc": "LongPhysicalAttackReduction",
        "id": 10041,
        "alias": "Contents.Stat.Name.LongPhysicalAttackReduction",
        "text": "Range Defense"
    },
    "10042": {
        "deprecated": false,
        "Dev_Desc": "ForceAttackReduction",
        "id": 10042,
        "alias": "Contents.Stat.Name.ForceAttackReduction",
        "text": "Qigong self-defense"
    },
    "10043": {
        "deprecated": false,
        "Dev_Desc": "AttackReduction",
        "id": 10043,
        "alias": "Contents.Stat.Name.AttackReduction",
        "text": "self-defense"
    },
    "10044": {
        "deprecated": false,
        "Dev_Desc": "ShortPhysicalDefence",
        "id": 10044,
        "alias": "Contents.Stat.Name.ShortPhysicalDefence",
        "text": "Melee Defense"
    },
    "10045": {
        "deprecated": false,
        "Dev_Desc": "LongPhysicalDefence",
        "id": 10045,
        "alias": "Contents.Stat.Name.LongPhysicalDefence",
        "text": "Ranged Defense"
    },
    "10046": {
        "deprecated": false,
        "Dev_Desc": "ForceDefence",
        "id": 10046,
        "alias": "Contents.Stat.Name.ForceDefence",
        "text": "Qigong Defense"
    },
    "10047": {
        "deprecated": false,
        "Dev_Desc": "Defence",
        "id": 10047,
        "alias": "Contents.Stat.Name.Defence",
        "text": "Defense"
    },
    "10048": {
        "deprecated": false,
        "Dev_Desc": "ShortPhysicalEvasion",
        "id": 10048,
        "alias": "Contents.Stat.Name.ShortPhysicalEvasion",
        "text": "Melee Evasion"
    },
    "10049": {
        "deprecated": false,
        "Dev_Desc": "LongPhysicalEvasion",
        "id": 10049,
        "alias": "Contents.Stat.Name.LongPhysicalEvasion",
        "text": "Ranged Dodge"
    },
    "10050": {
        "deprecated": false,
        "Dev_Desc": "ForceEvasion",
        "id": 10050,
        "alias": "Contents.Stat.Name.ForceEvasion",
        "text": "Avoid Qigong"
    },
    "10051": {
        "deprecated": false,
        "Dev_Desc": "Evasion",
        "id": 10051,
        "alias": "Contents.Stat.Name.Evasion",
        "text": "Avoid"
    },
    "10052": {
        "deprecated": false,
        "Dev_Desc": "ShortPhysicalCriticalResistanceRate",
        "id": 10052,
        "alias": "Contents.Stat.Name.ShortPhysicalCriticalResistanceRate",
        "text": "Melee Critical Resistance"
    },
    "10053": {
        "deprecated": false,
        "Dev_Desc": "LongPhysicalCriticalResistanceRate",
        "id": 10053,
        "alias": "Contents.Stat.Name.LongPhysicalCriticalResistanceRate",
        "text": "Ranged Critical Resistance"
    },
    "10054": {
        "deprecated": false,
        "Dev_Desc": "ForceCriticalResistanceRate",
        "id": 10054,
        "alias": "Contents.Stat.Name.ForceCriticalResistanceRate",
        "text": "pore critical resistivity"
    },
    "10055": {
        "deprecated": false,
        "Dev_Desc": "CriticalResistanceRate",
        "id": 10055,
        "alias": "Contents.Stat.Name.CriticalResistanceRate",
        "text": "Critical Resistivity"
    },
    "10056": {
        "deprecated": false,
        "Dev_Desc": "CriticalAttackReduction",
        "id": 10056,
        "alias": "Contents.Stat.Name.CriticalAttackReduction",
        "text": "Critical Strike Defense"
    },
    "10057": {
        "deprecated": false,
        "Dev_Desc": "FatalAttackReduction",
        "id": 10057,
        "alias": "Contents.Stat.Name.FatalAttackReduction",
        "text": "Defense Weaknesses"
    },
    "10058": {
        "deprecated": false,
        "Dev_Desc": "BlockpenetrationAttackReduction",
        "id": 10058,
        "alias": "Contents.Stat.Name.BlockpenetrationAttackReduction",
        "text": "Block-piercing self-defense"
    },
    "10059": {
        "deprecated": false,
        "Dev_Desc": "ReduceDamagePure",
        "id": 10059,
        "alias": "Contents.Stat.Name.ReduceDamagePure",
        "text": "Defense Ignore Damage Reduction"
    },
    "10060": {
        "deprecated": false,
        "Dev_Desc": "HP",
        "id": 10060,
        "alias": "Contents.Stat.Name.HP",
        "text": "Life"
    },
    "10061": {
        "deprecated": false,
        "Dev_Desc": "HPRate",
        "id": 10061,
        "alias": "Contents.Stat.Name.HPRate",
        "text": "Life increase rate"
    },
    "10062": {
        "deprecated": false,
        "Dev_Desc": "Focus",
        "id": 10062,
        "alias": "Contents.Stat.Name.Focus",
        "text": "history"
    },
    "10063": {
        "deprecated": false,
        "Dev_Desc": "Stamina",
        "id": 10063,
        "alias": "Contents.Stat.Name.Stamina",
        "text": "energy"
    },
    "10064": {
        "deprecated": false,
        "Dev_Desc": "RegenerationHP",
        "id": 10064,
        "alias": "Contents.Stat.Name.RegenerationHP",
        "text": "Regen Life"
    },
    "10065": {
        "deprecated": false,
        "Dev_Desc": "FixedRegenerationHP",
        "id": 10065,
        "alias": "Contents.Stat.Name.FixedRegenerationHP",
        "text": "Absolute Life Regen"
    },
    "10066": {
        "deprecated": false,
        "Dev_Desc": "RegenerationFocus",
        "id": 10066,
        "alias": "Contents.Stat.Name.RegenerationFocus",
        "text": "History Regeneration"
    },
    "10067": {
        "deprecated": false,
        "Dev_Desc": "FixedRegenerationFocus",
        "id": 10067,
        "alias": "Contents.Stat.Name.FixedRegenerationFocus",
        "text": "Historical absolute regeneration"
    },
    "10068": {
        "deprecated": false,
        "Dev_Desc": "ControlFocus",
        "id": 10068,
        "alias": "Contents.Stat.Name.ControlFocus",
        "text": "Yield load control"
    },
    "10069": {
        "deprecated": false,
        "Dev_Desc": "RegenerationStamina",
        "id": 10069,
        "alias": "Contents.Stat.Name.RegenerationStamina",
        "text": "Regen Energy"
    },
    "10070": {
        "deprecated": false,
        "Dev_Desc": "HPPotionRecovery",
        "id": 10070,
        "alias": "Contents.Stat.Name.HPPotionRecovery",
        "text": "Potion recovery"
    },
    "10071": {
        "deprecated": false,
        "Dev_Desc": "HPPotionRecoveryRate",
        "id": 10071,
        "alias": "Contents.Stat.Name.HPPotionRecoveryRate",
        "text": "Potion recovery rate"
    },
    "10072": {
        "deprecated": false,
        "Dev_Desc": "NormalAttackSpeed",
        "id": 10072,
        "alias": "Contents.Stat.Name.NormalAttackSpeed",
        "text": "Base Attack Speed"
    },
    "10073": {
        "deprecated": false,
        "Dev_Desc": "ActiveAttackSpeed",
        "id": 10073,
        "alias": "Contents.Stat.Name.ActiveAttackSpeed",
        "text": "Non-Attack Speed"
    },
    "10074": {
        "deprecated": false,
        "Dev_Desc": "SkillDamage",
        "id": 10074,
        "alias": "Contents.Stat.Name.SkillDamage",
        "text": "Amplify Non-Air Damage"
    },
    "10075": {
        "deprecated": false,
        "Dev_Desc": "ReduceSkillDamage",
        "id": 10075,
        "alias": "Contents.Stat.Name.ReduceSkillDamage",
        "text": "Non-Air Damage Resistance"
    },
    "10076": {
        "deprecated": false,
        "Dev_Desc": "CutPartsDamageRate",
        "id": 10076,
        "alias": "Contents.Stat.Name.CutPartsDamageRate",
        "text": "Boss Destruction Damage Amplified"
    },
    "10077": {
        "deprecated": false,
        "Dev_Desc": "StrikePartsDamageRate",
        "id": 10077,
        "alias": "Contents.Stat.Name.StrikePartsDamageRate",
        "text": "Boss Strike Damage Boost"
    },
    "10078": {
        "deprecated": false,
        "Dev_Desc": "ControlHPDamageRate",
        "id": 10078,
        "alias": "Contents.Stat.Name.ControlHPDamageRate",
        "text": "Boss Control Damage Boost"
    },
    "10079": {
        "deprecated": false,
        "Dev_Desc": "DamageRate",
        "id": 10079,
        "alias": "Contents.Stat.Name.DamageRate",
        "text": "Amplifies damage dealt"
    },
    "10080": {
        "deprecated": false,
        "Dev_Desc": "ReduceTakenDamageRate",
        "id": 10080,
        "alias": "Contents.Stat.Name.ReduceTakenDamageRate",
        "text": "Reduce damage taken"
    },
    "10081": {
        "deprecated": false,
        "Dev_Desc": "HealRate",
        "id": 10081,
        "alias": "Contents.Stat.Name.HealRate",
        "text": "Amplifies healing done"
    },
    "10082": {
        "deprecated": false,
        "Dev_Desc": "TakenHealRate",
        "id": 10082,
        "alias": "Contents.Stat.Name.TakenHealRate",
        "text": "Amplify Healing Received"
    },
    "10083": {
        "deprecated": false,
        "Dev_Desc": "Block",
        "id": 10083,
        "alias": "Contents.Stat.Name.Block",
        "text": "block"
    },
    "10084": {
        "deprecated": false,
        "Dev_Desc": "Blockpenetration",
        "id": 10084,
        "alias": "Contents.Stat.Name.Blockpenetration",
        "text": "Block Penetration"
    },
    "10085": {
        "deprecated": false,
        "Dev_Desc": "ParryRate",
        "id": 10085,
        "alias": "Contents.Stat.Name.ParryRate",
        "text": "Bounce Activation Rate"
    },
    "10086": {
        "deprecated": false,
        "Dev_Desc": "ParryResistanceRate",
        "id": 10086,
        "alias": "Contents.Stat.Name.ParryResistanceRate",
        "text": "Resistance to bounce"
    },
    "10087": {
        "deprecated": false,
        "Dev_Desc": "SoulRate",
        "id": 10087,
        "alias": "Contents.Stat.Name.SoulRate",
        "text": "Soul Activation Rate"
    },
    "10088": {
        "deprecated": false,
        "Dev_Desc": "SoulResistanceRate",
        "id": 10088,
        "alias": "Contents.Stat.Name.SoulResistanceRate",
        "text": "Soul Resistivity"
    },
    "10089": {
        "deprecated": false,
        "Dev_Desc": "IncreaseSoulRate",
        "id": 10089,
        "alias": "Contents.Stat.Name.IncreaseSoulRate",
        "text": "Increase Soul Activation Rate"
    },
    "10090": {
        "deprecated": false,
        "Dev_Desc": "ReduceDamageRateMiss",
        "id": 10090,
        "alias": "Contents.Stat.Name.ReduceDamageRateMiss",
        "text": "missing damage reduction rate"
    },
    "10091": {
        "deprecated": false,
        "Dev_Desc": "ReduceDamageRateBlock",
        "id": 10091,
        "alias": "Contents.Stat.Name.ReduceDamageRateBlock",
        "text": "Block Damage Reduction"
    },
    "10092": {
        "deprecated": false,
        "Dev_Desc": "ReduceDamageRateParry",
        "id": 10092,
        "alias": "Contents.Stat.Name.ReduceDamageRateParry",
        "text": "Bounce Damage Reduction"
    },
    "10093": {
        "deprecated": false,
        "Dev_Desc": "Unyieldingness",
        "id": 10093,
        "alias": "Contents.Stat.Name.Unyieldingness",
        "text": "Fortitude"
    },
    "10094": {
        "deprecated": false,
        "Dev_Desc": "CentralAttack",
        "id": 10094,
        "alias": "Contents.Stat.Name.CentralAttack",
        "text": "Focused Attack"
    },
    "10095": {
        "deprecated": false,
        "Dev_Desc": "CentralAttackResistance",
        "id": 10095,
        "alias": "Contents.Stat.Name.CentralAttackResistance",
        "text": "Resisting Focused Attack"
    },
    "10096": {
        "deprecated": false,
        "Dev_Desc": "ShortPhysicalDefenceProbability",
        "id": 10096,
        "alias": "Contents.Stat.Name.ShortPhysicalDefenceProbability",
        "text": "Absolute Defense at close range"
    },
    "10097": {
        "deprecated": false,
        "Dev_Desc": "LongPhysicalDefenceProbability",
        "id": 10097,
        "alias": "Contents.Stat.Name.LongPhysicalDefenceProbability",
        "text": "Ranged Absolute Defense"
    },
    "10098": {
        "deprecated": false,
        "Dev_Desc": "ForceDefenceProbability",
        "id": 10098,
        "alias": "Contents.Stat.Name.ForceDefenceProbability",
        "text": "Qigong Absolute Defense"
    },
    "10099": {
        "deprecated": false,
        "Dev_Desc": "ShortPhysicalPenetrationProbability",
        "id": 10099,
        "alias": "Contents.Stat.Name.ShortPhysicalPenetrationProbability",
        "text": "Absolute Penetration at close range"
    },
    "10100": {
        "deprecated": false,
        "Dev_Desc": "LongPhysicalPenetrationProbability",
        "id": 10100,
        "alias": "Contents.Stat.Name.LongPhysicalPenetrationProbability",
        "text": "Range Absolute Penetration"
    },
    "10101": {
        "deprecated": false,
        "Dev_Desc": "ForcePenetrationProbability",
        "id": 10101,
        "alias": "Contents.Stat.Name.ForcePenetrationProbability",
        "text": "Absolute pore penetration"
    },
    "10102": {
        "deprecated": false,
        "Dev_Desc": "ShortPhysicalHitProbability",
        "id": 10102,
        "alias": "Contents.Stat.Name.ShortPhysicalHitProbability",
        "text": "near absolute hit"
    },
    "10103": {
        "deprecated": false,
        "Dev_Desc": "LongPhysicalHitProbability",
        "id": 10103,
        "alias": "Contents.Stat.Name.LongPhysicalHitProbability",
        "text": "Ranged Absolute Hit"
    },
    "10104": {
        "deprecated": false,
        "Dev_Desc": "ForceHitProbability",
        "id": 10104,
        "alias": "Contents.Stat.Name.ForceHitProbability",
        "text": "Qigong Absolute Hit"
    },
    "10105": {
        "deprecated": false,
        "Dev_Desc": "ShortPhysicalEvasionProbability",
        "id": 10105,
        "alias": "Contents.Stat.Name.ShortPhysicalEvasionProbability",
        "text": "never dodge melee"
    },
    "10106": {
        "deprecated": false,
        "Dev_Desc": "LongPhysicalEvasionProbability",
        "id": 10106,
        "alias": "Contents.Stat.Name.LongPhysicalEvasionProbability",
        "text": "never dodge ranged"
    },
    "10107": {
        "deprecated": false,
        "Dev_Desc": "ForceEvasionProbability",
        "id": 10107,
        "alias": "Contents.Stat.Name.ForceEvasionProbability",
        "text": "Absolutely avoid qigong"
    },
    "10108": {
        "deprecated": false,
        "Dev_Desc": "ControlAttack",
        "id": 10108,
        "alias": "Contents.Stat.Name.ControlAttack",
        "text": "Mastery of Control"
    },
    "10109": {
        "deprecated": false,
        "Dev_Desc": "ControlDefence",
        "id": 10109,
        "alias": "Contents.Stat.Name.ControlDefence",
        "text": "control flexible"
    },
    "10110": {
        "deprecated": false,
        "Dev_Desc": "ControlHitRate",
        "id": 10110,
        "alias": "Contents.Stat.Name.ControlHitRate",
        "text": "control hit rate"
    },
    "10111": {
        "deprecated": false,
        "Dev_Desc": "ControlResistanceRate",
        "id": 10111,
        "alias": "Contents.Stat.Name.ControlResistanceRate",
        "text": "control resistivity"
    },
    "10112": {
        "deprecated": false,
        "Dev_Desc": "TauntHitRate",
        "id": 10112,
        "alias": "Contents.Stat.Name.TauntHitRate",
        "text": "taunt hit rate"
    },
    "10113": {
        "deprecated": false,
        "Dev_Desc": "TauntResistanceRate",
        "id": 10113,
        "alias": "Contents.Stat.Name.TauntResistanceRate",
        "text": "Resistance to Taunt"
    },
    "10114": {
        "deprecated": false,
        "Dev_Desc": "SlowdownHitRate",
        "id": 10114,
        "alias": "Contents.Stat.Name.SlowdownHitRate",
        "text": "Slow Hit Rate"
    },
    "10115": {
        "deprecated": false,
        "Dev_Desc": "SlowdownResistanceRate",
        "id": 10115,
        "alias": "Contents.Stat.Name.SlowdownResistanceRate",
        "text": "Slow Resistivity"
    },
    "10116": {
        "deprecated": false,
        "Dev_Desc": "FrozenHitRate",
        "id": 10116,
        "alias": "Contents.Stat.Name.FrozenHitRate",
        "text": "Freeze Hit Chance"
    },
    "10117": {
        "deprecated": false,
        "Dev_Desc": "FrozenResistanceRate",
        "id": 10117,
        "alias": "Contents.Stat.Name.FrozenResistanceRate",
        "text": "Freeze Resistance"
    },
    "10118": {
        "deprecated": false,
        "Dev_Desc": "FlinchHitRate",
        "id": 10118,
        "alias": "Contents.Stat.Name.FlinchHitRate",
        "text": "stiff hit rate"
    },
    "10119": {
        "deprecated": false,
        "Dev_Desc": "FlinchResistanceRate",
        "id": 10119,
        "alias": "Contents.Stat.Name.FlinchResistanceRate",
        "text": "stiff resistivity"
    },
    "10120": {
        "deprecated": false,
        "Dev_Desc": "BurnHitRate",
        "id": 10120,
        "alias": "Contents.Stat.Name.BurnHitRate",
        "text": "Burn hit rate"
    },
    "10121": {
        "deprecated": false,
        "Dev_Desc": "BurnResistanceRate",
        "id": 10121,
        "alias": "Contents.Stat.Name.BurnResistanceRate",
        "text": "Burn resistivity"
    },
    "10122": {
        "deprecated": false,
        "Dev_Desc": "BleedingHitRate",
        "id": 10122,
        "alias": "Contents.Stat.Name.BleedingHitRate",
        "text": "Bleeding hit rate"
    },
    "10123": {
        "deprecated": false,
        "Dev_Desc": "BleedingResistanceRate",
        "id": 10123,
        "alias": "Contents.Stat.Name.BleedingResistanceRate",
        "text": "Bleeding resistance"
    },
    "10124": {
        "deprecated": false,
        "Dev_Desc": "MovementSpeed",
        "id": 10124,
        "alias": "Contents.Stat.Name.MovementSpeed",
        "text": "Movement speed increase"
    },
    "10125": {
        "deprecated": false,
        "Dev_Desc": "SwimSpeed",
        "id": 10125,
        "alias": "Contents.Stat.Name.SwimSpeed",
        "text": "Swim speed increase rate"
    },
    "10126": {
        "deprecated": false,
        "Dev_Desc": "WalkSpeed",
        "id": 10126,
        "alias": "Contents.Stat.Name.WalkSpeed",
        "text": "Walk speed increase"
    },
    "10127": {
        "deprecated": false,
        "Dev_Desc": "WeightMax",
        "id": 10127,
        "alias": "Contents.Stat.Name.WeightMax",
        "text": "Maximum carrying weight"
    },
    "10128": {
        "deprecated": false,
        "Dev_Desc": "RateGold",
        "id": 10128,
        "alias": "Contents.Stat.Name.RateGold",
        "text": "Increase the amount of gold earned"
    },
    "10129": {
        "deprecated": false,
        "Dev_Desc": "RateExp",
        "id": 10129,
        "alias": "Contents.Stat.Name.RateExp",
        "text": "Increased experience gain"
    },
    "10130": {
        "deprecated": false,
        "Dev_Desc": "ReduceSEConsumption",
        "id": 10130,
        "alias": "Contents.Stat.Name.ReduceSEConsumption",
        "text": "Reduce Reiki consumption"
    },
    "10131": {
        "deprecated": false,
        "Dev_Desc": "SEFillingAmount",
        "id": 10131,
        "alias": "Contents.Stat.Name.SEFillingAmount",
        "text": "Increased aura charge"
    },
    "10132": {
        "deprecated": false,
        "Dev_Desc": "ReduceHealRate",
        "id": 10132,
        "alias": "Contents.Stat.Name.ReduceHealRate",
        "text": "Reduces healing done"
    },
    "10133": {
        "deprecated": false,
        "Dev_Desc": "ReduceTakenHealRate",
        "id": 10133,
        "alias": "Contents.Stat.Name.ReduceTakenHealRate",
        "text": "reduced healing received"
    },
    "10134": {
        "deprecated": false,
        "Dev_Desc": "ReduceDamageRate",
        "id": 10134,
        "alias": "Contents.Stat.Name.ReduceDamageRate",
        "text": "Damage reduction"
    },
    "10135": {
        "deprecated": false,
        "Dev_Desc": "TakenDamageRate",
        "id": 10135,
        "alias": "Contents.Stat.Name.TakenDamageRate",
        "text": "Amplifies damage taken"
    },
    "10136": {
        "deprecated": false,
        "Dev_Desc": "ReduceNormalAttackSpeed",
        "id": 10136,
        "alias": "Contents.Stat.Name.ReduceNormalAttackSpeed",
        "text": "Reduces base attack speed"
    },
    "10137": {
        "deprecated": false,
        "Dev_Desc": "ReduceActiveAttackSpeed",
        "id": 10137,
        "alias": "Contents.Stat.Name.ReduceActiveAttackSpeed",
        "text": "Non-Attack Attack Speed Reduction"
    },
    "10138": {
        "deprecated": false,
        "Dev_Desc": "ReduceHpPotionRecovery",
        "id": 10138,
        "alias": "Contents.Stat.Name.ReduceHpPotionRecovery",
        "text": "reduced potion recovery"
    },
    "10139": {
        "deprecated": false,
        "Dev_Desc": "ReduceHpPotionRecoveryRate",
        "id": 10139,
        "alias": "Contents.Stat.Name.ReduceHpPotionRecoveryRate",
        "text": "reduced potion recovery rate"
    },
    "10140": {
        "deprecated": false,
        "Dev_Desc": "ReduceMovementSpeed",
        "id": 10140,
        "alias": "Contents.Stat.Name.ReduceMovementSpeed",
        "text": "Movement speed reduction rate"
    },
    "10141": {
        "deprecated": false,
        "Dev_Desc": "ReduceSwimSpeed",
        "id": 10141,
        "alias": "Contents.Stat.Name.ReduceSwimSpeed",
        "text": "swimming speed reduction rate"
    },
    "10142": {
        "deprecated": false,
        "Dev_Desc": "ReduceWalkSpeed",
        "id": 10142,
        "alias": "Contents.Stat.Name.ReduceWalkSpeed",
        "text": "Walking speed reduction rate"
    },
    "10143": {
        "deprecated": false,
        "Dev_Desc": "PvPAttack",
        "id": 10143,
        "alias": "Contents.Stat.Name.PvPAttack",
        "text": "PVP Attack Power"
    },
    "10144": {
        "deprecated": false,
        "Dev_Desc": "PvPAttackReduction",
        "id": 10144,
        "alias": "Contents.Stat.Name.PvPAttackReduction",
        "text": "PVP self-defense"
    },
    "10145": {
        "deprecated": false,
        "Dev_Desc": "PvPDefence",
        "id": 10145,
        "alias": "Contents.Stat.Name.PvPDefence",
        "text": "PVP Defense"
    },
    "10146": {
        "deprecated": false,
        "Dev_Desc": "PvPPenetration",
        "id": 10146,
        "alias": "Contents.Stat.Name.PvPPenetration",
        "text": "PVP Penetration"
    },
    "10147": {
        "deprecated": false,
        "Dev_Desc": "PvPHit",
        "id": 10147,
        "alias": "Contents.Stat.Name.PvPHit",
        "text": "PVP Hit"
    },
    "10148": {
        "deprecated": false,
        "Dev_Desc": "PvPEvasion",
        "id": 10148,
        "alias": "Contents.Stat.Name.PvPEvasion",
        "text": "PVP Evasion"
    },
    "10149": {
        "deprecated": false,
        "Dev_Desc": "PvPCriticalRate",
        "id": 10149,
        "alias": "Contents.Stat.Name.PvPCriticalRate",
        "text": "PVP Critical Rate"
    },
    "10150": {
        "deprecated": false,
        "Dev_Desc": "PvPCriticalResistanceRate",
        "id": 10150,
        "alias": "Contents.Stat.Name.PvPCriticalResistanceRate",
        "text": "PVP Critical Resistance"
    },
    "10151": {
        "deprecated": false,
        "Dev_Desc": "PvEAttack",
        "id": 10151,
        "alias": "Contents.Stat.Name.PvEAttack",
        "text": "PVE attack power"
    },
    "10152": {
        "deprecated": false,
        "Dev_Desc": "PvEAttackReduction",
        "id": 10152,
        "alias": "Contents.Stat.Name.PvEAttackReduction",
        "text": "PVE Self Defense"
    },
    "10153": {
        "deprecated": false,
        "Dev_Desc": "PvEDefence",
        "id": 10153,
        "alias": "Contents.Stat.Name.PvEDefence",
        "text": "PVE Defense"
    },
    "10154": {
        "deprecated": false,
        "Dev_Desc": "PvEPenetration",
        "id": 10154,
        "alias": "Contents.Stat.Name.PvEPenetration",
        "text": "PVE Penetration"
    },
    "10155": {
        "deprecated": false,
        "Dev_Desc": "PvEHit",
        "id": 10155,
        "alias": "Contents.Stat.Name.PvEHit",
        "text": "PVE Hit"
    },
    "10156": {
        "deprecated": false,
        "Dev_Desc": "PvEEvasion",
        "id": 10156,
        "alias": "Contents.Stat.Name.PvEEvasion",
        "text": "PVE Evasion"
    },
    "10157": {
        "deprecated": false,
        "Dev_Desc": "PvECriticalRate",
        "id": 10157,
        "alias": "Contents.Stat.Name.PvECriticalRate",
        "text": "PVE Critical Rate"
    },
    "10158": {
        "deprecated": false,
        "Dev_Desc": "PvECriticalResistanceRate",
        "id": 10158,
        "alias": "Contents.Stat.Name.PvECriticalResistanceRate",
        "text": "PVE Critical Resistivity"
    },
    "10159": {
        "deprecated": false,
        "Dev_Desc": "BossAttack",
        "id": 10159,
        "alias": "Contents.Stat.Name.BossAttack",
        "text": "Boss Attack"
    },
    "10160": {
        "deprecated": false,
        "Dev_Desc": "BossAttackReduction",
        "id": 10160,
        "alias": "Contents.Stat.Name.BossAttackReduction",
        "text": "Boss self-defense"
    },
    "10161": {
        "deprecated": false,
        "Dev_Desc": "BossDefence",
        "id": 10161,
        "alias": "Contents.Stat.Name.BossDefence",
        "text": "Boss Defense"
    },
    "10162": {
        "deprecated": false,
        "Dev_Desc": "BossPenetration",
        "id": 10162,
        "alias": "Contents.Stat.Name.BossPenetration",
        "text": "Boss Penetration"
    },
    "10163": {
        "deprecated": false,
        "Dev_Desc": "BossHit",
        "id": 10163,
        "alias": "Contents.Stat.Name.BossHit",
        "text": "Boss Hit"
    },
    "10164": {
        "deprecated": false,
        "Dev_Desc": "BossEvasion",
        "id": 10164,
        "alias": "Contents.Stat.Name.BossEvasion",
        "text": "Boss Evasion"
    },
    "10165": {
        "deprecated": false,
        "Dev_Desc": "BossCriticalRate",
        "id": 10165,
        "alias": "Contents.Stat.Name.BossCriticalRate",
        "text": "Boss Critical Rate"
    },
    "10166": {
        "deprecated": false,
        "Dev_Desc": "BossCriticalResistanceRate",
        "id": 10166,
        "alias": "Contents.Stat.Name.BossCriticalResistanceRate",
        "text": "Boss Critical Resistance"
    },
    "10167": {
        "deprecated": false,
        "Dev_Desc": "FireDamage",
        "id": 10167,
        "alias": "Contents.Stat.Name.FireDamage",
        "text": "Fire attribute attack power"
    },
    "10168": {
        "deprecated": false,
        "Dev_Desc": "WaterDamage",
        "id": 10168,
        "alias": "Contents.Stat.Name.WaterDamage",
        "text": "Water attribute attack power"
    },
    "10169": {
        "deprecated": false,
        "Dev_Desc": "WoodDamage",
        "id": 10169,
        "alias": "Contents.Stat.Name.WoodDamage",
        "text": "Thing attack attack"
    },
    "10170": {
        "deprecated": false,
        "Dev_Desc": "IronDamage",
        "id": 10170,
        "alias": "Contents.Stat.Name.IronDamage",
        "text": "Gold attribute attack power"
    },
    "10171": {
        "deprecated": false,
        "Dev_Desc": "WindDamage",
        "id": 10171,
        "alias": "Contents.Stat.Name.WindDamage",
        "text": "Wind property attack power"
    },
    "10172": {
        "deprecated": false,
        "Dev_Desc": "LightningDamage",
        "id": 10172,
        "alias": "Contents.Stat.Name.LightningDamage",
        "text": "Brain attribute attack power"
    },
    "10173": {
        "deprecated": false,
        "Dev_Desc": "LightDamage",
        "id": 10173,
        "alias": "Contents.Stat.Name.LightDamage",
        "text": "Light attribute attack power"
    },
    "10174": {
        "deprecated": false,
        "Dev_Desc": "DarkDamage",
        "id": 10174,
        "alias": "Contents.Stat.Name.DarkDamage",
        "text": "dark attribute attack power"
    },
    "10175": {
        "deprecated": false,
        "Dev_Desc": "ElementDamage",
        "id": 10175,
        "alias": "Contents.Stat.Name.ElementDamage",
        "text": "Elemental attack power"
    },
    "10176": {
        "deprecated": false,
        "Dev_Desc": "FireDamageRate",
        "id": 10176,
        "alias": "Contents.Stat.Name.FireDamageRate",
        "text": "Amplifies fire damage"
    },
    "10177": {
        "deprecated": false,
        "Dev_Desc": "WaterDamageRate",
        "id": 10177,
        "alias": "Contents.Stat.Name.WaterDamageRate",
        "text": "Amplifies water damage"
    },
    "10178": {
        "deprecated": false,
        "Dev_Desc": "WoodDamageRate",
        "id": 10178,
        "alias": "Contents.Stat.Name.WoodDamageRate",
        "text": "Amplifies neck damage"
    },
    "10179": {
        "deprecated": false,
        "Dev_Desc": "IronDamageRate",
        "id": 10179,
        "alias": "Contents.Stat.Name.IronDamageRate",
        "text": "Amplifies gold damage"
    },
    "10180": {
        "deprecated": false,
        "Dev_Desc": "WindDamageRate",
        "id": 10180,
        "alias": "Contents.Stat.Name.WindDamageRate",
        "text": "Amplifies wind damage"
    },
    "10181": {
        "deprecated": false,
        "Dev_Desc": "LightningDamageRate",
        "id": 10181,
        "alias": "Contents.Stat.Name.LightningDamageRate",
        "text": "Brain damage amplification"
    },
    "10182": {
        "deprecated": false,
        "Dev_Desc": "LightDamageRate",
        "id": 10182,
        "alias": "Contents.Stat.Name.LightDamageRate",
        "text": "Amplify Light property damage"
    },
    "10183": {
        "deprecated": false,
        "Dev_Desc": "DarkDamageRate",
        "id": 10183,
        "alias": "Contents.Stat.Name.DarkDamageRate",
        "text": "Amplifies cancer damage"
    },
    "10184": {
        "deprecated": false,
        "Dev_Desc": "ElementDamageRate",
        "id": 10184,
        "alias": "Contents.Stat.Name.ElementDamageRate",
        "text": "Amplify Elemental Damage"
    },
    "10185": {
        "deprecated": false,
        "Dev_Desc": "FireDamageToleranceRate",
        "id": 10185,
        "alias": "Contents.Stat.Name.FireDamageToleranceRate",
        "text": "Fire damage resistance"
    },
    "10186": {
        "deprecated": false,
        "Dev_Desc": "WaterDamageToleranceRate",
        "id": 10186,
        "alias": "Contents.Stat.Name.WaterDamageToleranceRate",
        "text": "Water property damage resistance"
    },
    "10187": {
        "deprecated": false,
        "Dev_Desc": "WoodDamageToleranceRate",
        "id": 10187,
        "alias": "Contents.Stat.Name.WoodDamageToleranceRate",
        "text": "Immune to neck damage"
    },
    "10188": {
        "deprecated": false,
        "Dev_Desc": "IronDamageToleranceRate",
        "id": 10188,
        "alias": "Contents.Stat.Name.IronDamageToleranceRate",
        "text": "Gold damage resistance"
    },
    "10189": {
        "deprecated": false,
        "Dev_Desc": "WindDamageToleranceRate",
        "id": 10189,
        "alias": "Contents.Stat.Name.WindDamageToleranceRate",
        "text": "Wind property damage resistance"
    },
    "10190": {
        "deprecated": false,
        "Dev_Desc": "LightningDamageToleranceRate",
        "id": 10190,
        "alias": "Contents.Stat.Name.LightningDamageToleranceRate",
        "text": "Brain damage resistance"
    },
    "10191": {
        "deprecated": false,
        "Dev_Desc": "LightDamageToleranceRate",
        "id": 10191,
        "alias": "Contents.Stat.Name.LightDamageToleranceRate",
        "text": "Light property damage resistance"
    },
    "10192": {
        "deprecated": false,
        "Dev_Desc": "DarkDamageToleranceRate",
        "id": 10192,
        "alias": "Contents.Stat.Name.DarkDamageToleranceRate",
        "text": "Damage Resistance to Cancer"
    },
    "10193": {
        "deprecated": false,
        "Dev_Desc": "ElementDamageToleranceRate",
        "id": 10193,
        "alias": "Contents.Stat.Name.ElementDamageToleranceRate",
        "text": "Elemental Damage Resistance"
    },
    "10194": {
        "deprecated": false,
        "Dev_Desc": "ElementDamageValue",
        "id": 10194,
        "alias": "Contents.Stat.Name.ElementDamageValue",
        "text": "Soul Affinity"
    },
    "10195": {
        "deprecated": false,
        "Dev_Desc": "ElementDamageValueRate",
        "id": 10195,
        "alias": "Contents.Stat.Name.ElementDamageValueRate",
        "text": "Additional Soul Affinity"
    }
}