{
    "1001950": {
        "deprecated": false,
        "Dev_Desc": "튜토리얼_에픽_NPC_이름",
        "id": 1001950,
        "alias": "Contents.Citizen.Name.101950",
        "text": "Arang"
    },
    "1001951": {
        "deprecated": false,
        "Dev_Desc": "튜토리얼_에픽_NPC_이름",
        "id": 1001951,
        "alias": "Contents.Citizen.Name.101951",
        "text": "Arang"
    },
    "1001952": {
        "deprecated": false,
        "Dev_Desc": "튜토리얼_에픽_NPC_이름",
        "id": 1001952,
        "alias": "Contents.Citizen.Name.101952",
        "text": "Arang"
    },
    "1001953": {
        "deprecated": false,
        "Dev_Desc": "튜토리얼_에픽_NPC_이름",
        "id": 1001953,
        "alias": "Contents.Citizen.Name.101953",
        "text": "Cumbling Cloud"
    },
    "1001954": {
        "deprecated": false,
        "Dev_Desc": "튜토리얼_에픽_NPC_이름",
        "id": 1001954,
        "alias": "Contents.Citizen.Name.101954",
        "text": "Golden Outbreak"
    },
    "1101950": {
        "deprecated": false,
        "Dev_Desc": "튜토리얼_에픽_NPC_타이틀",
        "id": 1101950,
        "alias": "Contents.Citizen.Title.101950"
    },
    "1101951": {
        "deprecated": false,
        "Dev_Desc": "튜토리얼_에픽_NPC_타이틀",
        "id": 1101951,
        "alias": "Contents.Citizen.Title.101951"
    },
    "1101952": {
        "deprecated": false,
        "Dev_Desc": "튜토리얼_에픽_NPC_타이틀",
        "id": 1101952,
        "alias": "Contents.Citizen.Title.101952"
    },
    "1101953": {
        "deprecated": false,
        "Dev_Desc": "튜토리얼_에픽_NPC_타이틀",
        "id": 1101953,
        "alias": "Contents.Citizen.Title.101953",
        "text": "guide"
    },
    "1101954": {
        "deprecated": false,
        "Dev_Desc": "튜토리얼_에픽_NPC_타이틀",
        "id": 1101954,
        "alias": "Contents.Citizen.Title.101954"
    }
}