{
    "19200000": {
        "deprecated": false,
        "id": 19200000,
        "alias": "Contents.Quest.Mission.3000000",
        "text": "Defeat the lotus man"
    },
    "19200001": {
        "deprecated": false,
        "id": 19200001,
        "alias": "Contents.Quest.Mission.3000001",
        "text": "Defeat the Westin"
    },
    "19200002": {
        "deprecated": false,
        "id": 19200002,
        "alias": "Contents.Quest.Mission.3000002",
        "text": "Defeat the Lake Turtle"
    },
    "19200003": {
        "deprecated": false,
        "id": 19200003,
        "alias": "Contents.Quest.Mission.3000003",
        "text": "Defeat the Runaway Guard"
    },
    "19200004": {
        "deprecated": false,
        "id": 19200004,
        "alias": "Contents.Quest.Mission.3000004",
        "text": "Samyojeong Killed"
    },
    "19200005": {
        "deprecated": false,
        "id": 19200005,
        "alias": "Contents.Quest.Mission.3000005",
        "text": "Spears Killed"
    },
    "19200006": {
        "deprecated": false,
        "id": 19200006,
        "alias": "Contents.Quest.Mission.3000006",
        "text": "wild animal treatment"
    },
    "19200007": {
        "deprecated": false,
        "id": 19200007,
        "alias": "Contents.Quest.Mission.3000007",
        "text": "Killing the Fighters"
    },
    "19200008": {
        "deprecated": false,
        "id": 19200008,
        "alias": "Contents.Quest.Mission.3000008",
        "text": "Burnout Kill"
    },
    "19200009": {
        "deprecated": false,
        "id": 19200009,
        "alias": "Contents.Quest.Mission.3000009",
        "text": "Defeat Goblins and Spirits"
    },
    "19200010": {
        "deprecated": false,
        "id": 19200010,
        "alias": "Contents.Quest.Mission.3000010",
        "text": "Bear and Tiger Kill"
    },
    "19200011": {
        "deprecated": false,
        "id": 19200011,
        "alias": "Contents.Quest.Mission.3000011",
        "text": "Defeating the eroded westerners and crocodiles"
    },
    "19200012": {
        "deprecated": false,
        "id": 19200012,
        "alias": "Contents.Quest.Mission.3001001",
        "text": "Elite Guard Kills"
    },
    "19200013": {
        "deprecated": false,
        "id": 19200013,
        "alias": "Contents.Quest.Mission.3001002",
        "text": "Samyojeong Elite Kills"
    },
    "19200014": {
        "deprecated": false,
        "id": 19200014,
        "alias": "Contents.Quest.Mission.3001003",
        "text": "Elite Swordsman Killed"
    },
    "19200015": {
        "deprecated": false,
        "id": 19200015,
        "alias": "Contents.Quest.Mission.3001004",
        "text": "Elite Wild Animal Kills"
    },
    "19200016": {
        "deprecated": false,
        "id": 19200016,
        "alias": "Contents.Quest.Mission.3001005",
        "text": "Elite Fighters Kills"
    },
    "19200017": {
        "deprecated": false,
        "id": 19200017,
        "alias": "Contents.Quest.Mission.3001006",
        "text": "Elite Kills on Fire"
    },
    "19200018": {
        "deprecated": false,
        "id": 19200018,
        "alias": "Contents.Quest.Mission.3001007",
        "text": "Defeat the Elite Goblin"
    },
    "19200019": {
        "deprecated": false,
        "id": 19200019,
        "alias": "Contents.Quest.Mission.3001008",
        "text": "Elite Bear or Tiger Kill"
    },
    "19200020": {
        "deprecated": false,
        "id": 19200020,
        "alias": "Contents.Quest.Mission.3001009",
        "text": "Defeating the eroded westerners and crocodiles"
    },
    "19200021": {
        "deprecated": false,
        "id": 19200021,
        "alias": "Contents.Quest.Mission.3002001",
        "text": "Defeat the Runaway Guardian Honglin"
    },
    "19200022": {
        "deprecated": false,
        "id": 19200022,
        "alias": "Contents.Quest.Mission.3002002",
        "text": "Defeat the Blood Spider Waryun"
    },
    "19200023": {
        "deprecated": false,
        "id": 19200023,
        "alias": "Contents.Quest.Mission.3002003",
        "text": "Defeat Chaerang Lang"
    },
    "19200024": {
        "deprecated": false,
        "id": 19200024,
        "alias": "Contents.Quest.Mission.3002004",
        "text": "Elite Kills on Fire"
    },
    "19200025": {
        "deprecated": false,
        "id": 19200025,
        "alias": "Contents.Quest.Mission.3002005",
        "text": "Defeat Mutant Giant Spiders"
    },
    "19200026": {
        "deprecated": false,
        "id": 19200026,
        "alias": "Contents.Quest.Mission.3002006",
        "text": "Defeat the Corroded Bladed Signet"
    },
    "19200027": {
        "deprecated": false,
        "id": 19200027,
        "alias": "Contents.Quest.Mission.3003001",
        "text": "Conversation with the collaborator"
    },
    "19200028": {
        "deprecated": false,
        "id": 19200028,
        "alias": "Contents.Quest.Mission.3003002",
        "text": "Defeat the Tree Spirit Earth King"
    },
    "19200029": {
        "deprecated": false,
        "id": 19200029,
        "alias": "Contents.Quest.Mission.3003003",
        "text": "Conversation with the collaborator"
    },
    "19200030": {
        "deprecated": false,
        "id": 19200030,
        "alias": "Contents.Quest.Mission.3003004",
        "text": "Conversation with the collaborator"
    },
    "19200031": {
        "deprecated": false,
        "id": 19200031,
        "alias": "Contents.Quest.Mission.3003005",
        "text": "Steel Evil Killed"
    },
    "19200032": {
        "deprecated": false,
        "id": 19200032,
        "alias": "Contents.Quest.Mission.3003006",
        "text": "Conversation with the collaborator"
    },
    "19200033": {
        "deprecated": false,
        "id": 19200033,
        "alias": "Contents.Quest.Mission.3000101",
        "text": "Defeat the Red Slope Monster"
    },
    "19200034": {
        "deprecated": false,
        "id": 19200034,
        "alias": "Contents.Quest.Mission.3000102",
        "text": "Defeat Red Forest Path Monsters"
    },
    "19200035": {
        "deprecated": false,
        "id": 19200035,
        "alias": "Contents.Quest.Mission.3000103",
        "text": "Defeat the Scorpion in the Autumnal Glow Valley"
    },
    "19200036": {
        "deprecated": false,
        "id": 19200036,
        "alias": "Contents.Quest.Mission.3000104",
        "text": "Defeat Mysterious Field Monsters"
    },
    "19200037": {
        "deprecated": false,
        "id": 19200037,
        "alias": "Contents.Quest.Mission.3000105",
        "text": "Defeat the Monster Hill of Mononoke"
    },
    "19200038": {
        "deprecated": false,
        "id": 19200038,
        "alias": "Contents.Quest.Mission.3000106",
        "text": "Defeat Lumberjack Monsters"
    },
    "19200039": {
        "deprecated": false,
        "id": 19200039,
        "alias": "Contents.Quest.Mission.3000107",
        "text": "Defeat Forest Veil Monsters"
    },
    "19200040": {
        "deprecated": false,
        "id": 19200040,
        "alias": "Contents.Quest.Mission.3000108",
        "text": "Defeat Ashen Jungle Monsters"
    },
    "19200041": {
        "deprecated": false,
        "id": 19200041,
        "alias": "Contents.Quest.Mission.3000109",
        "text": "Defeat Fertile Ruins Monsters"
    },
    "19200042": {
        "deprecated": false,
        "id": 19200042,
        "alias": "Contents.Quest.Mission.3000110",
        "text": "Defeat monsters in Fertile Dig"
    },
    "19200043": {
        "deprecated": false,
        "id": 19200043,
        "alias": "Contents.Quest.Mission.3000111",
        "text": "Defeat the Red Horn Road Monster"
    },
    "19200044": {
        "deprecated": false,
        "id": 19200044,
        "alias": "Contents.Quest.Mission.3000112",
        "text": "Defeat the Turquoise Canyon monsters"
    },
    "19200045": {
        "deprecated": false,
        "id": 19200045,
        "alias": "Contents.Quest.Mission.3000113",
        "text": "Defeat the Dragonhead Cape monster"
    },
    "19200046": {
        "deprecated": false,
        "id": 19200046,
        "alias": "Contents.Quest.Mission.3000114",
        "text": "Defeat the monsters in the Forest of Samyojeong"
    },
    "19200047": {
        "deprecated": false,
        "id": 19200047,
        "alias": "Contents.Quest.Mission.3000115",
        "text": "Defeat Dream Forest Monsters"
    },
    "19200048": {
        "deprecated": false,
        "id": 19200048,
        "alias": "Contents.Quest.Mission.3000116",
        "text": "Defeat the Soaring Rock Mountain Monster"
    },
    "19200049": {
        "deprecated": false,
        "id": 19200049,
        "alias": "Contents.Quest.Mission.3000117",
        "text": "Defeat Monsters on Soaring Rock Ramp"
    },
    "19200050": {
        "deprecated": false,
        "id": 19200050,
        "alias": "Contents.Quest.Mission.3000118",
        "text": "Defeat the Applause Monster of the Wave Stone"
    },
    "19200051": {
        "deprecated": false,
        "id": 19200051,
        "alias": "Contents.Quest.Mission.3000119",
        "text": "Defeat Monsters in Hideout of Disaster"
    },
    "19200052": {
        "deprecated": false,
        "id": 19200052,
        "alias": "Contents.Quest.Mission.3000120",
        "text": "Spider Forest Path Monster Defeat"
    },
    "19200053": {
        "deprecated": false,
        "id": 19200053,
        "alias": "Contents.Quest.Mission.3000121",
        "text": "Defeat Monsters in Eastern Ecological Forests"
    },
    "19200054": {
        "deprecated": false,
        "id": 19200054,
        "alias": "Contents.Quest.Mission.3000122",
        "text": "Defeat Green Horn Forest Monster"
    },
    "19200055": {
        "deprecated": false,
        "id": 19200055,
        "alias": "Contents.Quest.Mission.3000123",
        "text": "Defeat the monsters in front of Mandala Falls"
    },
    "19200056": {
        "deprecated": false,
        "id": 19200056,
        "alias": "Contents.Quest.Mission.3000124",
        "text": "Destroy Abandoned Watchtower Monsters"
    },
    "19200057": {
        "deprecated": false,
        "id": 19200057,
        "alias": "Contents.Quest.Mission.3000125",
        "text": "Defeat the wreckage monsters of the shipwreck"
    },
    "19200058": {
        "deprecated": false,
        "id": 19200058,
        "alias": "Contents.Quest.Mission.3000126",
        "text": "Defeat Coastal Monsters Without Footprints"
    },
    "19200059": {
        "deprecated": false,
        "id": 19200059,
        "alias": "Contents.Quest.Mission.3000127",
        "text": "Defeat the Wreck's Grave Monster"
    },
    "19200060": {
        "deprecated": false,
        "id": 19200060,
        "alias": "Contents.Quest.Mission.3000128",
        "text": "Defeat the Valley Wind Path monsters"
    },
    "19200061": {
        "deprecated": false,
        "id": 19200061,
        "alias": "Contents.Quest.Mission.3000129",
        "text": "Defeat monsters in the Red Rain Forest"
    },
    "19200062": {
        "deprecated": false,
        "id": 19200062,
        "alias": "Contents.Quest.Mission.3000130",
        "text": "Defeat the Shadow of Mist Forest monsters"
    },
    "19200063": {
        "deprecated": false,
        "id": 19200063,
        "alias": "Contents.Quest.Mission.3000131",
        "text": "Defeat the Drying Swamp Monsters"
    },
    "19200064": {
        "deprecated": false,
        "id": 19200064,
        "alias": "Contents.Quest.Mission.3000132",
        "text": "Defeat snake mushroom colony monsters"
    },
    "19200065": {
        "deprecated": false,
        "id": 19200065,
        "alias": "Contents.Quest.Mission.3000133",
        "text": "Defeat Pioneer Spirit Graveyard Monsters"
    },
    "19200066": {
        "deprecated": false,
        "id": 19200066,
        "alias": "Contents.Quest.Mission.3000134",
        "text": "Remember Forest Monster Defeat"
    },
    "19200067": {
        "deprecated": false,
        "id": 19200067,
        "alias": "Contents.Quest.Mission.3000135",
        "text": "Defeat the Crested Wetland Monster"
    },
    "19200068": {
        "deprecated": false,
        "id": 19200068,
        "alias": "Contents.Quest.Mission.3000136",
        "text": "Paradise Hills Monster Defeat"
    },
    "19200069": {
        "deprecated": false,
        "id": 19200069,
        "alias": "Contents.Quest.Mission.3000137",
        "text": "Defeat Goblin Beach Monsters"
    },
    "19200070": {
        "deprecated": false,
        "id": 19200070,
        "alias": "Contents.Quest.Mission.3000138",
        "text": "Defeat Black Mud Monsters"
    },
    "19200071": {
        "deprecated": false,
        "id": 19200071,
        "alias": "Contents.Quest.Mission.3000139",
        "text": "Defeat grassy hillside monsters"
    },
    "19200072": {
        "deprecated": false,
        "id": 19200072,
        "alias": "Contents.Quest.Mission.3000140",
        "text": "Defeat the Sunrise Slope Monster"
    },
    "19200073": {
        "deprecated": false,
        "id": 19200073,
        "alias": "Contents.Quest.Mission.3000141",
        "text": "Defeat the forest monsters south of the Falls"
    }
}