{
    "12020000": {
        "deprecated": false,
        "id": 12020000,
        "alias": "Contents.Quest.Mission.20000",
        "text": "talk to the captain"
    },
    "12020001": {
        "deprecated": false,
        "id": 12020001,
        "alias": "Contents.Quest.Mission.20001",
        "text": "Ask about Ereda"
    },
    "12020002": {
        "deprecated": false,
        "id": 12020002,
        "alias": "Contents.Quest.Mission.20002",
        "text": "Saving a spider's web"
    },
    "12020003": {
        "deprecated": false,
        "id": 12020003,
        "alias": "Contents.Quest.Mission.20003",
        "text": "Listening to the conversation between the merchant and the artisan"
    },
    "12020004": {
        "deprecated": false,
        "id": 12020004,
        "alias": "Contents.Quest.Mission.20004",
        "text": "handing the web"
    },
    "12020005": {
        "deprecated": false,
        "id": 12020005,
        "alias": "Contents.Quest.Mission.20005",
        "text": "Move to Eastern Ecological Forest"
    },
    "12020006": {
        "deprecated": false,
        "id": 12020006,
        "alias": "Contents.Quest.Mission.20006",
        "text": "Battle with the Ereda"
    },
    "12020007": {
        "deprecated": false,
        "id": 12020007,
        "alias": "Contents.Quest.Mission.20007",
        "text": "Conversation with Oreum"
    },
    "12020008": {
        "deprecated": false,
        "id": 12020008,
        "alias": "Contents.Quest.Mission.20008",
        "text": "Conversation with Arang"
    },
    "12020009": {
        "deprecated": false,
        "id": 12020009,
        "alias": "Contents.Quest.Mission.20009",
        "text": "Investigation into ritual materials"
    },
    "12020010": {
        "deprecated": false,
        "id": 12020010,
        "alias": "Contents.Quest.Mission.20010",
        "text": "Conversation with the Vendor"
    },
    "12020011": {
        "deprecated": false,
        "id": 12020011,
        "alias": "Contents.Quest.Mission.20011",
        "text": "Finding sagebrush"
    },
    "12020012": {
        "deprecated": false,
        "id": 12020012,
        "alias": "Contents.Quest.Mission.20012",
        "text": "Conversation with Young Gyowon Ming-Ming"
    },
    "12020013": {
        "deprecated": false,
        "id": 12020013,
        "alias": "Contents.Quest.Mission.20013",
        "text": "Conversation with Arang"
    },
    "12020014": {
        "deprecated": false,
        "id": 12020014,
        "alias": "Contents.Quest.Mission.20014",
        "text": "Approaching the Discipline Captain"
    },
    "12020015": {
        "deprecated": false,
        "id": 12020015,
        "alias": "Contents.Quest.Mission.20015",
        "text": "Find a way to talk to the Captain"
    },
    "12020016": {
        "deprecated": false,
        "id": 12020016,
        "alias": "Contents.Quest.Mission.20016",
        "text": "Conversation with Suyang Captain Seo Jung-moon"
    },
    "12020017": {
        "deprecated": false,
        "id": 12020017,
        "alias": "Contents.Quest.Mission.20017",
        "text": "Clearing up the wreckage of a wreck"
    },
    "12020018": {
        "deprecated": false,
        "id": 12020018,
        "alias": "Contents.Quest.Mission.20018",
        "text": "Conversation with Suyang Captain Seo Jung-moon"
    },
    "12020019": {
        "deprecated": false,
        "id": 12020019,
        "alias": "Contents.Quest.Mission.20019",
        "text": "Get three ingredients"
    },
    "12020020": {
        "deprecated": false,
        "id": 12020020,
        "alias": "Contents.Quest.Mission.20020",
        "text": "Conversation with Arang"
    },
    "12020021": {
        "deprecated": false,
        "id": 12020021,
        "alias": "Contents.Quest.Mission.20021",
        "text": "Find Perong Perong"
    },
    "12020022": {
        "deprecated": false,
        "id": 12020022,
        "alias": "Contents.Quest.Mission.20022",
        "text": "Conversation with Dong-dong"
    },
    "12020023": {
        "deprecated": false,
        "id": 12020023,
        "alias": "Contents.Quest.Mission.20023",
        "text": "Finding Young Barong"
    },
    "12020024": {
        "deprecated": false,
        "id": 12020024,
        "alias": "Contents.Quest.Mission.20024",
        "text": "Defeat Snake Mushrooms"
    },
    "12020025": {
        "deprecated": false,
        "id": 12020025,
        "alias": "Contents.Quest.Mission.20025",
        "text": "Defeat the remaining Snake Mushrooms"
    },
    "12020026": {
        "deprecated": false,
        "id": 12020026,
        "alias": "Contents.Quest.Mission.20026",
        "text": "Conversation with Young Barong"
    },
    "12020027": {
        "deprecated": false,
        "id": 12020027,
        "alias": "Contents.Quest.Mission.20027",
        "text": "To the snake mushroom colony"
    },
    "12020028": {
        "deprecated": false,
        "id": 12020028,
        "alias": "Contents.Quest.Mission.20028",
        "text": "Go to Perong Perong"
    },
    "12020029": {
        "deprecated": false,
        "id": 12020029,
        "alias": "Contents.Quest.Mission.20029",
        "text": "Conversation with Perong Perong"
    },
    "12020030": {
        "deprecated": false,
        "id": 12020030,
        "alias": "Contents.Quest.Mission.20030",
        "text": "Go to secret base"
    },
    "12020031": {
        "deprecated": false,
        "id": 12020031,
        "alias": "Contents.Quest.Mission.20031",
        "text": "Conversation with Arang"
    },
    "12020032": {
        "deprecated": false,
        "id": 12020032,
        "alias": "Contents.Quest.Mission.20032",
        "text": "Subdue Harem's Servants"
    },
    "12020033": {
        "deprecated": false,
        "id": 12020033,
        "alias": "Contents.Quest.Mission.20033",
        "text": "Investigation of Harem's Secret Garden"
    },
    "12020034": {
        "deprecated": false,
        "id": 12020034,
        "alias": "Contents.Quest.Mission.20034",
        "text": "Battle with Harem"
    },
    "12020035": {
        "deprecated": false,
        "id": 12020035,
        "alias": "Contents.Quest.Mission.20035",
        "text": "About Harem"
    },
    "12020036": {
        "deprecated": false,
        "id": 12020036,
        "alias": "Contents.Quest.Mission.20036",
        "text": "The Oreum and Battle"
    },
    "12020037": {
        "deprecated": false,
        "id": 12020037,
        "alias": "Contents.Quest.Mission.20037",
        "text": "Third Rider, Harm Defeated"
    },
    "12020038": {
        "deprecated": false,
        "id": 12020038,
        "alias": "Contents.Quest.Mission.20038",
        "text": "Conversation with Oreum"
    },
    "12020039": {
        "deprecated": false,
        "id": 12020039,
        "alias": "Contents.Quest.Mission.20039",
        "text": "Go to Node Entrance"
    },
    "12020040": {
        "deprecated": false,
        "id": 12020040,
        "alias": "Contents.Quest.Mission.20040",
        "text": "Conversation with Oreum"
    },
    "12020041": {
        "deprecated": false,
        "id": 12020041,
        "alias": "Contents.Quest.Mission.20041",
        "text": "Go to Gyeongcheondan"
    },
    "12020042": {
        "deprecated": false,
        "id": 12020042,
        "alias": "Contents.Quest.Mission.20042",
        "text": "Raising the celestial rites"
    },
    "12020043": {
        "deprecated": false,
        "id": 12020043,
        "alias": "Contents.Quest.Mission.20043",
        "text": "Use the bell to call the way"
    },
    "12020044": {
        "deprecated": false,
        "id": 12020044,
        "alias": "Contents.Quest.Mission.20044",
        "text": "Conversation with Arang"
    },
    "12020045": {
        "deprecated": false,
        "id": 12020045,
        "alias": "Contents.Quest.Mission.20045",
        "text": "Ask about secluded places"
    },
    "12020046": {
        "deprecated": false,
        "id": 12020046,
        "alias": "Contents.Quest.Mission.20046",
        "text": "Go to Reference Forest"
    },
    "12020047": {
        "deprecated": false,
        "id": 12020047,
        "alias": "Contents.Quest.Mission.20047",
        "text": "Killing nearby illusions"
    },
    "12020048": {
        "deprecated": false,
        "id": 12020048,
        "alias": "Contents.Quest.Mission.20048",
        "text": "Speak with the Bot Gym"
    },
    "12020049": {
        "deprecated": false,
        "id": 12020049,
        "alias": "Contents.Quest.Mission.20049",
        "text": "Move to the inside of the Note Forest"
    },
    "12020050": {
        "deprecated": false,
        "id": 12020050,
        "alias": "Contents.Quest.Mission.20050",
        "text": "rest in a secluded place"
    },
    "12020051": {
        "deprecated": false,
        "id": 12020051,
        "alias": "Contents.Quest.Mission.20051",
        "text": "Find the Corridor of Awakening"
    },
    "12020052": {
        "deprecated": false,
        "id": 12020052,
        "alias": "Contents.Quest.Mission.20052",
        "text": "Enter the Corridor of Awakening"
    },
    "12020053": {
        "deprecated": false,
        "id": 12020053,
        "alias": "Contents.Quest.Mission.20053",
        "text": "Defeat the guards blocking the way"
    },
    "12020054": {
        "deprecated": false,
        "id": 12020054,
        "alias": "Contents.Quest.Mission.20054",
        "text": "Last Guard Killed"
    },
    "12020055": {
        "deprecated": false,
        "id": 12020055,
        "alias": "Contents.Quest.Mission.20055",
        "text": "Approaching Pasa"
    },
    "12020056": {
        "deprecated": false,
        "id": 12020056,
        "alias": "Contents.Quest.Mission.20056",
        "text": "Local Entry"
    },
    "12020057": {
        "deprecated": false,
        "id": 12020057,
        "alias": "Contents.Quest.Mission.20057",
        "text": "Go to where Arang said"
    },
    "12020058": {
        "deprecated": false,
        "id": 12020058,
        "alias": "Contents.Quest.Mission.20058",
        "text": "Conversation with Arang"
    },
    "12020059": {
        "deprecated": false,
        "id": 12020059,
        "alias": "Contents.Quest.Mission.20059",
        "text": "Arang and Dalian"
    },
    "12020060": {
        "deprecated": false,
        "id": 12020060,
        "alias": "Contents.Quest.Mission.20060",
        "text": "Go to Misty Forest Frontier"
    },
    "12020061": {
        "deprecated": false,
        "id": 12020061,
        "alias": "Contents.Quest.Mission.20061",
        "text": "Follow the voice"
    },
    "12020062": {
        "deprecated": false,
        "id": 12020062,
        "alias": "Contents.Quest.Mission.20062",
        "text": "Conversation with Biryuha"
    },
    "12020063": {
        "deprecated": false,
        "id": 12020063,
        "alias": "Contents.Quest.Mission.20063",
        "text": "Go to a shady place"
    },
    "12020064": {
        "deprecated": false,
        "id": 12020064,
        "alias": "Contents.Quest.Mission.20064",
        "text": "Conversation with Node Manager"
    },
    "12020065": {
        "deprecated": false,
        "id": 12020065,
        "alias": "Contents.Quest.Mission.20065",
        "text": "Defeat sagebrush and sagebrush"
    },
    "12020066": {
        "deprecated": false,
        "id": 12020066,
        "alias": "Contents.Quest.Mission.20066",
        "text": "Defeat Elite Weeds"
    },
    "12020067": {
        "deprecated": false,
        "id": 12020067,
        "alias": "Contents.Quest.Mission.20067",
        "text": "Conversation with Supervisor Chobulho"
    },
    "12020068": {
        "deprecated": false,
        "id": 12020068,
        "alias": "Contents.Quest.Mission.20068",
        "text": "Go to the promised place"
    },
    "12020069": {
        "deprecated": false,
        "id": 12020069,
        "alias": "Contents.Quest.Mission.20069",
        "text": "Investigate Traces"
    },
    "12020070": {
        "deprecated": false,
        "id": 12020070,
        "alias": "Contents.Quest.Mission.20070",
        "text": "Clearing the wreck area of the wreck"
    },
    "12020071": {
        "deprecated": false,
        "id": 12020071,
        "alias": "Contents.Quest.Mission.20071",
        "text": "at level 50"
    },
    "12020072": {
        "deprecated": false,
        "id": 12020072,
        "alias": "Contents.Quest.Mission.20072",
        "text": "at level 45"
    },
    "12020073": {
        "deprecated": false,
        "id": 12020073,
        "alias": "Contents.Quest.Mission.20073",
        "text": "Saving the antler's horn"
    },
    "12020074": {
        "deprecated": false,
        "id": 12020074,
        "alias": "Contents.Quest.Mission.20074",
        "text": "Move to the front door"
    },
    "12020075": {
        "deprecated": false,
        "id": 12020075,
        "alias": "Contents.Quest.Mission.20075",
        "text": "Go inside the corridor"
    },
    "12020076": {
        "deprecated": false,
        "id": 12020076,
        "alias": "Contents.Quest.Mission.20076",
        "text": "Give the merchant a web"
    },
    "12020077": {
        "deprecated": false,
        "id": 12020077,
        "alias": "Contents.Quest.Mission.20077",
        "text": "Move inside the forested forest"
    },
    "12020078": {
        "deprecated": false,
        "id": 12020078,
        "alias": "Contents.Quest.Mission.20078",
        "text": "A look at the entrance to the irrigated forest"
    }
}