{
    "40035000": {
        "deprecated": false,
        "Dev_Desc": "[Lv.30] 탐사(거미 숲 길)",
        "id": 40035000,
        "alias": "Contents.Quest.Guide.35000",
        "text": "(Oh my God... I can see why this road is called\n<textColor=[110:216:175:255]>Spider Forest Road</>)"
    },
    "40035001": {
        "deprecated": false,
        "Dev_Desc": "[Lv.30] 탐사(거미 숲 길)",
        "id": 40035001,
        "alias": "Contents.Quest.Guide.35001",
        "text": "(After all, <textColor=[110:216:175:255]>Half Moon Lake</>\nIs it a different atmosphere?\nShall we find the next exploration target)"
    },
    "40035002": {
        "deprecated": false,
        "Dev_Desc": "[Lv.31] 탐사(동부 생태 조...)",
        "id": 40035002,
        "alias": "Contents.Quest.Guide.35002",
        "text": "(<textColor=[110:216:175:255]>Ecological forest</> is...\nI hope that <textColor=[215:94:94:255]>Verginal verse</> Is it because?\nLet's take a closer look!)"
    },
    "40035003": {
        "deprecated": false,
        "Dev_Desc": "[Lv.31] 탐사(동부 생태 조...)",
        "id": 40035003,
        "alias": "Contents.Quest.Guide.35003",
        "text": "(<textColor=[215:94:94:255]>Erosted Ancient Myomyeon</>... \n<textColor=[110:216:175:255]>Sea Moon Continent</> >not even <textColor=[255:204:102:255]>cracks</> seem \nsafe)"
    },
    "40035004": {
        "deprecated": false,
        "Dev_Desc": "[Lv.32] 탐사(녹색 뿔의 숲)",
        "id": 40035004,
        "alias": "Contents.Quest.Guide.35004",
        "text": "(A very menacing horn.\nThe target for this expedition is\n<textColor=[215:94:94:255]>Antler</>)"
    },
    "40035005": {
        "deprecated": false,
        "Dev_Desc": "[Lv.32] 탐사(녹색 뿔의 숲)",
        "id": 40035005,
        "alias": "Contents.Quest.Guide.35005",
        "text": "(<textColor=[110:216:175:255]>Green Horn Forest</>\nI think I've looked around enough)"
    },
    "40035006": {
        "deprecated": false,
        "Dev_Desc": "[Lv.33] 탐사(만다라 폭포 앞)",
        "id": 40035006,
        "alias": "Contents.Quest.Guide.35006",
        "text": "(This is almost a <textColor=[215:94:94:255]>mandala flower</> field.\nThen this expedition is!)"
    },
    "40035007": {
        "deprecated": false,
        "Dev_Desc": "[Lv.33] 탐사(만다라 폭포 앞)",
        "id": 40035007,
        "alias": "Contents.Quest.Guide.35007",
        "text": "(Yongkedo <textColor=[215:94:94:255]>Mandalas</>'s scream\nYou are living...)"
    },
    "40035008": {
        "deprecated": false,
        "Dev_Desc": "[Lv.34] 탐사(버려진 감시탑)",
        "id": 40035008,
        "alias": "Contents.Quest.Guide.35008",
        "text": "(Oh, the water is shallow enough \nYou can cross it? \nLet's check the other side of the beach too!)"
    },
    "40035009": {
        "deprecated": false,
        "Dev_Desc": "[Lv.34] 탐사(버려진 감시탑)",
        "id": 40035009,
        "alias": "Contents.Quest.Guide.35009",
        "text": "((Similar beach to \n<textColor=[110:216:175:255]>fine sand estuary</>)"
    },
    "40035010": {
        "deprecated": false,
        "Dev_Desc": "[Lv.34] 탐사(버려진 감시탑)",
        "id": 40035010,
        "alias": "Contents.Quest.Guide.35010",
        "text": "(<textColor=[110:216:175:255]>Are you here to inspect\nthe abandoned watchtower</>?)"
    },
    "40035011": {
        "deprecated": false,
        "Dev_Desc": "[Lv.35] 탐사(난파선의 잔해)",
        "id": 40035011,
        "alias": "Contents.Quest.Guide.35011",
        "text": "(These are the first ones I've seen. \nIt would be a good target for exploration)"
    },
    "40035012": {
        "deprecated": false,
        "Dev_Desc": "[Lv.35] 탐사(난파선의 잔해)",
        "id": 40035012,
        "alias": "Contents.Quest.Guide.35012",
        "text": "(Huh, he was such a creepy guy that I really got goosebumps)"
    },
    "40035013": {
        "deprecated": false,
        "Dev_Desc": "[Lv.37] 탐사(발자국 없는...)",
        "id": 40035013,
        "alias": "Contents.Quest.Guide.35013",
        "text": "(<textColor=[215:94:94:255]>crocodiles</> and \n<textColor=[215:94:94:255]>hermit crab</> live on this shore) "
    },
    "40035014": {
        "deprecated": false,
        "Dev_Desc": "[Lv.37] 탐사(발자국 없는...)",
        "id": 40035014,
        "alias": "Contents.Quest.Guide.35014",
        "text": "(The ship broke, and the <textColor=[215:94:94:255]>spears</>\nhave lost their way?)"
    },
    "40035015": {
        "deprecated": false,
        "Dev_Desc": "[Lv.39] 탐사(난파선의 무덤)",
        "id": 40035015,
        "alias": "Contents.Quest.Guide.35015",
        "text": "(Hmm? <textColor=[215:94:94:255]>Poems</> here too!)"
    },
    "40035016": {
        "deprecated": false,
        "Dev_Desc": "[Lv.39] 탐사(난파선의 무덤)",
        "id": 40035016,
        "alias": "Contents.Quest.Guide.35016",
        "text": "(<textColor=[215:94:94:255]>Soldiers</> who came with you.\nMay everyone sleep peacefully...)"
    },
    "40035017": {
        "deprecated": false,
        "Dev_Desc": "[Lv.40] 탐사(골짜기 바람길)",
        "id": 40035017,
        "alias": "Contents.Quest.Guide.35017",
        "text": "(Huh? <textColor=[215:94:94:255]>gnats</>?\nYou better do some research)"
    },
    "40035018": {
        "deprecated": false,
        "Dev_Desc": "[Lv.40] 탐사(골짜기 바람길)",
        "id": 40035018,
        "alias": "Contents.Quest.Guide.35018",
        "text": "(<textColor=[110:216:175:255]>Just before the base</> <textColor=[215:94:94:255]>Burn</>>.\nPay attention to defense I'll write it)"
    },
    "40035019": {
        "deprecated": false,
        "Dev_Desc": "[Lv.41] 탐사(혈비의 숲)",
        "id": 40035019,
        "alias": "Contents.Quest.Guide.35019",
        "text": "(<textColor=[215:94:94:255]>Bloodplate</>la...\n<textColor=[215:94:94:255]>Blue Man</> gang.\nLet's examine it in detail)"
    },
    "40035020": {
        "deprecated": false,
        "Dev_Desc": "[Lv.41] 탐사(혈비의 숲)",
        "id": 40035020,
        "alias": "Contents.Quest.Guide.35020",
        "text": "(The other half of the forest was occupied by \n<textColor=[215:94:94:255]>Wolf</>)"
    },
    "40035021": {
        "deprecated": false,
        "Dev_Desc": "[Lv.42] 탐사(안개 그늘 숲)",
        "id": 40035021,
        "alias": "Contents.Quest.Guide.35021",
        "text": "(Oh my God! <textColor=[215:94:94:255]>Moonlight</>, isn't it?\nYou seem to have found the target for this exploration\n)"
    },
    "40035022": {
        "deprecated": false,
        "Dev_Desc": "[Lv.42] 탐사(안개 그늘 숲)",
        "id": 40035022,
        "alias": "Contents.Quest.Guide.35022",
        "text": "(Whew, I would have been very embarrassed if I didn't know it was <textColor=[215:94:94:255]>Welcome</>)"
    },
    "40035023": {
        "deprecated": false,
        "Dev_Desc": "[Lv.43] 탐사(메말라 가는...)",
        "id": 40035023,
        "alias": "Contents.Quest.Guide.35023",
        "text": "(This is \nthis is what <textColor=[215:94:94:255]>Illustrated Human Insect</> really looks like? \nOkay, let's start exploring!)"
    },
    "40035024": {
        "deprecated": false,
        "Dev_Desc": "[Lv.43] 탐사(메말라 가는...)",
        "id": 40035024,
        "alias": "Contents.Quest.Guide.35024",
        "text": "(Phew, <textColor=[110:216:175:255]>Drying Swamp</>\nI think I've looked around enough)"
    },
    "40035025": {
        "deprecated": false,
        "Dev_Desc": "[Lv.44] 탐사(뱀버섯 군락)",
        "id": 40035025,
        "alias": "Contents.Quest.Guide.35025",
        "text": "(This <textColor=[110:216:175:255]>Club</> has been \noccupied by the <textColor=[215:94:94:255]>Westerns</>. \nLet's start exploring)"
    },
    "40035026": {
        "deprecated": false,
        "Dev_Desc": "[Lv.44] 탐사(뱀버섯 군락)",
        "id": 40035026,
        "alias": "Contents.Quest.Guide.35026",
        "text": "(Wow! They really are all\n<textColor=[215:94:94:255]>Dangerous plants</>)"
    },
    "40035027": {
        "deprecated": false,
        "Dev_Desc": "[Lv.45] 탐사(개척자 위령...)",
        "id": 40035027,
        "alias": "Contents.Quest.Guide.35027",
        "text": "(How did <textColor=[215:94:94:255]>Blood Plaque</> get to \n<textColor=[110:216:175:255]>Cemetery</>? )"
    },
    "40035028": {
        "deprecated": false,
        "Dev_Desc": "[Lv.45] 탐사(개척자 위령...)",
        "id": 40035028,
        "alias": "Contents.Quest.Guide.35028",
        "text": "(...this is where \n<textColor=[78:148:215:255]>the early pioneers</> are buried\n<textColor=[110:216:175:255]>The Spirit Cemetery</>Logguna)"
    },
    "40035029": {
        "deprecated": false,
        "Dev_Desc": "[Lv.46] 탐사(참고요 숲)",
        "id": 40035029,
        "alias": "Contents.Quest.Guide.35029",
        "text": "(These are <textColor=[215:94:94:255]>Weeping</>?\nWhat are you doing here?)"
    },
    "40035030": {
        "deprecated": false,
        "Dev_Desc": "[Lv.46] 탐사(참고요 숲)",
        "id": 40035030,
        "alias": "Contents.Quest.Guide.35030",
        "text": "(<textColor=[110:216:175:255]>Note Forest</> Exploration \nthis is enough)"
    },
    "40035031": {
        "deprecated": false,
        "Dev_Desc": "[Lv.47] 탐사(담인초 습지)",
        "id": 40035031,
        "alias": "Contents.Quest.Guide.35031",
        "text": "(Walking... plants?\nThis expedition would be\n<textColor=[215:94:94:255]>Honeywort</>)"
    },
    "40035032": {
        "deprecated": false,
        "Dev_Desc": "[Lv.47] 탐사(담인초 습지)",
        "id": 40035032,
        "alias": "Contents.Quest.Guide.35032",
        "text": "(<textColor=[110:216:175:255]>Sun and Moon Continent</> has quite a few ancient\nremains)"
    },
    "40035033": {
        "deprecated": false,
        "Dev_Desc": "[Lv.49] 탐사(낙원 구릉)",
        "id": 40035033,
        "alias": "Contents.Quest.Guide.35033",
        "text": "(<textColor=[215:94:94:255]>Paradise</>Hey!\nThis expedition is perfect)"
    },
    "40035034": {
        "deprecated": false,
        "Dev_Desc": "[Lv.49] 탐사(낙원 구릉)",
        "id": 40035034,
        "alias": "Contents.Quest.Guide.35034",
        "text": "(The reason we live together by the creek is because \n<textColor=[215:94:94:255]>Paradise Daeseong</> haunts on the hills, right?)"
    },
    "40035035": {
        "deprecated": false,
        "Dev_Desc": "[Lv.49] 탐사(도깨비 해변)",
        "id": 40035035,
        "alias": "Contents.Quest.Guide.35035",
        "text": "(Oh, there are a lot of cute guys on this beach)"
    },
    "40035036": {
        "deprecated": false,
        "Dev_Desc": "[Lv.49] 탐사(도깨비 해변)",
        "id": 40035036,
        "alias": "Contents.Quest.Guide.35036",
        "text": "(<textColor=[215:94:94:255]>Dim</> is <textColor=[110:216:175:255]>Half Moon Lake</>\n<textColor=[ 215:94:94:255]>looks like a goblin</>)"
    },
    "40035037": {
        "deprecated": false,
        "Dev_Desc": "[Lv.50] 탐사(검은 진흙지대)",
        "id": 40035037,
        "alias": "Contents.Quest.Guide.35037",
        "text": "(Oh, <textColor=[215:94:94:255]>turtle</> here too?\n<textColor=[215:94:94:255]>beach turtle</> is different)"
    },
    "40035038": {
        "deprecated": false,
        "Dev_Desc": "[Lv.50] 탐사(검은 진흙지대)",
        "id": 40035038,
        "alias": "Contents.Quest.Guide.35038",
        "text": "(This <textColor=[110:216:175:255]>Mudlands</>\nThere are many menacing creatures)"
    },
    "40035039": {
        "deprecated": false,
        "Dev_Desc": "[Lv.51] 탐사(해맞이 비탈길)",
        "id": 40035039,
        "alias": "Contents.Quest.Guide.35039",
        "text": "(<textColor=[110:216:175:255]>Sunrise Ramp</> seems to be the domain of \n<textColor=[215:94:94:255]>Myomyeon</>. \nLet's take a look around)"
    },
    "40035040": {
        "deprecated": false,
        "Dev_Desc": "[Lv.51] 탐사(해맞이 비탈길)",
        "id": 40035040,
        "alias": "Contents.Quest.Guide.35040",
        "text": "(<textColor=[215:94:94:255]>Myomyeon</> are wary and hostile to humans...)"
    },
    "40035041": {
        "deprecated": false,
        "Dev_Desc": "[Lv.51] 탐사(풀내음 언덕길)",
        "id": 40035041,
        "alias": "Contents.Quest.Guide.35041",
        "text": "(Ugh... <textColor=[215:94:94:255]>Since the verse</>, \nnot smelling grass, but rather a rotten smell \nvibrating)"
    },
    "40035042": {
        "deprecated": false,
        "Dev_Desc": "[Lv.51] 탐사(풀내음 언덕길)",
        "id": 40035042,
        "alias": "Contents.Quest.Guide.35042",
        "text": "(Creatures from hillside have gathered to avoid\n<textColor=[215:94:94:255]>Essay</>)"
    },
    "40035043": {
        "deprecated": false,
        "Dev_Desc": "[Lv.52] 탐사(폭포 남부 숲)",
        "id": 40035043,
        "alias": "Contents.Quest.Guide.35043",
        "text": "(Surprising! \nThat's a really huge <textColor=[215:94:94:255]>Samyojeong</>!)"
    },
    "40035044": {
        "deprecated": false,
        "Dev_Desc": "[Lv.52] 탐사(폭포 남부 숲)",
        "id": 40035044,
        "alias": "Contents.Quest.Guide.35044",
        "text": "(Isn't that <textColor=[215:94:94:255]>Metallurgy</> on the waterside?\nIt looks a little different)"
    },
    "40035045": {
        "deprecated": false,
        "Dev_Desc": "[Lv.52] 탐사(폭포 남부 숲)",
        "id": 40035045,
        "alias": "Contents.Quest.Guide.35045",
        "text": "(Strong and violent. \nI think that's enough for <textColor=[110:216:175:255]>The Forest South of the Falls</>\nI've looked around enough)"
    },
    "40035046": {
        "deprecated": false,
        "Dev_Desc": "[Lv.52] 탐사(물안개 고원)",
        "id": 40035046,
        "alias": "Contents.Quest.Guide.35046",
        "text": "(Dark mist is\nmystical <textColor=[110:216:175:255]>Highland</>.\nLet's take a look around)"
    },
    "40035047": {
        "deprecated": false,
        "Dev_Desc": "[Lv.52] 탐사(물안개 고원)",
        "id": 40035047,
        "alias": "Contents.Quest.Guide.35047",
        "text": "(For what purpose did you come to\n<textColor=[110:216:175:255]>Highlands</>?)"
    },
    "40035048": {
        "deprecated": false,
        "Dev_Desc": "[Lv.52] 탐사(물안개 고원)",
        "id": 40035048,
        "alias": "Contents.Quest.Guide.35099",
        "text": "(If this is enough, I think I've looked around at <textColor=[110:216:175:255]>Taerokrim</>\nat a glance)"
    },
    "40035049": {
        "deprecated": false,
        "Dev_Desc": "[Lv.42] 탐사(그늘 숲 북부)",
        "id": 40035049,
        "alias": "Contents.Quest.Guide.35048",
        "text": "(<textColor=[110:216:175:255]>Northern of Mistshadewood</>even\n<textColor=[215:94:94:255]>Welcome</>) "
    },
    "40035050": {
        "deprecated": false,
        "Dev_Desc": "[Lv.42] 탐사(그늘 숲 북부)",
        "id": 40035050,
        "alias": "Contents.Quest.Guide.35049",
        "text": "(It was a dark and damp swamp\nto a thick fog...\nIt was a shady forest)"
    },
    "40035051": {
        "deprecated": false,
        "Dev_Desc": "[Lv.32] 탐사(언덕 숲)",
        "id": 40035051,
        "alias": "Contents.Quest.Guide.35050",
        "text": "(Oh, definitely different from <textColor=[110:216:175:255]>Soowol Plains</>\n<textColor=[215:94:94:255]>Wolf</> Yes.\nLet's take a closer look!)"
    },
    "40035052": {
        "deprecated": false,
        "Dev_Desc": "[Lv.34] 탐사(가는 모래 하구)",
        "id": 40035052,
        "alias": "Contents.Quest.Guide.35051",
        "text": "(Wow, there was a nice beach like this here.\nShall we start exploring?)"
    },
    "40035053": {
        "deprecated": false,
        "Dev_Desc": "[Lv.31] 탐사(동부 생태 조...)",
        "id": 40035053,
        "alias": "Contents.Quest.Guide.35102",
        "text": "(You attack living beings \nindiscriminately. \nLet's go up the hill as well)"
    },
    "40035054": {
        "deprecated": false,
        "Dev_Desc": "[Lv.32] 탐사(녹색 뿔의 숲)",
        "id": 40035054,
        "alias": "Contents.Quest.Guide.35104",
        "text": "(<textColor=[215:94:94:255]>Neighboring creatures</>Would you like to look\nmore?)"
    },
    "40035055": {
        "deprecated": false,
        "Dev_Desc": "[Lv.33] 탐사(만다라 폭포 앞)",
        "id": 40035055,
        "alias": "Contents.Quest.Guide.35106",
        "text": "(If you look at it from a distance,\nIt looks like a kite swaying in the wind)"
    },
    "40035056": {
        "deprecated": false,
        "Dev_Desc": "[Lv.34] 탐사(버려진 감시탑)",
        "id": 40035056,
        "alias": "Contents.Quest.Guide.35109",
        "text": "(Hmm?! What are those <textColor=[215:94:94:255]>thieves</>?)"
    },
    "40035057": {
        "deprecated": false,
        "Dev_Desc": "[Lv.35] 탐사(난파선의 잔해)",
        "id": 40035057,
        "alias": "Contents.Quest.Guide.35111",
        "text": "(<textColor=[215:94:94:255]>You're Dark</>\nYou're so playful. Huh? Over there!)"
    },
    "40035058": {
        "deprecated": false,
        "Dev_Desc": "[Lv.37] 탐사(발자국 없는...)",
        "id": 40035058,
        "alias": "Contents.Quest.Guide.35113",
        "text": "(Wait! That's <textColor=[215:94:94:255]>Spears</>?)"
    },
    "40035059": {
        "deprecated": false,
        "Dev_Desc": "[Lv.39] 탐사(난파선의 무덤)",
        "id": 40035059,
        "alias": "Contents.Quest.Guide.35115",
        "text": "(...I was a sailor on a wrecked ship.\nThen those <textColor=[215:94:94:255]>Witches</>...)"
    },
    "40035060": {
        "deprecated": false,
        "Dev_Desc": "[Lv.40] 탐사(골짜기 바람길)",
        "id": 40035060,
        "alias": "Contents.Quest.Guide.35117",
        "text": "(Phew, they are smart guys.\nOh my gosh! Over there <textColor=[215:94:94:255]>Burn up</>, right?!)"
    },
    "40035061": {
        "deprecated": false,
        "Dev_Desc": "[Lv.41] 탐사(혈비의 숲)",
        "id": 40035061,
        "alias": "Contents.Quest.Guide.35119",
        "text": "(<textColor=[215:94:94:255]>Blood Plague</> seems to have \nmade this forest their home)"
    },
    "40035062": {
        "deprecated": false,
        "Dev_Desc": "[Lv.42] 탐사(안개 그늘 숲)",
        "id": 40035062,
        "alias": "Contents.Quest.Guide.35121",
        "text": "(<textColor=[215:94:94:255]>Red plum</> and <textColor=[215:94:94:255]>Ho-Ryong Kwak</>? \n<textColor=[215 :94:94:255]>Let's investigate\nwith the surrounding creatures</>)"
    },
    "40035063": {
        "deprecated": false,
        "Dev_Desc": "[Lv.43] 탐사(메말라 가는...)",
        "id": 40035063,
        "alias": "Contents.Quest.Guide.35123",
        "text": "(...<textColor=[215:94:94:255]>Welcome Human Insect</>I hope you don't \nImitate this day.\nShall we look around a bit more?)"
    },
    "40035064": {
        "deprecated": false,
        "Dev_Desc": "[Lv.44] 탐사(뱀버섯 군락)",
        "id": 40035064,
        "alias": "Contents.Quest.Guide.35125",
        "text": "(Those weird things...\nAre they supposed to be plants?)"
    },
    "40035065": {
        "deprecated": false,
        "Dev_Desc": "[Lv.45] 탐사(개척자 위령...)",
        "id": 40035065,
        "alias": "Contents.Quest.Guide.35127",
        "text": "(Are you sure you're not trying to \nrob <textColor=[110:216:175:255]>Soul Graveyard</>...?\nLet's go inside)"
    },
    "40035066": {
        "deprecated": false,
        "Dev_Desc": "[Lv.46] 탐사(참고요 숲)",
        "id": 40035066,
        "alias": "Contents.Quest.Guide.35129",
        "text": "(Abandoning the mission\nSaving self-interest...)"
    },
    "40035067": {
        "deprecated": false,
        "Dev_Desc": "[Lv.47] 탐사(담인초 습지)",
        "id": 40035067,
        "alias": "Contents.Quest.Guide.35131",
        "text": "(Phew, it was hard.\nSometimes I see <textColor=[215:94:94:255]>Myomyeon</>)"
    },
    "40035068": {
        "deprecated": false,
        "Dev_Desc": "[Lv.49] 탐사(낙원 구릉)",
        "id": 40035068,
        "alias": "Contents.Quest.Guide.35133",
        "text": "(There are various creatures living along the creek next to the hill. \nShall we take a look around?)"
    },
    "40035069": {
        "deprecated": false,
        "Dev_Desc": "[Lv.49] 탐사(도깨비 해변)",
        "id": 40035069,
        "alias": "Contents.Quest.Guide.35135",
        "text": "(Your cute looks \nIf you're vigilant, you'll get in trouble)"
    },
    "40035070": {
        "deprecated": false,
        "Dev_Desc": "[Lv.50] 탐사(검은 진흙지대)",
        "id": 40035070,
        "alias": "Contents.Quest.Guide.35137",
        "text": "(The road is complicated and dark\nThere must be a lot of people wandering...)"
    },
    "40035071": {
        "deprecated": false,
        "Dev_Desc": "[Lv.51] 탐사(해맞이 비탈길)",
        "id": 40035071,
        "alias": "Contents.Quest.Guide.35139",
        "text": "(Oh! There's also a <textColor=[215:94:94:255]>Myomyeon</> with a bow and \nshield over there!)"
    },
    "40035072": {
        "deprecated": false,
        "Dev_Desc": "[Lv.51] 탐사(풀내음 언덕길)",
        "id": 40035072,
        "alias": "Contents.Quest.Guide.35141",
        "text": "(It seems to have improved a bit.\nLet's take a look inside too)"
    },
    "40035073": {
        "deprecated": false,
        "Dev_Desc": "[Lv.52] 탐사(폭포 남부 숲)",
        "id": 40035073,
        "alias": "Contents.Quest.Guide.35143",
        "text": "(Even in this forest, there is <textColor=[215:94:94:255]>verse </>...\nI knew that pioneering took a lot of sacrifice\nbut I knew...)"
    },
    "40035074": {
        "deprecated": false,
        "Dev_Desc": "[Lv.52] 탐사(물안개 고원)",
        "id": 40035074,
        "alias": "Contents.Quest.Guide.35146",
        "text": "(Ummm?! They're \n<textColor=[215:94:94:255]>Black Dawn</>?\nLet's take a closer look!)"
    },
    "40035075": {
        "deprecated": false,
        "Dev_Desc": "[Lv.42] 탐사(그늘 숲 북부)",
        "id": 40035075,
        "alias": "Contents.Quest.Guide.35148",
        "text": "(That <textColor=[215:94:94:255]>crocodile</> is really huge.\nLook carefully!)"
    },
    "40035076": {
        "deprecated": false,
        "Dev_Desc": "[Lv.32] 탐사(언덕 숲)",
        "id": 40035076,
        "alias": "Contents.Quest.Guide.35150",
        "text": "(<textColor=[110:216:175:255]>Go down the hill</>\nWould you like to find the next destination?)"
    },
    "40035077": {
        "deprecated": false,
        "Dev_Desc": "[Lv.34] 탐사(가는 모래 하구)",
        "id": 40035077,
        "alias": "Contents.Quest.Guide.35151",
        "text": "(Those guys look very\nhard?\nLet's take a closer look)"
    }
}