{
    "1": {
        "deprecated": false,
        "id": 1,
        "alias": "Contents.Zone.Name.1",
        "text": "World"
    },
    "2": {
        "deprecated": false,
        "id": 2,
        "alias": "Contents.Zone.Name.2",
        "text": "Jeryongrim"
    },
    "3": {
        "deprecated": false,
        "id": 3,
        "alias": "Contents.Zone.Name.3",
        "text": "Great Desert"
    },
    "4": {
        "deprecated": false,
        "id": 4,
        "alias": "Contents.Zone.Name.4",
        "text": "Suwol Plain"
    },
    "5": {
        "deprecated": false,
        "id": 5,
        "alias": "Contents.Zone.Name.5",
        "text": "Baekcheong Mountains"
    },
    "6": {
        "deprecated": false,
        "id": 6,
        "alias": "Contents.Zone.Name.6",
        "text": "Sea Moon Continent"
    },
    "7": {
        "deprecated": false,
        "id": 7,
        "alias": "Contents.Zone.Name.7",
        "text": "Half Moon Lake"
    },
    "8": {
        "deprecated": false,
        "id": 8,
        "alias": "Contents.Zone.Name.8",
        "text": "Ancient City"
    },
    "9": {
        "deprecated": false,
        "id": 9,
        "alias": "Contents.Zone.Name.9",
        "text": "Wolf Hill"
    },
    "10": {
        "deprecated": false,
        "id": 10,
        "alias": "Contents.Zone.Name.10",
        "text": "Pig Farm"
    },
    "11": {
        "deprecated": false,
        "id": 11,
        "alias": "Contents.Zone.Name.11",
        "text": "Blizzard Ruins"
    },
    "12": {
        "deprecated": false,
        "id": 12,
        "alias": "Contents.Zone.Name.12",
        "text": "Valley of Snakescale"
    },
    "13": {
        "deprecated": false,
        "id": 13,
        "alias": "Contents.Zone.Name.13",
        "text": "Taerokrim"
    },
    "14": {
        "deprecated": false,
        "id": 14,
        "alias": "Contents.Zone.Name.14",
        "text": "Yongrin Desert"
    },
    "15": {
        "deprecated": false,
        "id": 15,
        "alias": "Contents.Zone.Name.15",
        "text": "Fertile Land"
    },
    "1000": {
        "deprecated": false,
        "id": 1000,
        "alias": "Contents.Zone.Name.1000",
        "text": "Yedohang"
    },
    "1001": {
        "deprecated": false,
        "id": 1001,
        "alias": "Contents.Zone.Name.1001",
        "text": "Affluent Rainforest Stronghold"
    },
    "1002": {
        "deprecated": false,
        "id": 1002,
        "alias": "Contents.Zone.Name.1002",
        "text": "Misty Forest Frontier"
    },
    "1003": {
        "deprecated": false,
        "id": 1003,
        "alias": "Contents.Zone.Name.1003",
        "text": "Entrance to Paradise Valley"
    },
    "1004": {
        "deprecated": false,
        "id": 1004,
        "alias": "Contents.Zone.Name.1004",
        "text": "The Herbalist's Shelter"
    },
    "1005": {
        "deprecated": false,
        "id": 1005,
        "alias": "Contents.Zone.Name.1005",
        "text": "The Unexplored Jadrak"
    },
    "1006": {
        "deprecated": false,
        "id": 1006,
        "alias": "Contents.Zone.Name.1006",
        "text": "Spider Forest Road"
    },
    "1007": {
        "deprecated": false,
        "id": 1007,
        "alias": "Contents.Zone.Name.1007",
        "text": "Eastern Ecological Forest"
    },
    "1008": {
        "deprecated": false,
        "id": 1008,
        "alias": "Contents.Zone.Name.1008",
        "text": "Green Horn Forest"
    },
    "1009": {
        "deprecated": false,
        "id": 1009,
        "alias": "Contents.Zone.Name.1009",
        "text": "In front of Mandala Falls"
    },
    "1010": {
        "deprecated": false,
        "id": 1010,
        "alias": "Contents.Zone.Name.1010",
        "text": "Abandoned Watchtower"
    },
    "1011": {
        "deprecated": false,
        "id": 1011,
        "alias": "Contents.Zone.Name.1011",
        "text": "The wreckage of a shipwreck"
    },
    "1012": {
        "deprecated": false,
        "id": 1012,
        "alias": "Contents.Zone.Name.1012",
        "text": "The Wreck's Grave"
    },
    "1013": {
        "deprecated": false,
        "id": 1013,
        "alias": "Contents.Zone.Name.1013",
        "text": "Valley Wind Road"
    },
    "1014": {
        "deprecated": false,
        "Dev_Desc": "100004",
        "id": 1014,
        "alias": "Contents.Zone.Name.1014",
        "text": "Blood Forest"
    },
    "1015": {
        "deprecated": false,
        "id": 1015,
        "alias": "Contents.Zone.Name.1015",
        "text": "South of the Mistshade Forest"
    },
    "1016": {
        "deprecated": false,
        "id": 1016,
        "alias": "Contents.Zone.Name.1016",
        "text": "The Withered Swamp"
    },
    "1017": {
        "deprecated": false,
        "id": 1017,
        "alias": "Contents.Zone.Name.1017",
        "text": "Snake Mushroom Colony"
    },
    "1018": {
        "deprecated": false,
        "Dev_Desc": "100007",
        "id": 1018,
        "alias": "Contents.Zone.Name.1018",
        "text": "The Pioneer Memorial Cemetery"
    },
    "1019": {
        "deprecated": false,
        "Dev_Desc": "100009",
        "id": 1019,
        "alias": "Contents.Zone.Name.1019",
        "text": "Ginseng Marsh"
    },
    "1020": {
        "deprecated": false,
        "Dev_Desc": "100008",
        "id": 1020,
        "alias": "Contents.Zone.Name.1020",
        "text": "Note Forest"
    },
    "1021": {
        "deprecated": false,
        "Dev_Desc": "100010",
        "id": 1021,
        "alias": "Contents.Zone.Name.1021",
        "text": "Paradise Hills"
    },
    "1022": {
        "deprecated": false,
        "id": 1022,
        "alias": "Contents.Zone.Name.1022",
        "text": "The grassy hill road"
    },
    "1023": {
        "deprecated": false,
        "id": 1023,
        "alias": "Contents.Zone.Name.1023",
        "text": "Forest Southern Falls"
    },
    "1024": {
        "deprecated": false,
        "id": 1024,
        "alias": "Contents.Zone.Name.1024",
        "text": "Sunrise Ramp"
    },
    "1025": {
        "deprecated": false,
        "Dev_Desc": "100011",
        "id": 1025,
        "alias": "Contents.Zone.Name.1025",
        "text": "Black Mud"
    },
    "1026": {
        "deprecated": false,
        "Dev_Desc": "100000",
        "id": 1026,
        "alias": "Contents.Zone.Name.1026",
        "text": "Goblin Beach"
    },
    "1027": {
        "deprecated": false,
        "id": 1027,
        "alias": "Contents.Zone.Name.1027",
        "text": "North Byway"
    },
    "1028": {
        "deprecated": false,
        "id": 1028,
        "alias": "Contents.Zone.Name.1028",
        "text": "Mandala Byway"
    },
    "1029": {
        "deprecated": false,
        "id": 1029,
        "alias": "Contents.Zone.Name.1029",
        "text": "fine sand estuary"
    },
    "1030": {
        "deprecated": false,
        "id": 1030,
        "alias": "Contents.Zone.Name.1030",
        "text": "the way out"
    },
    "1031": {
        "deprecated": false,
        "id": 1031,
        "alias": "Contents.Zone.Name.1031",
        "text": "Coast Road"
    },
    "1032": {
        "deprecated": false,
        "id": 1032,
        "alias": "Contents.Zone.Name.1032",
        "text": "hill forest"
    },
    "1033": {
        "deprecated": false,
        "id": 1033,
        "alias": "Contents.Zone.Name.1033",
        "text": "Green Horn Fountain"
    },
    "1034": {
        "deprecated": false,
        "id": 1034,
        "alias": "Contents.Zone.Name.1034",
        "text": "The Road Missing"
    },
    "1035": {
        "deprecated": false,
        "id": 1035,
        "alias": "Contents.Zone.Name.1035",
        "text": "Lee Ryongdo"
    },
    "1036": {
        "deprecated": false,
        "id": 1036,
        "alias": "Contents.Zone.Name.1036",
        "text": "Swamp North Shoreline"
    },
    "1037": {
        "deprecated": false,
        "id": 1037,
        "alias": "Contents.Zone.Name.1037",
        "text": "Assaulted Secret Passage"
    },
    "1038": {
        "deprecated": false,
        "id": 1038,
        "alias": "Contents.Zone.Name.1038",
        "text": "Secret Passage Attacked"
    },
    "1039": {
        "deprecated": false,
        "id": 1039,
        "alias": "Contents.Zone.Name.1039",
        "text": "Secret Passage Attacked"
    },
    "1040": {
        "deprecated": false,
        "id": 1040,
        "alias": "Contents.Zone.Name.1040",
        "text": "Ereda Secret Stronghold"
    },
    "1041": {
        "deprecated": false,
        "id": 1041,
        "alias": "Contents.Zone.Name.1041",
        "text": "Labyrinth of a Forgotten Paradise"
    },
    "1042": {
        "deprecated": false,
        "id": 1042,
        "alias": "Contents.Zone.Name.1042",
        "text": "Northern Mistshade Forest"
    },
    "1043": {
        "deprecated": false,
        "id": 1043,
        "alias": "Contents.Zone.Name.1043",
        "text": "Unexpected Twilight"
    },
    "1044": {
        "deprecated": false,
        "id": 1044,
        "alias": "Contents.Zone.Name.1044",
        "text": "The Coast Without Footprints"
    },
    "1045": {
        "deprecated": false,
        "id": 1045,
        "alias": "Contents.Zone.Name.1045",
        "text": "1st floor of the Labyrinth of a Forgotten Paradise"
    },
    "1046": {
        "deprecated": false,
        "id": 1046,
        "alias": "Contents.Zone.Name.1046",
        "text": "Second Floor of Labyrinth of Forgotten Paradise"
    },
    "1047": {
        "deprecated": false,
        "id": 1047,
        "alias": "Contents.Zone.Name.1047",
        "text": "3rd floor labyrinth of a forgotten paradise"
    },
    "1048": {
        "deprecated": false,
        "id": 1048,
        "alias": "Contents.Zone.Name.1048",
        "text": "Fourth floor of the Labyrinth of a Forgotten Paradise"
    },
    "1049": {
        "deprecated": false,
        "id": 1049,
        "alias": "Contents.Zone.Name.1049",
        "text": "5th floor of the Labyrinth of a Forgotten Paradise"
    },
    "1050": {
        "deprecated": false,
        "Dev_Desc": "100020",
        "id": 1050,
        "alias": "Contents.Zone.Name.1050",
        "text": "Red Slope"
    },
    "1051": {
        "deprecated": false,
        "id": 1051,
        "alias": "Contents.Zone.Name.1051",
        "text": "The Mystery Field"
    },
    "1052": {
        "deprecated": false,
        "id": 1052,
        "alias": "Contents.Zone.Name.1052",
        "text": "Forest Veil"
    },
    "1053": {
        "deprecated": false,
        "id": 1053,
        "alias": "Contents.Zone.Name.1053",
        "text": "Hill of Mononoke"
    },
    "1054": {
        "deprecated": false,
        "id": 1054,
        "alias": "Contents.Zone.Name.1054",
        "text": "Ashen Jungle"
    },
    "1055": {
        "deprecated": false,
        "Dev_Desc": "100030",
        "id": 1055,
        "alias": "Contents.Zone.Name.1055",
        "text": "Hideout of Disaster"
    },
    "1056": {
        "deprecated": false,
        "id": 1056,
        "alias": "Contents.Zone.Name.1056",
        "text": "Road of the Red Horn"
    },
    "1057": {
        "deprecated": false,
        "id": 1057,
        "alias": "Contents.Zone.Name.1057",
        "text": "The Forest of Dreams"
    },
    "1058": {
        "deprecated": false,
        "id": 1058,
        "alias": "Contents.Zone.Name.1058",
        "text": "Sotreulbawi Mountain"
    },
    "1059": {
        "deprecated": false,
        "id": 1059,
        "alias": "Contents.Zone.Name.1059",
        "text": "Sotreulrock Ramp"
    },
    "1060": {
        "deprecated": false,
        "id": 1060,
        "alias": "Contents.Zone.Name.1060",
        "text": "Applause of Wave Stone"
    },
    "1061": {
        "deprecated": false,
        "id": 1061,
        "alias": "Contents.Zone.Name.1061",
        "text": "Cape Dragonhead"
    },
    "1062": {
        "deprecated": false,
        "id": 1062,
        "alias": "Contents.Zone.Name.1062",
        "text": "Talamic Canyon"
    },
    "1063": {
        "deprecated": false,
        "Dev_Desc": "100026",
        "id": 1063,
        "alias": "Contents.Zone.Name.1063",
        "text": "Red Forest Road"
    },
    "1064": {
        "deprecated": false,
        "Dev_Desc": "100027",
        "id": 1064,
        "alias": "Contents.Zone.Name.1064",
        "text": "The Valley of Glow in Autumn Leaves"
    },
    "1065": {
        "deprecated": false,
        "id": 1065,
        "alias": "Contents.Zone.Name.1065",
        "text": "Lumberjack"
    },
    "1066": {
        "deprecated": false,
        "id": 1066,
        "alias": "Contents.Zone.Name.1066",
        "text": "Fertile Ruins"
    },
    "1067": {
        "deprecated": false,
        "id": 1067,
        "alias": "Contents.Zone.Name.1067",
        "text": "Fertility Dig"
    },
    "1068": {
        "deprecated": false,
        "id": 1068,
        "alias": "Contents.Zone.Name.1068",
        "text": "Samyojeong Forest"
    },
    "1069": {
        "deprecated": false,
        "Dev_Desc": "100028",
        "id": 1069,
        "alias": "Contents.Zone.Name.1069",
        "text": "Fertility Falls"
    },
    "1070": {
        "deprecated": false,
        "id": 1070,
        "alias": "Contents.Zone.Name.1070",
        "text": "Blood Lair"
    },
    "1071": {
        "deprecated": false,
        "id": 1071,
        "alias": "Contents.Zone.Name.1071",
        "text": "Hidden Paradise"
    },
    "1072": {
        "deprecated": false,
        "id": 1072,
        "alias": "Contents.Zone.Name.1072",
        "text": "Abyssal Rift"
    },
    "1073": {
        "deprecated": false,
        "id": 1073,
        "alias": "Contents.Zone.Name.1073",
        "text": "Waterfog Plateau"
    },
    "1074": {
        "deprecated": false,
        "id": 1074,
        "alias": "Contents.Zone.Name.1074",
        "text": "Wind Road"
    },
    "1075": {
        "deprecated": false,
        "id": 1075,
        "alias": "Contents.Zone.Name.1075",
        "text": "Lv.30 Spider Forest Road"
    },
    "1076": {
        "deprecated": false,
        "id": 1076,
        "alias": "Contents.Zone.Name.1076",
        "text": "Lv.31 Eastern Ecological Forestry"
    },
    "1077": {
        "deprecated": false,
        "id": 1077,
        "alias": "Contents.Zone.Name.1077",
        "text": "Lv.32 Green Horn Forest"
    },
    "1078": {
        "deprecated": false,
        "id": 1078,
        "alias": "Contents.Zone.Name.1078",
        "text": "Lv.33 in front of Mandala Falls"
    },
    "1079": {
        "deprecated": false,
        "id": 1079,
        "alias": "Contents.Zone.Name.1079",
        "text": "Lv.34 Abandoned Watchtower"
    },
    "1080": {
        "deprecated": false,
        "id": 1080,
        "alias": "Contents.Zone.Name.1080",
        "text": "The wreckage of the Lv.35 shipwreck"
    },
    "1081": {
        "deprecated": false,
        "id": 1081,
        "alias": "Contents.Zone.Name.1081",
        "text": "Lv.37 Shore without Footprints"
    },
    "1082": {
        "deprecated": false,
        "id": 1082,
        "alias": "Contents.Zone.Name.1082",
        "text": "Lv.39 Wreck's Tomb"
    },
    "1083": {
        "deprecated": false,
        "id": 1083,
        "alias": "Contents.Zone.Name.1083",
        "text": "Lv.40 Valley Wind Road"
    },
    "1084": {
        "deprecated": false,
        "id": 1084,
        "alias": "Contents.Zone.Name.1084",
        "text": "Lv.40 Green Horn Spring"
    },
    "1085": {
        "deprecated": false,
        "id": 1085,
        "alias": "Contents.Zone.Name.1085",
        "text": "Lv.41 Blood Forest"
    },
    "1086": {
        "deprecated": false,
        "id": 1086,
        "alias": "Contents.Zone.Name.1086",
        "text": "Lv.42 South of Mistshade Forest"
    },
    "1087": {
        "deprecated": false,
        "id": 1087,
        "alias": "Contents.Zone.Name.1087",
        "text": "Lv.42 Northern Mistshade Forest"
    },
    "1088": {
        "deprecated": false,
        "id": 1088,
        "alias": "Contents.Zone.Name.1088",
        "text": "Lv.43 Withered Swamp"
    },
    "1089": {
        "deprecated": false,
        "id": 1089,
        "alias": "Contents.Zone.Name.1089",
        "text": "Lv.44 Snake Mushroom Colony"
    },
    "1090": {
        "deprecated": false,
        "id": 1090,
        "alias": "Contents.Zone.Name.1090",
        "text": "Lv.45 Pioneer Cemetery"
    },
    "1091": {
        "deprecated": false,
        "id": 1091,
        "alias": "Contents.Zone.Name.1091",
        "text": "Lv.46 Reference Forest"
    },
    "1092": {
        "deprecated": false,
        "id": 1092,
        "alias": "Contents.Zone.Name.1092",
        "text": "Lv.47 Damincho Marsh"
    },
    "1093": {
        "deprecated": false,
        "id": 1093,
        "alias": "Contents.Zone.Name.1093",
        "text": "Lv.47 Paradise Hills"
    },
    "1094": {
        "deprecated": false,
        "id": 1094,
        "alias": "Contents.Zone.Name.1094",
        "text": "Lv.50 Black Mud"
    },
    "1095": {
        "deprecated": false,
        "id": 1095,
        "alias": "Contents.Zone.Name.1095",
        "text": "Lv.48 Grassy Hill Road"
    },
    "1096": {
        "deprecated": false,
        "id": 1096,
        "alias": "Contents.Zone.Name.1096",
        "text": "Lv.51 Sunrise Slope"
    },
    "1097": {
        "deprecated": false,
        "id": 1097,
        "alias": "Contents.Zone.Name.1097",
        "text": "Lv.49 Watermist Highlands"
    },
    "1098": {
        "deprecated": false,
        "id": 1098,
        "alias": "Contents.Zone.Name.1098",
        "text": "Lv.49 Falls Southern Forest"
    },
    "1099": {
        "deprecated": false,
        "id": 1099,
        "alias": "Contents.Zone.Name.1099",
        "text": "Lv.49 Goblin Beach"
    },
    "1100": {
        "deprecated": false,
        "Dev_Desc": "100021",
        "id": 1100,
        "alias": "Contents.Zone.Name.1100",
        "text": "Pungbaekmun Haewol Branch"
    },
    "1101": {
        "deprecated": false,
        "id": 1101,
        "alias": "Contents.Zone.Name.1101",
        "text": "Winghunter Rally"
    },
    "1102": {
        "deprecated": false,
        "id": 1102,
        "alias": "Contents.Zone.Name.1102",
        "text": "Crystal Forest Research Paper"
    },
    "1103": {
        "deprecated": false,
        "id": 1103,
        "alias": "Contents.Zone.Name.1103",
        "text": "Dragon Head Exploration Area"
    },
    "1104": {
        "deprecated": false,
        "id": 1104,
        "alias": "Contents.Zone.Name.1104",
        "text": "Abyssal Rift"
    },
    "1105": {
        "deprecated": false,
        "id": 1105,
        "alias": "Contents.Zone.Name.1105",
        "text": "The Cavity of the Abyss"
    },
    "1106": {
        "deprecated": false,
        "id": 1106,
        "alias": "Contents.Zone.Name.1106",
        "text": "Hareum's Refuge"
    },
    "1107": {
        "deprecated": false,
        "Dev_Desc": "100001",
        "id": 1107,
        "alias": "Contents.Zone.Name.1107",
        "text": "Near the Eastern Ecological Forest"
    },
    "1108": {
        "deprecated": false,
        "Dev_Desc": "100002",
        "id": 1108,
        "alias": "Contents.Zone.Name.1108",
        "text": "Near Green Horn Forest"
    },
    "1109": {
        "deprecated": false,
        "Dev_Desc": "100003",
        "id": 1109,
        "alias": "Contents.Zone.Name.1109",
        "text": "Near the wreckage of a shipwreck"
    },
    "1110": {
        "deprecated": false,
        "Dev_Desc": "100005",
        "id": 1110,
        "alias": "Contents.Zone.Name.1110",
        "text": "Near Mistshade Forest"
    },
    "1111": {
        "deprecated": false,
        "Dev_Desc": "100006",
        "id": 1111,
        "alias": "Contents.Zone.Name.1111",
        "text": "Near the swamps that go dry"
    },
    "1112": {
        "deprecated": false,
        "Dev_Desc": "100012",
        "id": 1112,
        "alias": "Contents.Zone.Name.1112",
        "text": "Near abandoned watchtower"
    },
    "1113": {
        "deprecated": false,
        "Dev_Desc": "100013",
        "id": 1113,
        "alias": "Contents.Zone.Name.1113",
        "text": "Near Watermist Plateau"
    },
    "1114": {
        "deprecated": false,
        "Dev_Desc": "100014",
        "id": 1114,
        "alias": "Contents.Zone.Name.1114",
        "text": "Near the forest south of the waterfall"
    },
    "1115": {
        "deprecated": false,
        "Dev_Desc": "100022",
        "id": 1115,
        "alias": "Contents.Zone.Name.1115",
        "text": "Near the logging area"
    },
    "1116": {
        "deprecated": false,
        "Dev_Desc": "100023",
        "id": 1116,
        "alias": "Contents.Zone.Name.1116",
        "text": "Near Fertile Ruins"
    },
    "1117": {
        "deprecated": false,
        "Dev_Desc": "100024",
        "id": 1117,
        "alias": "Contents.Zone.Name.1117",
        "text": "Near Takhoeam Canyon"
    },
    "1118": {
        "deprecated": false,
        "Dev_Desc": "100025",
        "id": 1118,
        "alias": "Contents.Zone.Name.1118",
        "text": "Near Soteulbawi Mountain"
    },
    "1119": {
        "deprecated": false,
        "id": 1119,
        "alias": "Contents.Zone.Name.1119",
        "text": "Near Dream Forest"
    },
    "1120": {
        "deprecated": false,
        "id": 1120,
        "alias": "Contents.Zone.Name.1120",
        "text": "Near Yedo Port"
    },
    "1121": {
        "deprecated": false,
        "id": 1121,
        "alias": "Contents.Zone.Name.1121",
        "text": "Abyssal Rift 1st Floor"
    },
    "1122": {
        "deprecated": false,
        "id": 1122,
        "alias": "Contents.Zone.Name.1122",
        "text": "Abyssal Rift Level 2"
    },
    "1123": {
        "deprecated": false,
        "id": 1123,
        "alias": "Contents.Zone.Name.1123",
        "text": "Abyssal Rift 3rd Floor"
    },
    "1124": {
        "deprecated": false,
        "id": 1124,
        "alias": "Contents.Zone.Name.1124",
        "text": "Abyssal Rift 4th Floor"
    },
    "1125": {
        "deprecated": false,
        "id": 1125,
        "alias": "Contents.Zone.Name.1125",
        "text": "Abyssal Rift Fifth Floor"
    },
    "1126": {
        "deprecated": false,
        "id": 1126,
        "alias": "Contents.Zone.Name.1126",
        "text": "Abyssal Rift 6th Floor"
    },
    "1127": {
        "deprecated": false,
        "id": 1127,
        "alias": "Contents.Zone.Name.1127",
        "text": "Abyssal Rift 7th Floor"
    },
    "1128": {
        "deprecated": false,
        "id": 1128,
        "alias": "Contents.Zone.Name.1128",
        "text": "Hard of Remnants"
    },
    "1129": {
        "deprecated": false,
        "id": 1129,
        "alias": "Contents.Zone.Name.1129",
        "text": "Lv.43 Lee Ryongdo"
    },
    "1130": {
        "deprecated": false,
        "id": 1130,
        "alias": "Contents.Zone.Name.1130",
        "text": "Lv.32 Hill Forest"
    },
    "1131": {
        "deprecated": false,
        "id": 1131,
        "alias": "Contents.Zone.Name.1131",
        "text": "Lv.34 Fine Sand Estuary"
    },
    "2000": {
        "deprecated": false,
        "id": 2000,
        "alias": "Contents.Zone.Name.2000",
        "text": "Suwol Port"
    },
    "2001": {
        "deprecated": false,
        "id": 2001,
        "alias": "Contents.Zone.Name.2001",
        "text": "New Daeeobang Shot"
    },
    "2002": {
        "deprecated": false,
        "id": 2002,
        "alias": "Contents.Zone.Name.2002",
        "text": "Martial arts venue"
    },
    "2003": {
        "deprecated": false,
        "id": 2003,
        "alias": "Contents.Zone.Name.2003",
        "text": "Temporary base for Suwa people"
    },
    "2004": {
        "deprecated": false,
        "id": 2004,
        "alias": "Contents.Zone.Name.2004",
        "text": "Wild Conservation Society Stronghold"
    },
    "2005": {
        "deprecated": false,
        "id": 2005,
        "alias": "Contents.Zone.Name.2005",
        "text": "Anger's Village"
    },
    "2006": {
        "deprecated": false,
        "id": 2006,
        "alias": "Contents.Zone.Name.2006",
        "text": "Half Moon Ranch"
    },
    "2007": {
        "deprecated": false,
        "id": 2007,
        "alias": "Contents.Zone.Name.2007",
        "text": "Soho Village"
    },
    "2008": {
        "deprecated": false,
        "id": 2008,
        "alias": "Contents.Zone.Name.2008",
        "text": "The Rift Researcher's Camp"
    },
    "2009": {
        "deprecated": false,
        "id": 2009,
        "alias": "Contents.Zone.Name.2009",
        "text": "Naganang Campsite"
    },
    "2010": {
        "deprecated": false,
        "Dev_Desc": "A01",
        "id": 2010,
        "alias": "Contents.Zone.Name.2010",
        "text": "Shallow Lake"
    },
    "2011": {
        "deprecated": false,
        "Dev_Desc": "A02",
        "id": 2011,
        "alias": "Contents.Zone.Name.2011",
        "text": "Rotten Logging"
    },
    "2012": {
        "deprecated": false,
        "Dev_Desc": "A03",
        "id": 2012,
        "alias": "Contents.Zone.Name.2012",
        "text": "Turtle"
    },
    "2013": {
        "deprecated": false,
        "Dev_Desc": "A04",
        "id": 2013,
        "alias": "Contents.Zone.Name.2013",
        "text": "Remains Revealed"
    },
    "2014": {
        "deprecated": false,
        "Dev_Desc": "A05",
        "id": 2014,
        "alias": "Contents.Zone.Name.2014",
        "text": "Sunset Pastures"
    },
    "2015": {
        "deprecated": false,
        "Dev_Desc": "A06",
        "id": 2015,
        "alias": "Contents.Zone.Name.2015",
        "text": "The Spear's Lair"
    },
    "2016": {
        "deprecated": false,
        "Dev_Desc": "A07",
        "id": 2016,
        "alias": "Contents.Zone.Name.2016",
        "text": "The Old City Forest Road"
    },
    "2017": {
        "deprecated": false,
        "Dev_Desc": "A08",
        "id": 2017,
        "alias": "Contents.Zone.Name.2017",
        "text": "The Battlefield Base"
    },
    "2018": {
        "deprecated": false,
        "Dev_Desc": "A09",
        "id": 2018,
        "alias": "Contents.Zone.Name.2018",
        "text": "pits of the void"
    },
    "2019": {
        "deprecated": false,
        "Dev_Desc": "A10",
        "id": 2019,
        "alias": "Contents.Zone.Name.2019",
        "text": "Deep Cemetery Forest"
    },
    "2020": {
        "deprecated": false,
        "Dev_Desc": "A11",
        "id": 2020,
        "alias": "Contents.Zone.Name.2020",
        "text": "Stone Hill Hills"
    },
    "2021": {
        "deprecated": false,
        "Dev_Desc": "A12",
        "id": 2021,
        "alias": "Contents.Zone.Name.2021",
        "text": "Destroyed Suwa Village"
    },
    "2022": {
        "deprecated": false,
        "Dev_Desc": "A13",
        "id": 2022,
        "alias": "Contents.Zone.Name.2022",
        "text": "The Eerie Valley"
    },
    "2023": {
        "deprecated": false,
        "id": 2023,
        "alias": "Contents.Zone.Name.2023",
        "text": "Far Sea Observation Tower"
    },
    "2024": {
        "deprecated": false,
        "id": 2024,
        "alias": "Contents.Zone.Name.2024",
        "text": "The wreckage of a wrecked ship"
    },
    "2025": {
        "deprecated": false,
        "id": 2025,
        "alias": "Contents.Zone.Name.2025",
        "text": "The abode of carpentry"
    },
    "2026": {
        "deprecated": false,
        "id": 2026,
        "alias": "Contents.Zone.Name.2026",
        "text": "Lakeside Villa"
    },
    "2027": {
        "deprecated": false,
        "id": 2027,
        "alias": "Contents.Zone.Name.2027",
        "text": "Gateway to the Old City"
    },
    "2028": {
        "deprecated": false,
        "id": 2028,
        "alias": "Contents.Zone.Name.2028",
        "text": "Waterfall Pond in the Woods"
    },
    "2029": {
        "deprecated": false,
        "id": 2029,
        "alias": "Contents.Zone.Name.2029",
        "text": "abandoned tile house"
    },
    "2030": {
        "deprecated": false,
        "id": 2030,
        "alias": "Contents.Zone.Name.2030",
        "text": "The Valley That Never Drys"
    },
    "2031": {
        "deprecated": false,
        "id": 2031,
        "alias": "Contents.Zone.Name.2031",
        "text": "Goblin Shrine"
    },
    "2032": {
        "deprecated": false,
        "id": 2032,
        "alias": "Contents.Zone.Name.2032",
        "text": "Bird's Crossroads"
    },
    "2033": {
        "deprecated": false,
        "id": 2033,
        "alias": "Contents.Zone.Name.2033",
        "text": "Daehwasangjeon"
    },
    "2034": {
        "deprecated": false,
        "id": 2034,
        "alias": "Contents.Zone.Name.2034",
        "text": "Younggyowon"
    },
    "2035": {
        "deprecated": false,
        "id": 2035,
        "alias": "Contents.Zone.Name.2035",
        "text": "Geumgyeongcheolmun"
    },
    "2036": {
        "deprecated": false,
        "id": 2036,
        "alias": "Contents.Zone.Name.2036",
        "text": "Maehwadan Headquarters"
    },
    "2037": {
        "deprecated": false,
        "id": 2037,
        "alias": "Contents.Zone.Name.2037",
        "text": "The Arboretum's Corruption"
    },
    "2038": {
        "deprecated": false,
        "id": 2038,
        "alias": "Contents.Zone.Name.2038",
        "text": "Half Moon Lake"
    },
    "2039": {
        "deprecated": false,
        "id": 2039,
        "alias": "Contents.Zone.Name.2039",
        "text": "Labyrinth of Destroyed Awakening"
    },
    "2040": {
        "deprecated": false,
        "id": 2040,
        "alias": "Contents.Zone.Name.2040",
        "text": "Gateway to the Old City"
    },
    "2041": {
        "deprecated": false,
        "id": 2041,
        "alias": "Contents.Zone.Name.2041",
        "text": "Yedohang Commercial District"
    },
    "2042": {
        "deprecated": false,
        "id": 2042,
        "alias": "Contents.Zone.Name.2042",
        "text": "Yedo Port Pier"
    },
    "2043": {
        "deprecated": false,
        "id": 2043,
        "alias": "Contents.Zone.Name.2043",
        "text": "Yedohang Workshop District"
    },
    "2044": {
        "deprecated": false,
        "id": 2044,
        "alias": "Contents.Zone.Name.2044",
        "text": "Yedo Port Fleet Base"
    },
    "2045": {
        "deprecated": false,
        "id": 2045,
        "alias": "Contents.Zone.Name.2045",
        "text": "Ereda Secret Stronghold"
    },
    "2046": {
        "deprecated": false,
        "id": 2046,
        "alias": "Contents.Zone.Name.2046",
        "text": "The Pioneer Memorial Cemetery Gravestone"
    },
    "2047": {
        "deprecated": false,
        "id": 2047,
        "alias": "Contents.Zone.Name.2047",
        "text": "The Pioneer Memorial Cemetery Shrine"
    },
    "2048": {
        "deprecated": false,
        "id": 2048,
        "alias": "Contents.Zone.Name.2048",
        "text": "The Suwa Ruins at Sunset"
    },
    "2049": {
        "deprecated": false,
        "id": 2049,
        "alias": "Contents.Zone.Name.2049",
        "text": "The Old City Forest Road at Night"
    },
    "2050": {
        "deprecated": false,
        "id": 2050,
        "alias": "Contents.Zone.Name.2050",
        "text": "The Bullfighting Illegal Slaughterhouse"
    },
    "2051": {
        "deprecated": false,
        "id": 2051,
        "alias": "Contents.Zone.Name.2051",
        "text": "Guild Square"
    },
    "2052": {
        "deprecated": false,
        "id": 2052,
        "alias": "Contents.Zone.Name.2052",
        "text": "Guild Sangjeon"
    },
    "2053": {
        "deprecated": false,
        "id": 2053,
        "alias": "Contents.Zone.Name.2053",
        "text": "The Ballroom"
    },
    "2054": {
        "deprecated": false,
        "id": 2054,
        "alias": "Contents.Zone.Name.2054",
        "text": "Summon Paper"
    },
    "2055": {
        "deprecated": false,
        "id": 2055,
        "alias": "Contents.Zone.Name.2055",
        "text": "The 6th floor of the Labyrinth of a Forgotten Paradise"
    },
    "2056": {
        "deprecated": false,
        "Dev_Desc": "잊혀진 낙원의 미궁 5층 보스존 낙원동",
        "id": 2056,
        "alias": "Contents.Zone.Name.2056",
        "text": "Cheongin-dong"
    },
    "2057": {
        "deprecated": false,
        "Dev_Desc": "잊혀진 낙원의 미궁 6층 보스존 풍뢰동",
        "id": 2057,
        "alias": "Contents.Zone.Name.2057",
        "text": "Pungroe-dong"
    },
    "2058": {
        "deprecated": false,
        "Dev_Desc": "잊혀진 낙원의 미궁 7층",
        "id": 2058,
        "alias": "Contents.Zone.Name.2058",
        "text": "The 7th floor of the Labyrinth of the Forgotten Paradise"
    },
    "2059": {
        "deprecated": false,
        "Dev_Desc": "잊혀진 낙원의 미궁 8층",
        "id": 2059,
        "alias": "Contents.Zone.Name.2059",
        "text": "The 8th floor of the Labyrinth of the Forgotten Paradise"
    },
    "2060": {
        "deprecated": false,
        "id": 2060,
        "alias": "Contents.Zone.Name.2060",
        "text": "Lake Luggage Storage"
    },
    "2061": {
        "deprecated": false,
        "id": 2061,
        "alias": "Contents.Zone.Name.2061",
        "text": "Lake Summit Hill"
    },
    "2062": {
        "deprecated": false,
        "id": 2062,
        "alias": "Contents.Zone.Name.2062",
        "text": "Forgotten Corridors"
    },
    "2063": {
        "deprecated": false,
        "id": 2063,
        "alias": "Contents.Zone.Name.2063",
        "text": "The Sunken Corridor"
    },
    "2064": {
        "deprecated": false,
        "id": 2064,
        "alias": "Contents.Zone.Name.2064",
        "text": "Voidpit Byway"
    },
    "2065": {
        "deprecated": false,
        "id": 2065,
        "alias": "Contents.Zone.Name.2065",
        "text": "Lv.7 Shallow Lake"
    },
    "2066": {
        "deprecated": false,
        "id": 2066,
        "alias": "Contents.Zone.Name.2066",
        "text": "Lv.6 Rotten Lumberjack"
    },
    "2067": {
        "deprecated": false,
        "id": 2067,
        "alias": "Contents.Zone.Name.2067",
        "text": "Lv.7 Turtle"
    },
    "2068": {
        "deprecated": false,
        "id": 2068,
        "alias": "Contents.Zone.Name.2068",
        "text": "Lv.8 Revealed Ruins"
    },
    "2069": {
        "deprecated": false,
        "id": 2069,
        "alias": "Contents.Zone.Name.2069",
        "text": "Lv.21 Sunset Pasture"
    },
    "2070": {
        "deprecated": false,
        "id": 2070,
        "alias": "Contents.Zone.Name.2070",
        "text": "Lv.23 Stone Hill Hills"
    },
    "2071": {
        "deprecated": false,
        "id": 2071,
        "alias": "Contents.Zone.Name.2071",
        "text": "Lv.14 Bullfighting Base"
    },
    "2072": {
        "deprecated": false,
        "id": 2072,
        "alias": "Contents.Zone.Name.2072",
        "text": "Lv.16 Lair of the Spears"
    },
    "2073": {
        "deprecated": false,
        "id": 2073,
        "alias": "Contents.Zone.Name.2073",
        "text": "Lv.15 Kodoshi Forest Road"
    },
    "2074": {
        "deprecated": false,
        "id": 2074,
        "alias": "Contents.Zone.Name.2074",
        "text": "Lv.30 Void Pit"
    },
    "2075": {
        "deprecated": false,
        "id": 2075,
        "alias": "Contents.Zone.Name.2075",
        "text": "Lv.18 Deep Cemetery Forest"
    },
    "2076": {
        "deprecated": false,
        "id": 2076,
        "alias": "Contents.Zone.Name.2076",
        "text": "Lv.26 Destroyed Suwa Village "
    },
    "2077": {
        "deprecated": false,
        "id": 2077,
        "alias": "Contents.Zone.Name.2077",
        "text": "Lv.28 Eerie Valley"
    },
    "2078": {
        "deprecated": false,
        "id": 2078,
        "alias": "Contents.Zone.Name.2078",
        "text": "Lv.21 Never-Drying Canyon"
    },
    "2079": {
        "deprecated": false,
        "id": 2079,
        "alias": "Contents.Zone.Name.2079",
        "text": "Lv.27 wrecked wreckage"
    },
    "2080": {
        "deprecated": false,
        "Dev_Desc": "랜드마크",
        "id": 2080,
        "alias": "Contents.Zone.Name.2080",
        "text": "Suwol Port"
    },
    "2081": {
        "deprecated": false,
        "Dev_Desc": "랜드마크",
        "id": 2081,
        "alias": "Contents.Zone.Name.2081",
        "text": "Destroyed Suwa Village"
    },
    "2082": {
        "deprecated": false,
        "Dev_Desc": "랜드마크",
        "id": 2082,
        "alias": "Contents.Zone.Name.2082",
        "text": "New Daeeobang Shot"
    },
    "2083": {
        "deprecated": false,
        "Dev_Desc": "랜드마크",
        "id": 2083,
        "alias": "Contents.Zone.Name.2083",
        "text": "The Void Pit"
    },
    "2084": {
        "deprecated": false,
        "Dev_Desc": "랜드마크",
        "id": 2084,
        "alias": "Contents.Zone.Name.2084",
        "text": "Wild Conservation Society Stronghold"
    },
    "2085": {
        "deprecated": false,
        "id": 2085,
        "alias": "Contents.Zone.Name.2085",
        "text": "Suwol Square"
    },
    "2086": {
        "deprecated": false,
        "id": 2086,
        "alias": "Contents.Zone.Name.2086",
        "text": "Lv.35 Lake Summit Hill"
    },
    "2087": {
        "deprecated": false,
        "id": 2087,
        "alias": "Contents.Zone.Name.2087",
        "text": "Destroyed Labyrinth of Awakening 1st Floor"
    },
    "2088": {
        "deprecated": false,
        "id": 2088,
        "alias": "Contents.Zone.Name.2088",
        "text": "The Labyrinth of Destroyed Awakening, 2nd Floor"
    },
    "2089": {
        "deprecated": false,
        "id": 2089,
        "alias": "Contents.Zone.Name.2089",
        "text": "The Labyrinth of Destroyed Awakening, 3rd Floor"
    },
    "2090": {
        "deprecated": false,
        "id": 2090,
        "alias": "Contents.Zone.Name.2090",
        "text": "near shallow lakes"
    },
    "2091": {
        "deprecated": false,
        "id": 2091,
        "alias": "Contents.Zone.Name.2091",
        "text": "Near the Old Town Forest"
    },
    "2092": {
        "deprecated": false,
        "id": 2092,
        "alias": "Contents.Zone.Name.2092",
        "text": "The Ruins of Water Lilies"
    },
    "2093": {
        "deprecated": false,
        "id": 2093,
        "alias": "Contents.Zone.Name.2093",
        "text": "Golden Forest Road"
    },
    "2094": {
        "deprecated": false,
        "id": 2094,
        "alias": "Contents.Zone.Name.2094",
        "text": "The 4th floor of the Labyrinth of Destroyed Awakening"
    },
    "2095": {
        "deprecated": false,
        "id": 2095,
        "alias": "Contents.Zone.Name.2095",
        "text": "Labyrinth of Destroyed Awakening 5th Floor"
    },
    "2096": {
        "deprecated": false,
        "id": 2096,
        "alias": "Contents.Zone.Name.2096",
        "text": "The Labyrinth of Destroyed Awakening, 6th Floor"
    },
    "2097": {
        "deprecated": false,
        "id": 2097,
        "alias": "Contents.Zone.Name.2097",
        "text": "Ilseonggwan Camp"
    },
    "2098": {
        "deprecated": false,
        "id": 2098,
        "alias": "Contents.Zone.Name.2098",
        "text": "Lv.54 Ilseonggwan Camp"
    },
    "2099": {
        "deprecated": false,
        "id": 2099,
        "alias": "Contents.Zone.Name.2099",
        "text": "Blood Encampment"
    },
    "2100": {
        "deprecated": false,
        "id": 2100,
        "alias": "Contents.Zone.Name.2100",
        "text": "Lv.54 Blood Guard Camp"
    },
    "2101": {
        "deprecated": false,
        "id": 2101,
        "alias": "Contents.Zone.Name.2101",
        "text": "Lv.54 Ereda Secret Base"
    },
    "2102": {
        "deprecated": false,
        "id": 2102,
        "alias": "Contents.Zone.Name.2102",
        "text": "Lv.35 Lake Summit Hill Road"
    },
    "2103": {
        "deprecated": false,
        "id": 2103,
        "alias": "Contents.Zone.Name.2103",
        "text": "Lake Summit Hill Road"
    },
    "2104": {
        "deprecated": false,
        "id": 2104,
        "alias": "Contents.Zone.Name.2104",
        "text": "Lv.7 Lake Cargo Storage"
    },
    "2105": {
        "deprecated": false,
        "id": 2105,
        "alias": "Contents.Zone.Name.2105",
        "text": "The 7th floor of the Labyrinth of Destroyed Awakening"
    },
    "2106": {
        "deprecated": false,
        "id": 2106,
        "alias": "Contents.Zone.Name.2106",
        "text": "The 8th floor of the Labyrinth of Destroyed Awakening"
    },
    "2107": {
        "deprecated": false,
        "id": 2107,
        "alias": "Contents.Zone.Name.2107",
        "text": "Nakwon-dong"
    },
    "9000": {
        "deprecated": false,
        "id": 9000,
        "alias": "Contents.Zone.Name.9000",
        "text": "Suwa settlement"
    },
    "9001": {
        "deprecated": false,
        "id": 9001,
        "alias": "Contents.Zone.Name.9001",
        "text": "fishman tribe"
    },
    "9002": {
        "deprecated": false,
        "id": 9002,
        "alias": "Contents.Zone.Name.9002",
        "text": "Monkey Hot Spring"
    },
    "9898": {
        "deprecated": false,
        "id": 9898,
        "alias": "Contents.Zone.Name.9898",
        "text": "Catalyst B2"
    },
    "9998": {
        "deprecated": false,
        "id": 9998,
        "alias": "Contents.Zone.Name.9998",
        "text": "The 3rd basement level of the catacombs"
    },
    "9999": {
        "deprecated": false,
        "id": 9999,
        "alias": "Contents.Zone.Name.9999",
        "text": "The Catacombs"
    },
    "8000": {
        "deprecated": false,
        "id": 8000,
        "alias": "Contents.Zone.Name.8000",
        "text": "Inside the Sea Dragon"
    },
    "8001": {
        "deprecated": false,
        "id": 8001,
        "alias": "Contents.Zone.Name.8001",
        "text": "Corridor of Awakening"
    },
    "8100": {
        "deprecated": false,
        "id": 8100,
        "alias": "Contents.Zone.Name.8100",
        "text": "Guild Manor"
    },
    "8101": {
        "deprecated": false,
        "id": 8101,
        "alias": "Contents.Zone.Name.8101",
        "text": "Guild Node"
    },
    "8108": {
        "deprecated": false,
        "id": 8108,
        "alias": "Contents.Zone.Name.8108",
        "text": "1st floor"
    },
    "8109": {
        "deprecated": false,
        "id": 8109,
        "alias": "Contents.Zone.Name.8109",
        "text": "2nd floor"
    },
    "8110": {
        "deprecated": false,
        "id": 8110,
        "alias": "Contents.Zone.Name.8110",
        "text": "3rd floor"
    },
    "8111": {
        "deprecated": false,
        "id": 8111,
        "alias": "Contents.Zone.Name.8111",
        "text": "Fourth floor"
    },
    "8112": {
        "deprecated": false,
        "id": 8112,
        "alias": "Contents.Zone.Name.8112",
        "text": "5th floor"
    },
    "8113": {
        "deprecated": false,
        "id": 8113,
        "alias": "Contents.Zone.Name.8113",
        "text": "6th floor"
    },
    "8114": {
        "deprecated": false,
        "id": 8114,
        "alias": "Contents.Zone.Name.8114",
        "text": "7th floor"
    },
    "8115": {
        "deprecated": false,
        "id": 8115,
        "alias": "Contents.Zone.Name.8115",
        "text": "8th floor"
    },
    "8117": {
        "deprecated": false,
        "id": 8117,
        "alias": "Contents.Zone.Name.8117",
        "text": "Labyrinth of a Forgotten Paradise"
    },
    "8118": {
        "deprecated": false,
        "id": 8118,
        "alias": "Contents.Zone.Name.8118",
        "text": "Lv.30"
    },
    "8119": {
        "deprecated": false,
        "id": 8119,
        "alias": "Contents.Zone.Name.8119",
        "text": "Lv.40"
    },
    "8120": {
        "deprecated": false,
        "id": 8120,
        "alias": "Contents.Zone.Name.8120",
        "text": "Lv.50"
    },
    "8121": {
        "deprecated": false,
        "id": 8121,
        "alias": "Contents.Zone.Name.8121",
        "text": "Lv.55"
    },
    "8122": {
        "deprecated": false,
        "id": 8122,
        "alias": "Contents.Zone.Name.8122",
        "text": "Lv.60"
    },
    "8123": {
        "deprecated": false,
        "id": 8123,
        "alias": "Contents.Zone.Name.8123",
        "text": "Twilight Lakeside"
    },
    "8124": {
        "deprecated": false,
        "id": 8124,
        "alias": "Contents.Zone.Name.8124",
        "text": "Half Moon Lake of Plenty of Years"
    },
    "8125": {
        "deprecated": false,
        "id": 8125,
        "alias": "Contents.Zone.Name.8125",
        "text": "boss"
    },
    "8126": {
        "deprecated": false,
        "id": 8126,
        "alias": "Contents.Zone.Name.8126",
        "text": "Labyrinth of Destroyed Awakening (Deep)"
    },
    "8127": {
        "deprecated": false,
        "id": 8127,
        "alias": "Contents.Zone.Name.8127",
        "text": "Labyrinth of Destroyed Awakening (Deep)"
    },
    "8128": {
        "deprecated": false,
        "id": 8128,
        "alias": "Contents.Zone.Name.8128",
        "text": "Destroyed Labyrinth of Awakening (Deep) 1st Floor"
    },
    "8129": {
        "deprecated": false,
        "id": 8129,
        "alias": "Contents.Zone.Name.8129",
        "text": "Destroyed Labyrinth of Awakening (Deep) 2st Floor"
    },
    "8130": {
        "deprecated": false,
        "id": 8130,
        "alias": "Contents.Zone.Name.8130",
        "text": "Destroyed Labyrinth of Awakening (Deep) 3st Floor"
    },
    "8131": {
        "deprecated": false,
        "id": 8131,
        "alias": "Contents.Zone.Name.8131",
        "text": "Destroyed Labyrinth of Awakening (Deep) 4st Floor"
    },
    "8132": {
        "deprecated": false,
        "id": 8132,
        "alias": "Contents.Zone.Name.8132",
        "text": "Fallen corridor"
    }
}