{
    "12040000": {
        "deprecated": false,
        "id": 12040000,
        "alias": "Contents.Quest.Mission.40000",
        "text": "Move to Pungbaekmun Haewol Branch"
    },
    "12040001": {
        "deprecated": false,
        "id": 12040001,
        "alias": "Contents.Quest.Mission.40001",
        "text": "Conversation with the Pungbaekmun Patrol Leader"
    },
    "12040002": {
        "deprecated": false,
        "id": 12040002,
        "alias": "Contents.Quest.Mission.40002",
        "text": "Conversation with Pungbaekmun Ranger"
    },
    "12040003": {
        "deprecated": false,
        "id": 12040003,
        "alias": "Contents.Quest.Mission.40003",
        "text": "Conversation with Don Chil Hong"
    },
    "12040004": {
        "deprecated": false,
        "id": 12040004,
        "alias": "Contents.Quest.Mission.40004",
        "text": "Duel with Don Chil Hong"
    },
    "12040005": {
        "deprecated": false,
        "id": 12040005,
        "alias": "Contents.Quest.Mission.40005",
        "text": "Get Meat"
    },
    "12040006": {
        "deprecated": false,
        "id": 12040006,
        "alias": "Contents.Quest.Mission.40006",
        "text": "Meat ready to be medicated"
    },
    "12040007": {
        "deprecated": false,
        "id": 12040007,
        "alias": "Contents.Quest.Mission.40007",
        "text": "Hide behind a tree and wait"
    },
    "12040008": {
        "deprecated": false,
        "id": 12040008,
        "alias": "Contents.Quest.Mission.40008",
        "text": "Suppression of weakened red donkey arms"
    },
    "12040009": {
        "deprecated": false,
        "id": 12040009,
        "alias": "Contents.Quest.Mission.40009",
        "text": "Destroy Strange Stones"
    },
    "12040010": {
        "deprecated": false,
        "id": 12040010,
        "alias": "Contents.Quest.Mission.40010",
        "text": "out of place"
    },
    "12040011": {
        "deprecated": false,
        "id": 12040011,
        "alias": "Contents.Quest.Mission.40011",
        "text": "Local Entry"
    },
    "12040012": {
        "deprecated": false,
        "id": 12040012,
        "alias": "Contents.Quest.Mission.40012",
        "text": "Conversation with Hong Don-chil's subordinate"
    },
    "12040013": {
        "deprecated": false,
        "id": 12040013,
        "alias": "Contents.Quest.Mission.40013",
        "text": "Suppression of the Red Don tribe"
    },
    "12040014": {
        "deprecated": false,
        "id": 12040014,
        "alias": "Contents.Quest.Mission.40014",
        "text": "Conversation with Don Chil Hong"
    },
    "12040015": {
        "deprecated": false,
        "id": 12040015,
        "alias": "Contents.Quest.Mission.40015",
        "text": "Conversation with Pungbaekmun Battle Captain"
    },
    "12040016": {
        "deprecated": false,
        "id": 12040016,
        "alias": "Contents.Quest.Mission.40016",
        "text": "Go to the Hill of Mononoke"
    },
    "12040017": {
        "deprecated": false,
        "id": 12040017,
        "alias": "Contents.Quest.Mission.40017",
        "text": "Help the doorman at the entrance"
    },
    "12040018": {
        "deprecated": false,
        "id": 12040018,
        "alias": "Contents.Quest.Mission.40018",
        "text": "Go inside the hill"
    },
    "12040019": {
        "deprecated": false,
        "id": 12040019,
        "alias": "Contents.Quest.Mission.40019",
        "text": "Defeat the Black Dawn"
    },
    "12040020": {
        "deprecated": false,
        "id": 12040020,
        "alias": "Contents.Quest.Mission.40020",
        "text": "Rescue Captive Crew members"
    },
    "12040021": {
        "deprecated": false,
        "id": 12040021,
        "alias": "Contents.Quest.Mission.40021",
        "text": "Conversation with Arang"
    },
    "12040022": {
        "deprecated": false,
        "id": 12040022,
        "alias": "Contents.Quest.Mission.40022",
        "text": "Defeat Blackdawn Rain"
    },
    "12040023": {
        "deprecated": false,
        "id": 12040023,
        "alias": "Contents.Quest.Mission.40023",
        "text": "Conversation with the Ten Commander"
    },
    "12040024": {
        "deprecated": false,
        "id": 12040024,
        "alias": "Contents.Quest.Mission.40024",
        "text": "Go to Cliff End"
    },
    "12040025": {
        "deprecated": false,
        "id": 12040025,
        "alias": "Contents.Quest.Mission.40025",
        "text": "Local Entry"
    },
    "12040026": {
        "deprecated": false,
        "id": 12040026,
        "alias": "Contents.Quest.Mission.40026",
        "text": "Go to Pungbaekmun"
    },
    "12040027": {
        "deprecated": false,
        "id": 12040027,
        "alias": "Contents.Quest.Mission.40027",
        "text": "Meet Songmunak"
    },
    "12040028": {
        "deprecated": false,
        "id": 12040028,
        "alias": "Contents.Quest.Mission.40028",
        "text": "Listen to the conversation"
    },
    "12040029": {
        "deprecated": false,
        "id": 12040029,
        "alias": "Contents.Quest.Mission.40029",
        "text": "Conversation with Arang"
    },
    "12040030": {
        "deprecated": false,
        "id": 12040030,
        "alias": "Contents.Quest.Mission.40030",
        "text": "A tour of the Pungbaekmun Haewol Branch"
    },
    "12040031": {
        "deprecated": false,
        "id": 12040031,
        "alias": "Contents.Quest.Mission.40031",
        "text": "Return to Arang"
    },
    "12040032": {
        "deprecated": false,
        "id": 12040032,
        "alias": "Contents.Quest.Mission.40032",
        "text": "Investigate the situation"
    },
    "12040033": {
        "deprecated": false,
        "id": 12040033,
        "alias": "Contents.Quest.Mission.40033",
        "text": "Move Rope Forward"
    },
    "12040034": {
        "deprecated": false,
        "id": 12040034,
        "alias": "Contents.Quest.Mission.40034",
        "text": "Arrival of Fertility"
    },
    "12040035": {
        "deprecated": false,
        "id": 12040035,
        "alias": "Contents.Quest.Mission.40035",
        "text": "Burnout Kill"
    },
    "12040036": {
        "deprecated": false,
        "id": 12040036,
        "alias": "Contents.Quest.Mission.40036",
        "text": "Defeat the filth"
    },
    "12040037": {
        "deprecated": false,
        "id": 12040037,
        "alias": "Contents.Quest.Mission.40037",
        "text": "Arrival in front of the Rope"
    },
    "12040038": {
        "deprecated": false,
        "id": 12040038,
        "alias": "Contents.Quest.Mission.40038",
        "text": "Conversation with Arang"
    },
    "12040039": {
        "deprecated": false,
        "id": 12040039,
        "alias": "Contents.Quest.Mission.40039",
        "text": "Back to Song Si-guk"
    },
    "12040040": {
        "deprecated": false,
        "id": 12040040,
        "alias": "Contents.Quest.Mission.40040",
        "text": "Check for shiny objects"
    },
    "12040041": {
        "deprecated": false,
        "id": 12040041,
        "alias": "Contents.Quest.Mission.40041",
        "text": "Go to the Red Horn Road"
    },
    "12040042": {
        "deprecated": false,
        "id": 12040042,
        "alias": "Contents.Quest.Mission.40042",
        "text": "Catch up with Arang"
    },
    "12040043": {
        "deprecated": false,
        "id": 12040043,
        "alias": "Contents.Quest.Mission.40043",
        "text": "Catch up with Arang"
    },
    "12040044": {
        "deprecated": false,
        "id": 12040044,
        "alias": "Contents.Quest.Mission.40044",
        "text": "Catch up with Arang"
    },
    "12040045": {
        "deprecated": false,
        "id": 12040045,
        "alias": "Contents.Quest.Mission.40045",
        "text": "Find Traces of Arang"
    },
    "12040046": {
        "deprecated": false,
        "id": 12040046,
        "alias": "Contents.Quest.Mission.40046",
        "text": "Defeat mutated creatures"
    },
    "12040047": {
        "deprecated": false,
        "id": 12040047,
        "alias": "Contents.Quest.Mission.40047",
        "text": "follow the voice"
    },
    "12040048": {
        "deprecated": false,
        "id": 12040048,
        "alias": "Contents.Quest.Mission.40048",
        "text": "Arang and Dalian"
    },
    "12040049": {
        "deprecated": false,
        "id": 12040049,
        "alias": "Contents.Quest.Mission.40049",
        "text": "Conversation with Arang"
    },
    "12040050": {
        "deprecated": false,
        "id": 12040050,
        "alias": "Contents.Quest.Mission.40050",
        "text": "Go to next place"
    },
    "12040051": {
        "deprecated": false,
        "id": 12040051,
        "alias": "Contents.Quest.Mission.40051",
        "text": "at level 55"
    },
    "12040052": {
        "deprecated": false,
        "id": 12040052,
        "alias": "Contents.Quest.Mission.40052",
        "text": "Let's wait for the time"
    },
    "12040053": {
        "deprecated": false,
        "id": 12040053,
        "alias": "Contents.Quest.Mission.40053",
        "text": "Complete Biryuha's proposal"
    }
}