{
    "1003000": {
        "deprecated": false,
        "Dev_Desc": "비옥대지_에픽_비류하_해월지부(웰컴아랑)",
        "id": 1003000,
        "alias": "Contents.Citizen.Name.103000",
        "text": "Biryuha"
    },
    "1003001": {
        "deprecated": false,
        "Dev_Desc": "비옥대지_에픽_비류하_해월지부(부자설전후)",
        "id": 1003001,
        "alias": "Contents.Citizen.Name.103001",
        "text": "Biryuha"
    },
    "1003002": {
        "deprecated": false,
        "Dev_Desc": "비옥대지_에픽_비류하_해월지부(송문악만남)",
        "id": 1003002,
        "alias": "Contents.Citizen.Name.103002",
        "text": "Biryuha"
    },
    "1003003": {
        "deprecated": false,
        "Dev_Desc": "비옥대지_에픽_아랑_해월지부(웰컴아랑)",
        "id": 1003003,
        "alias": "Contents.Citizen.Name.103003",
        "text": "Arang"
    },
    "1003004": {
        "deprecated": false,
        "Dev_Desc": "비옥대지_에픽_아랑_해월지부(부자설전)",
        "id": 1003004,
        "alias": "Contents.Citizen.Name.103004",
        "text": "Arang"
    },
    "1003005": {
        "deprecated": false,
        "Dev_Desc": "비옥대지_에픽_아랑_해월지부(송문악만남)",
        "id": 1003005,
        "alias": "Contents.Citizen.Name.103005",
        "text": "Arang"
    },
    "1003006": {
        "deprecated": false,
        "Dev_Desc": "비옥대지_에픽_아랑_해월지부(송시국찾기1)",
        "id": 1003006,
        "alias": "Contents.Citizen.Name.103006",
        "text": "Arang"
    },
    "1003007": {
        "deprecated": false,
        "Dev_Desc": "비옥대지_에픽_아랑_해월지부(송시국찾기2)",
        "id": 1003007,
        "alias": "Contents.Citizen.Name.103007",
        "text": "Arang"
    },
    "1003008": {
        "deprecated": false,
        "Dev_Desc": "비옥대지_에픽_아랑_잿빛밀림(송시국죽음/컷씬용)",
        "id": 1003008,
        "alias": "Contents.Citizen.Name.103008",
        "text": "Arang"
    },
    "1003009": {
        "deprecated": false,
        "Dev_Desc": "비옥대지_에픽_아랑_잿빛밀림(송시국죽음후)",
        "id": 1003009,
        "alias": "Contents.Citizen.Name.103009",
        "text": "Arang"
    },
    "1003010": {
        "deprecated": false,
        "Dev_Desc": "비옥대지_에픽_아랑_잿빛밀림(송시국에게 돌아가기)",
        "id": 1003010,
        "alias": "Contents.Citizen.Name.103010",
        "text": "Arang"
    },
    "1003011": {
        "deprecated": false,
        "Dev_Desc": "비옥대지_에픽_아랑_잿빛밀림(송시국에게 돌아간 후)",
        "id": 1003011,
        "alias": "Contents.Citizen.Name.103011",
        "text": "Arang"
    },
    "1003012": {
        "deprecated": false,
        "Dev_Desc": "비옥대지_에픽_아랑_붉은비탈(경공대결1)",
        "id": 1003012,
        "alias": "Contents.Citizen.Name.103012",
        "text": "Arang"
    },
    "1003013": {
        "deprecated": false,
        "Dev_Desc": "비옥대지_에픽_아랑_붉은비탈(경공대결2)",
        "id": 1003013,
        "alias": "Contents.Citizen.Name.103013",
        "text": "Arang"
    },
    "1003014": {
        "deprecated": false,
        "Dev_Desc": "비옥대지_에픽_아랑_꿈결의숲(균열열기시작)",
        "id": 1003014,
        "alias": "Contents.Citizen.Name.103014",
        "text": "Arang"
    },
    "1003015": {
        "deprecated": false,
        "Dev_Desc": "비옥대지_에픽_아랑_꿈결의숲(균열열기후)",
        "id": 1003015,
        "alias": "Contents.Citizen.Name.103015",
        "text": "Arang"
    },
    "1003016": {
        "deprecated": false,
        "Dev_Desc": "비옥대지_에픽_아랑_꿈결의숲(균열파사사라짐)",
        "id": 1003016,
        "alias": "Contents.Citizen.Name.103016",
        "text": "Arang"
    },
    "1003017": {
        "deprecated": false,
        "Dev_Desc": "비옥대지_에픽_송문악_해월지부(부자설전)",
        "id": 1003017,
        "alias": "Contents.Citizen.Name.103017",
        "text": "Songmunak"
    },
    "1003018": {
        "deprecated": false,
        "Dev_Desc": "비옥대지_에픽_송문악_해월지부(송문악만남)",
        "id": 1003018,
        "alias": "Contents.Citizen.Name.103018",
        "text": "Songmunak"
    },
    "1003019": {
        "deprecated": false,
        "Dev_Desc": "비옥대지_에픽_송문악_잿빛밀림(송시국죽음)",
        "id": 1003019,
        "alias": "Contents.Citizen.Name.103019",
        "text": "Songmunak"
    },
    "1003020": {
        "deprecated": false,
        "Dev_Desc": "비옥대지_에픽_송문악_잿빛밀림(송시국죽음후)",
        "id": 1003020,
        "alias": "Contents.Citizen.Name.103020",
        "text": "Songmunak"
    },
    "1003021": {
        "deprecated": false,
        "Dev_Desc": "비옥대지_에픽_송시국_해월지부(부자설전)",
        "id": 1003021,
        "alias": "Contents.Citizen.Name.103021",
        "text": "Song Si-guk"
    },
    "1003022": {
        "deprecated": false,
        "Dev_Desc": "비옥대지_에픽_송시국_잿빛밀림(송시국죽음)",
        "id": 1003022,
        "alias": "Contents.Citizen.Name.103022",
        "text": "Song Si-guk"
    },
    "1003023": {
        "deprecated": false,
        "Dev_Desc": "비옥대지_에픽_파사(신형)_꿈결의숲(균열열기후)",
        "id": 1003023,
        "alias": "Contents.Citizen.Name.103023",
        "text": "Pasa"
    },
    "1003024": {
        "deprecated": false,
        "Dev_Desc": "비옥대지_에픽_유기",
        "id": 1003024,
        "alias": "Contents.Citizen.Name.103024",
        "text": "organic"
    },
    "1003025": {
        "deprecated": false,
        "Dev_Desc": "비옥대지_에픽_문파원",
        "id": 1003025,
        "alias": "Contents.Citizen.Name.103025",
        "text": "Changmo Oh"
    },
    "1003026": {
        "deprecated": false,
        "Dev_Desc": "비옥대지_에픽_문파원",
        "id": 1003026,
        "alias": "Contents.Citizen.Name.103026",
        "text": "Min Chang-rim"
    },
    "1003027": {
        "deprecated": false,
        "Dev_Desc": "비옥대지_에픽_아랑_해월지부(조장대화)",
        "id": 1003027,
        "alias": "Contents.Citizen.Name.103027",
        "text": "Arang"
    },
    "1003028": {
        "deprecated": false,
        "Dev_Desc": "비옥대지_에픽_아랑_해월지부(조원대화)",
        "id": 1003028,
        "alias": "Contents.Citizen.Name.103028",
        "text": "Arang"
    },
    "1003029": {
        "deprecated": false,
        "Dev_Desc": "비옥대지_에픽_아랑_해월지부(칠칠대화)",
        "id": 1003029,
        "alias": "Contents.Citizen.Name.103029",
        "text": "Arang"
    },
    "1003030": {
        "deprecated": false,
        "Dev_Desc": "비옥대지_에픽_아랑_붉은숲길(도니대화)",
        "id": 1003030,
        "alias": "Contents.Citizen.Name.103030",
        "text": "Arang"
    },
    "1003031": {
        "deprecated": false,
        "Dev_Desc": "비옥대지_에픽_아랑_헤월지부(칠칠대화2)",
        "id": 1003031,
        "alias": "Contents.Citizen.Name.103031",
        "text": "Arang"
    },
    "1003032": {
        "deprecated": false,
        "Dev_Desc": "비옥대지_에픽_아랑_해월지부(전투조장대화)",
        "id": 1003032,
        "alias": "Contents.Citizen.Name.103032",
        "text": "Arang"
    },
    "1003033": {
        "deprecated": false,
        "Dev_Desc": "비옥대지_에픽_아랑_원령언덕(백인장대화)",
        "id": 1003033,
        "alias": "Contents.Citizen.Name.103033",
        "text": "Arang"
    },
    "1003034": {
        "deprecated": false,
        "Dev_Desc": "비옥대지_에픽_아랑_원령언덕(십인장대화)",
        "id": 1003034,
        "alias": "Contents.Citizen.Name.103034",
        "text": "Arang"
    },
    "1003035": {
        "deprecated": false,
        "Dev_Desc": "비옥대지_에픽_아랑_원령언덕(절벽끝)",
        "id": 1003035,
        "alias": "Contents.Citizen.Name.103035",
        "text": "Arang"
    },
    "1003036": {
        "deprecated": false,
        "Dev_Desc": "비옥대지_에픽_아랑_원령언덕(절벽아래)",
        "id": 1003036,
        "alias": "Contents.Citizen.Name.103036",
        "text": "Arang"
    },
    "1003037": {
        "deprecated": false,
        "Dev_Desc": "비옥대지_에픽_아랑_해월지부(비류하마중)",
        "id": 1003037,
        "alias": "Contents.Citizen.Name.103037",
        "text": "Arang"
    },
    "1003038": {
        "deprecated": false,
        "Dev_Desc": "비옥대지_에픽_순찰조장",
        "id": 1003038,
        "alias": "Contents.Citizen.Name.103038",
        "text": "Sam Jun-ho"
    },
    "1003039": {
        "deprecated": false,
        "Dev_Desc": "비옥대지_에픽_순찰조원",
        "id": 1003039,
        "alias": "Contents.Citizen.Name.103039",
        "text": "Kwon Dong-hee"
    },
    "1003040": {
        "deprecated": false,
        "Dev_Desc": "비옥대지_에픽_순찰조원(꾸)",
        "id": 1003040,
        "alias": "Contents.Citizen.Name.103040",
        "text": "Rogue"
    },
    "1003041": {
        "deprecated": false,
        "Dev_Desc": "비옥대지_에픽_투명NPC",
        "id": 1003041,
        "alias": "Contents.Citizen.Name.103041"
    },
    "1003042": {
        "deprecated": false,
        "Dev_Desc": "비옥대지_에픽_홍돈팔팔",
        "id": 1003042,
        "alias": "Contents.Citizen.Name.103042",
        "text": "Hongdonpal"
    },
    "1003043": {
        "deprecated": false,
        "Dev_Desc": "비옥대지_에픽_홍도니",
        "id": 1003043,
        "alias": "Contents.Citizen.Name.103043",
        "text": "Doni Hong"
    },
    "1003044": {
        "deprecated": false,
        "Dev_Desc": "비옥대지_에픽_홍도니",
        "id": 1003044,
        "alias": "Contents.Citizen.Name.103044",
        "text": "Doni Hong"
    },
    "1003045": {
        "deprecated": false,
        "Dev_Desc": "비옥대지_에픽_홍돈칠",
        "id": 1003045,
        "alias": "Contents.Citizen.Name.103045",
        "text": "Don Chil Hong"
    },
    "1003046": {
        "deprecated": false,
        "Dev_Desc": "비옥대지_에픽_홍처리",
        "id": 1003046,
        "alias": "Contents.Citizen.Name.103046",
        "text": "Handling"
    },
    "1003047": {
        "deprecated": false,
        "Dev_Desc": "비옥대지_에픽_홍마니",
        "id": 1003047,
        "alias": "Contents.Citizen.Name.103047",
        "text": "Red Mani"
    },
    "1003048": {
        "deprecated": false,
        "Dev_Desc": "비옥대지_에픽_전투조장",
        "id": 1003048,
        "alias": "Contents.Citizen.Name.103048",
        "text": "Han Su-min"
    },
    "1003049": {
        "deprecated": false,
        "Dev_Desc": "비옥대지_에픽_전투조 백인장",
        "id": 1003049,
        "alias": "Contents.Citizen.Name.103049",
        "text": "Superintendent"
    },
    "1003050": {
        "deprecated": false,
        "Dev_Desc": "비옥대지_에픽_전투조 십인장",
        "id": 1003050,
        "alias": "Contents.Citizen.Name.103050",
        "text": "will amount"
    },
    "1003051": {
        "deprecated": false,
        "Dev_Desc": "비옥대지_에픽_전투조 십인장",
        "id": 1003051,
        "alias": "Contents.Citizen.Name.103051",
        "text": "will amount"
    },
    "1003052": {
        "deprecated": false,
        "Dev_Desc": "비옥대지_에픽_전투조 십인장",
        "id": 1003052,
        "alias": "Contents.Citizen.Name.103052",
        "text": "will amount"
    },
    "1003053": {
        "deprecated": false,
        "Dev_Desc": "비옥대지_에픽_부상당한 전투조원",
        "id": 1003053,
        "alias": "Contents.Citizen.Name.103053",
        "text": "Wounded Combatant"
    },
    "1003054": {
        "deprecated": false,
        "Dev_Desc": "비옥대지_에픽_부상당한 전투조원",
        "id": 1003054,
        "alias": "Contents.Citizen.Name.103054",
        "text": "Wounded Combatant"
    },
    "1003055": {
        "deprecated": false,
        "Dev_Desc": "비옥대지_에픽_부상당한 전투조원",
        "id": 1003055,
        "alias": "Contents.Citizen.Name.103055",
        "text": "Wounded Combatant"
    },
    "1003056": {
        "deprecated": false,
        "Dev_Desc": "비옥대지_에픽_부상당한 전투조원",
        "id": 1003056,
        "alias": "Contents.Citizen.Name.103056",
        "text": "Wounded Combatant"
    },
    "1003057": {
        "deprecated": false,
        "Dev_Desc": "비옥대지_에픽_부상당한 전투조원",
        "id": 1003057,
        "alias": "Contents.Citizen.Name.103057",
        "text": "Wounded Combatant"
    },
    "1003058": {
        "deprecated": false,
        "Dev_Desc": "비옥대지_에픽_부상당한 전투조원",
        "id": 1003058,
        "alias": "Contents.Citizen.Name.103058",
        "text": "Wounded Combatant"
    },
    "1003059": {
        "deprecated": false,
        "Dev_Desc": "비옥대지_에픽_전투조원",
        "id": 1003059,
        "alias": "Contents.Citizen.Name.103059",
        "text": "Combatant"
    },
    "1003060": {
        "deprecated": false,
        "Dev_Desc": "비옥대지_에픽_전투조원",
        "id": 1003060,
        "alias": "Contents.Citizen.Name.103060",
        "text": "Combatant"
    },
    "1003061": {
        "deprecated": false,
        "Dev_Desc": "비옥대지_에픽_전투조원",
        "id": 1003061,
        "alias": "Contents.Citizen.Name.103061",
        "text": "Combatant"
    },
    "1003062": {
        "deprecated": false,
        "Dev_Desc": "비옥대지_에픽_전투조원",
        "id": 1003062,
        "alias": "Contents.Citizen.Name.103062",
        "text": "Combatant"
    },
    "1003063": {
        "deprecated": false,
        "Dev_Desc": "비옥대지_에픽_문파원(꾸)",
        "id": 1003063,
        "alias": "Contents.Citizen.Name.103063",
        "text": "Member"
    },
    "1003064": {
        "deprecated": false,
        "Dev_Desc": "비옥대지_에픽_문파원(꾸)",
        "id": 1003064,
        "alias": "Contents.Citizen.Name.103064",
        "text": "Member"
    },
    "1003065": {
        "deprecated": false,
        "Dev_Desc": "비옥대지_에픽_비류하_해월지부(웰컴아랑)",
        "id": 1003065,
        "alias": "Contents.Citizen.Name.103065",
        "text": "Biryuha"
    },
    "1003066": {
        "deprecated": false,
        "Dev_Desc": "비옥대지_에픽_문파원(꾸)",
        "id": 1003066,
        "alias": "Contents.Citizen.Name.103066",
        "text": "Member"
    },
    "1003067": {
        "deprecated": false,
        "Dev_Desc": "비옥대지_에픽_문파원(꾸)",
        "id": 1003067,
        "alias": "Contents.Citizen.Name.103067",
        "text": "Member"
    },
    "1003068": {
        "deprecated": false,
        "Dev_Desc": "비옥대지_에픽_사로잡힌 문파원",
        "id": 1003068,
        "alias": "Contents.Citizen.Name.103068",
        "text": "Wounded Combatant"
    },
    "1003069": {
        "deprecated": false,
        "Dev_Desc": "비옥대지_에픽_사로잡힌 문파원",
        "id": 1003069,
        "alias": "Contents.Citizen.Name.103069",
        "text": "Wounded Combatant"
    },
    "1003070": {
        "deprecated": false,
        "Dev_Desc": "비옥대지_에픽_비살",
        "id": 1003070,
        "alias": "Contents.Citizen.Name.103070",
        "text": "Bisal"
    },
    "1003071": {
        "deprecated": false,
        "Dev_Desc": "비옥대지_에픽_투명NPC",
        "id": 1003071,
        "alias": "Contents.Citizen.Name.103071"
    },
    "1003072": {
        "deprecated": false,
        "Dev_Desc": "비옥대지_에픽_아랑",
        "id": 1003072,
        "alias": "Contents.Citizen.Name.103072",
        "text": "Arang"
    },
    "1003073": {
        "deprecated": false,
        "Dev_Desc": "비옥대지_에픽_아랑",
        "id": 1003073,
        "alias": "Contents.Citizen.Name.103073",
        "text": "Arang"
    },
    "1003074": {
        "deprecated": false,
        "Dev_Desc": "비옥대지_에픽_아랑",
        "id": 1003074,
        "alias": "Contents.Citizen.Name.103074",
        "text": "Arang"
    },
    "1103000": {
        "deprecated": false,
        "Dev_Desc": "비옥대지_에픽_비류하_해월지부(웰컴아랑)",
        "id": 1103000,
        "alias": "Contents.Citizen.Title.103000",
        "text": "Elder Pungbaekmun"
    },
    "1103001": {
        "deprecated": false,
        "Dev_Desc": "비옥대지_에픽_비류하_해월지부(부자설전후)",
        "id": 1103001,
        "alias": "Contents.Citizen.Title.103001",
        "text": "Elder Pungbaekmun"
    },
    "1103002": {
        "deprecated": false,
        "Dev_Desc": "비옥대지_에픽_비류하_해월지부(송문악만남)",
        "id": 1103002,
        "alias": "Contents.Citizen.Title.103002",
        "text": "Elder Pungbaekmun"
    },
    "1103003": {
        "deprecated": false,
        "Dev_Desc": "비옥대지_에픽_아랑_해월지부(웰컴아랑)",
        "id": 1103003,
        "alias": "Contents.Citizen.Title.103003"
    },
    "1103004": {
        "deprecated": false,
        "Dev_Desc": "비옥대지_에픽_아랑_해월지부(부자설전)",
        "id": 1103004,
        "alias": "Contents.Citizen.Title.103004"
    },
    "1103005": {
        "deprecated": false,
        "Dev_Desc": "비옥대지_에픽_아랑_해월지부(송문악만남)",
        "id": 1103005,
        "alias": "Contents.Citizen.Title.103005"
    },
    "1103006": {
        "deprecated": false,
        "Dev_Desc": "비옥대지_에픽_아랑_해월지부(송시국찾기1)",
        "id": 1103006,
        "alias": "Contents.Citizen.Title.103006"
    },
    "1103007": {
        "deprecated": false,
        "Dev_Desc": "비옥대지_에픽_아랑_해월지부(송시국찾기2)",
        "id": 1103007,
        "alias": "Contents.Citizen.Title.103007"
    },
    "1103008": {
        "deprecated": false,
        "Dev_Desc": "비옥대지_에픽_아랑_잿빛밀림(송시국죽음/컷씬용)",
        "id": 1103008,
        "alias": "Contents.Citizen.Title.103008"
    },
    "1103009": {
        "deprecated": false,
        "Dev_Desc": "비옥대지_에픽_아랑_잿빛밀림(송시국죽음후)",
        "id": 1103009,
        "alias": "Contents.Citizen.Title.103009"
    },
    "1103010": {
        "deprecated": false,
        "Dev_Desc": "비옥대지_에픽_아랑_잿빛밀림(송시국에게 돌아가기)",
        "id": 1103010,
        "alias": "Contents.Citizen.Title.103010"
    },
    "1103011": {
        "deprecated": false,
        "Dev_Desc": "비옥대지_에픽_아랑_잿빛밀림(송시국에게 돌아간 후)",
        "id": 1103011,
        "alias": "Contents.Citizen.Title.103011"
    },
    "1103012": {
        "deprecated": false,
        "Dev_Desc": "비옥대지_에픽_아랑_붉은비탈(경공대결1)",
        "id": 1103012,
        "alias": "Contents.Citizen.Title.103012"
    },
    "1103013": {
        "deprecated": false,
        "Dev_Desc": "비옥대지_에픽_아랑_붉은비탈(경공대결2)",
        "id": 1103013,
        "alias": "Contents.Citizen.Title.103013"
    },
    "1103014": {
        "deprecated": false,
        "Dev_Desc": "비옥대지_에픽_아랑_꿈결의숲(균열열기시작)",
        "id": 1103014,
        "alias": "Contents.Citizen.Title.103014"
    },
    "1103015": {
        "deprecated": false,
        "Dev_Desc": "비옥대지_에픽_아랑_꿈결의숲(균열열기후)",
        "id": 1103015,
        "alias": "Contents.Citizen.Title.103015"
    },
    "1103016": {
        "deprecated": false,
        "Dev_Desc": "비옥대지_에픽_아랑_꿈결의숲(균열파사사라짐)",
        "id": 1103016,
        "alias": "Contents.Citizen.Title.103016"
    },
    "1103017": {
        "deprecated": false,
        "Dev_Desc": "비옥대지_에픽_송문악_해월지부(부자설전)",
        "id": 1103017,
        "alias": "Contents.Citizen.Title.103017",
        "text": "Pungbaekmun Grand Road"
    },
    "1103018": {
        "deprecated": false,
        "Dev_Desc": "비옥대지_에픽_송문악_해월지부(송문악만남)",
        "id": 1103018,
        "alias": "Contents.Citizen.Title.103018",
        "text": "Pungbaekmun Grand Road"
    },
    "1103019": {
        "deprecated": false,
        "Dev_Desc": "비옥대지_에픽_송문악_잿빛밀림(송시국죽음)",
        "id": 1103019,
        "alias": "Contents.Citizen.Title.103019",
        "text": "Pungbaekmun Grand Road"
    },
    "1103020": {
        "deprecated": false,
        "Dev_Desc": "비옥대지_에픽_송문악_잿빛밀림(송시국죽음후)",
        "id": 1103020,
        "alias": "Contents.Citizen.Title.103020",
        "text": "Pungbaekmun Grand Road"
    },
    "1103021": {
        "deprecated": false,
        "Dev_Desc": "비옥대지_에픽_송시국_해월지부(부자설전)",
        "id": 1103021,
        "alias": "Contents.Citizen.Title.103021",
        "text": "Pungbaekmun"
    },
    "1103022": {
        "deprecated": false,
        "Dev_Desc": "비옥대지_에픽_송시국_잿빛밀림(송시국죽음)",
        "id": 1103022,
        "alias": "Contents.Citizen.Title.103022",
        "text": "Pungbaekmun"
    },
    "1103023": {
        "deprecated": false,
        "Dev_Desc": "비옥대지_에픽_파사(신형)_꿈결의숲(균열열기후)",
        "id": 1103023,
        "alias": "Contents.Citizen.Title.103023",
        "text": "Sacred Beast"
    },
    "1103024": {
        "deprecated": false,
        "Dev_Desc": "비옥대지_에픽_유기",
        "id": 1103024,
        "alias": "Contents.Citizen.Title.103024",
        "text": "Sura"
    },
    "1103025": {
        "deprecated": false,
        "Dev_Desc": "비옥대지_에픽_문파원",
        "id": 1103025,
        "alias": "Contents.Citizen.Title.103025",
        "text": "Pungbaekmun Munpawon"
    },
    "1103026": {
        "deprecated": false,
        "Dev_Desc": "비옥대지_에픽_문파원",
        "id": 1103026,
        "alias": "Contents.Citizen.Title.103026",
        "text": "Pungbaekmun Munpawon"
    },
    "1103027": {
        "deprecated": false,
        "Dev_Desc": "비옥대지_에픽_아랑_해월지부(조장대화)",
        "id": 1103027,
        "alias": "Contents.Citizen.Title.103027"
    },
    "1103028": {
        "deprecated": false,
        "Dev_Desc": "비옥대지_에픽_아랑_해월지부(조원대화)",
        "id": 1103028,
        "alias": "Contents.Citizen.Title.103028"
    },
    "1103029": {
        "deprecated": false,
        "Dev_Desc": "비옥대지_에픽_아랑_해월지부(칠칠대화)",
        "id": 1103029,
        "alias": "Contents.Citizen.Title.103029"
    },
    "1103030": {
        "deprecated": false,
        "Dev_Desc": "비옥대지_에픽_아랑_붉은숲길(도니대화)",
        "id": 1103030,
        "alias": "Contents.Citizen.Title.103030"
    },
    "1103031": {
        "deprecated": false,
        "Dev_Desc": "비옥대지_에픽_아랑_헤월지부(칠칠대화2)",
        "id": 1103031,
        "alias": "Contents.Citizen.Title.103031"
    },
    "1103032": {
        "deprecated": false,
        "Dev_Desc": "비옥대지_에픽_아랑_해월지부(전투조장대화)",
        "id": 1103032,
        "alias": "Contents.Citizen.Title.103032"
    },
    "1103033": {
        "deprecated": false,
        "Dev_Desc": "비옥대지_에픽_아랑_원령언덕(백인장대화)",
        "id": 1103033,
        "alias": "Contents.Citizen.Title.103033"
    },
    "1103034": {
        "deprecated": false,
        "Dev_Desc": "비옥대지_에픽_아랑_원령언덕(십인장대화)",
        "id": 1103034,
        "alias": "Contents.Citizen.Title.103034"
    },
    "1103035": {
        "deprecated": false,
        "Dev_Desc": "비옥대지_에픽_아랑_원령언덕(절벽끝)",
        "id": 1103035,
        "alias": "Contents.Citizen.Title.103035"
    },
    "1103036": {
        "deprecated": false,
        "Dev_Desc": "비옥대지_에픽_아랑_원령언덕(절벽아래)",
        "id": 1103036,
        "alias": "Contents.Citizen.Title.103036"
    },
    "1103037": {
        "deprecated": false,
        "Dev_Desc": "비옥대지_에픽_아랑_해월지부(비류하마중)",
        "id": 1103037,
        "alias": "Contents.Citizen.Title.103037"
    },
    "1103038": {
        "deprecated": false,
        "Dev_Desc": "비옥대지_에픽_순찰조장",
        "id": 1103038,
        "alias": "Contents.Citizen.Title.103038",
        "text": "Pungbaekmun Patrol Leader"
    },
    "1103039": {
        "deprecated": false,
        "Dev_Desc": "비옥대지_에픽_순찰조원",
        "id": 1103039,
        "alias": "Contents.Citizen.Title.103039",
        "text": "Pungbaekmun Patrol Officer"
    },
    "1103040": {
        "deprecated": false,
        "Dev_Desc": "비옥대지_에픽_순찰조원(꾸)",
        "id": 1103040,
        "alias": "Contents.Citizen.Title.103040",
        "text": "Pungbaekmun Patrol Officer"
    },
    "1103041": {
        "deprecated": false,
        "Dev_Desc": "비옥대지_에픽_투명NPC",
        "id": 1103041,
        "alias": "Contents.Citizen.Title.103041"
    },
    "1103042": {
        "deprecated": false,
        "Dev_Desc": "비옥대지_에픽_홍돈팔팔",
        "id": 1103042,
        "alias": "Contents.Citizen.Title.103042",
        "text": "Chief Hongdon"
    },
    "1103043": {
        "deprecated": false,
        "Dev_Desc": "비옥대지_에픽_홍도니",
        "id": 1103043,
        "alias": "Contents.Citizen.Title.103043",
        "text": "moderate Hongdon tribe"
    },
    "1103044": {
        "deprecated": false,
        "Dev_Desc": "비옥대지_에픽_홍도니",
        "id": 1103044,
        "alias": "Contents.Citizen.Title.103044",
        "text": "Moderate Hongdon tribe"
    },
    "1103045": {
        "deprecated": false,
        "Dev_Desc": "비옥대지_에픽_홍돈칠",
        "id": 1103045,
        "alias": "Contents.Citizen.Title.103045",
        "text": "Moderate Hongdon tribe"
    },
    "1103046": {
        "deprecated": false,
        "Dev_Desc": "비옥대지_에픽_홍처리",
        "id": 1103046,
        "alias": "Contents.Citizen.Title.103046",
        "text": "Moderate Hongdon tribe"
    },
    "1103047": {
        "deprecated": false,
        "Dev_Desc": "비옥대지_에픽_홍마니",
        "id": 1103047,
        "alias": "Contents.Citizen.Title.103047",
        "text": "Moderate Hongdon"
    },
    "1103048": {
        "deprecated": false,
        "Dev_Desc": "비옥대지_에픽_전투조장",
        "id": 1103048,
        "alias": "Contents.Citizen.Title.103048",
        "text": "Pungbaekmun Battle Leader"
    },
    "1103049": {
        "deprecated": false,
        "Dev_Desc": "비옥대지_에픽_전투조 백인장",
        "id": 1103049,
        "alias": "Contents.Citizen.Title.103049",
        "text": "Pungbaekmun Baekinjang"
    },
    "1103050": {
        "deprecated": false,
        "Dev_Desc": "비옥대지_에픽_전투조 십인장",
        "id": 1103050,
        "alias": "Contents.Citizen.Title.103050",
        "text": "Pungbaekmun Tenshuang"
    },
    "1103051": {
        "deprecated": false,
        "Dev_Desc": "비옥대지_에픽_전투조 십인장",
        "id": 1103051,
        "alias": "Contents.Citizen.Title.103051",
        "text": "Pungbaekmun Tenshuang"
    },
    "1103052": {
        "deprecated": false,
        "Dev_Desc": "비옥대지_에픽_전투조 십인장",
        "id": 1103052,
        "alias": "Contents.Citizen.Title.103052",
        "text": "Pungbaekmun Tenshuang"
    },
    "1103053": {
        "deprecated": false,
        "Dev_Desc": "비옥대지_에픽_부상당한 전투조원",
        "id": 1103053,
        "alias": "Contents.Citizen.Title.103053",
        "text": "Pungbaekmun"
    },
    "1103054": {
        "deprecated": false,
        "Dev_Desc": "비옥대지_에픽_부상당한 전투조원",
        "id": 1103054,
        "alias": "Contents.Citizen.Title.103054",
        "text": "Pungbaekmun"
    },
    "1103055": {
        "deprecated": false,
        "Dev_Desc": "비옥대지_에픽_부상당한 전투조원",
        "id": 1103055,
        "alias": "Contents.Citizen.Title.103055",
        "text": "Pungbaekmun"
    },
    "1103056": {
        "deprecated": false,
        "Dev_Desc": "비옥대지_에픽_부상당한 전투조원",
        "id": 1103056,
        "alias": "Contents.Citizen.Title.103056",
        "text": "Pungbaekmun"
    },
    "1103057": {
        "deprecated": false,
        "Dev_Desc": "비옥대지_에픽_부상당한 전투조원",
        "id": 1103057,
        "alias": "Contents.Citizen.Title.103057",
        "text": "Pungbaekmun"
    },
    "1103058": {
        "deprecated": false,
        "Dev_Desc": "비옥대지_에픽_부상당한 전투조원",
        "id": 1103058,
        "alias": "Contents.Citizen.Title.103058",
        "text": "Pungbaekmun"
    },
    "1103059": {
        "deprecated": false,
        "Dev_Desc": "비옥대지_에픽_전투조원",
        "id": 1103059,
        "alias": "Contents.Citizen.Title.103059",
        "text": "Pungbaekmun"
    },
    "1103060": {
        "deprecated": false,
        "Dev_Desc": "비옥대지_에픽_전투조원",
        "id": 1103060,
        "alias": "Contents.Citizen.Title.103060",
        "text": "Pungbaekmun"
    },
    "1103061": {
        "deprecated": false,
        "Dev_Desc": "비옥대지_에픽_전투조원",
        "id": 1103061,
        "alias": "Contents.Citizen.Title.103061",
        "text": "Pungbaekmun"
    },
    "1103062": {
        "deprecated": false,
        "Dev_Desc": "비옥대지_에픽_전투조원",
        "id": 1103062,
        "alias": "Contents.Citizen.Title.103062",
        "text": "Pungbaekmun"
    },
    "1103063": {
        "deprecated": false,
        "Dev_Desc": "비옥대지_에픽_문파원(꾸)",
        "id": 1103063,
        "alias": "Contents.Citizen.Title.103063",
        "text": "Pungbaekmun"
    },
    "1103064": {
        "deprecated": false,
        "Dev_Desc": "비옥대지_에픽_문파원(꾸)",
        "id": 1103064,
        "alias": "Contents.Citizen.Title.103064",
        "text": "Pungbaekmun"
    },
    "1103065": {
        "deprecated": false,
        "Dev_Desc": "비옥대지_에픽_비류하_해월지부(웰컴아랑)",
        "id": 1103065,
        "alias": "Contents.Citizen.Title.103065",
        "text": "Pungbaekmun Grand Road"
    },
    "1103066": {
        "deprecated": false,
        "Dev_Desc": "비옥대지_에픽_문파원(꾸)",
        "id": 1103066,
        "alias": "Contents.Citizen.Title.103066",
        "text": "Pungbaekmun"
    },
    "1103067": {
        "deprecated": false,
        "Dev_Desc": "비옥대지_에픽_문파원(꾸)",
        "id": 1103067,
        "alias": "Contents.Citizen.Title.103067",
        "text": "Pungbaekmun"
    },
    "1103068": {
        "deprecated": false,
        "Dev_Desc": "비옥대지_에픽_사로잡힌 문파원",
        "id": 1103068,
        "alias": "Contents.Citizen.Title.103068",
        "text": "Pungbaekmun"
    },
    "1103069": {
        "deprecated": false,
        "Dev_Desc": "비옥대지_에픽_사로잡힌 문파원",
        "id": 1103069,
        "alias": "Contents.Citizen.Title.103069",
        "text": "Pungbaekmun"
    },
    "1103070": {
        "deprecated": false,
        "Dev_Desc": "비옥대지_에픽_비살",
        "id": 1103070,
        "alias": "Contents.Citizen.Title.103070",
        "text": "First Rider"
    },
    "1103071": {
        "deprecated": false,
        "Dev_Desc": "비옥대지_에픽_투명NPC",
        "id": 1103071,
        "alias": "Contents.Citizen.Title.103071"
    },
    "1103072": {
        "deprecated": false,
        "Dev_Desc": "비옥대지_에픽_아랑_홍돈팔대화",
        "id": 1103072,
        "alias": "Contents.Citizen.Title.103072"
    },
    "1103073": {
        "deprecated": false,
        "Dev_Desc": "비옥대지_에픽_아랑_홍돈팔대화",
        "id": 1103073,
        "alias": "Contents.Citizen.Title.103073"
    },
    "1103074": {
        "deprecated": false,
        "Dev_Desc": "비옥대지_에픽_아랑_홍돈팔대화",
        "id": 1103074,
        "alias": "Contents.Citizen.Title.103074"
    },
    "1003300": {
        "deprecated": false,
        "Dev_Desc": "비옥대지_스페셜_NPC_이름",
        "id": 1003300,
        "alias": "Contents.Citizen.Name.103300",
        "text": "Onyoungin"
    },
    "1003301": {
        "deprecated": false,
        "Dev_Desc": "비옥대지_스페셜_NPC_이름",
        "id": 1003301,
        "alias": "Contents.Citizen.Name.103301",
        "text": "Onyoungin"
    },
    "1003302": {
        "deprecated": false,
        "Dev_Desc": "비옥대지_스페셜_NPC_이름",
        "id": 1003302,
        "alias": "Contents.Citizen.Name.103302",
        "text": "Onyoungin"
    },
    "1003303": {
        "deprecated": false,
        "Dev_Desc": "비옥대지_스페셜_NPC_이름",
        "id": 1003303,
        "alias": "Contents.Citizen.Name.103303",
        "text": "Onyoungin"
    },
    "1003304": {
        "deprecated": false,
        "Dev_Desc": "비옥대지_스페셜_NPC_이름",
        "id": 1003304,
        "alias": "Contents.Citizen.Name.103304",
        "text": "Onyoungin"
    },
    "1003305": {
        "deprecated": false,
        "Dev_Desc": "비옥대지_스페셜_NPC_이름",
        "id": 1003305,
        "alias": "Contents.Citizen.Name.103305",
        "text": "Left"
    },
    "1003306": {
        "deprecated": false,
        "Dev_Desc": "비옥대지_스페셜_NPC_이름",
        "id": 1003306,
        "alias": "Contents.Citizen.Name.103306",
        "text": "Jinhee Woo"
    },
    "1003307": {
        "deprecated": false,
        "Dev_Desc": "비옥대지_스페셜_NPC_이름",
        "id": 1003307,
        "alias": "Contents.Citizen.Name.103307",
        "text": "Jang Gyuri"
    },
    "1003308": {
        "deprecated": false,
        "Dev_Desc": "비옥대지_스페셜_NPC_이름",
        "id": 1003308,
        "alias": "Contents.Citizen.Name.103308",
        "text": "Jang Gyuri"
    },
    "1003309": {
        "deprecated": false,
        "Dev_Desc": "비옥대지_스페셜_NPC_이름",
        "id": 1003309,
        "alias": "Contents.Citizen.Name.103309",
        "text": "Jang Gyuri"
    },
    "1003310": {
        "deprecated": false,
        "Dev_Desc": "비옥대지_스페셜_NPC_이름",
        "id": 1003310,
        "alias": "Contents.Citizen.Name.103310",
        "text": "lake seat"
    },
    "1003311": {
        "deprecated": false,
        "Dev_Desc": "비옥대지_스페셜_NPC_이름",
        "id": 1003311,
        "alias": "Contents.Citizen.Name.103311",
        "text": "Lake seat"
    },
    "1003312": {
        "deprecated": false,
        "Dev_Desc": "비옥대지_스페셜_NPC_이름",
        "id": 1003312,
        "alias": "Contents.Citizen.Name.103312",
        "text": "Bok Spirit"
    },
    "1003313": {
        "deprecated": false,
        "Dev_Desc": "비옥대지_스페셜_NPC_이름",
        "id": 1003313,
        "alias": "Contents.Citizen.Name.103313",
        "text": "Golden Cluster"
    },
    "1003314": {
        "deprecated": false,
        "Dev_Desc": "비옥대지_스페셜_NPC_이름",
        "id": 1003314,
        "alias": "Contents.Citizen.Name.103314",
        "text": "Rider"
    },
    "1003315": {
        "deprecated": false,
        "Dev_Desc": "비옥대지_스페셜_NPC_이름",
        "id": 1003315,
        "alias": "Contents.Citizen.Name.103315",
        "text": "Rider"
    },
    "1003316": {
        "deprecated": false,
        "Dev_Desc": "비옥대지_스페셜_NPC_이름",
        "id": 1003316,
        "alias": "Contents.Citizen.Name.103316",
        "text": "Blue Water Soup"
    },
    "1003317": {
        "deprecated": false,
        "Dev_Desc": "비옥대지_스페셜_NPC_이름",
        "id": 1003317,
        "alias": "Contents.Citizen.Name.103317",
        "text": "Blue Water Soup"
    },
    "1003318": {
        "deprecated": false,
        "Dev_Desc": "비옥대지_스페셜_NPC_이름",
        "id": 1003318,
        "alias": "Contents.Citizen.Name.103318",
        "text": "Blue Water Soup"
    },
    "1003319": {
        "deprecated": false,
        "Dev_Desc": "비옥대지_스페셜_NPC_이름",
        "id": 1003319,
        "alias": "Contents.Citizen.Name.103319",
        "text": "Blue Water Soup"
    },
    "1003320": {
        "deprecated": false,
        "Dev_Desc": "비옥대지_스페셜_NPC_이름",
        "id": 1003320,
        "alias": "Contents.Citizen.Name.103320",
        "text": "explorer"
    },
    "1003321": {
        "deprecated": false,
        "Dev_Desc": "비옥대지_스페셜_NPC_이름",
        "id": 1003321,
        "alias": "Contents.Citizen.Name.103321",
        "text": "The Explorer"
    },
    "1003322": {
        "deprecated": false,
        "Dev_Desc": "비옥대지_스페셜_NPC_이름",
        "id": 1003322,
        "alias": "Contents.Citizen.Name.103322",
        "text": "The Explorer"
    },
    "1003323": {
        "deprecated": false,
        "Dev_Desc": "비옥대지_스페셜_NPC_이름",
        "id": 1003323,
        "alias": "Contents.Citizen.Name.103323",
        "text": "The Explorer"
    },
    "1003324": {
        "deprecated": false,
        "Dev_Desc": "비옥대지_스페셜_NPC_이름",
        "id": 1003324,
        "alias": "Contents.Citizen.Name.103324",
        "text": "Explorator"
    },
    "1003325": {
        "deprecated": false,
        "Dev_Desc": "비옥대지_스페셜_NPC_이름",
        "id": 1003325,
        "alias": "Contents.Citizen.Name.103325",
        "text": "explorer"
    },
    "1003326": {
        "deprecated": false,
        "Dev_Desc": "비옥대지_스페셜_NPC_이름",
        "id": 1003326,
        "alias": "Contents.Citizen.Name.103326",
        "text": "Park Bi-bi"
    },
    "1003327": {
        "deprecated": false,
        "Dev_Desc": "비옥대지_스페셜_NPC_이름",
        "id": 1003327,
        "alias": "Contents.Citizen.Name.103327",
        "text": "Park Bi-bi"
    },
    "1003328": {
        "deprecated": false,
        "Dev_Desc": "비옥대지_스페셜_NPC_이름",
        "id": 1003328,
        "alias": "Contents.Citizen.Name.103328",
        "text": "Kwak Ho-ryong"
    },
    "1003329": {
        "deprecated": false,
        "Dev_Desc": "비옥대지_스페셜_NPC_이름",
        "id": 1003329,
        "alias": "Contents.Citizen.Name.103329",
        "text": "Kwak Ho-ryong"
    },
    "1003330": {
        "deprecated": false,
        "Dev_Desc": "비옥대지_스페셜_NPC_이름",
        "id": 1003330,
        "alias": "Contents.Citizen.Name.103330",
        "text": "Merchant"
    },
    "1003331": {
        "deprecated": false,
        "Dev_Desc": "비옥대지_스페셜_NPC_이름",
        "id": 1003331,
        "alias": "Contents.Citizen.Name.103331",
        "text": "Merchant"
    },
    "1003332": {
        "deprecated": false,
        "Dev_Desc": "비옥대지_스페셜_NPC_이름",
        "id": 1003332,
        "alias": "Contents.Citizen.Name.103332",
        "text": "Lakestone"
    },
    "1003333": {
        "deprecated": false,
        "Dev_Desc": "비옥대지_스페셜_NPC_이름",
        "id": 1003333,
        "alias": "Contents.Citizen.Name.103333",
        "text": "Onyoungin"
    },
    "1003334": {
        "deprecated": false,
        "Dev_Desc": "비옥대지_스페셜_NPC_이름",
        "id": 1003334,
        "alias": "Contents.Citizen.Name.103334",
        "text": "Onyoungin"
    },
    "1103300": {
        "deprecated": false,
        "Dev_Desc": "비옥대지_스페셜_NPC_타이틀",
        "id": 1103300,
        "alias": "Contents.Citizen.Title.103300",
        "text": "Daehwasangjeon"
    },
    "1103301": {
        "deprecated": false,
        "Dev_Desc": "비옥대지_스페셜_NPC_타이틀",
        "id": 1103301,
        "alias": "Contents.Citizen.Title.103301",
        "text": "Dohwasangjeon"
    },
    "1103302": {
        "deprecated": false,
        "Dev_Desc": "비옥대지_스페셜_NPC_타이틀",
        "id": 1103302,
        "alias": "Contents.Citizen.Title.103302",
        "text": "Dohwasangjeon"
    },
    "1103303": {
        "deprecated": false,
        "Dev_Desc": "비옥대지_스페셜_NPC_타이틀",
        "id": 1103303,
        "alias": "Contents.Citizen.Title.103303",
        "text": "Dohwasangjeon"
    },
    "1103304": {
        "deprecated": false,
        "Dev_Desc": "비옥대지_스페셜_NPC_타이틀",
        "id": 1103304,
        "alias": "Contents.Citizen.Title.103304",
        "text": "Daehwasangjeon"
    },
    "1103305": {
        "deprecated": false,
        "Dev_Desc": "비옥대지_스페셜_NPC_타이틀",
        "id": 1103305,
        "alias": "Contents.Citizen.Title.103305",
        "text": "Daehwasangjeon"
    },
    "1103306": {
        "deprecated": false,
        "Dev_Desc": "비옥대지_스페셜_NPC_타이틀",
        "id": 1103306,
        "alias": "Contents.Citizen.Title.103306",
        "text": "Daehwasangjeon"
    },
    "1103307": {
        "deprecated": false,
        "Dev_Desc": "비옥대지_스페셜_NPC_타이틀",
        "id": 1103307,
        "alias": "Contents.Citizen.Title.103307",
        "text": "Daehwasangjeon"
    },
    "1103308": {
        "deprecated": false,
        "Dev_Desc": "비옥대지_스페셜_NPC_타이틀",
        "id": 1103308,
        "alias": "Contents.Citizen.Title.103308",
        "text": "Daehwasangjeon"
    },
    "1103309": {
        "deprecated": false,
        "Dev_Desc": "비옥대지_스페셜_NPC_타이틀",
        "id": 1103309,
        "alias": "Contents.Citizen.Title.103309",
        "text": "Daehwasangjeon"
    },
    "1103310": {
        "deprecated": false,
        "Dev_Desc": "비옥대지_스페셜_NPC_타이틀",
        "id": 1103310,
        "alias": "Contents.Citizen.Title.103310",
        "text": "Geumgyeongcheolmun"
    },
    "1103311": {
        "deprecated": false,
        "Dev_Desc": "비옥대지_스페셜_NPC_타이틀",
        "id": 1103311,
        "alias": "Contents.Citizen.Title.103311",
        "text": "Geumgyeongcheolmun"
    },
    "1103312": {
        "deprecated": false,
        "Dev_Desc": "비옥대지_스페셜_NPC_타이틀",
        "id": 1103312,
        "alias": "Contents.Citizen.Title.103312",
        "text": "Geumgyeongcheolmun"
    },
    "1103313": {
        "deprecated": false,
        "Dev_Desc": "비옥대지_스페셜_NPC_타이틀",
        "id": 1103313,
        "alias": "Contents.Citizen.Title.103313",
        "text": "Geumgyeongcheolmun"
    },
    "1103314": {
        "deprecated": false,
        "Dev_Desc": "비옥대지_스페셜_NPC_타이틀",
        "id": 1103314,
        "alias": "Contents.Citizen.Title.103314",
        "text": "Weeping"
    },
    "1103315": {
        "deprecated": false,
        "Dev_Desc": "비옥대지_스페셜_NPC_타이틀",
        "id": 1103315,
        "alias": "Contents.Citizen.Title.103315",
        "text": "Weeping"
    },
    "1103316": {
        "deprecated": false,
        "Dev_Desc": "비옥대지_스페셜_NPC_타이틀",
        "id": 1103316,
        "alias": "Contents.Citizen.Title.103316",
        "text": "Plum Blossom"
    },
    "1103317": {
        "deprecated": false,
        "Dev_Desc": "비옥대지_스페셜_NPC_타이틀",
        "id": 1103317,
        "alias": "Contents.Citizen.Title.103317",
        "text": "Plum Blossom"
    },
    "1103318": {
        "deprecated": false,
        "Dev_Desc": "비옥대지_스페셜_NPC_타이틀",
        "id": 1103318,
        "alias": "Contents.Citizen.Title.103318",
        "text": "Plum Blossoms"
    },
    "1103319": {
        "deprecated": false,
        "Dev_Desc": "비옥대지_스페셜_NPC_타이틀",
        "id": 1103319,
        "alias": "Contents.Citizen.Title.103319",
        "text": "Plum Blossom"
    },
    "1103320": {
        "deprecated": false,
        "Dev_Desc": "비옥대지_스페셜_NPC_타이틀",
        "id": 1103320,
        "alias": "Contents.Citizen.Title.103320",
        "text": "Plum Blossom"
    },
    "1103321": {
        "deprecated": false,
        "Dev_Desc": "비옥대지_스페셜_NPC_타이틀",
        "id": 1103321,
        "alias": "Contents.Citizen.Title.103321",
        "text": "Plum Blossom"
    },
    "1103322": {
        "deprecated": false,
        "Dev_Desc": "비옥대지_스페셜_NPC_타이틀",
        "id": 1103322,
        "alias": "Contents.Citizen.Title.103322",
        "text": "Plum Blossom"
    },
    "1103323": {
        "deprecated": false,
        "Dev_Desc": "비옥대지_스페셜_NPC_타이틀",
        "id": 1103323,
        "alias": "Contents.Citizen.Title.103323",
        "text": "Plum Blossom"
    },
    "1103324": {
        "deprecated": false,
        "Dev_Desc": "비옥대지_스페셜_NPC_타이틀",
        "id": 1103324,
        "alias": "Contents.Citizen.Title.103324",
        "text": "Plum Blossom"
    },
    "1103325": {
        "deprecated": false,
        "Dev_Desc": "비옥대지_스페셜_NPC_타이틀",
        "id": 1103325,
        "alias": "Contents.Citizen.Title.103325",
        "text": "Plum Blossom"
    },
    "1103326": {
        "deprecated": false,
        "Dev_Desc": "비옥대지_스페셜_NPC_타이틀",
        "id": 1103326,
        "alias": "Contents.Citizen.Title.103326",
        "text": "Dohwasangjeon"
    },
    "1103327": {
        "deprecated": false,
        "Dev_Desc": "비옥대지_스페셜_NPC_타이틀",
        "id": 1103327,
        "alias": "Contents.Citizen.Title.103327",
        "text": "Dohwasangjeon"
    },
    "1103328": {
        "deprecated": false,
        "Dev_Desc": "비옥대지_스페셜_NPC_타이틀",
        "id": 1103328,
        "alias": "Contents.Citizen.Title.103328",
        "text": "Dohwasangjeon"
    },
    "1103329": {
        "deprecated": false,
        "Dev_Desc": "비옥대지_스페셜_NPC_타이틀",
        "id": 1103329,
        "alias": "Contents.Citizen.Title.103329",
        "text": "Dohwasangjeon"
    },
    "1103330": {
        "deprecated": false,
        "Dev_Desc": "비옥대지_스페셜_NPC_타이틀",
        "id": 1103330,
        "alias": "Contents.Citizen.Title.103330",
        "text": "Dohwasangjeon"
    },
    "1103331": {
        "deprecated": false,
        "Dev_Desc": "비옥대지_스페셜_NPC_타이틀",
        "id": 1103331,
        "alias": "Contents.Citizen.Title.103331",
        "text": "Dohwasangjeon"
    },
    "1103332": {
        "deprecated": false,
        "Dev_Desc": "비옥대지_스페셜_NPC_타이틀",
        "id": 1103332,
        "alias": "Contents.Citizen.Title.103332",
        "text": "Geumgyeongcheolmun"
    },
    "1103333": {
        "deprecated": false,
        "Dev_Desc": "비옥대지_스페셜_NPC_타이틀",
        "id": 1103333,
        "alias": "Contents.Citizen.Title.103333",
        "text": "Dohwasangjeon"
    },
    "1103334": {
        "deprecated": false,
        "Dev_Desc": "비옥대지_스페셜_NPC_타이틀",
        "id": 1103334,
        "alias": "Contents.Citizen.Title.103334",
        "text": "Dohwasangjeon"
    },
    "1003700": {
        "deprecated": false,
        "Dev_Desc": "비옥대지_서브_NPC_이름",
        "id": 1003700,
        "alias": "Contents.Citizen.Name.103700",
        "text": "Gu Dae-seon"
    },
    "1003701": {
        "deprecated": false,
        "Dev_Desc": "비옥대지_서브_NPC_이름",
        "id": 1003701,
        "alias": "Contents.Citizen.Name.103701",
        "text": "Gu Dae-seon"
    },
    "1003702": {
        "deprecated": false,
        "Dev_Desc": "비옥대지_서브_NPC_이름",
        "id": 1003702,
        "alias": "Contents.Citizen.Name.103702",
        "text": "only love"
    },
    "1003703": {
        "deprecated": false,
        "Dev_Desc": "비옥대지_서브_NPC_이름",
        "id": 1003703,
        "alias": "Contents.Citizen.Name.103703",
        "text": "only love"
    },
    "1003704": {
        "deprecated": false,
        "Dev_Desc": "비옥대지_서브_NPC_이름",
        "id": 1003704,
        "alias": "Contents.Citizen.Name.103704",
        "text": "Yeonbi Lee"
    },
    "1003705": {
        "deprecated": false,
        "Dev_Desc": "비옥대지_서브_NPC_이름",
        "id": 1003705,
        "alias": "Contents.Citizen.Name.103705",
        "text": "Yeonbi Lee"
    },
    "1003706": {
        "deprecated": false,
        "Dev_Desc": "비옥대지_서브_NPC_이름",
        "id": 1003706,
        "alias": "Contents.Citizen.Name.103706",
        "text": "Apprentice"
    },
    "1003707": {
        "deprecated": false,
        "Dev_Desc": "비옥대지_서브_NPC_이름",
        "id": 1003707,
        "alias": "Contents.Citizen.Name.103707",
        "text": "trainee"
    },
    "1003708": {
        "deprecated": false,
        "Dev_Desc": "비옥대지_서브_NPC_이름",
        "id": 1003708,
        "alias": "Contents.Citizen.Name.103708",
        "text": "Apprentice"
    },
    "1003709": {
        "deprecated": false,
        "Dev_Desc": "비옥대지_서브_NPC_이름",
        "id": 1003709,
        "alias": "Contents.Citizen.Name.103709",
        "text": "Apprentice"
    },
    "1003710": {
        "deprecated": false,
        "Dev_Desc": "비옥대지_서브_NPC_이름",
        "id": 1003710,
        "alias": "Contents.Citizen.Name.103710",
        "text": "trainee"
    },
    "1003711": {
        "deprecated": false,
        "Dev_Desc": "비옥대지_서브_NPC_이름",
        "id": 1003711,
        "alias": "Contents.Citizen.Name.103711",
        "text": "trainee"
    },
    "1003712": {
        "deprecated": false,
        "Dev_Desc": "비옥대지_서브_NPC_이름",
        "id": 1003712,
        "alias": "Contents.Citizen.Name.103712",
        "text": "Dadonbo"
    },
    "1003713": {
        "deprecated": false,
        "Dev_Desc": "비옥대지_서브_NPC_이름",
        "id": 1003713,
        "alias": "Contents.Citizen.Name.103713",
        "text": "Dadonbo"
    },
    "1003714": {
        "deprecated": false,
        "Dev_Desc": "비옥대지_서브_NPC_이름",
        "id": 1003714,
        "alias": "Contents.Citizen.Name.103714",
        "text": "Dadonbo"
    },
    "1003715": {
        "deprecated": false,
        "Dev_Desc": "비옥대지_서브_NPC_이름",
        "id": 1003715,
        "alias": "Contents.Citizen.Name.103715",
        "text": "followers"
    },
    "1003716": {
        "deprecated": false,
        "Dev_Desc": "비옥대지_서브_NPC_이름",
        "id": 1003716,
        "alias": "Contents.Citizen.Name.103716",
        "text": "followers"
    },
    "1003717": {
        "deprecated": false,
        "Dev_Desc": "비옥대지_서브_NPC_이름",
        "id": 1003717,
        "alias": "Contents.Citizen.Name.103717",
        "text": "Jimmy God"
    },
    "1003718": {
        "deprecated": false,
        "Dev_Desc": "비옥대지_서브_NPC_이름",
        "id": 1003718,
        "alias": "Contents.Citizen.Name.103718",
        "text": "Jimmy God"
    },
    "1003719": {
        "deprecated": false,
        "Dev_Desc": "비옥대지_서브_NPC_이름",
        "id": 1003719,
        "alias": "Contents.Citizen.Name.103719",
        "text": "Jimmy God"
    },
    "1003720": {
        "deprecated": false,
        "Dev_Desc": "비옥대지_서브_NPC_이름",
        "id": 1003720,
        "alias": "Contents.Citizen.Name.103720",
        "text": "Nyanyan"
    },
    "1003721": {
        "deprecated": false,
        "Dev_Desc": "비옥대지_서브_NPC_이름",
        "id": 1003721,
        "alias": "Contents.Citizen.Name.103721",
        "text": "Nyanyan"
    },
    "1003722": {
        "deprecated": false,
        "Dev_Desc": "비옥대지_서브_NPC_이름",
        "id": 1003722,
        "alias": "Contents.Citizen.Name.103722",
        "text": "Nyanyan"
    },
    "1003723": {
        "deprecated": false,
        "Dev_Desc": "비옥대지_서브_NPC_이름",
        "id": 1003723,
        "alias": "Contents.Citizen.Name.103723",
        "text": "Punnyang"
    },
    "1003724": {
        "deprecated": false,
        "Dev_Desc": "비옥대지_서브_NPC_이름",
        "id": 1003724,
        "alias": "Contents.Citizen.Name.103724",
        "text": "Pungnyang"
    },
    "1003725": {
        "deprecated": false,
        "Dev_Desc": "비옥대지_서브_NPC_이름",
        "id": 1003725,
        "alias": "Contents.Citizen.Name.103725",
        "text": "Punnyang"
    },
    "1003726": {
        "deprecated": false,
        "Dev_Desc": "비옥대지_서브_NPC_이름",
        "id": 1003726,
        "alias": "Contents.Citizen.Name.103726",
        "text": "I'm excited"
    },
    "1003727": {
        "deprecated": false,
        "Dev_Desc": "비옥대지_서브_NPC_이름",
        "id": 1003727,
        "alias": "Contents.Citizen.Name.103727",
        "text": "I'm excited"
    },
    "1003728": {
        "deprecated": false,
        "Dev_Desc": "비옥대지_서브_NPC_이름",
        "id": 1003728,
        "alias": "Contents.Citizen.Name.103728",
        "text": "I'm excited"
    },
    "1003729": {
        "deprecated": false,
        "Dev_Desc": "비옥대지_서브_NPC_이름",
        "id": 1003729,
        "alias": "Contents.Citizen.Name.103729",
        "text": "Place beauty"
    },
    "1003730": {
        "deprecated": false,
        "Dev_Desc": "비옥대지_서브_NPC_이름",
        "id": 1003730,
        "alias": "Contents.Citizen.Name.103730",
        "text": "Place beauty"
    },
    "1003731": {
        "deprecated": false,
        "Dev_Desc": "비옥대지_서브_NPC_이름",
        "id": 1003731,
        "alias": "Contents.Citizen.Name.103731",
        "text": "Place beauty"
    },
    "1003732": {
        "deprecated": false,
        "Dev_Desc": "비옥대지_서브_NPC_이름",
        "id": 1003732,
        "alias": "Contents.Citizen.Name.103732",
        "text": "Park Plant"
    },
    "1003733": {
        "deprecated": false,
        "Dev_Desc": "비옥대지_서브_NPC_이름",
        "id": 1003733,
        "alias": "Contents.Citizen.Name.103733",
        "text": "Park Plant"
    },
    "1003734": {
        "deprecated": false,
        "Dev_Desc": "비옥대지_서브_NPC_이름",
        "id": 1003734,
        "alias": "Contents.Citizen.Name.103734",
        "text": "Park Plant"
    },
    "1003735": {
        "deprecated": false,
        "Dev_Desc": "비옥대지_서브_NPC_이름",
        "id": 1003735,
        "alias": "Contents.Citizen.Name.103735",
        "text": "Park Plant"
    },
    "1003736": {
        "deprecated": false,
        "Dev_Desc": "비옥대지_서브_NPC_이름",
        "id": 1003736,
        "alias": "Contents.Citizen.Name.103736",
        "text": "Park Plant"
    },
    "1003737": {
        "deprecated": false,
        "Dev_Desc": "비옥대지_서브_NPC_이름",
        "id": 1003737,
        "alias": "Contents.Citizen.Name.103737",
        "text": "Park Plant"
    },
    "1003738": {
        "deprecated": false,
        "Dev_Desc": "비옥대지_서브_NPC_이름",
        "id": 1003738,
        "alias": "Contents.Citizen.Name.103738",
        "text": "Original Land"
    },
    "1003739": {
        "deprecated": false,
        "Dev_Desc": "비옥대지_서브_NPC_이름",
        "id": 1003739,
        "alias": "Contents.Citizen.Name.103739",
        "text": "Original Land"
    },
    "1003740": {
        "deprecated": false,
        "Dev_Desc": "비옥대지_서브_NPC_이름",
        "id": 1003740,
        "alias": "Contents.Citizen.Name.103740",
        "text": "Original Land"
    },
    "1003741": {
        "deprecated": false,
        "Dev_Desc": "비옥대지_서브_NPC_이름",
        "id": 1003741,
        "alias": "Contents.Citizen.Name.103741",
        "text": "Original Land"
    },
    "1003742": {
        "deprecated": false,
        "Dev_Desc": "비옥대지_서브_NPC_이름",
        "id": 1003742,
        "alias": "Contents.Citizen.Name.103742",
        "text": "Original Land"
    },
    "1003743": {
        "deprecated": false,
        "Dev_Desc": "비옥대지_서브_NPC_이름",
        "id": 1003743,
        "alias": "Contents.Citizen.Name.103743",
        "text": "Rider"
    },
    "1003744": {
        "deprecated": false,
        "Dev_Desc": "비옥대지_서브_NPC_이름",
        "id": 1003744,
        "alias": "Contents.Citizen.Name.103744",
        "text": "Tae Soo-jung"
    },
    "1003745": {
        "deprecated": false,
        "Dev_Desc": "비옥대지_서브_NPC_이름",
        "id": 1003745,
        "alias": "Contents.Citizen.Name.103745",
        "text": "Choi Hyung-seok"
    },
    "1003746": {
        "deprecated": false,
        "Dev_Desc": "비옥대지_서브_NPC_이름",
        "id": 1003746,
        "alias": "Contents.Citizen.Name.103746",
        "text": "Shim Cheong-ok"
    },
    "1003747": {
        "deprecated": false,
        "Dev_Desc": "비옥대지_서브_NPC_이름",
        "id": 1003747,
        "alias": "Contents.Citizen.Name.103747",
        "text": "Odol"
    },
    "1003748": {
        "deprecated": false,
        "Dev_Desc": "비옥대지_서브_NPC_이름",
        "id": 1003748,
        "alias": "Contents.Citizen.Name.103748",
        "text": "Odol"
    },
    "1003749": {
        "deprecated": false,
        "Dev_Desc": "비옥대지_서브_NPC_이름",
        "id": 1003749,
        "alias": "Contents.Citizen.Name.103749",
        "text": "Odol"
    },
    "1003750": {
        "deprecated": false,
        "Dev_Desc": "비옥대지_서브_NPC_이름",
        "id": 1003750,
        "alias": "Contents.Citizen.Name.103750",
        "text": "Chardol"
    },
    "1003751": {
        "deprecated": false,
        "Dev_Desc": "비옥대지_서브_NPC_이름",
        "id": 1003751,
        "alias": "Contents.Citizen.Name.103751",
        "text": "Chardol"
    },
    "1003752": {
        "deprecated": false,
        "Dev_Desc": "비옥대지_서브_NPC_이름",
        "id": 1003752,
        "alias": "Contents.Citizen.Name.103752",
        "text": "Chardol"
    },
    "1003753": {
        "deprecated": false,
        "Dev_Desc": "비옥대지_서브_NPC_이름",
        "id": 1003753,
        "alias": "Contents.Citizen.Name.103753",
        "text": "The person in charge of Pungbaekmun"
    },
    "1003754": {
        "deprecated": false,
        "Dev_Desc": "비옥대지_서브_NPC_이름",
        "id": 1003754,
        "alias": "Contents.Citizen.Name.103754",
        "text": "Orchid"
    },
    "1003755": {
        "deprecated": false,
        "Dev_Desc": "비옥대지_서브_NPC_이름",
        "id": 1003755,
        "alias": "Contents.Citizen.Name.103755",
        "text": "Orchid"
    },
    "1003756": {
        "deprecated": false,
        "Dev_Desc": "비옥대지_서브_NPC_이름",
        "id": 1003756,
        "alias": "Contents.Citizen.Name.103756",
        "text": "Orchid"
    },
    "1003757": {
        "deprecated": false,
        "Dev_Desc": "비옥대지_서브_NPC_이름",
        "id": 1003757,
        "alias": "Contents.Citizen.Name.103757",
        "text": "wired/wireless"
    },
    "1003758": {
        "deprecated": false,
        "Dev_Desc": "비옥대지_서브_NPC_이름",
        "id": 1003758,
        "alias": "Contents.Citizen.Name.103758",
        "text": "No Gang-seul"
    },
    "1003759": {
        "deprecated": false,
        "Dev_Desc": "비옥대지_서브_NPC_이름",
        "id": 1003759,
        "alias": "Contents.Citizen.Name.103759",
        "text": "Soae Han"
    },
    "1003760": {
        "deprecated": false,
        "Dev_Desc": "비옥대지_서브_NPC_이름",
        "id": 1003760,
        "alias": "Contents.Citizen.Name.103760",
        "text": "Pyongyang's companion dog"
    },
    "1003761": {
        "deprecated": false,
        "Dev_Desc": "비옥대지_서브_NPC_이름",
        "id": 1003761,
        "alias": "Contents.Citizen.Name.103761",
        "text": "The Wounded Artisan"
    },
    "1003762": {
        "deprecated": false,
        "Dev_Desc": "비옥대지_서브_NPC_이름",
        "id": 1003762,
        "alias": "Contents.Citizen.Name.103762",
        "text": "Wounded Crew"
    },
    "1003763": {
        "deprecated": false,
        "Dev_Desc": "비옥대지_서브_NPC_이름",
        "id": 1003763,
        "alias": "Contents.Citizen.Name.103763",
        "text": "Caught member"
    },
    "1003764": {
        "deprecated": false,
        "Dev_Desc": "비옥대지_서브_NPC_이름",
        "id": 1003764,
        "alias": "Contents.Citizen.Name.103764",
        "text": "Chaeran"
    },
    "1003765": {
        "deprecated": false,
        "Dev_Desc": "비옥대지_서브_NPC_이름",
        "id": 1003765,
        "alias": "Contents.Citizen.Name.103765",
        "text": "Chaeran"
    },
    "1003766": {
        "deprecated": false,
        "Dev_Desc": "비옥대지_서브_NPC_이름",
        "id": 1003766,
        "alias": "Contents.Citizen.Name.103766",
        "text": "Hongdon Ginseng"
    },
    "1003767": {
        "deprecated": false,
        "Dev_Desc": "비옥대지_서브_NPC_이름",
        "id": 1003767,
        "alias": "Contents.Citizen.Name.103767",
        "text": "Chaeran"
    },
    "1003768": {
        "deprecated": false,
        "Dev_Desc": "비옥대지_서브_NPC_이름",
        "id": 1003768,
        "alias": "Contents.Citizen.Name.103768",
        "text": "Muk-cheol Kwon"
    },
    "1003769": {
        "deprecated": false,
        "Dev_Desc": "비옥대지_서브_NPC_이름",
        "id": 1003769,
        "alias": "Contents.Citizen.Name.103769",
        "text": "Kwon Doi"
    },
    "1003770": {
        "deprecated": false,
        "Dev_Desc": "비옥대지_서브_NPC_이름",
        "id": 1003770,
        "alias": "Contents.Citizen.Name.103770",
        "text": "Kwon Doi"
    },
    "1003771": {
        "deprecated": false,
        "Dev_Desc": "비옥대지_서브_NPC_이름",
        "id": 1003771,
        "alias": "Contents.Citizen.Name.103771",
        "text": "Kwon Doi"
    },
    "1003772": {
        "deprecated": false,
        "Dev_Desc": "비옥대지_서브_NPC_이름",
        "id": 1003772,
        "alias": "Contents.Citizen.Name.103772",
        "text": "Kwon Doi"
    },
    "1003773": {
        "deprecated": false,
        "Dev_Desc": "비옥대지_서브_NPC_이름",
        "id": 1003773,
        "alias": "Contents.Citizen.Name.103773",
        "text": "Kwon Doi"
    },
    "1003774": {
        "deprecated": false,
        "Dev_Desc": "비옥대지_서브_NPC_이름",
        "id": 1003774,
        "alias": "Contents.Citizen.Name.103774",
        "text": "Kwon Doi"
    },
    "1003775": {
        "deprecated": false,
        "Dev_Desc": "비옥대지_서브_NPC_이름",
        "id": 1003775,
        "alias": "Contents.Citizen.Name.103775",
        "text": "Biryuha"
    },
    "1003776": {
        "deprecated": false,
        "Dev_Desc": "비옥대지_서브_NPC_이름",
        "id": 1003776,
        "alias": "Contents.Citizen.Name.103776",
        "text": "Biryuha"
    },
    "1003777": {
        "deprecated": false,
        "Dev_Desc": "비옥대지_서브_NPC_이름",
        "id": 1003777,
        "alias": "Contents.Citizen.Name.103777",
        "text": "Biryuha"
    },
    "1003778": {
        "deprecated": false,
        "Dev_Desc": "비옥대지_서브_NPC_이름",
        "id": 1003778,
        "alias": "Contents.Citizen.Name.103778",
        "text": "Worker"
    },
    "1003779": {
        "deprecated": false,
        "Dev_Desc": "비옥대지_서브_NPC_이름",
        "id": 1003779,
        "alias": "Contents.Citizen.Name.103779",
        "text": "Worker"
    },
    "1003780": {
        "deprecated": false,
        "Dev_Desc": "비옥대지_서브_NPC_이름",
        "id": 1003780,
        "alias": "Contents.Citizen.Name.103780",
        "text": "Go Man-hoo"
    },
    "1003781": {
        "deprecated": false,
        "Dev_Desc": "비옥대지_서브_NPC_이름",
        "id": 1003781,
        "alias": "Contents.Citizen.Name.103781",
        "text": "half-brother"
    },
    "1003782": {
        "deprecated": false,
        "Dev_Desc": "비옥대지_서브_NPC_이름",
        "id": 1003782,
        "alias": "Contents.Citizen.Name.103782",
        "text": "Maparam"
    },
    "1003783": {
        "deprecated": false,
        "Dev_Desc": "비옥대지_서브_NPC_이름",
        "id": 1003783,
        "alias": "Contents.Citizen.Name.103783",
        "text": "Maparam"
    },
    "1003784": {
        "deprecated": false,
        "Dev_Desc": "비옥대지_서브_NPC_이름",
        "id": 1003784,
        "alias": "Contents.Citizen.Name.103784",
        "text": "Maparam"
    },
    "1003785": {
        "deprecated": false,
        "Dev_Desc": "비옥대지_서브_NPC_이름",
        "id": 1003785,
        "alias": "Contents.Citizen.Name.103785"
    },
    "1003786": {
        "deprecated": false,
        "Dev_Desc": "비옥대지_서브_NPC_이름",
        "id": 1003786,
        "alias": "Contents.Citizen.Name.103786",
        "text": "Lingling"
    },
    "1003787": {
        "deprecated": false,
        "Dev_Desc": "비옥대지_서브_NPC_이름",
        "id": 1003787,
        "alias": "Contents.Citizen.Name.103787",
        "text": "Lingling"
    },
    "1003788": {
        "deprecated": false,
        "Dev_Desc": "비옥대지_서브_NPC_이름",
        "id": 1003788,
        "alias": "Contents.Citizen.Name.103788",
        "text": "Signal"
    },
    "1003789": {
        "deprecated": false,
        "Dev_Desc": "비옥대지_서브_NPC_이름",
        "id": 1003789,
        "alias": "Contents.Citizen.Name.103789",
        "text": "Yeo Hye-eun"
    },
    "1003790": {
        "deprecated": false,
        "Dev_Desc": "비옥대지_서브_NPC_이름",
        "id": 1003790,
        "alias": "Contents.Citizen.Name.103790",
        "text": "Coldworm"
    },
    "1003791": {
        "deprecated": false,
        "Dev_Desc": "비옥대지_서브_NPC_이름",
        "id": 1003791,
        "alias": "Contents.Citizen.Name.103791",
        "text": "Rogue"
    },
    "1003792": {
        "deprecated": false,
        "Dev_Desc": "비옥대지_서브_NPC_이름",
        "id": 1003792,
        "alias": "Contents.Citizen.Name.103792",
        "text": "Rogue"
    },
    "1003793": {
        "deprecated": false,
        "Dev_Desc": "비옥대지_서브_NPC_이름",
        "id": 1003793,
        "alias": "Contents.Citizen.Name.103793",
        "text": "Changsha"
    },
    "1003794": {
        "deprecated": false,
        "Dev_Desc": "비옥대지_서브_NPC_이름",
        "id": 1003794,
        "alias": "Contents.Citizen.Name.103794",
        "text": "Biryuha"
    },
    "1003795": {
        "deprecated": false,
        "Dev_Desc": "비옥대지_서브_NPC_이름",
        "id": 1003795,
        "alias": "Contents.Citizen.Name.103795",
        "text": "Biryuha"
    },
    "1003796": {
        "deprecated": false,
        "Dev_Desc": "비옥대지_서브_NPC_이름",
        "id": 1003796,
        "alias": "Contents.Citizen.Name.103796",
        "text": "Go Man-hoo"
    },
    "1103700": {
        "deprecated": false,
        "Dev_Desc": "비옥대지_서브_NPC_타이틀",
        "id": 1103700,
        "alias": "Contents.Citizen.Title.103700",
        "text": "Pungbaekmun"
    },
    "1103701": {
        "deprecated": false,
        "Dev_Desc": "비옥대지_서브_NPC_타이틀",
        "id": 1103701,
        "alias": "Contents.Citizen.Title.103701",
        "text": "Pungbaekmun"
    },
    "1103702": {
        "deprecated": false,
        "Dev_Desc": "비옥대지_서브_NPC_타이틀",
        "id": 1103702,
        "alias": "Contents.Citizen.Title.103702",
        "text": "Pungbaekmun"
    },
    "1103703": {
        "deprecated": false,
        "Dev_Desc": "비옥대지_서브_NPC_타이틀",
        "id": 1103703,
        "alias": "Contents.Citizen.Title.103703",
        "text": "Pungbaekmun"
    },
    "1103704": {
        "deprecated": false,
        "Dev_Desc": "비옥대지_서브_NPC_타이틀",
        "id": 1103704,
        "alias": "Contents.Citizen.Title.103704",
        "text": "Pungbaekmun"
    },
    "1103705": {
        "deprecated": false,
        "Dev_Desc": "비옥대지_서브_NPC_타이틀",
        "id": 1103705,
        "alias": "Contents.Citizen.Title.103705",
        "text": "Pungbaekmun"
    },
    "1103706": {
        "deprecated": false,
        "Dev_Desc": "비옥대지_서브_NPC_타이틀",
        "id": 1103706,
        "alias": "Contents.Citizen.Title.103706",
        "text": "Pungbaekmun"
    },
    "1103707": {
        "deprecated": false,
        "Dev_Desc": "비옥대지_서브_NPC_타이틀",
        "id": 1103707,
        "alias": "Contents.Citizen.Title.103707",
        "text": "Pungbaekmun"
    },
    "1103708": {
        "deprecated": false,
        "Dev_Desc": "비옥대지_서브_NPC_타이틀",
        "id": 1103708,
        "alias": "Contents.Citizen.Title.103708",
        "text": "Pungbaekmun"
    },
    "1103709": {
        "deprecated": false,
        "Dev_Desc": "비옥대지_서브_NPC_타이틀",
        "id": 1103709,
        "alias": "Contents.Citizen.Title.103709",
        "text": "Pungbaekmun"
    },
    "1103710": {
        "deprecated": false,
        "Dev_Desc": "비옥대지_서브_NPC_타이틀",
        "id": 1103710,
        "alias": "Contents.Citizen.Title.103710",
        "text": "Pungbaekmun"
    },
    "1103711": {
        "deprecated": false,
        "Dev_Desc": "비옥대지_서브_NPC_타이틀",
        "id": 1103711,
        "alias": "Contents.Citizen.Title.103711",
        "text": "Pungbaekmun"
    },
    "1103712": {
        "deprecated": false,
        "Dev_Desc": "비옥대지_서브_NPC_타이틀",
        "id": 1103712,
        "alias": "Contents.Citizen.Title.103712",
        "text": "Pungbaekmun"
    },
    "1103713": {
        "deprecated": false,
        "Dev_Desc": "비옥대지_서브_NPC_타이틀",
        "id": 1103713,
        "alias": "Contents.Citizen.Title.103713",
        "text": "Pungbaekmun"
    },
    "1103714": {
        "deprecated": false,
        "Dev_Desc": "비옥대지_서브_NPC_타이틀",
        "id": 1103714,
        "alias": "Contents.Citizen.Title.103714",
        "text": "Pungbaekmun"
    },
    "1103715": {
        "deprecated": false,
        "Dev_Desc": "비옥대지_서브_NPC_타이틀",
        "id": 1103715,
        "alias": "Contents.Citizen.Title.103715",
        "text": "Pungbaekmun"
    },
    "1103716": {
        "deprecated": false,
        "Dev_Desc": "비옥대지_서브_NPC_타이틀",
        "id": 1103716,
        "alias": "Contents.Citizen.Title.103716",
        "text": "Pungbaekmun"
    },
    "1103717": {
        "deprecated": false,
        "Dev_Desc": "비옥대지_서브_NPC_타이틀",
        "id": 1103717,
        "alias": "Contents.Citizen.Title.103717",
        "text": "Exploration Specialist"
    },
    "1103718": {
        "deprecated": false,
        "Dev_Desc": "비옥대지_서브_NPC_타이틀",
        "id": 1103718,
        "alias": "Contents.Citizen.Title.103718",
        "text": "exploration expert"
    },
    "1103719": {
        "deprecated": false,
        "Dev_Desc": "비옥대지_서브_NPC_타이틀",
        "id": 1103719,
        "alias": "Contents.Citizen.Title.103719",
        "text": "Exploration Specialist"
    },
    "1103720": {
        "deprecated": false,
        "Dev_Desc": "비옥대지_서브_NPC_타이틀",
        "id": 1103720,
        "alias": "Contents.Citizen.Title.103720",
        "text": "The Pioneer Barongdan"
    },
    "1103721": {
        "deprecated": false,
        "Dev_Desc": "비옥대지_서브_NPC_타이틀",
        "id": 1103721,
        "alias": "Contents.Citizen.Title.103721",
        "text": "The Pioneer Barongdan"
    },
    "1103722": {
        "deprecated": false,
        "Dev_Desc": "비옥대지_서브_NPC_타이틀",
        "id": 1103722,
        "alias": "Contents.Citizen.Title.103722",
        "text": "The Pioneer Barongdan"
    },
    "1103723": {
        "deprecated": false,
        "Dev_Desc": "비옥대지_서브_NPC_타이틀",
        "id": 1103723,
        "alias": "Contents.Citizen.Title.103723",
        "text": "The Pioneer Barongdan"
    },
    "1103724": {
        "deprecated": false,
        "Dev_Desc": "비옥대지_서브_NPC_타이틀",
        "id": 1103724,
        "alias": "Contents.Citizen.Title.103724",
        "text": "The Pioneer Barongdan"
    },
    "1103725": {
        "deprecated": false,
        "Dev_Desc": "비옥대지_서브_NPC_타이틀",
        "id": 1103725,
        "alias": "Contents.Citizen.Title.103725",
        "text": "The Pioneer Barongdan"
    },
    "1103726": {
        "deprecated": false,
        "Dev_Desc": "비옥대지_서브_NPC_타이틀",
        "id": 1103726,
        "alias": "Contents.Citizen.Title.103726",
        "text": "The Pioneer Barongdan"
    },
    "1103727": {
        "deprecated": false,
        "Dev_Desc": "비옥대지_서브_NPC_타이틀",
        "id": 1103727,
        "alias": "Contents.Citizen.Title.103727",
        "text": "The Pioneer Barongdan"
    },
    "1103728": {
        "deprecated": false,
        "Dev_Desc": "비옥대지_서브_NPC_타이틀",
        "id": 1103728,
        "alias": "Contents.Citizen.Title.103728",
        "text": "The Pioneer Barongdan"
    },
    "1103729": {
        "deprecated": false,
        "Dev_Desc": "비옥대지_서브_NPC_타이틀",
        "id": 1103729,
        "alias": "Contents.Citizen.Title.103729",
        "text": "Pungbaekmun"
    },
    "1103730": {
        "deprecated": false,
        "Dev_Desc": "비옥대지_서브_NPC_타이틀",
        "id": 1103730,
        "alias": "Contents.Citizen.Title.103730",
        "text": "Pungbaekmun"
    },
    "1103731": {
        "deprecated": false,
        "Dev_Desc": "비옥대지_서브_NPC_타이틀",
        "id": 1103731,
        "alias": "Contents.Citizen.Title.103731",
        "text": "Pungbaekmun"
    },
    "1103732": {
        "deprecated": false,
        "Dev_Desc": "비옥대지_서브_NPC_타이틀",
        "id": 1103732,
        "alias": "Contents.Citizen.Title.103732",
        "text": "zoologist"
    },
    "1103733": {
        "deprecated": false,
        "Dev_Desc": "비옥대지_서브_NPC_타이틀",
        "id": 1103733,
        "alias": "Contents.Citizen.Title.103733",
        "text": "zoologist"
    },
    "1103734": {
        "deprecated": false,
        "Dev_Desc": "비옥대지_서브_NPC_타이틀",
        "id": 1103734,
        "alias": "Contents.Citizen.Title.103734",
        "text": "zoologist"
    },
    "1103735": {
        "deprecated": false,
        "Dev_Desc": "비옥대지_서브_NPC_타이틀",
        "id": 1103735,
        "alias": "Contents.Citizen.Title.103735",
        "text": "zoologist"
    },
    "1103736": {
        "deprecated": false,
        "Dev_Desc": "비옥대지_서브_NPC_타이틀",
        "id": 1103736,
        "alias": "Contents.Citizen.Title.103736",
        "text": "zoologist"
    },
    "1103737": {
        "deprecated": false,
        "Dev_Desc": "비옥대지_서브_NPC_타이틀",
        "id": 1103737,
        "alias": "Contents.Citizen.Title.103737",
        "text": "zoologist"
    },
    "1103738": {
        "deprecated": false,
        "Dev_Desc": "비옥대지_서브_NPC_타이틀",
        "id": 1103738,
        "alias": "Contents.Citizen.Title.103738",
        "text": "geologist"
    },
    "1103739": {
        "deprecated": false,
        "Dev_Desc": "비옥대지_서브_NPC_타이틀",
        "id": 1103739,
        "alias": "Contents.Citizen.Title.103739",
        "text": "Geologist"
    },
    "1103740": {
        "deprecated": false,
        "Dev_Desc": "비옥대지_서브_NPC_타이틀",
        "id": 1103740,
        "alias": "Contents.Citizen.Title.103740",
        "text": "Geologist"
    },
    "1103741": {
        "deprecated": false,
        "Dev_Desc": "비옥대지_서브_NPC_타이틀",
        "id": 1103741,
        "alias": "Contents.Citizen.Title.103741",
        "text": "geologist"
    },
    "1103742": {
        "deprecated": false,
        "Dev_Desc": "비옥대지_서브_NPC_타이틀",
        "id": 1103742,
        "alias": "Contents.Citizen.Title.103742",
        "text": "geologist"
    },
    "1103743": {
        "deprecated": false,
        "Dev_Desc": "비옥대지_서브_NPC_타이틀",
        "id": 1103743,
        "alias": "Contents.Citizen.Title.103743",
        "text": "Weeping"
    },
    "1103744": {
        "deprecated": false,
        "Dev_Desc": "비옥대지_서브_NPC_타이틀",
        "id": 1103744,
        "alias": "Contents.Citizen.Title.103744",
        "text": "Crystallized Geologist"
    },
    "1103745": {
        "deprecated": false,
        "Dev_Desc": "비옥대지_서브_NPC_타이틀",
        "id": 1103745,
        "alias": "Contents.Citizen.Title.103745",
        "text": "Crystallized Geologist"
    },
    "1103746": {
        "deprecated": false,
        "Dev_Desc": "비옥대지_서브_NPC_타이틀",
        "id": 1103746,
        "alias": "Contents.Citizen.Title.103746",
        "text": "Crystallized Geologist"
    },
    "1103747": {
        "deprecated": false,
        "Dev_Desc": "비옥대지_서브_NPC_타이틀",
        "id": 1103747,
        "alias": "Contents.Citizen.Title.103747",
        "text": "exploration expert"
    },
    "1103748": {
        "deprecated": false,
        "Dev_Desc": "비옥대지_서브_NPC_타이틀",
        "id": 1103748,
        "alias": "Contents.Citizen.Title.103748",
        "text": "exploration expert"
    },
    "1103749": {
        "deprecated": false,
        "Dev_Desc": "비옥대지_서브_NPC_타이틀",
        "id": 1103749,
        "alias": "Contents.Citizen.Title.103749",
        "text": "Exploration Specialist"
    },
    "1103750": {
        "deprecated": false,
        "Dev_Desc": "비옥대지_서브_NPC_타이틀",
        "id": 1103750,
        "alias": "Contents.Citizen.Title.103750",
        "text": "Exploration Specialist"
    },
    "1103751": {
        "deprecated": false,
        "Dev_Desc": "비옥대지_서브_NPC_타이틀",
        "id": 1103751,
        "alias": "Contents.Citizen.Title.103751",
        "text": "Exploration Specialist"
    },
    "1103752": {
        "deprecated": false,
        "Dev_Desc": "비옥대지_서브_NPC_타이틀",
        "id": 1103752,
        "alias": "Contents.Citizen.Title.103752",
        "text": "Exploration Specialist"
    },
    "1103753": {
        "deprecated": false,
        "Dev_Desc": "비옥대지_서브_NPC_타이틀",
        "id": 1103753,
        "alias": "Contents.Citizen.Title.103753",
        "text": "Pungbaekmun"
    },
    "1103754": {
        "deprecated": false,
        "Dev_Desc": "비옥대지_서브_NPC_타이틀",
        "id": 1103754,
        "alias": "Contents.Citizen.Title.103754",
        "text": "geologist"
    },
    "1103755": {
        "deprecated": false,
        "Dev_Desc": "비옥대지_서브_NPC_타이틀",
        "id": 1103755,
        "alias": "Contents.Citizen.Title.103755",
        "text": "Geologist"
    },
    "1103756": {
        "deprecated": false,
        "Dev_Desc": "비옥대지_서브_NPC_타이틀",
        "id": 1103756,
        "alias": "Contents.Citizen.Title.103756",
        "text": "Geologist"
    },
    "1103757": {
        "deprecated": false,
        "Dev_Desc": "비옥대지_서브_NPC_타이틀",
        "id": 1103757,
        "alias": "Contents.Citizen.Title.103757",
        "text": "Pungbaekmun"
    },
    "1103758": {
        "deprecated": false,
        "Dev_Desc": "비옥대지_서브_NPC_타이틀",
        "id": 1103758,
        "alias": "Contents.Citizen.Title.103758",
        "text": "Pungbaekmun"
    },
    "1103759": {
        "deprecated": false,
        "Dev_Desc": "비옥대지_서브_NPC_타이틀",
        "id": 1103759,
        "alias": "Contents.Citizen.Title.103759",
        "text": "Pungbaekmun"
    },
    "1103760": {
        "deprecated": false,
        "Dev_Desc": "비옥대지_서브_NPC_타이틀",
        "id": 1103760,
        "alias": "Contents.Citizen.Title.103760",
        "text": "The Pioneer Barongdan"
    },
    "1103761": {
        "deprecated": false,
        "Dev_Desc": "비옥대지_서브_NPC_타이틀",
        "id": 1103761,
        "alias": "Contents.Citizen.Title.103761",
        "text": "Geumgyeongcheolmun"
    },
    "1103762": {
        "deprecated": false,
        "Dev_Desc": "비옥대지_서브_NPC_타이틀",
        "id": 1103762,
        "alias": "Contents.Citizen.Title.103762",
        "text": "Weeping"
    },
    "1103763": {
        "deprecated": false,
        "Dev_Desc": "비옥대지_서브_NPC_타이틀",
        "id": 1103763,
        "alias": "Contents.Citizen.Title.103763",
        "text": "Myunghyedan"
    },
    "1103764": {
        "deprecated": false,
        "Dev_Desc": "비옥대지_서브_NPC_타이틀",
        "id": 1103764,
        "alias": "Contents.Citizen.Title.103764",
        "text": "Chaeran"
    },
    "1103765": {
        "deprecated": false,
        "Dev_Desc": "비옥대지_서브_NPC_타이틀",
        "id": 1103765,
        "alias": "Contents.Citizen.Title.103765",
        "text": "Chaeran"
    },
    "1103766": {
        "deprecated": false,
        "Dev_Desc": "비옥대지_서브_NPC_타이틀",
        "id": 1103766,
        "alias": "Contents.Citizen.Title.103766",
        "text": "Chaeran"
    },
    "1103767": {
        "deprecated": false,
        "Dev_Desc": "비옥대지_서브_NPC_타이틀",
        "id": 1103767,
        "alias": "Contents.Citizen.Title.103767",
        "text": "Hongdon Ginseng"
    },
    "1103768": {
        "deprecated": false,
        "Dev_Desc": "비옥대지_서브_NPC_타이틀",
        "id": 1103768,
        "alias": "Contents.Citizen.Title.103768",
        "text": "Nam Muk-cheol"
    },
    "1103769": {
        "deprecated": false,
        "Dev_Desc": "비옥대지_서브_NPC_타이틀",
        "id": 1103769,
        "alias": "Contents.Citizen.Title.103769",
        "text": "Namdoi"
    },
    "1103770": {
        "deprecated": false,
        "Dev_Desc": "비옥대지_서브_NPC_타이틀",
        "id": 1103770,
        "alias": "Contents.Citizen.Title.103770",
        "text": "Namdoi"
    },
    "1103771": {
        "deprecated": false,
        "Dev_Desc": "비옥대지_서브_NPC_타이틀",
        "id": 1103771,
        "alias": "Contents.Citizen.Title.103771",
        "text": "Namdoi"
    },
    "1103772": {
        "deprecated": false,
        "Dev_Desc": "비옥대지_서브_NPC_타이틀",
        "id": 1103772,
        "alias": "Contents.Citizen.Title.103772",
        "text": "Namdoi"
    },
    "1103773": {
        "deprecated": false,
        "Dev_Desc": "비옥대지_서브_NPC_타이틀",
        "id": 1103773,
        "alias": "Contents.Citizen.Title.103773",
        "text": "Namdoi"
    },
    "1103774": {
        "deprecated": false,
        "Dev_Desc": "비옥대지_서브_NPC_타이틀",
        "id": 1103774,
        "alias": "Contents.Citizen.Title.103774",
        "text": "Namdoi"
    },
    "1103775": {
        "deprecated": false,
        "Dev_Desc": "비옥대지_서브_NPC_타이틀",
        "id": 1103775,
        "alias": "Contents.Citizen.Title.103775",
        "text": "Biryuha"
    },
    "1103776": {
        "deprecated": false,
        "Dev_Desc": "비옥대지_서브_NPC_타이틀",
        "id": 1103776,
        "alias": "Contents.Citizen.Title.103776",
        "text": "Biryuha"
    },
    "1103777": {
        "deprecated": false,
        "Dev_Desc": "비옥대지_서브_NPC_타이틀",
        "id": 1103777,
        "alias": "Contents.Citizen.Title.103777",
        "text": "Biryuha"
    },
    "1103778": {
        "deprecated": false,
        "Dev_Desc": "비옥대지_서브_NPC_타이틀",
        "id": 1103778,
        "alias": "Contents.Citizen.Title.103778",
        "text": "workman"
    },
    "1103779": {
        "deprecated": false,
        "Dev_Desc": "비옥대지_서브_NPC_타이틀",
        "id": 1103779,
        "alias": "Contents.Citizen.Title.103779",
        "text": "workman"
    },
    "1103780": {
        "deprecated": false,
        "Dev_Desc": "비옥대지_서브_NPC_타이틀",
        "id": 1103780,
        "alias": "Contents.Citizen.Title.103780",
        "text": "Go Man-hoo"
    },
    "1103781": {
        "deprecated": false,
        "Dev_Desc": "비옥대지_서브_NPC_타이틀",
        "id": 1103781,
        "alias": "Contents.Citizen.Title.103781",
        "text": "half-brother"
    },
    "1103782": {
        "deprecated": false,
        "Dev_Desc": "비옥대지_서브_NPC_타이틀",
        "id": 1103782,
        "alias": "Contents.Citizen.Title.103782",
        "text": "Maparam"
    },
    "1103783": {
        "deprecated": false,
        "Dev_Desc": "비옥대지_서브_NPC_타이틀",
        "id": 1103783,
        "alias": "Contents.Citizen.Title.103783",
        "text": "Maparam"
    },
    "1103784": {
        "deprecated": false,
        "Dev_Desc": "비옥대지_서브_NPC_타이틀",
        "id": 1103784,
        "alias": "Contents.Citizen.Title.103784",
        "text": "Maparam"
    },
    "1103785": {
        "deprecated": false,
        "Dev_Desc": "비옥대지_서브_NPC_타이틀",
        "id": 1103785,
        "alias": "Contents.Citizen.Title.103785"
    },
    "1103786": {
        "deprecated": false,
        "Dev_Desc": "비옥대지_서브_NPC_타이틀",
        "id": 1103786,
        "alias": "Contents.Citizen.Title.103786",
        "text": "Lingling"
    },
    "1103787": {
        "deprecated": false,
        "Dev_Desc": "비옥대지_서브_NPC_타이틀",
        "id": 1103787,
        "alias": "Contents.Citizen.Title.103787",
        "text": "Lingling"
    },
    "1103788": {
        "deprecated": false,
        "Dev_Desc": "비옥대지_서브_NPC_타이틀",
        "id": 1103788,
        "alias": "Contents.Citizen.Title.103788",
        "text": "signal"
    },
    "1103789": {
        "deprecated": false,
        "Dev_Desc": "비옥대지_서브_NPC_타이틀",
        "id": 1103789,
        "alias": "Contents.Citizen.Title.103789",
        "text": "Yeo Hye-eun"
    },
    "1103790": {
        "deprecated": false,
        "Dev_Desc": "비옥대지_서브_NPC_타이틀",
        "id": 1103790,
        "alias": "Contents.Citizen.Title.103790",
        "text": "Coldworm"
    },
    "1103791": {
        "deprecated": false,
        "Dev_Desc": "비옥대지_서브_NPC_타이틀",
        "id": 1103791,
        "alias": "Contents.Citizen.Title.103791",
        "text": "thief"
    },
    "1103792": {
        "deprecated": false,
        "Dev_Desc": "비옥대지_서브_NPC_타이틀",
        "id": 1103792,
        "alias": "Contents.Citizen.Title.103792",
        "text": "thief"
    },
    "1103793": {
        "deprecated": false,
        "Dev_Desc": "비옥대지_서브_NPC_타이틀",
        "id": 1103793,
        "alias": "Contents.Citizen.Title.103793",
        "text": "Sale"
    },
    "1103794": {
        "deprecated": false,
        "Dev_Desc": "비옥대지_서브_NPC_타이틀",
        "id": 1103794,
        "alias": "Contents.Citizen.Title.103794",
        "text": "Myunghyedan"
    },
    "1103795": {
        "deprecated": false,
        "Dev_Desc": "비옥대지_서브_NPC_타이틀",
        "id": 1103795,
        "alias": "Contents.Citizen.Title.103795",
        "text": "Myunghyedan"
    },
    "1103796": {
        "deprecated": false,
        "Dev_Desc": "비옥대지_서브_NPC_타이틀",
        "id": 1103796,
        "alias": "Contents.Citizen.Title.103796",
        "text": "Myunghyedan"
    }
}