{
    "85101001": {
        "deprecated": false,
        "id": 85101001,
        "alias": "Contents.Item.Name.5101001",
        "text": "shell earrings"
    },
    "85101002": {
        "deprecated": false,
        "id": 85101002,
        "alias": "Contents.Item.Name.5101002",
        "text": "Bronze Earrings"
    },
    "85101003": {
        "deprecated": false,
        "id": 85101003,
        "alias": "Contents.Item.Name.5101003",
        "text": "Quartz Earrings"
    },
    "85101201": {
        "deprecated": false,
        "id": 85101201,
        "alias": "Contents.Item.Name.5101201",
        "text": "Carnelian Earrings"
    },
    "85101202": {
        "deprecated": false,
        "id": 85101202,
        "alias": "Contents.Item.Name.5101202",
        "text": "Mermaid Earrings"
    },
    "85101203": {
        "deprecated": false,
        "id": 85101203,
        "alias": "Contents.Item.Name.5101203",
        "text": "Silverwork Earrings"
    },
    "85101204": {
        "deprecated": false,
        "id": 85101204,
        "alias": "Contents.Item.Name.5101204",
        "text": "Golden Earrings"
    },
    "85101401": {
        "deprecated": false,
        "id": 85101401,
        "alias": "Contents.Item.Name.5101401",
        "text": "Earrings of Oppression"
    },
    "85101402": {
        "deprecated": false,
        "id": 85101402,
        "alias": "Contents.Item.Name.5101402",
        "text": "Earrings of Liberation"
    },
    "85101403": {
        "deprecated": false,
        "id": 85101403,
        "alias": "Contents.Item.Name.5101403",
        "text": "Earring of the Breeze"
    },
    "85102001": {
        "deprecated": false,
        "id": 85102001,
        "alias": "Contents.Item.Name.5102001",
        "text": "Acorn Necklace"
    },
    "85102002": {
        "deprecated": false,
        "id": 85102002,
        "alias": "Contents.Item.Name.5102002",
        "text": "Copper embellished necklace"
    },
    "85102003": {
        "deprecated": false,
        "id": 85102003,
        "alias": "Contents.Item.Name.5102003",
        "text": "bronze embellished necklace"
    },
    "85102004": {
        "deprecated": false,
        "id": 85102004,
        "alias": "Contents.Item.Name.5102004",
        "text": "brass embellished necklace"
    },
    "85102005": {
        "deprecated": false,
        "id": 85102005,
        "alias": "Contents.Item.Name.5102005",
        "text": "Unknown Soldier's Dog Tag"
    },
    "85102006": {
        "deprecated": false,
        "id": 85102006,
        "alias": "Contents.Item.Name.5102006",
        "text": "Clamshell Necklace"
    },
    "85102201": {
        "deprecated": false,
        "id": 85102201,
        "alias": "Contents.Item.Name.5102201",
        "text": "Silver Engraved Necklace"
    },
    "85102202": {
        "deprecated": false,
        "id": 85102202,
        "alias": "Contents.Item.Name.5102202",
        "text": "Platinum Patterned Necklace"
    },
    "85102203": {
        "deprecated": false,
        "id": 85102203,
        "alias": "Contents.Item.Name.5102203",
        "text": "Golden Necklace with Jade"
    },
    "85102204": {
        "deprecated": false,
        "id": 85102204,
        "alias": "Contents.Item.Name.5102204",
        "text": "Necklace of Relationships"
    },
    "85102205": {
        "deprecated": false,
        "id": 85102205,
        "alias": "Contents.Item.Name.5102205",
        "text": "Blue Man's Necklace"
    },
    "85102206": {
        "deprecated": false,
        "id": 85102206,
        "alias": "Contents.Item.Name.5102206",
        "text": "Gladiator's Necklace"
    },
    "85102207": {
        "deprecated": false,
        "id": 85102207,
        "alias": "Contents.Item.Name.5102207",
        "text": "Necklace of the Spirit"
    },
    "85102208": {
        "deprecated": false,
        "id": 85102208,
        "alias": "Contents.Item.Name.5102208",
        "text": "Egret's Necklace"
    },
    "85102401": {
        "deprecated": false,
        "id": 85102401,
        "alias": "Contents.Item.Name.5102401",
        "text": "The Order of the Heart"
    },
    "85102402": {
        "deprecated": false,
        "id": 85102402,
        "alias": "Contents.Item.Name.5102402",
        "text": "Red Moonlight Necklace"
    },
    "85102403": {
        "deprecated": false,
        "id": 85102403,
        "alias": "Contents.Item.Name.5102403",
        "text": "Life of the Great Sea"
    },
    "85102404": {
        "deprecated": false,
        "id": 85102404,
        "alias": "Contents.Item.Name.5102404",
        "text": "Tears of Primal"
    },
    "85102601": {
        "deprecated": false,
        "id": 85102601,
        "alias": "Contents.Item.Name.5102601",
        "text": "Chains of a Thousand"
    },
    "85102602": {
        "deprecated": false,
        "id": 85102602,
        "alias": "Contents.Item.Name.5102602",
        "text": "The Absolute Judgment"
    },
    "85103001": {
        "deprecated": false,
        "id": 85103001,
        "alias": "Contents.Item.Name.5103001",
        "text": "petal ring"
    },
    "85103002": {
        "deprecated": false,
        "id": 85103002,
        "alias": "Contents.Item.Name.5103002",
        "text": "Coral Ring"
    },
    "85103003": {
        "deprecated": false,
        "id": 85103003,
        "alias": "Contents.Item.Name.5103003",
        "text": "Ivory Ring"
    },
    "85103004": {
        "deprecated": false,
        "id": 85103004,
        "alias": "Contents.Item.Name.5103004",
        "text": "brass ring"
    },
    "85103005": {
        "deprecated": false,
        "id": 85103005,
        "alias": "Contents.Item.Name.5103005",
        "text": "Silver Ring"
    },
    "85103006": {
        "deprecated": false,
        "id": 85103006,
        "alias": "Contents.Item.Name.5103006",
        "text": "Ring of Hematite"
    },
    "85103201": {
        "deprecated": false,
        "id": 85103201,
        "alias": "Contents.Item.Name.5103201",
        "text": "Pearl Ring"
    },
    "85103202": {
        "deprecated": false,
        "id": 85103202,
        "alias": "Contents.Item.Name.5103202",
        "text": "Pumpkin Ring"
    },
    "85103203": {
        "deprecated": false,
        "id": 85103203,
        "alias": "Contents.Item.Name.5103203",
        "text": "Jade Ring"
    },
    "85103204": {
        "deprecated": false,
        "id": 85103204,
        "alias": "Contents.Item.Name.5103204",
        "text": "The Black Ring"
    },
    "85103205": {
        "deprecated": false,
        "id": 85103205,
        "alias": "Contents.Item.Name.5103205",
        "text": "Platinum Ring"
    },
    "85103206": {
        "deprecated": false,
        "id": 85103206,
        "alias": "Contents.Item.Name.5103206",
        "text": "Pure White Ring"
    },
    "85103207": {
        "deprecated": false,
        "id": 85103207,
        "alias": "Contents.Item.Name.5103207",
        "text": "Red Jade Ring"
    },
    "85103208": {
        "deprecated": false,
        "id": 85103208,
        "alias": "Contents.Item.Name.5103208",
        "text": "Blue Silver Ring"
    },
    "85103401": {
        "deprecated": false,
        "id": 85103401,
        "alias": "Contents.Item.Name.5103401",
        "text": "Soulbringer's Ring"
    },
    "85103402": {
        "deprecated": false,
        "id": 85103402,
        "alias": "Contents.Item.Name.5103402",
        "text": "Ring of Exorcism"
    },
    "85103403": {
        "deprecated": false,
        "id": 85103403,
        "alias": "Contents.Item.Name.5103403",
        "text": "Spirit Ring"
    },
    "85103404": {
        "deprecated": false,
        "id": 85103404,
        "alias": "Contents.Item.Name.5103404",
        "text": "Ring of Covenant"
    },
    "85103601": {
        "deprecated": false,
        "id": 85103601,
        "alias": "Contents.Item.Name.5103601",
        "text": "Path of the Guardian"
    },
    "85103602": {
        "deprecated": false,
        "id": 85103602,
        "alias": "Contents.Item.Name.5103602",
        "text": "The Betrayer's Faith"
    },
    "85104001": {
        "deprecated": false,
        "id": 85104001,
        "alias": "Contents.Item.Name.5104001",
        "text": "full bracelet"
    },
    "85104002": {
        "deprecated": false,
        "id": 85104002,
        "alias": "Contents.Item.Name.5104002",
        "text": "copper bracelet"
    },
    "85104003": {
        "deprecated": false,
        "id": 85104003,
        "alias": "Contents.Item.Name.5104003",
        "text": "Bronze Bracelet"
    },
    "85104201": {
        "deprecated": false,
        "id": 85104201,
        "alias": "Contents.Item.Name.5104201",
        "text": "Sapphire Bracelet"
    },
    "85104202": {
        "deprecated": false,
        "id": 85104202,
        "alias": "Contents.Item.Name.5104202",
        "text": "jasper bracelet"
    },
    "85104203": {
        "deprecated": false,
        "id": 85104203,
        "alias": "Contents.Item.Name.5104203",
        "text": "white silver bracelet"
    },
    "85104204": {
        "deprecated": false,
        "id": 85104204,
        "alias": "Contents.Item.Name.5104204",
        "text": "lapis lazuli bracelet"
    },
    "85104401": {
        "deprecated": false,
        "id": 85104401,
        "alias": "Contents.Item.Name.5104401",
        "text": "Bracelet of the Guardian"
    },
    "85104402": {
        "deprecated": false,
        "id": 85104402,
        "alias": "Contents.Item.Name.5104402",
        "text": "Bracelet of the Norim Beast"
    },
    "85104403": {
        "deprecated": false,
        "id": 85104403,
        "alias": "Contents.Item.Name.5104403",
        "text": "Bracelet of Circulating Chi"
    },
    "85105001": {
        "deprecated": false,
        "id": 85105001,
        "alias": "Contents.Item.Name.5105001",
        "text": "Crimson Thread Trinket"
    },
    "85105002": {
        "deprecated": false,
        "id": 85105002,
        "alias": "Contents.Item.Name.5105002",
        "text": "blue satin soother"
    },
    "85105003": {
        "deprecated": false,
        "id": 85105003,
        "alias": "Contents.Item.Name.5105003",
        "text": "Green Trinket"
    },
    "85105004": {
        "deprecated": false,
        "id": 85105004,
        "alias": "Contents.Item.Name.5105004",
        "text": "Purple Thread Trinket"
    },
    "85105005": {
        "deprecated": false,
        "id": 85105005,
        "alias": "Contents.Item.Name.5105005",
        "text": "white thread soother"
    },
    "85105006": {
        "deprecated": false,
        "id": 85105006,
        "alias": "Contents.Item.Name.5105006",
        "text": "Black Thread Trinket"
    },
    "85105201": {
        "deprecated": false,
        "id": 85105201,
        "alias": "Contents.Item.Name.5105201",
        "text": "sorrel soother"
    },
    "85105202": {
        "deprecated": false,
        "id": 85105202,
        "alias": "Contents.Item.Name.5105202",
        "text": "Silver Thread Trinket"
    },
    "85105203": {
        "deprecated": false,
        "id": 85105203,
        "alias": "Contents.Item.Name.5105203",
        "text": "Jungin's Trinket"
    },
    "85105204": {
        "deprecated": false,
        "id": 85105204,
        "alias": "Contents.Item.Name.5105204",
        "text": "Fine Knot Trinket"
    },
    "85105205": {
        "deprecated": false,
        "id": 85105205,
        "alias": "Contents.Item.Name.5105205",
        "text": "Yellow Thread Trinket"
    },
    "85105206": {
        "deprecated": false,
        "id": 85105206,
        "alias": "Contents.Item.Name.5105206",
        "text": "Jade Pattern Trinket"
    },
    "85105207": {
        "deprecated": false,
        "id": 85105207,
        "alias": "Contents.Item.Name.5105207",
        "text": "Chunghak Pattern Trinket"
    },
    "85105208": {
        "deprecated": false,
        "id": 85105208,
        "alias": "Contents.Item.Name.5105208",
        "text": "Jade Trinket"
    },
    "85105401": {
        "deprecated": false,
        "id": 85105401,
        "alias": "Contents.Item.Name.5105401",
        "text": "The Trinket of the Sunset Light"
    },
    "85105402": {
        "deprecated": false,
        "id": 85105402,
        "alias": "Contents.Item.Name.5105402",
        "text": "Player of Joy"
    },
    "85105403": {
        "deprecated": false,
        "id": 85105403,
        "alias": "Contents.Item.Name.5105403",
        "text": "Starlight Trinket"
    },
    "85105404": {
        "deprecated": false,
        "id": 85105404,
        "alias": "Contents.Item.Name.5105404",
        "text": "Remembrance Trinket"
    },
    "85105601": {
        "deprecated": false,
        "id": 85105601,
        "alias": "Contents.Item.Name.5105601",
        "text": "The Forgotten Lover's Trinket"
    },
    "85105602": {
        "deprecated": false,
        "id": 85105602,
        "alias": "Contents.Item.Name.5105602",
        "text": "Starlight Drops"
    },
    "85106001": {
        "deprecated": false,
        "id": 85106001,
        "alias": "Contents.Item.Name.5106001",
        "text": "Soulstone of Circulation"
    },
    "85106002": {
        "deprecated": false,
        "id": 85106002,
        "alias": "Contents.Item.Name.5106002",
        "text": "Soulstone of Protection"
    },
    "85106201": {
        "deprecated": false,
        "id": 85106201,
        "alias": "Contents.Item.Name.5106201",
        "text": "Soulstone of Desire"
    },
    "85106202": {
        "deprecated": false,
        "id": 85106202,
        "alias": "Contents.Item.Name.5106202",
        "text": "Soulstone of Trust"
    },
    "85106203": {
        "deprecated": false,
        "id": 85106203,
        "alias": "Contents.Item.Name.5106203",
        "text": "Soulstone of Vengeance"
    },
    "85106401": {
        "deprecated": false,
        "id": 85106401,
        "alias": "Contents.Item.Name.5106401",
        "text": "Soulstone of Destruction"
    },
    "85106402": {
        "deprecated": false,
        "id": 85106402,
        "alias": "Contents.Item.Name.5106402",
        "text": "Soulstone of Domination"
    },
    "85106403": {
        "deprecated": false,
        "id": 85106403,
        "alias": "Contents.Item.Name.5106403",
        "text": "Soulstone of Regeneration"
    },
    "85106404": {
        "deprecated": false,
        "id": 85106404,
        "alias": "Contents.Item.Name.5106404",
        "text": "Soulstone of Reminiscence"
    },
    "85201001": {
        "deprecated": false,
        "id": 85201001,
        "alias": "Contents.Item.Name.5201001",
        "text": "shell earrings (engraved)"
    },
    "85201002": {
        "deprecated": false,
        "id": 85201002,
        "alias": "Contents.Item.Name.5201002",
        "text": "Bronze Earrings (Engraved)"
    },
    "85201003": {
        "deprecated": false,
        "id": 85201003,
        "alias": "Contents.Item.Name.5201003",
        "text": "Quartz Earrings (Imprinted)"
    },
    "85201201": {
        "deprecated": false,
        "id": 85201201,
        "alias": "Contents.Item.Name.5201201",
        "text": "carnelian earrings (engraved)"
    },
    "85201202": {
        "deprecated": false,
        "id": 85201202,
        "alias": "Contents.Item.Name.5201202",
        "text": "Earring of a mermaid (engraved)"
    },
    "85201203": {
        "deprecated": false,
        "id": 85201203,
        "alias": "Contents.Item.Name.5201203",
        "text": "Silverwork Earrings (Engraved)"
    },
    "85201204": {
        "deprecated": false,
        "id": 85201204,
        "alias": "Contents.Item.Name.5201204",
        "text": "Golden Earrings (Imprinted)"
    },
    "85201401": {
        "deprecated": false,
        "id": 85201401,
        "alias": "Contents.Item.Name.5201401",
        "text": "Earring of Oppression (Engraved)"
    },
    "85201402": {
        "deprecated": false,
        "id": 85201402,
        "alias": "Contents.Item.Name.5201402",
        "text": "Earring of Liberation (Engraved)"
    },
    "85201403": {
        "deprecated": false,
        "id": 85201403,
        "alias": "Contents.Item.Name.5201403",
        "text": "Earring of the Breeze (Engraved)"
    },
    "85202001": {
        "deprecated": false,
        "id": 85202001,
        "alias": "Contents.Item.Name.5202001",
        "text": "Acorn Necklace (Engraved)"
    },
    "85202002": {
        "deprecated": false,
        "id": 85202002,
        "alias": "Contents.Item.Name.5202002",
        "text": "Copper Ornamental Necklace (Engraved)"
    },
    "85202003": {
        "deprecated": false,
        "id": 85202003,
        "alias": "Contents.Item.Name.5202003",
        "text": "bronze decorative necklace (engraved)"
    },
    "85202004": {
        "deprecated": false,
        "id": 85202004,
        "alias": "Contents.Item.Name.5202004",
        "text": "brass embellished necklace (engraved)"
    },
    "85202005": {
        "deprecated": false,
        "id": 85202005,
        "alias": "Contents.Item.Name.5202005",
        "text": "Unknown Soldier's Dog Tag (Engraved)"
    },
    "85202006": {
        "deprecated": false,
        "id": 85202006,
        "alias": "Contents.Item.Name.5202006",
        "text": "Clamshell necklace (engraved)"
    },
    "85202201": {
        "deprecated": false,
        "id": 85202201,
        "alias": "Contents.Item.Name.5202201",
        "text": "Silver Engraved Necklace (Engraved)"
    },
    "85202202": {
        "deprecated": false,
        "id": 85202202,
        "alias": "Contents.Item.Name.5202202",
        "text": "Platinum pattern necklace (engraved)"
    },
    "85202203": {
        "deprecated": false,
        "id": 85202203,
        "alias": "Contents.Item.Name.5202203",
        "text": "Golden Necklace with Gemstone (Engraved)"
    },
    "85202204": {
        "deprecated": false,
        "id": 85202204,
        "alias": "Contents.Item.Name.5202204",
        "text": "Necklace of bond (engraved)"
    },
    "85202205": {
        "deprecated": false,
        "id": 85202205,
        "alias": "Contents.Item.Name.5202205",
        "text": "Necklace of the Blue Man (Engraved)"
    },
    "85202206": {
        "deprecated": false,
        "id": 85202206,
        "alias": "Contents.Item.Name.5202206",
        "text": "Gladiator's Necklace (Engraved)"
    },
    "85202207": {
        "deprecated": false,
        "id": 85202207,
        "alias": "Contents.Item.Name.5202207",
        "text": "Necklace of the Spirit (Engraving)"
    },
    "85202208": {
        "deprecated": false,
        "id": 85202208,
        "alias": "Contents.Item.Name.5202208",
        "text": "Egret Necklace (Engraved)"
    },
    "85202401": {
        "deprecated": false,
        "id": 85202401,
        "alias": "Contents.Item.Name.5202401",
        "text": "The order of the heart (engraved)"
    },
    "85202402": {
        "deprecated": false,
        "id": 85202402,
        "alias": "Contents.Item.Name.5202402",
        "text": "Red Moonlight Necklace (Engraved)"
    },
    "85202403": {
        "deprecated": false,
        "id": 85202403,
        "alias": "Contents.Item.Name.5202403",
        "text": "Life of the Great Sea (engraved)"
    },
    "85202404": {
        "deprecated": false,
        "id": 85202404,
        "alias": "Contents.Item.Name.5202404",
        "text": "Primal Tears (Imprint)"
    },
    "85202601": {
        "deprecated": false,
        "id": 85202601,
        "alias": "Contents.Item.Name.5202601",
        "text": "Chains of Thousands (Imprinted)"
    },
    "85202602": {
        "deprecated": false,
        "id": 85202602,
        "alias": "Contents.Item.Name.5202602",
        "text": "The Absolute Judgment (Imprint)"
    },
    "85203001": {
        "deprecated": false,
        "id": 85203001,
        "alias": "Contents.Item.Name.5203001",
        "text": "petal ring (engraved)"
    },
    "85203002": {
        "deprecated": false,
        "id": 85203002,
        "alias": "Contents.Item.Name.5203002",
        "text": "Coral Ring (Imprinted)"
    },
    "85203003": {
        "deprecated": false,
        "id": 85203003,
        "alias": "Contents.Item.Name.5203003",
        "text": "Ivory Ring (Ivory)"
    },
    "85203004": {
        "deprecated": false,
        "id": 85203004,
        "alias": "Contents.Item.Name.5203004",
        "text": "brass ring (engraved)"
    },
    "85203005": {
        "deprecated": false,
        "id": 85203005,
        "alias": "Contents.Item.Name.5203005",
        "text": "Silver Ring (Engraved)"
    },
    "85203006": {
        "deprecated": false,
        "id": 85203006,
        "alias": "Contents.Item.Name.5203006",
        "text": "Hematite Ring (Imprinted)"
    },
    "85203201": {
        "deprecated": false,
        "id": 85203201,
        "alias": "Contents.Item.Name.5203201",
        "text": "Pearl Ring (Imprinted)"
    },
    "85203202": {
        "deprecated": false,
        "id": 85203202,
        "alias": "Contents.Item.Name.5203202",
        "text": "Pumpkin Ring (Imprinted)"
    },
    "85203203": {
        "deprecated": false,
        "id": 85203203,
        "alias": "Contents.Item.Name.5203203",
        "text": "Jadeite Ring (Imprinted)"
    },
    "85203204": {
        "deprecated": false,
        "id": 85203204,
        "alias": "Contents.Item.Name.5203204",
        "text": "Ring of jet black (engraved)"
    },
    "85203205": {
        "deprecated": false,
        "id": 85203205,
        "alias": "Contents.Item.Name.5203205",
        "text": "Platinum Ring (Engraved)"
    },
    "85203206": {
        "deprecated": false,
        "id": 85203206,
        "alias": "Contents.Item.Name.5203206",
        "text": "Pure white ring (engraved)"
    },
    "85203207": {
        "deprecated": false,
        "id": 85203207,
        "alias": "Contents.Item.Name.5203207",
        "text": "Red Jade Ring (Engraved)"
    },
    "85203208": {
        "deprecated": false,
        "id": 85203208,
        "alias": "Contents.Item.Name.5203208",
        "text": "Blue Silver Ring (Engraved)"
    },
    "85203401": {
        "deprecated": false,
        "id": 85203401,
        "alias": "Contents.Item.Name.5203401",
        "text": "Soulbringer's Ring (Imprinted)"
    },
    "85203402": {
        "deprecated": false,
        "id": 85203402,
        "alias": "Contents.Item.Name.5203402",
        "text": "Ring of exorcism (engraved)"
    },
    "85203403": {
        "deprecated": false,
        "id": 85203403,
        "alias": "Contents.Item.Name.5203403",
        "text": "Spirit Ring (Engraving)"
    },
    "85203404": {
        "deprecated": false,
        "id": 85203404,
        "alias": "Contents.Item.Name.5203404",
        "text": "Ring of Covenant (Engraved)"
    },
    "85203601": {
        "deprecated": false,
        "id": 85203601,
        "alias": "Contents.Item.Name.5203601",
        "text": "Path of the Guardian (Imprinted)"
    },
    "85203602": {
        "deprecated": false,
        "id": 85203602,
        "alias": "Contents.Item.Name.5203602",
        "text": "Faith of the Betrayer (Imprint)"
    },
    "85204001": {
        "deprecated": false,
        "id": 85204001,
        "alias": "Contents.Item.Name.5204001",
        "text": "full bracelet (engraved)"
    },
    "85204002": {
        "deprecated": false,
        "id": 85204002,
        "alias": "Contents.Item.Name.5204002",
        "text": "Copper Bracelet (Imprinted)"
    },
    "85204003": {
        "deprecated": false,
        "id": 85204003,
        "alias": "Contents.Item.Name.5204003",
        "text": "Bronze Bracelet (Engraved)"
    },
    "85204201": {
        "deprecated": false,
        "id": 85204201,
        "alias": "Contents.Item.Name.5204201",
        "text": "Sapphire Bracelet (Engraved)"
    },
    "85204202": {
        "deprecated": false,
        "id": 85204202,
        "alias": "Contents.Item.Name.5204202",
        "text": "jasper bracelet (engraved)"
    },
    "85204203": {
        "deprecated": false,
        "id": 85204203,
        "alias": "Contents.Item.Name.5204203",
        "text": "White silver bracelet (engraved)"
    },
    "85204204": {
        "deprecated": false,
        "id": 85204204,
        "alias": "Contents.Item.Name.5204204",
        "text": "Golden Bracelet (Engraved)"
    },
    "85204401": {
        "deprecated": false,
        "id": 85204401,
        "alias": "Contents.Item.Name.5204401",
        "text": "Bracelet of the Guardian (Imprinted)"
    },
    "85204402": {
        "deprecated": false,
        "id": 85204402,
        "alias": "Contents.Item.Name.5204402",
        "text": "Bracelet of Norimsu (engraved)"
    },
    "85204403": {
        "deprecated": false,
        "id": 85204403,
        "alias": "Contents.Item.Name.5204403",
        "text": "Bracelet of Circulating Spirit (Imprinted)"
    },
    "85205001": {
        "deprecated": false,
        "id": 85205001,
        "alias": "Contents.Item.Name.5205001",
        "text": "Red Thread Trinket (Engraved)"
    },
    "85205002": {
        "deprecated": false,
        "id": 85205002,
        "alias": "Contents.Item.Name.5205002",
        "text": "Blue Thread Trinket (Imprinted)"
    },
    "85205003": {
        "deprecated": false,
        "id": 85205003,
        "alias": "Contents.Item.Name.5205003",
        "text": "Green Thread Trinket (Imprinted)"
    },
    "85205004": {
        "deprecated": false,
        "id": 85205004,
        "alias": "Contents.Item.Name.5205004",
        "text": "Purple Thread Trinket (Imprinted)"
    },
    "85205005": {
        "deprecated": false,
        "id": 85205005,
        "alias": "Contents.Item.Name.5205005",
        "text": "White Thread Trinket (Engraved)"
    },
    "85205006": {
        "deprecated": false,
        "id": 85205006,
        "alias": "Contents.Item.Name.5205006",
        "text": "Black Thread Trinket (Engraved)"
    },
    "85205201": {
        "deprecated": false,
        "id": 85205201,
        "alias": "Contents.Item.Name.5205201",
        "text": "Sorrel Thread Trinket (Imprinted)"
    },
    "85205202": {
        "deprecated": false,
        "id": 85205202,
        "alias": "Contents.Item.Name.5205202",
        "text": "Silver Thread Trinket (Engraved)"
    },
    "85205203": {
        "deprecated": false,
        "id": 85205203,
        "alias": "Contents.Item.Name.5205203",
        "text": "Jungin's Trinket (Imprinted)"
    },
    "85205204": {
        "deprecated": false,
        "id": 85205204,
        "alias": "Contents.Item.Name.5205204",
        "text": "Fine Knot Trinket (Imprinted)"
    },
    "85205205": {
        "deprecated": false,
        "id": 85205205,
        "alias": "Contents.Item.Name.5205205",
        "text": "Yellow Thread Trinket (Imprinted)"
    },
    "85205206": {
        "deprecated": false,
        "id": 85205206,
        "alias": "Contents.Item.Name.5205206",
        "text": "Jade Pattern Trinket (Engraved)"
    },
    "85205207": {
        "deprecated": false,
        "id": 85205207,
        "alias": "Contents.Item.Name.5205207",
        "text": "Cheonghak Pattern Trinket (Engraved)"
    },
    "85205208": {
        "deprecated": false,
        "id": 85205208,
        "alias": "Contents.Item.Name.5205208",
        "text": "Jade Trinket (Imprinted)"
    },
    "85205401": {
        "deprecated": false,
        "id": 85205401,
        "alias": "Contents.Item.Name.5205401",
        "text": "Sunset light (engraved)"
    },
    "85205402": {
        "deprecated": false,
        "id": 85205402,
        "alias": "Contents.Item.Name.5205402",
        "text": "play of joy (engraved)"
    },
    "85205403": {
        "deprecated": false,
        "id": 85205403,
        "alias": "Contents.Item.Name.5205403",
        "text": "Starlight Ornament Trinket (Imprinted)"
    },
    "85205404": {
        "deprecated": false,
        "id": 85205404,
        "alias": "Contents.Item.Name.5205404",
        "text": "Remembrance Trinket (Engraved)"
    },
    "85205601": {
        "deprecated": false,
        "id": 85205601,
        "alias": "Contents.Item.Name.5205601",
        "text": "Forgotten Lover's Trinket"
    },
    "85205602": {
        "deprecated": false,
        "id": 85205602,
        "alias": "Contents.Item.Name.5205602",
        "text": "Starlight Drop (Imprinted)"
    },
    "85206001": {
        "deprecated": false,
        "id": 85206001,
        "alias": "Contents.Item.Name.5206001",
        "text": "Soul Stone of Circulation (Imprinted)"
    },
    "85206002": {
        "deprecated": false,
        "id": 85206002,
        "alias": "Contents.Item.Name.5206002",
        "text": "Soul Stone of Protection (Engraving)"
    },
    "85206201": {
        "deprecated": false,
        "id": 85206201,
        "alias": "Contents.Item.Name.5206201",
        "text": "Soulstone of Desire (Imprinted)"
    },
    "85206202": {
        "deprecated": false,
        "id": 85206202,
        "alias": "Contents.Item.Name.5206202",
        "text": "Soul Stone of Trust (Engraved)"
    },
    "85206203": {
        "deprecated": false,
        "id": 85206203,
        "alias": "Contents.Item.Name.5206203",
        "text": "Soulstone of Grief (Engraved)"
    },
    "85206401": {
        "deprecated": false,
        "id": 85206401,
        "alias": "Contents.Item.Name.5206401",
        "text": "Soulstone of Destruction (Imprint)"
    },
    "85206402": {
        "deprecated": false,
        "id": 85206402,
        "alias": "Contents.Item.Name.5206402",
        "text": "Soulstone of Domination (Imprinted)"
    },
    "85206403": {
        "deprecated": false,
        "id": 85206403,
        "alias": "Contents.Item.Name.5206403",
        "text": "Soulstone of Regeneration (Imprinted)"
    },
    "85206404": {
        "deprecated": false,
        "id": 85206404,
        "alias": "Contents.Item.Name.5206404",
        "text": "Soulstone of Reminiscence (Imprinted)"
    },
    "85301002": {
        "deprecated": false,
        "id": 85301002,
        "alias": "Contents.Item.Name.5301001",
        "text": "The Roar of Thunder"
    },
    "85304001": {
        "deprecated": false,
        "id": 85304001,
        "alias": "Contents.Item.Name.5301002",
        "text": "Flame of Hundred Flowers"
    },
    "85304002": {
        "deprecated": false,
        "id": 85304002,
        "alias": "Contents.Item.Name.5304001",
        "text": "Wrath of the Windfury"
    },
    "85307001": {
        "deprecated": false,
        "id": 85307001,
        "alias": "Contents.Item.Name.5304002",
        "text": "Whispers of Corruption"
    },
    "85307002": {
        "deprecated": false,
        "id": 85307002,
        "alias": "Contents.Item.Name.5307003",
        "text": "Including the Union"
    },
    "85307003": {
        "deprecated": false,
        "id": 85307003,
        "alias": "Contents.Item.Name.5307002",
        "text": "Token of Promise"
    }
}