{
    "82000": {
        "deprecated": false,
        "Dev_Desc": "시즌 패스 : 시즌 1",
        "id": 82000,
        "alias": "Contents.SoulPass.1",
        "text": "Season Pass: Season 1"
    },
    "82001": {
        "deprecated": false,
        "Dev_Desc": "시즌 패스 : 시즌 1 / 활성화 문구",
        "id": 82001,
        "alias": "Contents.SoulPass.1.Awaken",
        "text": "Additional rewards can be activated when purchasing <Season Pass: Season 1>."
    },
    "82002": {
        "deprecated": false,
        "Dev_Desc": "데일리 패스",
        "id": 82002,
        "alias": "Contents.SoulPass.2",
        "text": "Daily Pass"
    },
    "82003": {
        "deprecated": false,
        "Dev_Desc": "데일리 패스 / 활성화 문구",
        "id": 82003,
        "alias": "Contents.SoulPass.2.Awaken",
        "text": "Additional rewards can be activated when purchasing <Daily Pass>."
    },
    "82004": {
        "deprecated": false,
        "Dev_Desc": "스페셜 패스",
        "id": 82004,
        "alias": "Contents.SoulPass.3",
        "text": "Special Pass"
    },
    "82005": {
        "deprecated": false,
        "Dev_Desc": "스페셜 패스 / 활성화 문구",
        "id": 82005,
        "alias": "Contents.SoulPass.3.Awaken",
        "text": "Additional rewards can be activated when purchasing <Special Pass>."
    },
    "82006": {
        "deprecated": false,
        "Dev_Desc": "이벤트 패스",
        "id": 82006,
        "alias": "Contents.SoulPass.4",
        "text": "Event Pass"
    },
    "82007": {
        "deprecated": false,
        "Dev_Desc": "한가위 패스",
        "id": 82007,
        "alias": "Contents.SoulPass.5",
        "text": "Hangawi Pass"
    },
    "82008": {
        "deprecated": false,
        "Dev_Desc": "한가위 패스 / 활성화 문구",
        "id": 82008,
        "alias": "Contents.SoulPass.5.Awaken",
        "text": "Additional rewards can be activated when purchasing <Hangawi Pass>."
    },
    "82009": {
        "deprecated": false,
        "Dev_Desc": "데일리 패스2",
        "id": 82009,
        "alias": "Contents.SoulPass.6",
        "text": "Daily Pass"
    },
    "82010": {
        "deprecated": false,
        "Dev_Desc": "데일리 패스2 / 활성화 문구",
        "id": 82010,
        "alias": "Contents.SoulPass.6.Awaken",
        "text": "You can enable additional reimbursement when purchasing <Daily Fence>."
    },
    "82011": {
        "deprecated": false,
        "Dev_Desc": "시즌 패스 : 소울",
        "id": 82011,
        "alias": "Contents.SoulPass.7",
        "text": "Season Pass: Soul"
    },
    "82012": {
        "deprecated": false,
        "Dev_Desc": "시즌 패스 : 소울 / 활성화 문구",
        "id": 82012,
        "alias": "Contents.SoulPass.7.Awaken",
        "text": "Additional rewards can be activated when purchasing <Season Pass: Soul>."
    },
    "82013": {
        "deprecated": false,
        "Dev_Desc": "스타팅 패스",
        "id": 82013,
        "alias": "Contents.SoulPass.8",
        "text": "starting pass"
    },
    "82014": {
        "deprecated": false,
        "Dev_Desc": "스타팅 패스 / 활성화 문구",
        "id": 82014,
        "alias": "Contents.SoulPass.8.Awaken",
        "text": "Additional rewards can be activated when purchasing <Starting Pass>."
    }
}