{
    "30005000": {
        "deprecated": false,
        "Dev_Desc": "반달스페셜_5000_1_반달목장주 김메일",
        "id": 30005000,
        "alias": "Contents.Gossip.5000",
        "text": "Whew... all my cubs look like they're starving..."
    },
    "30005001": {
        "deprecated": false,
        "Dev_Desc": "반달스페셜_5000_1_반달목장주 김메일",
        "id": 30005001,
        "alias": "Contents.Gossip.5001",
        "text": "Should the ranch be closed..."
    },
    "30005002": {
        "deprecated": false,
        "Dev_Desc": "반달스페셜_5000_1_반달목장주 김메일",
        "id": 30005002,
        "alias": "Contents.Gossip.5002",
        "text": "I wish someone could help me..."
    },
    "30005003": {
        "deprecated": false,
        "Dev_Desc": "반달스페셜_5100_1_매화단원 심하연",
        "id": 30005003,
        "alias": "Contents.Gossip.5003",
        "text": "Hold on, <myHero.name/>."
    },
    "30005004": {
        "deprecated": false,
        "Dev_Desc": "반달스페셜_5100_3_매수된 창도단 치연",
        "id": 30005004,
        "alias": "Contents.Gossip.5004",
        "text": "Huh... just got out."
    },
    "30005005": {
        "deprecated": false,
        "Dev_Desc": "반달스페셜_5100_3_매수된 창도단 치연",
        "id": 30005005,
        "alias": "Contents.Gossip.5005",
        "text": "The time has come..."
    },
    "30005006": {
        "deprecated": false,
        "Dev_Desc": "반달스페셜_5100_5_매수된 창도단 치연",
        "id": 30005006,
        "alias": "Contents.Gossip.5006",
        "text": "He's more useful than I thought."
    },
    "30005007": {
        "deprecated": false,
        "Dev_Desc": "반달스페셜_5101_5_매수된 창도단 치연",
        "id": 30005007,
        "alias": "Contents.Gossip.5007",
        "text": "When I'm done with this, I will..."
    },
    "30005008": {
        "deprecated": false,
        "Dev_Desc": "반달스페셜_5102_6_매수된 창도단 치연",
        "id": 30005008,
        "alias": "Contents.Gossip.5008",
        "text": "Shh! This way!"
    },
    "30005009": {
        "deprecated": false,
        "Dev_Desc": "반달스페셜_5102_8_매화단원 심하연",
        "id": 30005009,
        "alias": "Contents.Gossip.5009",
        "text": "I came here to see <textColor=[255:204:102:255]>Signature</>.\nDid you complete the mission?"
    },
    "30005010": {
        "deprecated": false,
        "Dev_Desc": "반달스페셜_5200_0_소호촌 주민 지감",
        "id": 30005010,
        "alias": "Contents.Gossip.5010",
        "text": "It's a big deal... a big deal..."
    },
    "30005011": {
        "deprecated": false,
        "Dev_Desc": "반달스페셜_5200_1_소호촌장 대인배",
        "id": 30005011,
        "alias": "Contents.Gossip.5011",
        "text": "Kuhhhhhhhhhhhhhhhhhhhhhhhhh!!"
    },
    "30005012": {
        "deprecated": false,
        "Dev_Desc": "반달스페셜_5200_1_소호촌장 대인배",
        "id": 30005012,
        "alias": "Contents.Gossip.5012",
        "text": "Why is this happening!"
    },
    "30005013": {
        "deprecated": false,
        "Dev_Desc": "반달스페셜_5200_2_소호촌 주민 태백",
        "id": 30005013,
        "alias": "Contents.Gossip.5013",
        "text": "Aigoo <textColor=[78:148:215:255]>Deokgu</>Hey~\nWhere did you go, heuk heuk..."
    },
    "30005014": {
        "deprecated": false,
        "Dev_Desc": "반달스페셜_5200_2_소호촌 주민 태백",
        "id": 30005014,
        "alias": "Contents.Gossip.5014",
        "text": "I told you to be so careful outside the town... heuk heuk..."
    },
    "30005015": {
        "deprecated": false,
        "Dev_Desc": "반달스페셜_5200_2_소호촌 주민 마가요",
        "id": 30005015,
        "alias": "Contents.Gossip.5015",
        "text": "Sniff..."
    },
    "30005016": {
        "deprecated": false,
        "Dev_Desc": "반달스페셜_5200_2_소호촌 주민 지철",
        "id": 30005016,
        "alias": "Contents.Gossip.5016",
        "text": "Whew..."
    },
    "30005017": {
        "deprecated": false,
        "Dev_Desc": "반달스페셜_5200_2_소호촌 아이 독고",
        "id": 30005017,
        "alias": "Contents.Gossip.5017",
        "text": "How far have you come~\nWe still have a long way to go~"
    },
    "30005018": {
        "deprecated": false,
        "Dev_Desc": "반달스페셜_5202_9_위험해 보이는 자",
        "id": 30005018,
        "alias": "Contents.Gossip.5018",
        "text": "Mumble..."
    },
    "30005019": {
        "deprecated": false,
        "Dev_Desc": "반달스페셜_5202_11_위험해 보이는 자",
        "id": 30005019,
        "alias": "Contents.Gossip.5019",
        "text": "You can't keep an eyewitness alive!\nDie! Hehehe!!!!"
    },
    "30005020": {
        "deprecated": false,
        "Dev_Desc": "반달스페셜_5202_11_위험해 보이는 자",
        "id": 30005020,
        "alias": "Contents.Gossip.5020",
        "text": "I, I'm not wrong...!\nAll <textColor=[215:94:94:255]>Lim Yeon-soo</> made it... sooooo...!"
    },
    "30005021": {
        "deprecated": false,
        "Dev_Desc": "반달스페셜_5203_1_소호촌장 대인배",
        "id": 30005021,
        "alias": "Contents.Gossip.5021",
        "text": "Kuhhhhhhhhhhhhhhhhhhhhh!!"
    },
    "30005022": {
        "deprecated": false,
        "Dev_Desc": "반달스페셜_5203_1_소호촌장 대인배",
        "id": 30005022,
        "alias": "Contents.Gossip.5022",
        "text": "What the hell is this Genji..."
    },
    "30005023": {
        "deprecated": false,
        "Dev_Desc": "반달스페셜_5203_2_소향의 어머니 임소영",
        "id": 30005023,
        "alias": "Contents.Gossip.5023",
        "text": "<textColor=[78:148:215:255]>Sohyang</>this... Why isn't our Sohyang coming..."
    },
    "30005024": {
        "deprecated": false,
        "Dev_Desc": "반달스페셜_5203_2_소향의 아버지 곽사",
        "id": 30005024,
        "alias": "Contents.Gossip.5024",
        "text": "Sohyang, Sohyang..."
    },
    "30005025": {
        "deprecated": false,
        "Dev_Desc": "반달스페셜_5203_2_소호촌 아이 독고",
        "id": 30005025,
        "alias": "Contents.Gossip.5025",
        "text": "Sister..."
    },
    "30005026": {
        "deprecated": false,
        "Dev_Desc": "반달스페셜_5203_2_소호촌 주민 태백",
        "id": 30005026,
        "alias": "Contents.Gossip.5026",
        "text": "Sohyup! Thank you so much!\nThank you for visiting Deokgu!"
    },
    "30005027": {
        "deprecated": false,
        "Dev_Desc": "반달스페셜_5203_2_소호촌 아이 덕구",
        "id": 30005027,
        "alias": "Contents.Gossip.5027",
        "text": "Sigh...! Thank you!"
    },
    "30005028": {
        "deprecated": false,
        "Dev_Desc": "반달스페셜_5203_2_소호촌 주민 마가요",
        "id": 30005028,
        "alias": "Contents.Gossip.5028",
        "text": "Thank you, thank you. Ughhhh..."
    },
    "30005029": {
        "deprecated": false,
        "Dev_Desc": "반달스페셜_5203_2_소호촌 아이 춘매",
        "id": 30005029,
        "alias": "Contents.Gossip.5029",
        "text": "Sohyup, thank you for saving me."
    },
    "30005030": {
        "deprecated": false,
        "Dev_Desc": "반달스페셜_5400_5_낙오된 수와족 와와",
        "id": 30005030,
        "alias": "Contents.Gossip.5030",
        "text": "Huh, I thought I was going to die."
    },
    "30005031": {
        "deprecated": false,
        "Dev_Desc": "반달스페셜_5400_5_낙오된 수와족 와와",
        "id": 30005031,
        "alias": "Contents.Gossip.5031",
        "text": "Thank you so much for saving me!"
    },
    "30005032": {
        "deprecated": false,
        "Dev_Desc": "반달스페셜_5400_8_수와족 피난민 와와",
        "id": 30005032,
        "alias": "Contents.Gossip.5032",
        "text": "Hey here! Here you go!"
    },
    "30005033": {
        "deprecated": false,
        "Dev_Desc": "반달스페셜_5401_2_수와족 촌장 대와",
        "id": 30005033,
        "alias": "Contents.Gossip.5033",
        "text": "Hansu must take back the village!"
    },
    "30005034": {
        "deprecated": false,
        "Dev_Desc": "반달스페셜_5401_2_수와족 촌장 대와",
        "id": 30005034,
        "alias": "Contents.Gossip.5034",
        "text": "Ugh, those cheeky monsters..."
    },
    "30005035": {
        "deprecated": false,
        "Dev_Desc": "반달스페셜_5401_4_수와족 촌장 대와",
        "id": 30005035,
        "alias": "Contents.Gossip.5035",
        "text": "I can breathe now."
    },
    "30005036": {
        "deprecated": false,
        "Dev_Desc": "반달스페셜_5402_1_수와족 전사",
        "id": 30005036,
        "alias": "Contents.Gossip.5036",
        "text": "Welcome!\nThe fight has already started!"
    },
    "30005037": {
        "deprecated": false,
        "Dev_Desc": "반달스페셜_5402_2_수와족 전사",
        "id": 30005037,
        "alias": "Contents.Gossip.5037",
        "text": "Steel evil can be inside!"
    },
    "30005038": {
        "deprecated": false,
        "Dev_Desc": "반달스페셜_5500_0_영교원 동동",
        "id": 30005038,
        "alias": "Contents.Gossip.5038",
        "text": "Where the hell are you..."
    },
    "30005039": {
        "deprecated": false,
        "Dev_Desc": "반달스페셜_5000_2_반달 목장주 김메일 Progress",
        "id": 30005039,
        "alias": "Contents.Gossip.5039",
        "text": "I'm sorry to rush you, but there's a lot of work to do!\nHurry up~!"
    },
    "30005040": {
        "deprecated": false,
        "Dev_Desc": "반달스페셜_5302_1_수와족 촌장 대와",
        "id": 30005040,
        "alias": "Contents.Gossip.5040",
        "text": "When you're ready, let's meet in the Valley of Euss!"
    },
    "30005041": {
        "deprecated": false,
        "Dev_Desc": "비워 놓음",
        "id": 30005041,
        "alias": "Contents.Gossip.5041",
        "text": "empty"
    },
    "30005042": {
        "deprecated": false,
        "Dev_Desc": "반달스페셜_5000_2_반달 목장주 김메일 Progress",
        "id": 30005042,
        "alias": "Contents.Gossip.5042",
        "text": "<textColor=[215:94:94:255]>Lim Yeon-soo</> He's so unbelievable..."
    },
    "30005043": {
        "deprecated": false,
        "Dev_Desc": "반달스페셜_5001_반달 목장주 김메일 Complete",
        "id": 30005043,
        "alias": "Contents.Gossip.5043",
        "text": "Once again, I need some help from <textColor=[78:148:215:255]>Saho</>."
    },
    "30005044": {
        "deprecated": false,
        "Dev_Desc": "반달스페셜_5001_반달 목장주 김메일 Complete",
        "id": 30005044,
        "alias": "Contents.Gossip.5044",
        "text": "It would have been a riot if it wasn't for Saho people."
    },
    "30005045": {
        "deprecated": false,
        "Dev_Desc": "반달스페셜_5100_매수된 창도단 치연 Complete",
        "id": 30005045,
        "alias": "Contents.Gossip.5045",
        "text": "Catch the <textColor=[215:94:94:255]>Giant Frog Monster</> above our base!"
    },
    "30005046": {
        "deprecated": false,
        "Dev_Desc": "반달스페셜_5100_매수된 창도단 치연 Complete",
        "id": 30005046,
        "alias": "Contents.Gossip.5046",
        "text": "Catch <textColor=[215:94:94:255]>Monster</> and the boss will accept you!"
    },
    "30005047": {
        "deprecated": false,
        "Dev_Desc": "반달스페셜_5103_8_매화단원 심하 Progress",
        "id": 30005047,
        "alias": "Contents.Gossip.5047",
        "text": "<textColor=[255:204:102:255]><myHero.name/>!"
    },
    "30005048": {
        "deprecated": false,
        "Dev_Desc": "반달스페셜_5500_2_영교원 반달 지부장 퍼롱퍼롱 Progress",
        "id": 30005048,
        "alias": "Contents.Gossip.5048",
        "text": "Hmm... look at me for a second."
    },
    "30005049": {
        "deprecated": false,
        "Dev_Desc": "반달스페셜_5500_총타주 임연수 Complete",
        "id": 30005049,
        "alias": "Contents.Gossip.5049",
        "text": "Oh my gosh... I'm screwed..."
    },
    "30005050": {
        "deprecated": false,
        "Dev_Desc": "반달스페셜_5400_영교원 반달 지부장 퍼롱퍼롱 Complete",
        "id": 30005050,
        "alias": "Contents.Gossip.5050",
        "text": "Poroporong, Hororong~"
    },
    "30005051": {
        "deprecated": false,
        "Dev_Desc": "반달스페셜_5400_영교원 반달 지부장 퍼롱퍼롱 Complete",
        "id": 30005051,
        "alias": "Contents.Gossip.5051",
        "text": "Heh, huh, huh, huh, are you here?\nHow is it? Isn't the scenery really nice? hehe~"
    },
    "30005052": {
        "deprecated": false,
        "Dev_Desc": "반달스페셜_5400_영교원 반달 지부장 퍼롱퍼롱 Complete",
        "id": 30005052,
        "alias": "Contents.Gossip.5052",
        "text": "Thanks to you, Lake Vandal has \nretained quite a bit. Heh heh heh~"
    },
    "30005053": {
        "deprecated": false,
        "Dev_Desc": "반달스페셜_5400_도화상전 반달 지부장 곽호룡 Complete",
        "id": 30005053,
        "alias": "Contents.Gossip.5053",
        "text": "The boss management messed up while he was away."
    },
    "30005054": {
        "deprecated": false,
        "Dev_Desc": "반달스페셜_5400_도화상전 반달 지부장 곽호룡 Complete",
        "id": 30005054,
        "alias": "Contents.Gossip.5054",
        "text": "Oh, <textColor=[255:204:102:255]><myHero.name/>! What's going on here?"
    },
    "30005055": {
        "deprecated": false,
        "Dev_Desc": "반달스페셜_5400_도화상전 반달 지부장 곽호룡 Complete",
        "id": 30005055,
        "alias": "Contents.Gossip.5055",
        "text": "I'd like to give you a special discount, but \nThe merchant has to follow the rules~ hahaha!"
    },
    "30005056": {
        "deprecated": false,
        "Dev_Desc": "반달스페셜_5400_조선소 책임자 달빛바람 Complete",
        "id": 30005056,
        "alias": "Contents.Gossip.5056",
        "text": "Come on, come on, let's all focus!"
    },
    "30005057": {
        "deprecated": false,
        "Dev_Desc": "반달스페셜_5400_조선소 책임자 달빛바람 Complete",
        "id": 30005057,
        "alias": "Contents.Gossip.5057",
        "text": "Isn't everyone kidding me because I've been away for a while?!"
    },
    "30005058": {
        "deprecated": false,
        "Dev_Desc": "반달스페셜_5400_조선소 책임자 달빛바람 Complete",
        "id": 30005058,
        "alias": "Contents.Gossip.5058",
        "text": "Oh, <textColor=[255:204:102:255]><myHero.name/>! Maybe <textColor=[255:204:102:255]>more on this continent</> Why don't you take a look?\nThere might be a good job!"
    },
    "30005059": {
        "deprecated": false,
        "Dev_Desc": "반달스페셜_5400_매화단 책임자 홍매화 Complete",
        "id": 30005059,
        "alias": "Contents.Gossip.5059",
        "text": "We need to work harder to restore Vandal Lake's former reputation."
    },
    "30005060": {
        "deprecated": false,
        "Dev_Desc": "반달스페셜_5400_매화단 책임자 홍매화 Complete",
        "id": 30005060,
        "alias": "Contents.Gossip.5060",
        "text": "<textColor=[255:204:102:255]><myHero.name/></>! Have you been to Vandal Lake?"
    },
    "30005061": {
        "deprecated": false,
        "Dev_Desc": "반달스페셜_5400_매화단 책임자 홍매화 Complete",
        "id": 30005061,
        "alias": "Contents.Gossip.5061",
        "text": "Before you go to the sea and moon continent, how about working a little more for Vandal Lake?"
    },
    "30005062": {
        "deprecated": false,
        "Dev_Desc": "반달스페셜_5400_3_대어방 총타주 임연수",
        "id": 30005062,
        "alias": "Contents.Gossip.5062",
        "text": "Ahhh!! Oh...don't come!!!"
    },
    "30005063": {
        "deprecated": false,
        "Dev_Desc": "반달스페셜_5500_2_대어방 총타주 꾸밈용",
        "id": 30005063,
        "alias": "Contents.Gossip.5063",
        "text": "Soaring..."
    },
    "30005064": {
        "deprecated": false,
        "Dev_Desc": "반달스페셜_5500_2_대어방 총타주 꾸밈용",
        "id": 30005064,
        "alias": "Contents.Gossip.5064",
        "text": "<textColor=[78:148:215:255]>Saho</> has issued a gathering order...\nWhat's going on?"
    },
    "30005065": {
        "deprecated": false,
        "Dev_Desc": "반달스페셜_5500_2_대어방 총타주 꾸밈용",
        "id": 30005065,
        "alias": "Contents.Gossip.5065",
        "text": "Where did <textColor=[215:94:94:255]>Lim Yeonsu</> go?"
    },
    "30005066": {
        "deprecated": false,
        "Dev_Desc": "반달스페셜_5500_2_대어방 총타주 꾸밈용",
        "id": 30005066,
        "alias": "Contents.Gossip.5066",
        "text": "Soundbitious..."
    },
    "30005067": {
        "deprecated": false,
        "Dev_Desc": "반달스페셜_5000_2_반달 목장주 김메일 Progress",
        "id": 30005067,
        "alias": "Contents.Gossip.5067",
        "text": "It's so nice to be a part of you!"
    },
    "30005068": {
        "deprecated": false,
        "Dev_Desc": "반달스페셜_5101_4_창도단 치연(퀘던) Progress",
        "id": 30005068,
        "alias": "Contents.Gossip.5068",
        "text": "Isn't he dead...?"
    },
    "30005069": {
        "deprecated": false,
        "Dev_Desc": "반달스페셜_5101_5_창도단 치연(기본) Progress",
        "id": 30005069,
        "alias": "Contents.Gossip.5069",
        "text": "Go to the boss' tent."
    },
    "30005070": {
        "deprecated": false,
        "Dev_Desc": "반달스페셜_5301_1_수와족 피난민 와와",
        "id": 30005070,
        "alias": "Contents.Gossip.5070",
        "text": "I really thought I was going to die before!"
    },
    "30005071": {
        "deprecated": false,
        "Dev_Desc": "반달스페셜_5301_2_수와족 피난민 와와",
        "id": 30005071,
        "alias": "Contents.Gossip.5071",
        "text": "Meet <textColor=[78:148:215:255]>Chief</>."
    },
    "30005072": {
        "deprecated": false,
        "Dev_Desc": "반달스페셜_5500_심하연",
        "id": 30005072,
        "alias": "Contents.Gossip.5072",
        "text": "Everyone calm down."
    },
    "30005073": {
        "deprecated": false,
        "Dev_Desc": "반달스페셜_5500_강철주먹",
        "id": 30005073,
        "alias": "Contents.Gossip.5073",
        "text": "<textColor=[215:94:94:255]>Lim Yeonsu</> that author, I knew I was going to be here!"
    },
    "30005074": {
        "deprecated": false,
        "Dev_Desc": "반달스페셜_5500_링링",
        "id": 30005074,
        "alias": "Contents.Gossip.5074",
        "text": "I must be very upset!"
    },
    "30005075": {
        "deprecated": false,
        "Dev_Desc": "반달스페셜_5500_곽유옥",
        "id": 30005075,
        "alias": "Contents.Gossip.5075",
        "text": "Ouch~ Who isn't? Creepy, really!"
    },
    "30005076": {
        "deprecated": false,
        "Dev_Desc": "반달스페셜_5302_2_촌장 대와",
        "id": 30005076,
        "alias": "Contents.Gossip.5076",
        "text": "Uhhhhhhhhhhhhh..."
    },
    "30005077": {
        "deprecated": false,
        "Dev_Desc": "반달스페셜_5302_2_촌장 대와",
        "id": 30005077,
        "alias": "Contents.Gossip.5077",
        "text": "Human... be careful Suwa...!"
    },
    "30005078": {
        "deprecated": false,
        "Dev_Desc": "반달스페셜_5302_2_꼬와",
        "id": 30005078,
        "alias": "Contents.Gossip.5078",
        "text": "Hey, <textColor=[78:148:215:255]>Chief</>Suwa!!"
    },
    "30005079": {
        "deprecated": false,
        "Dev_Desc": "반달스페셜_5302_2_꼬와",
        "id": 30005079,
        "alias": "Contents.Gossip.5079",
        "text": "<textColor=[78:148:215:255]>Come on</>!! Calm down!!"
    },
    "30005080": {
        "deprecated": false,
        "Dev_Desc": "반달스페셜_5302_2_리와",
        "id": 30005080,
        "alias": "Contents.Gossip.5080",
        "text": "It hurts and..."
    },
    "30005081": {
        "deprecated": false,
        "Dev_Desc": "반달스페셜_5302_2_리와",
        "id": 30005081,
        "alias": "Contents.Gossip.5081",
        "text": "...too strong and..."
    },
    "30005082": {
        "deprecated": false,
        "Dev_Desc": "반달스페셜_5302_3_꼬와",
        "id": 30005082,
        "alias": "Contents.Gossip.5082",
        "text": "Ahhhh... Steel evil... how's it going?"
    },
    "30005083": {
        "deprecated": false,
        "Dev_Desc": "반달스페셜_5302_3_대와",
        "id": 30005083,
        "alias": "Contents.Gossip.5083",
        "text": "<textColor=[78:148:215:255]>Chief!</> <textColor=[78:148:215:255]>Come on!</>! "
    },
    "30005084": {
        "deprecated": false,
        "Dev_Desc": "반달스페셜_5302_3_리와",
        "id": 30005084,
        "alias": "Contents.Gossip.5084",
        "text": "I almost died..."
    },
    "30005085": {
        "deprecated": false,
        "Dev_Desc": "반달스페셜_5400_4_홍매화",
        "id": 30005085,
        "alias": "Contents.Gossip.5085",
        "text": "Thank you for restoring peace to Vandal Lake."
    },
    "30005086": {
        "deprecated": false,
        "Dev_Desc": "반달스페셜_5400_4_홍매화",
        "id": 30005086,
        "alias": "Contents.Gossip.5086",
        "text": "I look forward to seeing you again someday."
    },
    "30005087": {
        "deprecated": false,
        "Dev_Desc": "반달스페셜_소호촌 아이 덕구2(기본)",
        "id": 30005087,
        "alias": "Contents.Gossip.5087",
        "text": "Wow!! How are you, surprised?"
    },
    "30005088": {
        "deprecated": false,
        "Dev_Desc": "반달스페셜_소호촌 아이 춘매2(기본)",
        "id": 30005088,
        "alias": "Contents.Gossip.5088",
        "text": "Heh, I'm not scared at all?"
    },
    "30005089": {
        "deprecated": false,
        "Dev_Desc": "반달스페셜_소호촌 태백1(기본)",
        "id": 30005089,
        "alias": "Contents.Gossip.5089",
        "text": "Heh! The weather is nice~"
    },
    "30005090": {
        "deprecated": false,
        "Dev_Desc": "반달스페셜_소호촌 마가요1(기본)",
        "id": 30005090,
        "alias": "Contents.Gossip.5090",
        "text": "Ugh~ that girl!\nWho the hell does that look like...!"
    },
    "30005091": {
        "deprecated": false,
        "Dev_Desc": "반달스페셜_소호촌 지철1(기본)",
        "id": 30005091,
        "alias": "Contents.Gossip.5091",
        "text": "Oh, who are you?\nYou!"
    },
    "30005092": {
        "deprecated": false,
        "Dev_Desc": "반달스페셜_소호촌 마가요(기본)",
        "id": 30005092,
        "alias": "Contents.Gossip.5092",
        "text": "What?!"
    },
    "30005093": {
        "deprecated": false,
        "Dev_Desc": "반달스페셜_소호촌 아이 임소영1(기본)",
        "id": 30005093,
        "alias": "Contents.Gossip.5093",
        "text": "Wow... Dokgo... Please"
    },
    "30005094": {
        "deprecated": false,
        "Dev_Desc": "반달스페셜_소호촌 아이 곽사1(기본)",
        "id": 30005094,
        "alias": "Contents.Gossip.5094",
        "text": "Oh, well, I can't.\nListen to your father!"
    },
    "30005095": {
        "deprecated": false,
        "Dev_Desc": "반달스페셜_소호촌 아이 독고2(기본)",
        "id": 30005095,
        "alias": "Contents.Gossip.5095",
        "text": "No! I'm going out to play with that Deokgu hyung!"
    },
    "30005096": {
        "deprecated": false,
        "Dev_Desc": "반달스페셜_5100_1_매화단원 심하연",
        "id": 30005096,
        "alias": "Contents.Gossip.5096",
        "text": "I have a favor for you."
    }
}