{
    "40001000": {
        "deprecated": false,
        "Dev_Desc": "반달 에픽 이름",
        "id": 40001000,
        "alias": "Contents.Quest.Guide.1000",
        "text": "Moderator cumulus"
    },
    "40001001": {
        "deprecated": false,
        "Dev_Desc": "반달 에픽 이름",
        "id": 40001001,
        "alias": "Contents.Quest.Guide.1001",
        "text": "Arang"
    },
    "40001002": {
        "deprecated": false,
        "Dev_Desc": "반달 에픽 이름",
        "id": 40001002,
        "alias": "Contents.Quest.Guide.1002",
        "text": "Younggyowon Dong-dong"
    },
    "40001003": {
        "deprecated": false,
        "Dev_Desc": "반달 에픽 이름",
        "id": 40001003,
        "alias": "Contents.Quest.Guide.1003",
        "text": "Young Gyowon President Perong Perong"
    },
    "40001004": {
        "deprecated": false,
        "Dev_Desc": "반달 에픽 이름",
        "id": 40001004,
        "alias": "Contents.Quest.Guide.1004",
        "text": "Younggyowon Lingling"
    },
    "40001005": {
        "deprecated": false,
        "Dev_Desc": "반달 에픽 이름",
        "id": 40001005,
        "alias": "Contents.Quest.Guide.1005",
        "text": "Maehwadan Shim Hayeon"
    },
    "40001006": {
        "deprecated": false,
        "Dev_Desc": "반달 에픽 이름",
        "id": 40001006,
        "alias": "Contents.Quest.Guide.1006",
        "text": "Suspicious Merchant's Rat"
    },
    "40001010": {
        "deprecated": false,
        "Dev_Desc": "PC 가이드",
        "id": 40001010,
        "alias": "Contents.Quest.Guide.1010",
        "text": "(Shall we go down?)"
    },
    "40001011": {
        "deprecated": false,
        "Dev_Desc": "PC 가이드",
        "id": 40001011,
        "alias": "Contents.Quest.Guide.1011",
        "text": "(<textColor=[255:204:102:255]>Choose a weapon</>!)"
    },
    "40001012": {
        "deprecated": false,
        "Dev_Desc": "PC 가이드 (이동완료)",
        "id": 40001012,
        "alias": "Contents.Quest.Guide.1012",
        "text": "(Let's choose <textColor=[255:204:102:255]>weapon</> to use!)"
    },
    "40001014": {
        "deprecated": false,
        "Dev_Desc": "PC 가이드 (이동완료)",
        "id": 40001014,
        "alias": "Contents.Quest.Guide.1014",
        "text": "(Let's practice with a wooden doll~!)"
    },
    "40001015": {
        "deprecated": false,
        "Dev_Desc": "PC 가이드",
        "id": 40001015,
        "alias": "Contents.Quest.Guide.1015",
        "text": "(Um... am I missing something?\nI'll have to write the <textColor=[255:204:102:255]>Jinpunghonru</> that I saved\n)"
    },
    "40001017": {
        "deprecated": false,
        "Dev_Desc": "PC 가이드",
        "id": 40001017,
        "alias": "Contents.Quest.Guide.1017",
        "text": "(Oh~ My body got a bit lighter~!)"
    },
    "40001019": {
        "deprecated": false,
        "Dev_Desc": "뭉게구름 가이드",
        "id": 40001019,
        "alias": "Contents.Quest.Guide.1019",
        "text": "Players~!\nAre you ready~!"
    },
    "40001020": {
        "deprecated": false,
        "Dev_Desc": "PC 가이드",
        "id": 40001020,
        "alias": "Contents.Quest.Guide.1020",
        "text": "(The final match begins.\n<textColor=[110:216:175:255]>Let's go to the stadium</>!)"
    },
    "40001021": {
        "deprecated": false,
        "Dev_Desc": "PC 가이드 (이동완료)",
        "id": 40001021,
        "alias": "Contents.Quest.Guide.1021",
        "text": "(If you leave this door, it's the final match against\n<textColor=[78:148:215:255]>Arang</>!)"
    },
    "40001022": {
        "deprecated": false,
        "Dev_Desc": "PC 가이드 (이동완료)",
        "id": 40001022,
        "alias": "Contents.Quest.Guide.1022",
        "text": "(Let's do our best\nLet's have a great match!)"
    },
    "40001023": {
        "deprecated": false,
        "Dev_Desc": "아랑 가이드",
        "id": 40001023,
        "alias": "Contents.Quest.Guide.1023",
        "text": "Fortunately we have cleared the boundary!"
    },
    "40001024": {
        "deprecated": false,
        "Dev_Desc": "아랑 가이드",
        "id": 40001024,
        "alias": "Contents.Quest.Guide.1024",
        "text": "Let's talk with their <textColor=[78:148:215:255]>Captain</>\n first."
    },
    "40001025": {
        "deprecated": false,
        "Dev_Desc": "PC 가이드",
        "id": 40001025,
        "alias": "Contents.Quest.Guide.1025",
        "text": "(You must take responsibility for ruining the tournament)"
    },
    "40001026": {
        "deprecated": false,
        "Dev_Desc": "아랑 가이드",
        "id": 40001026,
        "alias": "Contents.Quest.Guide.1026",
        "text": "Let's get out of here\nLet's find the <textColor=[110:216:175:255]>Barracks</>!"
    },
    "40001027": {
        "deprecated": false,
        "Dev_Desc": "아랑 가이드",
        "id": 40001027,
        "alias": "Contents.Quest.Guide.1027",
        "text": "<textColor=[255:204:102:255]><myHero.name/></>~!\nThis way \nI'll just leave!"
    },
    "40001028": {
        "deprecated": false,
        "Dev_Desc": "PC 가이드",
        "id": 40001028,
        "alias": "Contents.Quest.Guide.1028",
        "text": "(follow Arang\nlet's leave the stadium)"
    },
    "40001029": {
        "deprecated": false,
        "Dev_Desc": "동동 가이드",
        "id": 40001029,
        "alias": "Contents.Quest.Guide.1029",
        "text": "Wait a minute!\nHere!"
    },
    "40001030": {
        "deprecated": false,
        "Dev_Desc": "PC 가이드",
        "id": 40001030,
        "alias": "Contents.Quest.Guide.1030",
        "text": "(Young teacher Barong Dong-dong gave me \n<textColor=[255:204:102:255]>Soul Summon Scroll</>)"
    },
    "40001031": {
        "deprecated": false,
        "Dev_Desc": "PC 가이드",
        "id": 40001031,
        "alias": "Contents.Quest.Guide.1031",
        "text": "(I'm looking forward to it?\nI'll try it soon!)"
    },
    "40001032": {
        "deprecated": false,
        "Dev_Desc": "PC 가이드",
        "id": 40001032,
        "alias": "Contents.Quest.Guide.1032",
        "text": "(Already\nI feel strong~!)"
    },
    "40001033": {
        "deprecated": false,
        "Dev_Desc": "동동 가이드",
        "id": 40001033,
        "alias": "Contents.Quest.Guide.1033",
        "text": "The <textColor=[255:204:102:255]>Soul</> you just obtained\nYou can use it right away~!"
    },
    "40001034": {
        "deprecated": false,
        "Dev_Desc": "동동 가이드",
        "id": 40001034,
        "alias": "Contents.Quest.Guide.1034",
        "text": "Huh nyang hoo nyang~ \nI'm going to go~"
    },
    "40001035": {
        "deprecated": false,
        "Dev_Desc": "PC 가이드",
        "id": 40001035,
        "alias": "Contents.Quest.Guide.1035",
        "text": "(Follow Arang\n<textColor=[110:216:175:255]>Let's go to Ereda's Barracks</>)"
    },
    "40001036": {
        "deprecated": false,
        "Dev_Desc": "아랑 가이드",
        "id": 40001036,
        "alias": "Contents.Quest.Guide.1036",
        "text": "<textColor=[255:204:102:255]><myHero.name/></>~\nYou're here~"
    },
    "40001037": {
        "deprecated": false,
        "Dev_Desc": "PC 가이드",
        "id": 40001037,
        "alias": "Contents.Quest.Guide.1037",
        "text": "(Hareum said <textColor=[78:148:215:255]>Daewon</>\nStand there)"
    },
    "40001038": {
        "deprecated": false,
        "Dev_Desc": "PC 가이드",
        "id": 40001038,
        "alias": "Contents.Quest.Guide.1038",
        "text": "(Let's ask that <textColor=[78:148:215:255]>Doha</> person\nwhat should I do)"
    },
    "40001039": {
        "deprecated": false,
        "Dev_Desc": "PC 가이드",
        "id": 40001039,
        "alias": "Contents.Quest.Guide.1039",
        "text": "(<textColor=[78:148:215:255]>You must meet\nthese people named Saho</>)"
    },
    "40001040": {
        "deprecated": false,
        "Dev_Desc": "PC 가이드",
        "id": 40001040,
        "alias": "Contents.Quest.Guide.1040",
        "text": "(For now, let's talk \nwith <textColor=[78:148:215:255]>Arang</>)"
    },
    "40001041": {
        "deprecated": false,
        "Dev_Desc": "PC 가이드",
        "id": 40001041,
        "alias": "Contents.Quest.Guide.1041",
        "text": "(There is a Barong dressed similar to Dong-dong)"
    },
    "40001042": {
        "deprecated": false,
        "Dev_Desc": "PC 가이드",
        "id": 40001042,
        "alias": "Contents.Quest.Guide.1042",
        "text": "(Let's ask if this is <textColor=[110:216:175:255]>Square</>\nthis is correct)"
    },
    "40001043": {
        "deprecated": false,
        "Dev_Desc": "PC 가이드",
        "id": 40001043,
        "alias": "Contents.Quest.Guide.1043",
        "text": "((<textColor=[255:204:102:255]>Guard Spirit</>what the hell is\nI'm very curious!)"
    },
    "40001044": {
        "deprecated": false,
        "Dev_Desc": "PC 가이드",
        "id": 40001044,
        "alias": "Contents.Quest.Guide.1044",
        "text": "(Let's use the \n<textColor=[255:204:102:255]>Summon Scroll</> you got from Dongdong!)"
    },
    "40001045": {
        "deprecated": false,
        "Dev_Desc": "PC 가이드",
        "id": 40001045,
        "alias": "Contents.Quest.Guide.1045",
        "text": "(Looks like you got \nsomething amazing!)"
    },
    "40001046": {
        "deprecated": false,
        "Dev_Desc": "PC 가이드",
        "id": 40001046,
        "alias": "Contents.Quest.Guide.1046",
        "text": "(<textColor=[110:216:175:255]>Square</> is said to be\nnot far from here)"
    },
    "40001047": {
        "deprecated": false,
        "Dev_Desc": "PC 가이드",
        "id": 40001047,
        "alias": "Contents.Quest.Guide.1047",
        "text": "(Come on, <textColor=[110:216:175:255]>Go to the square</>\nLet's meet Arang and Saho)"
    },
    "40001048": {
        "deprecated": false,
        "Dev_Desc": "아랑 가이드",
        "id": 40001048,
        "alias": "Contents.Quest.Guide.1048",
        "text": "Ah <textColor=[255:204:102:255]><myHero.name/></>!\nHere it is!"
    },
    "40001049": {
        "deprecated": false,
        "Dev_Desc": "PC 가이드",
        "id": 40001049,
        "alias": "Contents.Quest.Guide.1049",
        "text": "(The people around Arang seem to be\n<textColor=[78:148:215:255]>Saho</>)"
    },
    "40001050": {
        "deprecated": false,
        "Dev_Desc": "PC 가이드",
        "id": 40001050,
        "alias": "Contents.Quest.Guide.1050",
        "text": "(<textColor=[78:148:215:255]>Received a request from Saho</>)"
    },
    "40001051": {
        "deprecated": false,
        "Dev_Desc": "PC 가이드",
        "id": 40001051,
        "alias": "Contents.Quest.Guide.1051",
        "text": "(Solve the quest\n<textColor=[255:204:102:255]>Get the Medal of Merit</>!)"
    },
    "40001052": {
        "deprecated": false,
        "Dev_Desc": "PC 가이드",
        "id": 40001052,
        "alias": "Contents.Quest.Guide.1052",
        "text": "(You must solve Saho's request\n<textColor=[255:204:102:255]>Get a plaque of merit</>)"
    },
    "40001053": {
        "deprecated": false,
        "Dev_Desc": "PC 가이드",
        "id": 40001053,
        "alias": "Contents.Quest.Guide.1053",
        "text": "(<textColor=[255:204:102:255]>Your Achievement Plaque</>\nYou got all four of them!)"
    },
    "40001054": {
        "deprecated": false,
        "Dev_Desc": "PC 가이드",
        "id": 40001054,
        "alias": "Contents.Quest.Guide.1054",
        "text": "(<textColor=[110:216:175:255]>Let's go to Fisherman's Village</>!)"
    },
    "40001058": {
        "deprecated": false,
        "Dev_Desc": "아랑 가이드",
        "id": 40001058,
        "alias": "Contents.Quest.Guide.1058",
        "text": "Oh, it's a trembling Barong!"
    },
    "40001059": {
        "deprecated": false,
        "Dev_Desc": "PC 가이드",
        "id": 40001059,
        "alias": "Contents.Quest.Guide.1059",
        "text": "(<textColor=[78:148:215:255]>Younggyowon Herbalist</> seems to be\none of these)"
    },
    "40001060": {
        "deprecated": false,
        "Dev_Desc": "아랑 가이드",
        "id": 40001060,
        "alias": "Contents.Quest.Guide.1060",
        "text": "If you're a blue-skinned person,\nI think you're probably <textColor=[215:94:94:255]>blue</>."
    },
    "40001061": {
        "deprecated": false,
        "Dev_Desc": "아랑 가이드",
        "id": 40001061,
        "alias": "Contents.Quest.Guide.1061",
        "text": "Come on, <textColor=[110:216:175:255]>Go to the wreck</>\nLet's save the Barongs."
    },
    "40001062": {
        "deprecated": false,
        "Dev_Desc": "아랑 가이드",
        "id": 40001062,
        "alias": "Contents.Quest.Guide.1062",
        "text": "Ah! <textColor=[255:204:102:255]><myHero.name/></>!\nThe suspicious scroll is \noff!"
    },
    "40001063": {
        "deprecated": false,
        "Dev_Desc": "아랑 가이드",
        "id": 40001063,
        "alias": "Contents.Quest.Guide.1063",
        "text": "Things seem to be \nimminent!"
    },
    "40001064": {
        "deprecated": false,
        "Dev_Desc": "아랑 가이드",
        "id": 40001064,
        "alias": "Contents.Quest.Guide.1064",
        "text": "Let's go <textColor=[110:216:175:255]>Inside</>!"
    },
    "40001065": {
        "deprecated": false,
        "Dev_Desc": "링링 가이드",
        "id": 40001065,
        "alias": "Contents.Quest.Guide.1065",
        "text": "Ugh~!! \nLooks like everyone is safe!!"
    },
    "40001066": {
        "deprecated": false,
        "Dev_Desc": "PC 가이드",
        "id": 40001066,
        "alias": "Contents.Quest.Guide.1066",
        "text": "(Ah, <textColor=[78:148:215:255]>I was worried about Lingling</>\nI guess I followed him)"
    },
    "40001067": {
        "deprecated": false,
        "Dev_Desc": "아랑 가이드",
        "id": 40001067,
        "alias": "Contents.Quest.Guide.1067",
        "text": "Let's get the\n<textColor=[255:204:102:255]>Moonwort</> near the wreck."
    },
    "40001068": {
        "deprecated": false,
        "Dev_Desc": "아랑 가이드",
        "id": 40001068,
        "alias": "Contents.Quest.Guide.1068",
        "text": "Fortunately, <textColor=[215:94:94:255]>Pirate Hacho</>\nI think he's gone now."
    },
    "40001069": {
        "deprecated": false,
        "Dev_Desc": "PC 가이드",
        "id": 40001069,
        "alias": "Contents.Quest.Guide.1069",
        "text": "(<textColor=[255:204:102:255]>Half-moon candle</> found~!)"
    },
    "40001070": {
        "deprecated": false,
        "Dev_Desc": "PC 가이드",
        "id": 40001070,
        "alias": "Contents.Quest.Guide.1070",
        "text": "(Let's go back to <textColor=[78:148:215:255]>Lingling</>!)"
    },
    "40001071": {
        "deprecated": false,
        "Dev_Desc": "아랑 가이드",
        "id": 40001071,
        "alias": "Contents.Quest.Guide.1071",
        "text": "Let's tell <textColor=[78:148:215:255]>PerongPerong</>\nthe situation."
    },
    "40001072": {
        "deprecated": false,
        "Dev_Desc": "아랑 가이드",
        "id": 40001072,
        "alias": "Contents.Quest.Guide.1072",
        "text": "I got a <textColor=[255:204:102:255]>Medal of Merit</> from Younggyowon!"
    },
    "40001075": {
        "deprecated": false,
        "Dev_Desc": "PC 가이드",
        "id": 40001075,
        "alias": "Contents.Quest.Guide.1075",
        "text": "(Oh, this is Lim Yeon-soo! \nYou must be a real shooter)"
    },
    "40001076": {
        "deprecated": false,
        "Dev_Desc": "PC 가이드",
        "id": 40001076,
        "alias": "Contents.Quest.Guide.1076",
        "text": "(But you don't seem very trustworthy...)"
    },
    "40001077": {
        "deprecated": false,
        "Dev_Desc": "PC 가이드",
        "id": 40001077,
        "alias": "Contents.Quest.Guide.1077",
        "text": "(Let's find <textColor=[78:148:215:255]>Shimhayeon</>)"
    },
    "40001078": {
        "deprecated": false,
        "Dev_Desc": "아랑 가이드",
        "id": 40001078,
        "alias": "Contents.Quest.Guide.1078",
        "text": "Leave valuables\nand steal only <textColor=[255:204:102:255]>Food</>?"
    },
    "40001079": {
        "deprecated": false,
        "Dev_Desc": "아랑 가이드",
        "id": 40001079,
        "alias": "Contents.Quest.Guide.1079",
        "text": "I don't think you're a normal thief \nI guess? First, <textColor=[110:216:175:255]>Carpentry</> \n<textColor=[110:216:175:255]>Dwelling< Let's go to</>!"
    },
    "40001080": {
        "deprecated": false,
        "Dev_Desc": "아랑 가이드",
        "id": 40001080,
        "alias": "Contents.Quest.Guide.1080",
        "text": "For now, let's follow \nthe <textColor=[255:204:102:255]>footprint</>."
    },
    "40001081": {
        "deprecated": false,
        "Dev_Desc": "아랑 가이드",
        "id": 40001081,
        "alias": "Contents.Quest.Guide.1081",
        "text": "The culprit was <textColor=[215:94:94:255]>Western</>."
    },
    "40001082": {
        "deprecated": false,
        "Dev_Desc": "PC 가이드",
        "id": 40001082,
        "alias": "Contents.Quest.Guide.1082",
        "text": "(Let's pay \nfor stealing other people's stuff)"
    },
    "40001083": {
        "deprecated": false,
        "Dev_Desc": "아랑 가이드",
        "id": 40001083,
        "alias": "Contents.Quest.Guide.1083",
        "text": "I think there is a <textColor=[110:216:175:255]>Seoin base</> inside \n."
    },
    "40001084": {
        "deprecated": false,
        "Dev_Desc": "아랑 가이드",
        "id": 40001084,
        "alias": "Contents.Quest.Guide.1084",
        "text": "There are more \n<textColor=[215:94:94:255]>Westerns</> too."
    },
    "40001085": {
        "deprecated": false,
        "Dev_Desc": "아랑 가이드",
        "id": 40001085,
        "alias": "Contents.Quest.Guide.1085",
        "text": "We don't know \nwhat kind of accident it will cause, so let's deal with it!"
    },
    "40001086": {
        "deprecated": false,
        "Dev_Desc": "심하연 가이드",
        "id": 40001086,
        "alias": "Contents.Quest.Guide.1086",
        "text": "<textColor=[255:204:102:255]><myHero.name/></>,\nThis is it!"
    },
    "40001087": {
        "deprecated": false,
        "Dev_Desc": "PC 가이드",
        "id": 40001087,
        "alias": "Contents.Quest.Guide.1087",
        "text": "(Ah, <textColor=[78:148:215:255]>It's Deep Hayeon</>)"
    },
    "40001088": {
        "deprecated": false,
        "Dev_Desc": "아랑 가이드",
        "id": 40001088,
        "alias": "Contents.Quest.Guide.1088",
        "text": "Let's go to the \n<textColor=[110:216:175:255]>lakeside cottage</> west of here."
    },
    "40001089": {
        "deprecated": false,
        "Dev_Desc": "PC 가이드",
        "id": 40001089,
        "alias": "Contents.Quest.Guide.1089",
        "text": "(Let's examine <textColor=[255:204:102:255]>Stain</>)"
    },
    "40001090": {
        "deprecated": false,
        "Dev_Desc": "아랑 가이드",
        "id": 40001090,
        "alias": "Contents.Quest.Guide.1090",
        "text": "I think the red stain is\n<textColor=[215:94:94:255]>bloodstain</>!"
    },
    "40001091": {
        "deprecated": false,
        "Dev_Desc": "아랑 가이드",
        "id": 40001091,
        "alias": "Contents.Quest.Guide.1091",
        "text": "<textColor=[110:216:175:255]>The back of the house</> is\nwith bloodstains."
    },
    "40001092": {
        "deprecated": false,
        "Dev_Desc": "PC 가이드",
        "id": 40001092,
        "alias": "Contents.Quest.Guide.1092",
        "text": "(What's that dangerous looking \n?!)"
    },
    "40001093": {
        "deprecated": false,
        "Dev_Desc": "PC 가이드",
        "id": 40001093,
        "alias": "Contents.Quest.Guide.1093",
        "text": "(Let's get rid of it!)"
    },
    "40001094": {
        "deprecated": false,
        "Dev_Desc": "PC 가이드",
        "id": 40001094,
        "alias": "Contents.Quest.Guide.1094",
        "text": "(Whew... \nwhat is this <textColor=[215:94:94:255]>monster</>?)"
    },
    "40001095": {
        "deprecated": false,
        "Dev_Desc": "PC 가이드",
        "id": 40001095,
        "alias": "Contents.Quest.Guide.1095",
        "text": "(<textColor=[78:148:215:255]>Shimhayeon</>is waiting for you)"
    },
    "40001096": {
        "deprecated": false,
        "Dev_Desc": "아랑 가이드",
        "id": 40001096,
        "alias": "Contents.Quest.Guide.1096",
        "text": "I got a <textColor=[255:204:102:255]>Medal of Merit</> from the plum blossoms!"
    },
    "40001099": {
        "deprecated": false,
        "Dev_Desc": "아랑 가이드",
        "id": 40001099,
        "alias": "Contents.Quest.Guide.1099",
        "text": "I think that person is\n<textColor=[78:148:215:255]>Kwak Yu-ok</>."
    },
    "40001100": {
        "deprecated": false,
        "Dev_Desc": "아랑 가이드",
        "id": 40001100,
        "alias": "Contents.Quest.Guide.1100",
        "text": "Let's ask \nwhat happened."
    },
    "40001101": {
        "deprecated": false,
        "Dev_Desc": "아랑 가이드",
        "id": 40001101,
        "alias": "Contents.Quest.Guide.1101",
        "text": "Looks like the wagon received\n<textColor=[215:94:94:255]>Assault</>."
    },
    "40001102": {
        "deprecated": false,
        "Dev_Desc": "아랑 가이드",
        "id": 40001102,
        "alias": "Contents.Quest.Guide.1102",
        "text": "Let's get back the <textColor=[255:204:102:255]>Stolen cargo</>\n."
    },
    "40001103": {
        "deprecated": false,
        "Dev_Desc": "아랑 가이드",
        "id": 40001103,
        "alias": "Contents.Quest.Guide.1103",
        "text": "I think we have recovered everything!\nLet's go back now."
    },
    "40001104": {
        "deprecated": false,
        "Dev_Desc": "아랑 가이드",
        "id": 40001104,
        "alias": "Contents.Quest.Guide.1104",
        "text": "Up here on the hill\n<textColor=[110:216:175:255]>Vigilante Post</>."
    },
    "40001105": {
        "deprecated": false,
        "Dev_Desc": "아랑 가이드",
        "id": 40001105,
        "alias": "Contents.Quest.Guide.1105",
        "text": "Let's go and find out\nwhat's going on."
    },
    "40001106": {
        "deprecated": false,
        "Dev_Desc": "아랑 가이드",
        "id": 40001106,
        "alias": "Contents.Quest.Guide.1106",
        "text": "I think that person is a vigilante\n<textColor=[78:148:215:255]>Superintendent</>."
    },
    "40001107": {
        "deprecated": false,
        "Dev_Desc": "PC 가이드",
        "id": 40001107,
        "alias": "Contents.Quest.Guide.1107",
        "text": "(Ah! I ran away in an instant)"
    },
    "40001108": {
        "deprecated": false,
        "Dev_Desc": "아랑 가이드",
        "id": 40001108,
        "alias": "Contents.Quest.Guide.1108",
        "text": "Something is suspicious.\nLet's go after it."
    },
    "40001109": {
        "deprecated": false,
        "Dev_Desc": "아랑 가이드",
        "id": 40001109,
        "alias": "Contents.Quest.Guide.1109",
        "text": "Suddenly, vigilantes\n<textColor=[215:94:94:255]>attack</>! \nBe careful!"
    },
    "40001110": {
        "deprecated": false,
        "Dev_Desc": "PC 가이드",
        "id": 40001110,
        "alias": "Contents.Quest.Guide.1110",
        "text": "(Whew... \nI just suppressed it)"
    },
    "40001111": {
        "deprecated": false,
        "Dev_Desc": "아랑 가이드",
        "id": 40001111,
        "alias": "Contents.Quest.Guide.1111",
        "text": "I need to investigate the superintendent."
    },
    "40001112": {
        "deprecated": false,
        "Dev_Desc": "PC 가이드",
        "id": 40001112,
        "alias": "Contents.Quest.Guide.1112",
        "text": "(<textColor=[255:204:102:255]>Instructions from superiors</>la...\nWho is that?)"
    },
    "40001113": {
        "deprecated": false,
        "Dev_Desc": "아랑 가이드",
        "id": 40001113,
        "alias": "Contents.Quest.Guide.1113",
        "text": "Let's go back with this <textColor=[255:204:102:255]>Order</>\nfor now."
    },
    "40001114": {
        "deprecated": false,
        "Dev_Desc": "아랑 가이드",
        "id": 40001114,
        "alias": "Contents.Quest.Guide.1114",
        "text": "I got a <textColor=[255:204:102:255]>Medal of Merit</> from the picture show!"
    },
    "40001117": {
        "deprecated": false,
        "Dev_Desc": "아랑 가이드",
        "id": 40001117,
        "alias": "Contents.Quest.Guide.1117",
        "text": "I think this \nis enough."
    },
    "40001118": {
        "deprecated": false,
        "Dev_Desc": "아랑 가이드",
        "id": 40001118,
        "alias": "Contents.Quest.Guide.1118",
        "text": "Let's look for\n<textColor=[78:148:215:255]>Steelfist</> that is nearby."
    },
    "40001119": {
        "deprecated": false,
        "Dev_Desc": "아랑 가이드",
        "id": 40001119,
        "alias": "Contents.Quest.Guide.1119",
        "text": "I think this guy is\n<textColor=[78:148:215:255]>Steelfist</>"
    },
    "40001120": {
        "deprecated": false,
        "Dev_Desc": "아랑 가이드",
        "id": 40001120,
        "alias": "Contents.Quest.Guide.1120",
        "text": "I think this person...\nI think they are in unrequited love?"
    },
    "40001121": {
        "deprecated": false,
        "Dev_Desc": "아랑 가이드",
        "id": 40001121,
        "alias": "Contents.Quest.Guide.1121",
        "text": "Well, let's do it ourselves,\n<textColor=[110:216:175:255]>Luggage storage</>Let's go!"
    },
    "40001122": {
        "deprecated": false,
        "Dev_Desc": "아랑 가이드",
        "id": 40001122,
        "alias": "Contents.Quest.Guide.1122",
        "text": "I think this is <textColor=[110:216:175:255]>Luggage Storage</>."
    },
    "40001123": {
        "deprecated": false,
        "Dev_Desc": "아랑 가이드",
        "id": 40001123,
        "alias": "Contents.Quest.Guide.1123",
        "text": "Let's ask the <textColor=[78:148:215:255]>staff</> over there\nWhat's your own choice."
    },
    "40001124": {
        "deprecated": false,
        "Dev_Desc": "아랑 가이드",
        "id": 40001124,
        "alias": "Contents.Quest.Guide.1124",
        "text": "Wow... \nHe's a real rude person."
    },
    "40001125": {
        "deprecated": false,
        "Dev_Desc": "아랑 가이드",
        "id": 40001125,
        "alias": "Contents.Quest.Guide.1125",
        "text": "Let's sneak in first."
    },
    "40001126": {
        "deprecated": false,
        "Dev_Desc": "아랑 가이드",
        "id": 40001126,
        "alias": "Contents.Quest.Guide.1126",
        "text": "Ah, <textColor=[78:148:215:255]>employees</>\nwhat are you talking about."
    },
    "40001127": {
        "deprecated": false,
        "Dev_Desc": "아랑 가이드",
        "id": 40001127,
        "alias": "Contents.Quest.Guide.1127",
        "text": "Let's go back\nlet's eavesdrop."
    },
    "40001128": {
        "deprecated": false,
        "Dev_Desc": "아랑 가이드",
        "id": 40001128,
        "alias": "Contents.Quest.Guide.1128",
        "text": "Is it <textColor=[255:204:102:255]>Letter</> of Totalitarianism?"
    },
    "40001129": {
        "deprecated": false,
        "Dev_Desc": "아랑 가이드",
        "id": 40001129,
        "alias": "Contents.Quest.Guide.1129",
        "text": "Let's go to the place the staff said\n<textColor=[110:216:175:255]>Place</>!"
    },
    "40001130": {
        "deprecated": false,
        "Dev_Desc": "아랑 가이드",
        "id": 40001130,
        "alias": "Contents.Quest.Guide.1130",
        "text": "I'll have to deal with those <textColor=[215:94:94:255]>mercenaries</> first\n."
    },
    "40001131": {
        "deprecated": false,
        "Dev_Desc": "아랑 가이드",
        "id": 40001131,
        "alias": "Contents.Quest.Guide.1131",
        "text": "<textColor=[255:204:102:255]><myHero.name/></>, go on\nOpen that box."
    },
    "40001132": {
        "deprecated": false,
        "Dev_Desc": "아랑 가이드",
        "id": 40001132,
        "alias": "Contents.Quest.Guide.1132",
        "text": "Really <textColor=[255:204:102:255]>Letter</>?\nWhat does it say?"
    },
    "40001133": {
        "deprecated": false,
        "Dev_Desc": "아랑 가이드",
        "id": 40001133,
        "alias": "Contents.Quest.Guide.1133",
        "text": "I need to interrogate <textColor=[78:148:215:255]>Superintendent</>."
    },
    "40001134": {
        "deprecated": false,
        "Dev_Desc": "아랑 가이드",
        "id": 40001134,
        "alias": "Contents.Quest.Guide.1134",
        "text": "I'm just a dishonest\nperson. Haha."
    },
    "40001135": {
        "deprecated": false,
        "Dev_Desc": "아랑 가이드",
        "id": 40001135,
        "alias": "Contents.Quest.Guide.1135",
        "text": "I got\n<textColor=[255:204:102:255]>Medal of Merit</> from Geumgyeongcheolmun!"
    },
    "40001136": {
        "deprecated": false,
        "Dev_Desc": "뒷거래쥐 가이드",
        "id": 40001136,
        "alias": "Contents.Quest.Guide.1136",
        "text": "Squeak! Hey!"
    },
    "40001137": {
        "deprecated": false,
        "Dev_Desc": "PC 가이드",
        "id": 40001137,
        "alias": "Contents.Quest.Guide.1137",
        "text": "(Ah! <textColor=[78:148:215:255]>Suspicious Mouse</>\nBeckons)"
    },
    "40001138": {
        "deprecated": false,
        "Dev_Desc": "아랑 가이드",
        "id": 40001138,
        "alias": "Contents.Quest.Guide.1138",
        "text": "You said it doesn't matter?"
    },
    "40001139": {
        "deprecated": false,
        "Dev_Desc": "아랑 가이드",
        "id": 40001139,
        "alias": "Contents.Quest.Guide.1139",
        "text": "If I had enough money,\nit would be a <textColor=[255:204:102:255]>method</>!"
    },
    "40001140": {
        "deprecated": false,
        "Dev_Desc": "아랑 가이드",
        "id": 40001140,
        "alias": "Contents.Quest.Guide.1140",
        "text": "It's very expensive.\nYou saved time though!"
    },
    "40001146": {
        "deprecated": false,
        "Dev_Desc": "PC 가이드",
        "id": 40001146,
        "alias": "Contents.Quest.Guide.1146",
        "text": "(Come on, let's go\n<textColor=[78:148:215:255]>Let's meet Hareum</> again)"
    },
    "40001147": {
        "deprecated": false,
        "Dev_Desc": "PC 가이드",
        "id": 40001147,
        "alias": "Contents.Quest.Guide.1147",
        "text": "(Tell Harem that you've collected\nall of the <textColor=[255:204:102:255]>Medal of Merit</>!)"
    },
    "40001148": {
        "deprecated": false,
        "Dev_Desc": "PC 가이드",
        "id": 40001148,
        "alias": "Contents.Quest.Guide.1148",
        "text": "(What's going on?\nLet's follow)"
    },
    "40001149": {
        "deprecated": false,
        "Dev_Desc": "PC 가이드",
        "id": 40001149,
        "alias": "Contents.Quest.Guide.1149",
        "text": "(Hareum was <textColor=[255:204:102:255]>Shinsu</>...)"
    },
    "40001150": {
        "deprecated": false,
        "Dev_Desc": "PC 가이드",
        "id": 40001150,
        "alias": "Contents.Quest.Guide.1150",
        "text": "(For now, let's discuss the next day with <textColor=[78:148:215:255]>Arang</>\n)"
    },
    "40001151": {
        "deprecated": false,
        "Dev_Desc": "PC 가이드",
        "id": 40001151,
        "alias": "Contents.Quest.Guide.1151",
        "text": "(Arang says he's going to find\nfor <textColor=[255:204:102:255]>fertility</>)"
    },
    "40001152": {
        "deprecated": false,
        "Dev_Desc": "PC 가이드",
        "id": 40001152,
        "alias": "Contents.Quest.Guide.1152",
        "text": "(Oreum wants to do some <textColor=[255:204:102:255]>request</> to me?)"
    },
    "40001153": {
        "deprecated": false,
        "Dev_Desc": "PC 가이드",
        "id": 40001153,
        "alias": "Contents.Quest.Guide.1153",
        "text": "(There is said to be a <textColor=[255:204:102:255]>Vendor</> who exchanges medals for merit)"
    },
    "40001154": {
        "deprecated": false,
        "Dev_Desc": "PC 가이드",
        "id": 40001154,
        "alias": "Contents.Quest.Guide.1154",
        "text": "(<textColor=[255:204:102:255]>Request</> completed)"
    },
    "40001155": {
        "deprecated": false,
        "Dev_Desc": "PC 가이드",
        "id": 40001155,
        "alias": "Contents.Quest.Guide.1155",
        "text": "(Let's go to <textColor=[78:148:215:255]>Hareum</>)"
    },
    "40001156": {
        "deprecated": false,
        "Dev_Desc": "PC 가이드",
        "id": 40001156,
        "alias": "Contents.Quest.Guide.1156",
        "text": "(Waiting for you \nWhat are you doing...)"
    },
    "40001157": {
        "deprecated": false,
        "Dev_Desc": "PC 가이드",
        "id": 40001157,
        "alias": "Contents.Quest.Guide.1157",
        "text": "(Should I check that <textColor=[110:216:175:255]>Entrance</>?)"
    },
    "40001158": {
        "deprecated": false,
        "Dev_Desc": "PC 가이드",
        "id": 40001158,
        "alias": "Contents.Quest.Guide.1158",
        "text": "(What is this <textColor=[255:204:102:255]>Mystic Door</>?)"
    },
    "40001159": {
        "deprecated": false,
        "Dev_Desc": "PC 가이드",
        "id": 40001159,
        "alias": "Contents.Quest.Guide.1159",
        "text": "(It's like \nto be sucked in)"
    },
    "40001160": {
        "deprecated": false,
        "Dev_Desc": "PC 가이드",
        "id": 40001160,
        "alias": "Contents.Quest.Guide.1160",
        "text": "(here it is...)"
    },
    "40001161": {
        "deprecated": false,
        "Dev_Desc": "PC 가이드",
        "id": 40001161,
        "alias": "Contents.Quest.Guide.1161",
        "text": "(For now, let's explore \naround <textColor=[110:216:175:255]>\n)"
    },
    "40001162": {
        "deprecated": false,
        "Dev_Desc": "PC 가이드",
        "id": 40001162,
        "alias": "Contents.Quest.Guide.1162",
        "text": "(Let's kill the <textColor=[215:94:94:255]>Guardians</>\n)"
    },
    "40001163": {
        "deprecated": false,
        "Dev_Desc": "PC 가이드",
        "id": 40001163,
        "alias": "Contents.Quest.Guide.1163",
        "text": "(It feels like your body is kicking\n<textColor=[255:204:102:255]>new power</>\n)"
    },
    "40001164": {
        "deprecated": false,
        "Dev_Desc": "PC 가이드",
        "id": 40001164,
        "alias": "Contents.Quest.Guide.1164",
        "text": "(I think I can use the new <textColor=[255:204:102:255]>Light-Gong</>\n)"
    },
    "40001165": {
        "deprecated": false,
        "Dev_Desc": "PC 가이드",
        "id": 40001165,
        "alias": "Contents.Quest.Guide.1165",
        "text": "(Let's cross the water!)"
    },
    "40001166": {
        "deprecated": false,
        "Dev_Desc": "PC 가이드",
        "id": 40001166,
        "alias": "Contents.Quest.Guide.1166",
        "text": "(I got a new <textColor=[255:204:102:255]>Guard Spirit</>!)"
    },
    "40001167": {
        "deprecated": false,
        "Dev_Desc": "PC 가이드",
        "id": 40001167,
        "alias": "Contents.Quest.Guide.1167",
        "text": "(Now let's \nget out of this place!)"
    },
    "40001168": {
        "deprecated": false,
        "Dev_Desc": "PC 가이드",
        "id": 40001168,
        "alias": "Contents.Quest.Guide.1168",
        "text": "(I can get out!)"
    },
    "40001169": {
        "deprecated": false,
        "Dev_Desc": "PC 가이드",
        "id": 40001169,
        "alias": "Contents.Quest.Guide.1169",
        "text": "(Let's find what Arang said\n<textColor=[110:216:175:255]>Encampment</>)"
    },
    "40001170": {
        "deprecated": false,
        "Dev_Desc": "PC 가이드",
        "id": 40001170,
        "alias": "Contents.Quest.Guide.1170",
        "text": "(\nThis is the place Arang said!)"
    },
    "40001171": {
        "deprecated": false,
        "Dev_Desc": "PC 가이드",
        "id": 40001171,
        "alias": "Contents.Quest.Guide.1171",
        "text": "(Cute barongs are setting up\n<textColor=[110:216:175:255]>camp</>!)"
    },
    "40001172": {
        "deprecated": false,
        "Dev_Desc": "PC 가이드",
        "id": 40001172,
        "alias": "Contents.Quest.Guide.1172",
        "text": "(For now, let's get the <textColor=[215:94:94:255]>Guardians</>!)"
    },
    "40001173": {
        "deprecated": false,
        "Dev_Desc": "PC 가이드",
        "id": 40001173,
        "alias": "Contents.Quest.Guide.1173",
        "text": "(Let's go \nmore inside!)"
    },
    "40001174": {
        "deprecated": false,
        "Dev_Desc": "PC 가이드",
        "id": 40001174,
        "alias": "Contents.Quest.Guide.1174",
        "text": "(Where did it appear\nI think I was really surprised)"
    },
    "40001175": {
        "deprecated": false,
        "Dev_Desc": "PC 가이드",
        "id": 40001175,
        "alias": "Contents.Quest.Guide.1175",
        "text": "(Let's see if the glitter is\n<textColor=[255:204:102:255]>Fertility</>)"
    },
    "40001176": {
        "deprecated": false,
        "Dev_Desc": "PC 가이드",
        "id": 40001176,
        "alias": "Contents.Quest.Guide.1176",
        "text": "(then asks if other <textColor=[255:204:102:255]>fertility</>\nare useless\n)"
    },
    "40001177": {
        "deprecated": false,
        "Dev_Desc": "아랑 가이드",
        "id": 40001177,
        "alias": "Contents.Quest.Guide.1177",
        "text": "Haha, it's not like that. \nFirst, <textColor=[255:204:102:255]>Fertility</> is \nexpensive. "
    },
    "40001178": {
        "deprecated": false,
        "Dev_Desc": "아랑 가이드",
        "id": 40001178,
        "alias": "Contents.Quest.Guide.1178",
        "text": "That's why usually people \nlook for them with their eyes on \n."
    },
    "40001179": {
        "deprecated": false,
        "Dev_Desc": "아랑 가이드",
        "id": 40001179,
        "alias": "Contents.Quest.Guide.1179",
        "text": "And as you \nknow already\n<textColor=[215:94:94:255]>Sura</> in the case of "
    },
    "40001180": {
        "deprecated": false,
        "Dev_Desc": "아랑 가이드",
        "id": 40001180,
        "alias": "Contents.Quest.Guide.1180",
        "text": "Drain <textColor=[255:204:102:255]>Aura</> of fertility \nto extend \nYour Strength and Life. "
    },
    "40001181": {
        "deprecated": false,
        "Dev_Desc": "아랑 가이드",
        "id": 40001181,
        "alias": "Contents.Quest.Guide.1181",
        "text": "But they cannot \nabsorb fertility itself \n<textColor=[255:204:102:255]>directly</>, "
    },
    "40001182": {
        "deprecated": false,
        "Dev_Desc": "아랑 가이드",
        "id": 40001182,
        "alias": "Contents.Quest.Guide.1182",
        "text": "Someone is drawn to fertility\nto try to break the <textColor=[255:204:102:255]>seal</>\n."
    },
    "40001183": {
        "deprecated": false,
        "Dev_Desc": "PC 가이드",
        "id": 40001183,
        "alias": "Contents.Quest.Guide.1183",
        "text": "(He wants to hear \nmore) "
    },
    "40001184": {
        "deprecated": false,
        "Dev_Desc": "아랑 가이드",
        "id": 40001184,
        "alias": "Contents.Quest.Guide.1184",
        "text": "Did my story \nYou think it was interesting? haha"
    },
    "40001185": {
        "deprecated": false,
        "Dev_Desc": "아랑 가이드",
        "id": 40001185,
        "alias": "Contents.Quest.Guide.1185",
        "text": "But for now, let's finish \nthe investigation first."
    },
    "40001186": {
        "deprecated": false,
        "Dev_Desc": "PC 가이드",
        "id": 40001186,
        "alias": "Contents.Quest.Guide.1186",
        "text": "(Here is what Arang said\n<textColor=[110:216:175:255]>Cliff</>!)"
    },
    "40001187": {
        "deprecated": false,
        "Dev_Desc": "PC 가이드",
        "id": 40001187,
        "alias": "Contents.Quest.Guide.1187",
        "text": "(<textColor=[110:216:175:255]>Let's find\nOn the cliff</>!)"
    },
    "40001188": {
        "deprecated": false,
        "Dev_Desc": "PC 가이드",
        "id": 40001188,
        "alias": "Contents.Quest.Guide.1188",
        "text": "(Ah! There's something\nglittering over there!)"
    },
    "40001189": {
        "deprecated": false,
        "Dev_Desc": "아랑 가이드",
        "id": 40001189,
        "alias": "Contents.Quest.Guide.1189",
        "text": "That... <textColor=[255:204:102:255]>turquoise fertility</>?"
    },
    "40001190": {
        "deprecated": false,
        "Dev_Desc": "PC 가이드",
        "id": 40001190,
        "alias": "Contents.Quest.Guide.1190",
        "text": "(Do you want to give me what you're holding\n?)"
    },
    "40001191": {
        "deprecated": false,
        "Dev_Desc": "아랑 가이드",
        "id": 40001191,
        "alias": "Contents.Quest.Guide.1191",
        "text": "<textColor=[255:204:102:255]><myHero.name/></>! Are you okay??"
    },
    "40001192": {
        "deprecated": false,
        "Dev_Desc": "PC 가이드",
        "id": 40001192,
        "alias": "Contents.Quest.Guide.1192",
        "text": "(I'm surprised I can also absorb\nfertility)"
    },
    "40001193": {
        "deprecated": false,
        "Dev_Desc": "PC 가이드",
        "id": 40001193,
        "alias": "Contents.Quest.Guide.1193",
        "text": "(Let's go to the Void Pit for now!)"
    },
    "40001194": {
        "deprecated": false,
        "Dev_Desc": "PC 가이드",
        "id": 40001194,
        "alias": "Contents.Quest.Guide.1194",
        "text": "(There, <textColor=[78:148:215:255]>Rising</>\nWaiting for you!)"
    },
    "40001195": {
        "deprecated": false,
        "Dev_Desc": "PC 가이드",
        "id": 40001195,
        "alias": "Contents.Quest.Guide.1195",
        "text": "(<textColor=[255:204:102:255]>You must collect\nThe Bulwark's Core</>)"
    },
    "40001196": {
        "deprecated": false,
        "Dev_Desc": "PC 가이드",
        "id": 40001196,
        "alias": "Contents.Quest.Guide.1196",
        "text": "(anyone\ncan I ask?)"
    },
    "40001197": {
        "deprecated": false,
        "Dev_Desc": "PC 가이드",
        "id": 40001197,
        "alias": "Contents.Quest.Guide.1197",
        "text": "(Let's ask that person about\n<textColor=[215:94:94:255]>Burn-ahead</>!)"
    },
    "40001198": {
        "deprecated": false,
        "Dev_Desc": "PC 가이드",
        "id": 40001198,
        "alias": "Contents.Quest.Guide.1198",
        "text": "(Would you like to\nhunt <textColor=[215:94:94:255]>Burnout</>?)"
    },
    "40001200": {
        "deprecated": false,
        "Dev_Desc": "PC 가이드",
        "id": 40001200,
        "alias": "Contents.Quest.Guide.1200",
        "text": "(<textColor=[255:204:102:255]>donate money</> and \nI think I could buy it)"
    },
    "40001202": {
        "deprecated": false,
        "Dev_Desc": "PC 가이드",
        "id": 40001202,
        "alias": "Contents.Quest.Guide.1202",
        "text": "(Let's collect <textColor=[215:94:94:255]>From Weakened Bulwarks</>\n<textColor=[255:204:102:255]>Intact Core</>) "
    },
    "40001203": {
        "deprecated": false,
        "Dev_Desc": "PC 가이드",
        "id": 40001203,
        "alias": "Contents.Quest.Guide.1203",
        "text": "(Once, if you catch <textColor=[215:94:94:255]>Burn</>, it seems to come out \n)"
    },
    "40001205": {
        "deprecated": false,
        "Dev_Desc": "PC 가이드",
        "id": 40001205,
        "alias": "Contents.Quest.Guide.1205",
        "text": "(<textColor=[255:204:102:255]>donate money</> and \nI think I could buy it)"
    },
    "40001206": {
        "deprecated": false,
        "Dev_Desc": "PC 가이드",
        "id": 40001206,
        "alias": "Contents.Quest.Guide.1206",
        "text": "(Hareum's\ntask completed safely)"
    },
    "40001207": {
        "deprecated": false,
        "Dev_Desc": "PC 가이드",
        "id": 40001207,
        "alias": "Contents.Quest.Guide.1207",
        "text": "(<textColor=[78:148:215:255]>Hareum</> is visible.\nLet's go and report the result)"
    },
    "40001208": {
        "deprecated": false,
        "Dev_Desc": "PC 가이드",
        "id": 40001208,
        "alias": "Contents.Quest.Guide.1208",
        "text": "(<textColor=[78:148:215:255]>Arang</> is said to follow\nafter)"
    },
    "40001209": {
        "deprecated": false,
        "Dev_Desc": "PC 가이드",
        "id": 40001209,
        "alias": "Contents.Quest.Guide.1209",
        "text": "(Hareum told me\n<textColor=[110:216:175:255]>Let's go to the Deep Cemetery Forest</>)"
    },
    "40001210": {
        "deprecated": false,
        "Dev_Desc": "PC 가이드",
        "id": 40001210,
        "alias": "Contents.Quest.Guide.1210",
        "text": "(Let's clean up\nthe things that clutter the forest)"
    },
    "40001211": {
        "deprecated": false,
        "Dev_Desc": "PC 가이드",
        "id": 40001211,
        "alias": "Contents.Quest.Guide.1211",
        "text": "(<textColor=[215:94:94:255]>Monsters</> cleaned up a bit\n)"
    },
    "40001212": {
        "deprecated": false,
        "Dev_Desc": "PC 가이드",
        "id": 40001212,
        "alias": "Contents.Quest.Guide.1212",
        "text": "(Go inside\nLet's meet <textColor=[78:148:215:255]>Hareum</>)"
    },
    "40001214": {
        "deprecated": false,
        "Dev_Desc": "PC 가이드",
        "id": 40001214,
        "alias": "Contents.Quest.Guide.1214",
        "text": "(<textColor=[255:204:102:255]>Let's absorb\nTomo's Fertility</>)"
    },
    "40001215": {
        "deprecated": false,
        "Dev_Desc": "PC 가이드",
        "id": 40001215,
        "alias": "Contents.Quest.Guide.1215",
        "text": "(Inside the open door\n<textColor=[215:94:94:255]>there is a bigger guard</>!)"
    },
    "40001216": {
        "deprecated": false,
        "Dev_Desc": "PC 가이드",
        "id": 40001216,
        "alias": "Contents.Quest.Guide.1216",
        "text": "(<textColor=[110:216:175:255]>mysterious device</> appeared before your eyes!)"
    },
    "40001217": {
        "deprecated": false,
        "Dev_Desc": "PC 가이드",
        "id": 40001217,
        "alias": "Contents.Quest.Guide.1217",
        "text": "(I think this is Ereda Doha)"
    },
    "40001218": {
        "deprecated": false,
        "Dev_Desc": "PC 가이드",
        "id": 40001218,
        "alias": "Contents.Quest.Guide.1218",
        "text": "(Ah! \nThe Ereda member Doha I met at Gunta is standing there)"
    },
    "40001219": {
        "deprecated": false,
        "Dev_Desc": "반달 에픽 이름",
        "id": 40001219,
        "alias": "Contents.Quest.Guide.1219",
        "text": "Red plum, the leader of the plum flower group"
    },
    "40001220": {
        "deprecated": false,
        "Dev_Desc": "홍매화 가이드",
        "id": 40001220,
        "alias": "Contents.Quest.Guide.1220",
        "text": "Wait, <textColor=[255:204:102:255]><myHero.name/></>.\nI have something more to tell you."
    },
    "40001221": {
        "deprecated": false,
        "Dev_Desc": "심하연 가이드",
        "id": 40001221,
        "alias": "Contents.Quest.Guide.1221",
        "text": "<textColor=[255:204:102:255]><myHero.name/></>. Hang on a minute~"
    },
    "40001222": {
        "deprecated": false,
        "Dev_Desc": "PC 가이드",
        "id": 40001222,
        "alias": "Contents.Quest.Guide.1222",
        "text": "(Finally, we found Hongrin's core!\nLet's use Chukji to go back to Suwol Port!)"
    },
    "40001223": {
        "deprecated": false,
        "Dev_Desc": "뭉게구름 가이드",
        "id": 40001223,
        "alias": "Contents.Quest.Guide.1223",
        "text": "Here! Hang on a minute!\nI have something to tell you!"
    },
    "40001224": {
        "deprecated": false,
        "Dev_Desc": "PC 가이드",
        "id": 40001224,
        "alias": "Contents.Quest.Guide.1224",
        "text": "(It is said that there is a gift of support \nfrom the residents of Vandal Lake for the finalists~!)"
    },
    "40001225": {
        "deprecated": false,
        "Dev_Desc": "PC 가이드",
        "id": 40001225,
        "alias": "Contents.Quest.Guide.1225",
        "text": "(As the revealed ruins\nIf you use the chutes, you can get there faster~!)"
    },
    "40001226": {
        "deprecated": false,
        "Dev_Desc": "임연수 가이드",
        "id": 40001226,
        "alias": "Contents.Quest.Guide.1226",
        "text": "You idiot, the medicine is getting weaker!\nGo to the stadium right now!!!"
    },
    "40001227": {
        "deprecated": false,
        "Dev_Desc": "임연수 가이드",
        "id": 40001227,
        "alias": "Contents.Quest.Guide.1227",
        "text": "Daeeobang shotgun Lim Yeonsu"
    },
    "40001228": {
        "deprecated": false,
        "Dev_Desc": "심하연 가이드",
        "id": 40001228,
        "alias": "Contents.Quest.Guide.1228",
        "text": "Cool! Sorry for being late!\nWhat's wrong with all this?"
    },
    "40001229": {
        "deprecated": false,
        "Dev_Desc": "임연수 가이드",
        "id": 40001229,
        "alias": "Contents.Quest.Guide.1229",
        "text": "Come on, my privates!!\nKhahahaha!!"
    },
    "40001230": {
        "deprecated": false,
        "Dev_Desc": "임연수 가이드",
        "id": 40001230,
        "alias": "Contents.Quest.Guide.1230",
        "text": "What are you doing!?\nYou're going to kill that guy right now!!"
    },
    "40001231": {
        "deprecated": false,
        "Dev_Desc": "임연수 가이드",
        "id": 40001231,
        "alias": "Contents.Quest.Guide.1231",
        "text": "Ugh... Mo... Your body...\nYour body is a bit strange?!"
    },
    "40001232": {
        "deprecated": false,
        "Dev_Desc": "PC 가이드",
        "id": 40001232,
        "alias": "Contents.Quest.Guide.1232",
        "text": "(Oh my God, <textColor=[215:94:94:255]>Lim Yeon-soo</>\nwhat the hell did you do!!!)"
    },
    "40001233": {
        "deprecated": false,
        "Dev_Desc": "임연수 가이드",
        "id": 40001233,
        "alias": "Contents.Quest.Guide.1233",
        "text": "Hey! There you nigga!\nCome here right now!"
    },
    "40001234": {
        "deprecated": false,
        "Dev_Desc": "PC 가이드",
        "id": 40001234,
        "alias": "Contents.Quest.Guide.1234",
        "text": "(Elite Westerners\nLet's cheer up!)"
    },
    "40001235": {
        "deprecated": false,
        "Dev_Desc": "PC 가이드",
        "id": 40001235,
        "alias": "Contents.Quest.Guide.1235",
        "text": "(Fish thieves also\nI think they stole the cargo)"
    },
    "40001236": {
        "deprecated": false,
        "Dev_Desc": "PC 가이드",
        "id": 40001236,
        "alias": "Contents.Quest.Guide.1236",
        "text": "(Let's retrieve the cargo that the crab thieves\ntaken\n too!)"
    },
    "40001237": {
        "deprecated": false,
        "Dev_Desc": "아랑 가이드",
        "id": 40001237,
        "alias": "Contents.Quest.Guide.1237",
        "text": "<textColor=[255:204:102:255]><myHero.name/></>~!\nThis is it~"
    },
    "40001238": {
        "deprecated": false,
        "Dev_Desc": "PC 가이드",
        "id": 40001238,
        "alias": "Contents.Quest.Guide.1238",
        "text": "(Arang will arrive soon)"
    }
}