{
    "40005000": {
        "deprecated": false,
        "Dev_Desc": "반달스페셜_5000_0_PC(사용X)",
        "id": 40005000,
        "alias": "Contents.Quest.Guide.5000",
        "text": "(Let's ask the rancher \nwhat's going on)"
    },
    "40005001": {
        "deprecated": false,
        "Dev_Desc": "반달스페셜_5000_1_PC",
        "id": 40005001,
        "alias": "Contents.Quest.Guide.5001",
        "text": "(There are more things to do than you think.\nLet's move quickly)"
    },
    "40005002": {
        "deprecated": false,
        "Dev_Desc": "반달스페셜_5000_2_PC",
        "id": 40005002,
        "alias": "Contents.Quest.Guide.5002",
        "text": "(Some hay left, let's put it in the <textColor=[110:216:175:255]>Storage</>)"
    },
    "40005003": {
        "deprecated": false,
        "Dev_Desc": "반달스페셜_5000_2_PC",
        "id": 40005003,
        "alias": "Contents.Quest.Guide.5003",
        "text": "(The leaves of Samyojeong\nYou only need this)"
    },
    "40005004": {
        "deprecated": false,
        "Dev_Desc": "반달스페셜_5000_2_PC",
        "id": 40005004,
        "alias": "Contents.Quest.Guide.5004",
        "text": "(Hay batch seems\ncompleted)"
    },
    "40005005": {
        "deprecated": false,
        "Dev_Desc": "반달스페셜_5000_4_PC",
        "id": 40005005,
        "alias": "Contents.Quest.Guide.5005",
        "text": "(There are other <textColor=[255:204:102:255]>sheep corpses</>)"
    },
    "40005006": {
        "deprecated": false,
        "Dev_Desc": "반달스페셜_5000_4_PC",
        "id": 40005006,
        "alias": "Contents.Quest.Guide.5006",
        "text": "(Let's follow the <textColor=[255:204:102:255]>Sheep corpses</>)"
    },
    "40005007": {
        "deprecated": false,
        "Dev_Desc": "반달스페셜_5000_5_투엽단",
        "id": 40005007,
        "alias": "Contents.Quest.Guide.5007",
        "text": "Do not come close!!!"
    },
    "40005008": {
        "deprecated": false,
        "Dev_Desc": "반달스페셜_5000_6_PC",
        "id": 40005008,
        "alias": "Contents.Quest.Guide.5008",
        "text": "(The identities of these are questionable.\nLet's follow the <textColor=[255:204:102:255]>Sheep corpses</> again)"
    },
    "40005009": {
        "deprecated": false,
        "Dev_Desc": "반달스페셜_5000_7_투엽단",
        "id": 40005009,
        "alias": "Contents.Quest.Guide.5009",
        "text": "Do not approach!!!"
    },
    "40005010": {
        "deprecated": false,
        "Dev_Desc": "반달스페셜_5000_8_PC",
        "id": 40005010,
        "alias": "Contents.Quest.Guide.5010",
        "text": "(I think the culprit\nwho killed the ranch animal was <textColor=[215:94:94:255]>Bubbles</>)"
    },
    "40005011": {
        "deprecated": false,
        "Dev_Desc": "반달스페셜_5000_9_PC",
        "id": 40005011,
        "alias": "Contents.Quest.Guide.5011",
        "text": "(Let's punish\nthe criminals who did terrible things!)"
    },
    "40005012": {
        "deprecated": false,
        "Dev_Desc": "반달스페셜_5001_1_PC",
        "id": 40005012,
        "alias": "Contents.Quest.Guide.5012",
        "text": "(Let's go back to <textColor=[78:148:215:255]>Kimmail</>\nLet's explain what we did)"
    },
    "40005013": {
        "deprecated": false,
        "Dev_Desc": "반달스페셜_5001_1_PC",
        "id": 40005013,
        "alias": "Contents.Quest.Guide.5013",
        "text": "(Oh, what is this?\n<textColor=[215:94:94:255]>Lim Yeonsu</>'s seal\n<textColor=[255:204:102:255]>Pocket bag </> found)"
    },
    "40005014": {
        "deprecated": false,
        "Dev_Desc": "반달스페셜_5001_1_PC",
        "id": 40005014,
        "alias": "Contents.Quest.Guide.5014",
        "text": "(Maybe it means that <textColor=[215:94:94:255]>Lim Yeon-soo</> had \n<textColor=[78:148:215:255]>Bubble wing</> also communicated? ?"
    },
    "40005015": {
        "deprecated": false,
        "Dev_Desc": "반달스페셜_5001_1_PC",
        "id": 40005015,
        "alias": "Contents.Quest.Guide.5015",
        "text": "(Let's go \nto the abandoned tile house</> that Shim Ha-yeon said\n<textColor=[110:216:175:255]>\n)"
    },
    "40005016": {
        "deprecated": false,
        "Dev_Desc": "반달스페셜_5100_1_PC",
        "id": 40005016,
        "alias": "Contents.Quest.Guide.5016",
        "text": "(A blue man \nruns quickly)"
    },
    "40005017": {
        "deprecated": false,
        "Dev_Desc": "반달스페셜_5100_1_PC",
        "id": 40005017,
        "alias": "Contents.Quest.Guide.5017",
        "text": "(Is the author \nthe buyer of <textColor=[78:148:215:255]>Saho</>? \nLet's go and ask if that's true)"
    },
    "40005018": {
        "deprecated": false,
        "Dev_Desc": "반달스페셜_5100_3_매수된 창도단 치연",
        "id": 40005018,
        "alias": "Contents.Quest.Guide.5018",
        "text": "Where can I see your skills?"
    },
    "40005019": {
        "deprecated": false,
        "Dev_Desc": "반달스페셜_5100_4_PC",
        "id": 40005019,
        "alias": "Contents.Quest.Guide.5019",
        "text": "Stop, stop!\nThat's enough."
    },
    "40005020": {
        "deprecated": false,
        "Dev_Desc": "반달스페셜_5100_5_매수된 창도단 치연",
        "id": 40005020,
        "alias": "Contents.Quest.Guide.5020",
        "text": "That <textColor=[215:94:94:255]>monster</> is\nup from our base."
    },
    "40005021": {
        "deprecated": false,
        "Dev_Desc": "반달스페셜_5101_1_PC",
        "id": 40005021,
        "alias": "Contents.Quest.Guide.5021",
        "text": "This way!"
    },
    "40005022": {
        "deprecated": false,
        "Dev_Desc": "반달스페셜_5101_1_PC",
        "id": 40005022,
        "alias": "Contents.Quest.Guide.5022",
        "text": "(I can't help it...\nI have no choice but to investigate that...)"
    },
    "40005023": {
        "deprecated": false,
        "Dev_Desc": "반달스페셜_5101_2_PC",
        "id": 40005023,
        "alias": "Contents.Quest.Guide.5023",
        "text": "(There seems to be \nthat monster inside this place)"
    },
    "40005024": {
        "deprecated": false,
        "Dev_Desc": "반달스페셜_5101_2_PC",
        "id": 40005024,
        "alias": "Contents.Quest.Guide.5024",
        "text": "(Hurry up \nLet's \nkill the giant frog monster)"
    },
    "40005025": {
        "deprecated": false,
        "Dev_Desc": "반달스페셜_5101_3_PC",
        "id": 40005025,
        "alias": "Contents.Quest.Guide.5025",
        "text": "(Because I didn't forget \nthe head of the dog and took it)"
    },
    "40005026": {
        "deprecated": false,
        "Dev_Desc": "반달스페셜_5101_3_PC",
        "id": 40005026,
        "alias": "Contents.Quest.Guide.5026",
        "text": "(<textColor=[110:216:175:255]>Go to the spearhead's tent</>\nlet's sacrifice the monster's head)"
    },
    "40005027": {
        "deprecated": false,
        "Dev_Desc": "반달스페셜_5101_4_PC",
        "id": 40005027,
        "alias": "Contents.Quest.Guide.5027",
        "text": "(I asked for a solo\n<textColor=[215:94:94:255]>stone fist</>and got angry \nfor being cocky)"
    },
    "40005028": {
        "deprecated": false,
        "Dev_Desc": "반달스페셜_5101_4_PC",
        "id": 40005028,
        "alias": "Contents.Quest.Guide.5028",
        "text": "(Let's go back to <textColor=[78:148:215:255]>Chiyeon</>\nand ask if there is a way)"
    },
    "40005029": {
        "deprecated": false,
        "Dev_Desc": "반달스페셜_5101_5_PC",
        "id": 40005029,
        "alias": "Contents.Quest.Guide.5029",
        "text": "(<textColor=[215:94:94:255]>I think I'll have to give you a present to win the favor of Stonefist</>)"
    },
    "40005030": {
        "deprecated": false,
        "Dev_Desc": "반달스페셜_5101_5_PC",
        "id": 40005030,
        "alias": "Contents.Quest.Guide.5030",
        "text": "(As Chi-Yeon said, \n<textColor=[215:94:94:255]>Go to the boulder base</>\n<textColor=[255:204:102:255]>Truth Let's find the sword</>)"
    },
    "40005031": {
        "deprecated": false,
        "Dev_Desc": "반달스페셜_5101_7_PC",
        "id": 40005031,
        "alias": "Contents.Quest.Guide.5031",
        "text": "(<textColor=[110:216:175:255]>The troop leader's tent</> seems to be over there\n)"
    },
    "40005032": {
        "deprecated": false,
        "Dev_Desc": "반달스페셜_5102_2_PC",
        "id": 40005032,
        "alias": "Contents.Quest.Guide.5032",
        "text": "(found an expensive looking\n<textColor=[255:204:102:255]>sword</> in a chest)"
    },
    "40005033": {
        "deprecated": false,
        "Dev_Desc": "반달스페셜_5102_3_PC",
        "id": 40005033,
        "alias": "Contents.Quest.Guide.5033",
        "text": "(This seems to be \n<textColor=[255:204:102:255]>Sword of Truth</>.\nLet's get it and go back)"
    },
    "40005034": {
        "deprecated": false,
        "Dev_Desc": "반달스페셜_5102_3_PC",
        "id": 40005034,
        "alias": "Contents.Quest.Guide.5034",
        "text": "(Um... I guess I was just scared\nI got drunk...?)"
    },
    "40005035": {
        "deprecated": false,
        "Dev_Desc": "반달스페셜_5102_3_PC",
        "id": 40005035,
        "alias": "Contents.Quest.Guide.5035",
        "text": "(Anyway, the opportunity seems to have arrived\nLet's investigate the boss's tent)"
    },
    "40005036": {
        "deprecated": false,
        "Dev_Desc": "반달스페셜_5102_4_PC",
        "id": 40005036,
        "alias": "Contents.Quest.Guide.5036",
        "text": "(Ah, I found out! I have no choice but to escape\nI have to kill you)"
    },
    "40005037": {
        "deprecated": false,
        "Dev_Desc": "반달스페셜_5102_4_PC",
        "id": 40005037,
        "alias": "Contents.Quest.Guide.5037",
        "text": "(I don't seem to have found anything that stands out\n)"
    },
    "40005038": {
        "deprecated": false,
        "Dev_Desc": "반달스페셜_5102_4_PC",
        "id": 40005038,
        "alias": "Contents.Quest.Guide.5038",
        "text": "(I took the evidence.\nLet's bring it to <textColor=[78:148:215:255]>Shim Ha-yeon</>)"
    },
    "40005039": {
        "deprecated": false,
        "Dev_Desc": "반달스페셜_5102_4_PC",
        "id": 40005039,
        "alias": "Contents.Quest.Guide.5039",
        "text": "You, what are you doing now!!\nYou are an intruder! You are an intruder!!"
    },
    "40005040": {
        "deprecated": false,
        "Dev_Desc": "반달스페셜_5102_4_창도단 참모 짝다리",
        "id": 40005040,
        "alias": "Contents.Quest.Guide.5040",
        "text": "(…Certain damage required...\n -Punch <textColor=[215:94:94:255]>Buckets</>)"
    },
    "40005041": {
        "deprecated": false,
        "Dev_Desc": "반달스페셜_5102_5_PC",
        "id": 40005041,
        "alias": "Contents.Quest.Guide.5041",
        "text": "(Let's go to <textColor=[110:216:175:255]>Abandoned tile house</> to meet <textColor=[255:204:102:255]>Chiyeon</>)"
    },
    "40005042": {
        "deprecated": false,
        "Dev_Desc": "반달스페셜_5102_6_매수단 창도단 치연",
        "id": 40005042,
        "alias": "Contents.Quest.Guide.5042",
        "text": "Shh! This way!"
    },
    "40005043": {
        "deprecated": false,
        "Dev_Desc": "반달스페셜_5102_7_PC",
        "id": 40005043,
        "alias": "Contents.Quest.Guide.5043",
        "text": "(Let's go to the \n<textColor=[110:216:175:255]>Abandoned Tile House</> where we first met Chi-yeon)"
    },
    "40005044": {
        "deprecated": false,
        "Dev_Desc": "반달스페셜_5102_9_PC",
        "id": 40005044,
        "alias": "Contents.Quest.Guide.5044",
        "text": "(Is this what it is?\nI can't help but hope so)"
    },
    "40005045": {
        "deprecated": false,
        "Dev_Desc": "반달스페셜_5200_2_PC",
        "id": 40005045,
        "alias": "Contents.Quest.Guide.5045",
        "text": "(<textColor=[110:216:175:255]>Near Deep Cemetery Forest</> and\nCheck <textColor=[110:216:175:255]>Shady Swamp</> )"
    },
    "40005046": {
        "deprecated": false,
        "Dev_Desc": "반달스페셜_5200_2_PC",
        "id": 40005046,
        "alias": "Contents.Quest.Guide.5046",
        "text": "(Let's start with the Shade Swamp)"
    },
    "40005047": {
        "deprecated": false,
        "Dev_Desc": "반달스페셜_5200_3_PC",
        "id": 40005047,
        "alias": "Contents.Quest.Guide.5047",
        "text": "(I think I've seen enough.\nNow let's go to the forest)"
    },
    "40005048": {
        "deprecated": false,
        "Dev_Desc": "반달스페셜_5200_4_PC",
        "id": 40005048,
        "alias": "Contents.Quest.Guide.5048",
        "text": "(Children seem to have been dragged\nto the forest by someone)"
    },
    "40005049": {
        "deprecated": false,
        "Dev_Desc": "반달스페셜_5200_4_PC",
        "id": 40005049,
        "alias": "Contents.Quest.Guide.5049",
        "text": "(I think I'll have to go into the forest\ncheck it)"
    },
    "40005050": {
        "deprecated": false,
        "Dev_Desc": "반달스페셜_5201_3_PC",
        "id": 40005050,
        "alias": "Contents.Quest.Guide.5050",
        "text": "(The surrounding area seems to have been cleaned up.\nLet's find <textColor=[255:204:102:255]>Dongja-ryeong</>)"
    },
    "40005051": {
        "deprecated": false,
        "Dev_Desc": "반달스페셜_5201_4_PC",
        "id": 40005051,
        "alias": "Contents.Quest.Guide.5051",
        "text": "(<textColor=[255:204:102:255]>Dongja-ryeong</> disappeared in front of my eyes.\nLet's clean up the area and look for it again!)"
    },
    "40005052": {
        "deprecated": false,
        "Dev_Desc": "반달스페셜_5201_5_PC",
        "id": 40005052,
        "alias": "Contents.Quest.Guide.5052",
        "text": "(The surrounding area seems to have been cleaned up.\nLet's find <textColor=[255:204:102:255]>Dongja-ryeong</>)"
    },
    "40005053": {
        "deprecated": false,
        "Dev_Desc": "반달스페셜_5201_7_PC",
        "id": 40005053,
        "alias": "Contents.Quest.Guide.5053",
        "text": "(That <textColor=[255:204:102:255]>Dongja-ryeong</> seems to tell \nthe location of the children \n)"
    },
    "40005054": {
        "deprecated": false,
        "Dev_Desc": "반달스페셜_5201_7_PC",
        "id": 40005054,
        "alias": "Contents.Quest.Guide.5054",
        "text": "(Let's continue\nfollow that <textColor=[255:204:102:255]>Dongja-ryeong</>)"
    },
    "40005055": {
        "deprecated": false,
        "Dev_Desc": "반달스페셜_5202_1_PC",
        "id": 40005055,
        "alias": "Contents.Quest.Guide.5055",
        "text": "(<textColor=[255:204:102:255]>Dongja-ryeong</> disappeared in front of you,\nAfter cleaning up the area,\nLet's look for it again!)"
    },
    "40005056": {
        "deprecated": false,
        "Dev_Desc": "반달스페셜_5202_2_PC",
        "id": 40005056,
        "alias": "Contents.Quest.Guide.5056",
        "text": "(The surroundings seem to have been cleaned up.\nLet's look for <textColor=[255:204:102:255]>Dongja-ryeong</>)"
    },
    "40005057": {
        "deprecated": false,
        "Dev_Desc": "반달스페셜_5202_6_PC",
        "id": 40005057,
        "alias": "Contents.Quest.Guide.5057",
        "text": "(The surrounding area seems to have been cleaned up.\nLet's find <textColor=[255:204:102:255]>Dongja-ryeong</>)"
    },
    "40005058": {
        "deprecated": false,
        "Dev_Desc": "반달스페셜_5202_7_PC",
        "id": 40005058,
        "alias": "Contents.Quest.Guide.5058",
        "text": "(<textColor=[255:204:102:255]>Dongja-ryeong</> disappeared before my eyes.\nLet's go a little further)"
    },
    "40005059": {
        "deprecated": false,
        "Dev_Desc": "반달스페셜_5202_9_PC",
        "id": 40005059,
        "alias": "Contents.Quest.Guide.5059",
        "text": "(You can see Dongja-ryeong over there.\nLet's chase it before it disappears)"
    },
    "40005060": {
        "deprecated": false,
        "Dev_Desc": "반달스페셜_5202_11_PC",
        "id": 40005060,
        "alias": "Contents.Quest.Guide.5060",
        "text": "(The disappeared <textColor=[255:204:102:255]>Dongja-ryeong</>\nappeared again)"
    },
    "40005061": {
        "deprecated": false,
        "Dev_Desc": "반달스페셜_5300_1_PC",
        "id": 40005061,
        "alias": "Contents.Quest.Guide.5061",
        "text": "(I thought I heard it around here...\nDid I hear it wrong?)"
    },
    "40005062": {
        "deprecated": false,
        "Dev_Desc": "반달스페셜_5300_1_PC",
        "id": 40005062,
        "alias": "Contents.Quest.Guide.5062",
        "text": "Is there no one?! Aigoo~\nI can't wait to die!!"
    },
    "40005063": {
        "deprecated": false,
        "Dev_Desc": "반달스페셜_5300_5_PC",
        "id": 40005063,
        "alias": "Contents.Quest.Guide.5063",
        "text": "(Dispose of the eroded monsters, \nlet's go to the <textColor=[110:216:175:255]>Suwa temporary base</>)"
    },
    "40005064": {
        "deprecated": false,
        "Dev_Desc": "반달스페셜_5301_3_PC",
        "id": 40005064,
        "alias": "Contents.Quest.Guide.5064",
        "text": "(<textColor=[78:148:215:255]>Let's go back to the Suwa chief</>)"
    },
    "40005065": {
        "deprecated": false,
        "Dev_Desc": "반달스페셜_5301_3_낙오된 수와족",
        "id": 40005065,
        "alias": "Contents.Quest.Guide.5065",
        "text": "I got lost...\nThank you!!"
    },
    "40005066": {
        "deprecated": false,
        "Dev_Desc": "반달스페셜_5400_0_PC(사용X)",
        "id": 40005066,
        "alias": "Contents.Quest.Guide.5066",
        "text": "Ugh! No!!\n<textColor=[215:94:94:255]>Big Mountain</>!! Even you!!!!"
    },
    "40005067": {
        "deprecated": false,
        "Dev_Desc": "반달스페셜_5400_1_PC",
        "id": 40005067,
        "alias": "Contents.Quest.Guide.5067",
        "text": "<textColor=[255:204:102:255]><myHero.name/></>, \nLook at me for a second."
    },
    "40005068": {
        "deprecated": false,
        "Dev_Desc": "반달스페셜_5400_2_PC",
        "id": 40005068,
        "alias": "Contents.Quest.Guide.5068",
        "text": "(Let's catch <textColor=[215:94:94:255]>Lim Yeonsu</> before you run away)"
    },
    "40005069": {
        "deprecated": false,
        "Dev_Desc": "반달스페셜_5400_4_총타주 임연수",
        "id": 40005069,
        "alias": "Contents.Quest.Guide.5069",
        "text": "(That barong seems to be the same\ndongdong I saw before)"
    },
    "40005070": {
        "deprecated": false,
        "Dev_Desc": "반달스페셜_5400_5_매화단 책임자 홍매화",
        "id": 40005070,
        "alias": "Contents.Quest.Guide.5070",
        "text": "(Let's go find <textColor=[78:148:215:255]>Lim Yeonsu</>)"
    },
    "40005071": {
        "deprecated": false,
        "Dev_Desc": "반달스페셜_5400_6_PC",
        "id": 40005071,
        "alias": "Contents.Quest.Guide.5071",
        "text": "(The demons of \n<textColor=[78:148:215:255]>Lim Yeonsu</> that were cast on Lake Vandal are \nall removed!)"
    },
    "40005072": {
        "deprecated": false,
        "Dev_Desc": "반달스페셜_5400_6_PC",
        "id": 40005072,
        "alias": "Contents.Quest.Guide.5072",
        "text": "(I don't think I can delay any longer. \nShould I take a boat to the <textColor=[110:216:175:255]>Sun Moon Continent</>?)"
    },
    "40005073": {
        "deprecated": false,
        "Dev_Desc": "반달스페셜_5000_1_PC",
        "id": 40005073,
        "alias": "Contents.Quest.Guide.5073",
        "text": "(<textColor=[110:216:175:255]>Let's go\nto the new Daeeobang Gunta</>!)"
    },
    "40005074": {
        "deprecated": false,
        "Dev_Desc": "반달스페셜 이름",
        "id": 40005074,
        "alias": "Contents.Quest.Guide.5074",
        "text": "The Mysterious Flock"
    },
    "40005075": {
        "deprecated": false,
        "Dev_Desc": "반달스페셜 이름",
        "id": 40005075,
        "alias": "Contents.Quest.Guide.5075",
        "text": "Purchased Spear Team Chiyeon"
    },
    "40005076": {
        "deprecated": false,
        "Dev_Desc": "반달스페셜 이름",
        "id": 40005076,
        "alias": "Contents.Quest.Guide.5076",
        "text": "Fugitive Lim Yeonsu"
    },
    "40005077": {
        "deprecated": false,
        "Dev_Desc": "반달스페셜 이름",
        "id": 40005077,
        "alias": "Contents.Quest.Guide.5077",
        "text": "Red plum, the leader of the plum flower group"
    },
    "40005078": {
        "deprecated": false,
        "Dev_Desc": "반달스페셜 이름",
        "id": 40005078,
        "alias": "Contents.Quest.Guide.5078",
        "text": "Younggyowon Dong-dong"
    },
    "40005079": {
        "deprecated": false,
        "Dev_Desc": "반달스페셜_5400_2_PC",
        "id": 40005079,
        "alias": "Contents.Quest.Guide.5079",
        "text": "(<textColor=[110:216:175:255]>Go to Suwol Port Shipyard</>)"
    },
    "40005080": {
        "deprecated": false,
        "Dev_Desc": "반달스페셜_5301_1_와와",
        "id": 40005080,
        "alias": "Contents.Quest.Guide.5080",
        "text": "The village chief will be \nin the house up there!"
    },
    "40005081": {
        "deprecated": false,
        "Dev_Desc": "반달스페셜_5200_1_PC",
        "id": 40005081,
        "alias": "Contents.Quest.Guide.5081",
        "text": "(It looks like Kwak Sa's here,\nThere is no one here)"
    },
    "40005082": {
        "deprecated": false,
        "Dev_Desc": "반달스페셜_5200_1_PC",
        "id": 40005082,
        "alias": "Contents.Quest.Guide.5082",
        "text": "(It looks like you went out \nto find the child)"
    },
    "40005083": {
        "deprecated": false,
        "Dev_Desc": "반달스페셜_5101_7_PC",
        "id": 40005083,
        "alias": "Contents.Quest.Guide.5083",
        "text": "(Let's find the <textColor=[255:204:102:255]>Sword of Truth</> \nwhile dealing with the obstructive swordsmen)"
    },
    "40005084": {
        "deprecated": false,
        "Dev_Desc": "반달스페셜_5202_5_PC",
        "id": 40005084,
        "alias": "Contents.Quest.Guide.5084",
        "text": "(Where did the \n<textColor=[255:204:102:255]>Dongja-ryeong</> you just seen go?)"
    },
    "40005085": {
        "deprecated": false,
        "Dev_Desc": "반달스페셜_5202_5_PC",
        "id": 40005085,
        "alias": "Contents.Quest.Guide.5085",
        "text": "(The field of view is not secured\nLet's try to find it while tidying up the surroundings)"
    },
    "40005086": {
        "deprecated": false,
        "Dev_Desc": "반달스페셜 이름",
        "id": 40005086,
        "alias": "Contents.Quest.Guide.5086",
        "text": "Spear Guard Staff Pair"
    },
    "40005087": {
        "deprecated": false,
        "Dev_Desc": "반달스페셜 이름",
        "id": 40005087,
        "alias": "Contents.Quest.Guide.5087",
        "text": "The Suwas left behind"
    },
    "40005088": {
        "deprecated": false,
        "Dev_Desc": "반달스페셜 이름",
        "id": 40005088,
        "alias": "Contents.Quest.Guide.5088",
        "text": "Suwa Wah"
    },
    "40005089": {
        "deprecated": false,
        "Dev_Desc": "반달스페셜_5101_3_PC",
        "id": 40005089,
        "alias": "Contents.Quest.Guide.5089",
        "text": "(Let's go and report to <textColor=[78:148:215:255]>Chiyeon</>)"
    },
    "40005090": {
        "deprecated": false,
        "Dev_Desc": "반달스페셜_5102_7_PC",
        "id": 40005090,
        "alias": "Contents.Quest.Guide.5090",
        "text": "(Let's use the \n<textColor=[255:204:102:255]>Signature</> given by Chi-Yeon here)"
    },
    "40005091": {
        "deprecated": false,
        "Dev_Desc": "반달스페셜_5102_8_PC",
        "id": 40005091,
        "alias": "Contents.Quest.Guide.5091",
        "text": "(<textColor=[78:148:215:255]>Let's wait for Deep Hayeon</>)"
    },
    "40005092": {
        "deprecated": false,
        "Dev_Desc": "반달스페셜_5102_9_PC",
        "id": 40005092,
        "alias": "Contents.Quest.Guide.5092",
        "text": "(<textColor=[78:148:215:255]>It's Deep Ha Yeon</>!)"
    },
    "40005093": {
        "deprecated": false,
        "Dev_Desc": "반달스페셜_5301_3_PC",
        "id": 40005093,
        "alias": "Contents.Quest.Guide.5093",
        "text": "(Now there seems to be no more lost Suwas\n)"
    },
    "40005094": {
        "deprecated": false,
        "Dev_Desc": "반달스페셜_5000_1_PC",
        "id": 40005094,
        "alias": "Contents.Quest.Guide.5094",
        "text": "(The leaves of the bald lice are\nall you need)"
    },
    "40005095": {
        "deprecated": false,
        "Dev_Desc": "반달스페셜_5301_4_PC",
        "id": 40005095,
        "alias": "Contents.Quest.Guide.5095",
        "text": "Is this fake?!\nWhere is he!!!"
    },
    "40005096": {
        "deprecated": false,
        "Dev_Desc": "반달스페셜_5000_2_PC",
        "id": 40005096,
        "alias": "Contents.Quest.Guide.5096",
        "text": "Here! Hang on a minute!\nI have something to tell you!"
    },
    "40005097": {
        "deprecated": false,
        "Dev_Desc": "반달스페셜_5301_3_PC",
        "id": 40005097,
        "alias": "Contents.Quest.Guide.5097",
        "text": "I almost got lost all day.\nThank you so much!!"
    },
    "40005098": {
        "deprecated": false,
        "Dev_Desc": "반달스페셜_5301_3_PC",
        "id": 40005098,
        "alias": "Contents.Quest.Guide.5098",
        "text": "Go over there?\nThank you!"
    },
    "40005099": {
        "deprecated": false,
        "Dev_Desc": "반달스페셜_5000_2_PC",
        "id": 40005099,
        "alias": "Contents.Quest.Guide.5099",
        "text": "(Good hay is ready\nLet's put it on the ranch)"
    },
    "40005100": {
        "deprecated": false,
        "Dev_Desc": "반달스페셜_5202_PC",
        "id": 40005100,
        "alias": "Contents.Quest.Guide.5100",
        "text": "(Ask what you did with the child)"
    },
    "40005101": {
        "deprecated": false,
        "Dev_Desc": "반달스페셜_5202_위험해 보이는 자",
        "id": 40005101,
        "alias": "Contents.Quest.Guide.5101",
        "text": "Sheesh, you don't know!"
    },
    "40005102": {
        "deprecated": false,
        "Dev_Desc": "이반달스페셜 이름름",
        "id": 40005102,
        "alias": "Contents.Quest.Guide.5102",
        "text": "Looking Dangerous"
    },
    "40005103": {
        "deprecated": false,
        "Dev_Desc": "반달스페셜_5102_2_PC",
        "id": 40005103,
        "alias": "Contents.Quest.Guide.5103",
        "text": "(Catch <textColor=[215:94:94:255]>Tiger</>\nLet's get <textColor=[255:204:102:255]>Leather</>)"
    },
    "40005104": {
        "deprecated": false,
        "Dev_Desc": "반달스페셜_5102_3_PC",
        "id": 40005104,
        "alias": "Contents.Quest.Guide.5104",
        "text": "(Is this enough?\nLet's go back to <textColor=[215:94:94:255]>Stonefist</>)"
    },
    "40005105": {
        "deprecated": false,
        "Dev_Desc": "반달스페셜_5102_1_PC",
        "id": 40005105,
        "alias": "Contents.Quest.Guide.5105",
        "text": "(I found a sword in a chest.\n<textColor=[255:204:102:255]>I think it's a sword of truth</>)"
    },
    "40005106": {
        "deprecated": false,
        "Dev_Desc": "반달스페셜_5102_1_PC",
        "id": 40005106,
        "alias": "Contents.Quest.Guide.5106",
        "text": "(Before returning,\nLet's get <textColor=[255:204:102:255]>Tiger skin</> first, which Chiyeon told me to take)"
    },
    "40005107": {
        "deprecated": false,
        "Dev_Desc": "반달스페셜_5102_4_PC",
        "id": 40005107,
        "alias": "Contents.Quest.Guide.5107",
        "text": "(Dong Ja-ryeong disappeared again.\nLooking around...)"
    },
    "40005108": {
        "deprecated": false,
        "Dev_Desc": "반달스페셜_5102_1_PC",
        "id": 40005108,
        "alias": "Contents.Quest.Guide.5108",
        "text": "(I see another child!\nLet's approach it quickly)"
    },
    "40005109": {
        "deprecated": false,
        "Dev_Desc": "반달스페셜_5300_1_PC",
        "id": 40005109,
        "alias": "Contents.Quest.Guide.5109",
        "text": "No one is there!!\nSoo and save Sue!!!"
    },
    "40005110": {
        "deprecated": false,
        "Dev_Desc": "반달스페셜_5300_1_PC",
        "id": 40005110,
        "alias": "Contents.Quest.Guide.5110",
        "text": "(Um? I think I heard something\nWhich one? That one?)"
    },
    "40005111": {
        "deprecated": false,
        "Dev_Desc": "반달스페셜_5300_1_PC",
        "id": 40005111,
        "alias": "Contents.Quest.Guide.5111",
        "text": "(That's obvious!)"
    }
}