{
    "30030000": {
        "deprecated": false,
        "Dev_Desc": "태록림서브_30000_0_견주리 (기본)",
        "id": 30030000,
        "alias": "Contents.Gossip.30000",
        "text": "<textColor=[78:148:215:255]>Hope</> where are you going... we need to eat."
    },
    "30030001": {
        "deprecated": false,
        "Dev_Desc": "태록림서브_30000_0_견주리 (완료 후)",
        "id": 30030001,
        "alias": "Contents.Gossip.30001",
        "text": "<textColor=[78:148:215:255]>Hope</> will do well in heaven, right?"
    },
    "30030002": {
        "deprecated": false,
        "Dev_Desc": "태록림서브_30001_0_수양 순찰대원 서황태 (기본)",
        "id": 30030002,
        "alias": "Contents.Gossip.30002",
        "text": "I want to help my colleagues, but... \nLet's focus on patrolling for now."
    },
    "30030003": {
        "deprecated": false,
        "Dev_Desc": "태록림서브_30001_2_생태림 순찰대원 고다리 (기본)",
        "id": 30030003,
        "alias": "Contents.Gossip.30003",
        "text": "Help me. I don't want to go inside... "
    },
    "30030004": {
        "deprecated": false,
        "Dev_Desc": "태록림서브_30002_0_농부 삼모작 (기본)",
        "id": 30030004,
        "alias": "Contents.Gossip.30004",
        "text": "<textColor=[215:94:94:255]>Anger gnats</> These guys... \nI'm going to die because of them."
    },
    "30030005": {
        "deprecated": false,
        "Dev_Desc": "태록림서브_30002_0_농부 삼모작 (완료 후)",
        "id": 30030005,
        "alias": "Contents.Gossip.30005",
        "text": "Shall we plant again?"
    },
    "30030006": {
        "deprecated": false,
        "Dev_Desc": "태록림서브_30100_0_독전문가 사길미 (기본)",
        "id": 30030006,
        "alias": "Contents.Gossip.30006",
        "text": "Poison or medicine! \nIt depends on how you use it."
    },
    "30030007": {
        "deprecated": false,
        "Dev_Desc": "태록림서브_30100_0_독전문가 사길미 (완료 후)",
        "id": 30030007,
        "alias": "Contents.Gossip.30007",
        "text": "Amazing. Try it wrapped in vegetables!"
    },
    "30030008": {
        "deprecated": false,
        "Dev_Desc": "태록림서브_30101_0_수양대원 안보영 (기본)",
        "id": 30030008,
        "alias": "Contents.Gossip.30008",
        "text": "How did he... how did he get a job there?"
    },
    "30030009": {
        "deprecated": false,
        "Dev_Desc": "태록림서브_30102_0_비류하 (개척지 거점), 헌화 완료전",
        "id": 30030009,
        "alias": "Contents.Gossip.30009",
        "text": "I've come all the way here, shall I try?"
    },
    "30030010": {
        "deprecated": false,
        "Dev_Desc": "태록림서브_30200_0_비전예",
        "id": 30030010,
        "alias": "Contents.Gossip.30010",
        "text": "Even after a long time... \nIt's still a beautiful place."
    },
    "30030011": {
        "deprecated": false,
        "Dev_Desc": "태록림서브_30201_0_수양대원 목치본",
        "id": 30030011,
        "alias": "Contents.Gossip.30011",
        "text": "<textColor=[215:94:94:255]>Daeseong of Paradise</>! Let's figure out how you feel today!"
    },
    "30030012": {
        "deprecated": false,
        "Dev_Desc": "난모루지 102701",
        "id": 30030012,
        "alias": "Contents.Gossip.30012",
        "text": "I don't know. Don't talk to me."
    },
    "30030013": {
        "deprecated": false,
        "Dev_Desc": "마을 주민 102702",
        "id": 30030013,
        "alias": "Contents.Gossip.30013",
        "text": "Why can't I see <textColor=[78:148:215:255]>that big dog</> these days?"
    },
    "30030014": {
        "deprecated": false,
        "Dev_Desc": "마을 주민 102703",
        "id": 30030014,
        "alias": "Contents.Gossip.30014",
        "text": "<textColor=[78:148:215:255]>hope</>? Sometimes when I was walking, she greeted me and said hello..."
    },
    "30030015": {
        "deprecated": false,
        "Dev_Desc": "마을 주민 102704",
        "id": 30030015,
        "alias": "Contents.Gossip.30015",
        "text": "<textColor=[78:148:215:255]>Hope</> likes me more.\nHe runs to me every day when he sees me!"
    },
    "30030016": {
        "deprecated": false,
        "Dev_Desc": "순찰 대원 102706",
        "id": 30030016,
        "alias": "Contents.Gossip.30016",
        "text": "We can't protect everything.\nLet's do it in moderation."
    },
    "30030017": {
        "deprecated": false,
        "Dev_Desc": "순찰 대원 102707",
        "id": 30030017,
        "alias": "Contents.Gossip.30017",
        "text": "We can't protect everything, but... \nLet's do our best."
    },
    "30030018": {
        "deprecated": false,
        "Dev_Desc": "순찰대원 102709",
        "id": 30030018,
        "alias": "Contents.Gossip.30018",
        "text": "Seriously... \nIf you need to patrol the streets more, you should quit training."
    },
    "30030019": {
        "deprecated": false,
        "Dev_Desc": "순찰대원 102710",
        "id": 30030019,
        "alias": "Contents.Gossip.30019",
        "text": "How did you get assigned to such a place?"
    },
    "30030020": {
        "deprecated": false,
        "Dev_Desc": "이모작",
        "id": 30030020,
        "alias": "Contents.Gossip.30020",
        "text": "Hey, let's farm moderately. \nYou guys work too hard."
    },
    "30030021": {
        "deprecated": false,
        "Dev_Desc": "사모작",
        "id": 30030021,
        "alias": "Contents.Gossip.30021",
        "text": "You should draw as many as you can while you can."
    },
    "30030022": {
        "deprecated": false,
        "Dev_Desc": "수비대원 102716",
        "id": 30030022,
        "alias": "Contents.Gossip.30022",
        "text": "Many people and supplies come and go. \nIt should be that safe."
    },
    "30030023": {
        "deprecated": false,
        "Dev_Desc": "수비대원 102717",
        "id": 30030023,
        "alias": "Contents.Gossip.30023",
        "text": "Leave the base to defend."
    },
    "30030024": {
        "deprecated": false,
        "Dev_Desc": "오대야",
        "id": 30030024,
        "alias": "Contents.Gossip.30024",
        "text": "If you commit a crime, you should be paid."
    },
    "30030025": {
        "deprecated": false,
        "Dev_Desc": "수양대원 102726",
        "id": 30030025,
        "alias": "Contents.Gossip.30025",
        "text": "There is nothing wrong with work!"
    },
    "30030026": {
        "deprecated": false,
        "Dev_Desc": "수양대원 102727",
        "id": 30030026,
        "alias": "Contents.Gossip.30026",
        "text": "Shall we go somewhere gloomy and get some rest..."
    },
    "30030027": {
        "deprecated": false,
        "Dev_Desc": "구구",
        "id": 30030027,
        "alias": "Contents.Gossip.30027",
        "text": "When will you come! I'm generous... I'm patient!"
    },
    "30030028": {
        "deprecated": false,
        "Dev_Desc": "거비나",
        "id": 30030028,
        "alias": "Contents.Gossip.30028",
        "text": "I don't know when it will come out again... be careful."
    },
    "30030029": {
        "deprecated": false,
        "Dev_Desc": "이름표 없는 대원",
        "id": 30030029,
        "alias": "Contents.Gossip.30029",
        "text": "Why are you so tired? You're too heavy..."
    },
    "30030030": {
        "deprecated": false,
        "Dev_Desc": "난아녀",
        "id": 30030030,
        "alias": "Contents.Gossip.30030",
        "text": "Win! It's all about me!"
    },
    "30030031": {
        "deprecated": false,
        "Dev_Desc": "정찰대원 102745",
        "id": 30030031,
        "alias": "Contents.Gossip.30031",
        "text": "Won't the <textColor=[215:94:94:255]>Paradises</> suddenly attack with your troops?"
    },
    "30030032": {
        "deprecated": false,
        "Dev_Desc": "정찰대원 102746",
        "id": 30030032,
        "alias": "Contents.Gossip.30032",
        "text": "When is <textColor=[215:94:94:255]>Popbal</> hunting this week?"
    },
    "30030033": {
        "deprecated": false,
        "Dev_Desc": "국나비",
        "id": 30030033,
        "alias": "Contents.Gossip.30033",
        "text": "Where is <textColor=[110:216:175:255]>Unexpected Jadrak</>?\nI think I'm almost there..."
    },
    "30030034": {
        "deprecated": false,
        "Dev_Desc": "난아녀",
        "id": 30030034,
        "alias": "Contents.Gossip.30034",
        "text": "How can I not make the <textColor=[215:94:94:255]>Parbalgi</> extinct?"
    },
    "30030035": {
        "deprecated": false,
        "Dev_Desc": "장민예",
        "id": 30030035,
        "alias": "Contents.Gossip.30035",
        "text": "Ugh! I care. I care."
    },
    "30030036": {
        "deprecated": false,
        "Dev_Desc": "30006 홍매화",
        "id": 30030036,
        "alias": "Contents.Gossip.30036",
        "text": "Now, until the passage is raided...?\nA countermeasure must be taken."
    },
    "30030037": {
        "deprecated": false,
        "Dev_Desc": "30108 곽호룡",
        "id": 30030037,
        "alias": "Contents.Gossip.30037",
        "text": "Hey, you're reluctant. But why don't you see <textColor=[78:148:215:255]>PerongPerong</>\nIllustration of it?"
    },
    "30030038": {
        "deprecated": false,
        "Dev_Desc": "30109 영교원 수련원",
        "id": 30030038,
        "alias": "Contents.Gossip.30038",
        "text": "I'm so worried...\nAren't the other barongs scary...?"
    },
    "30030039": {
        "deprecated": false,
        "Dev_Desc": "30205 강철주먹",
        "id": 30030039,
        "alias": "Contents.Gossip.30039",
        "text": "No, how are you going to\nprepare this today?"
    },
    "30030040": {
        "deprecated": false,
        "Dev_Desc": "30206 곽호룡",
        "id": 30030040,
        "alias": "Contents.Gossip.30040",
        "text": "This year's special <textColor=[255:204:102:255]>Sunrise</> takes a long time to prepare.\nI'm going to need something sharp."
    },
    "30030041": {
        "deprecated": false,
        "Dev_Desc": "30207 오름",
        "id": 30030041,
        "alias": "Contents.Gossip.30041",
        "text": "<textColor=[215:94:94:255]>The Black Dawn</>... How did you expand the number so quickly.\nHow did it happen?"
    },
    "30030042": {
        "deprecated": false,
        "Dev_Desc": "30110 잿빛바람",
        "id": 30030042,
        "alias": "Contents.Gossip.30042",
        "text": "Hey, what's wrong with this! <textColor=[78:148:215:255]>Weeping</>what's wrong!!"
    }
}