{
    "30045000": {
        "deprecated": false,
        "Dev_Desc": "비옥스페셜_45100_0_금경철문 호수석 (연구지)",
        "id": 30045000,
        "alias": "Contents.Gossip.45000",
        "text": "A good work comes from a good stone!"
    },
    "30045001": {
        "deprecated": false,
        "Dev_Desc": "비옥스페셜_45101_2_매화단 청수국 (고원길)",
        "id": 30045001,
        "alias": "Contents.Gossip.45001",
        "text": "It looks a bit difficult... is it overkill?"
    },
    "30045002": {
        "deprecated": false,
        "Dev_Desc": "비옥스페셜_45101_5_매화단 청수국 (용머리곶)",
        "id": 30045002,
        "alias": "Contents.Gossip.45002",
        "text": "Let's just do it in moderation and withdraw..."
    },
    "30045003": {
        "deprecated": false,
        "Dev_Desc": "도화상전 온영인 (풍백문)_103300",
        "id": 30045003,
        "alias": "Contents.Gossip.45003",
        "text": "Fortunately this time, we were able to maintain a surplus."
    },
    "30045004": {
        "deprecated": false,
        "Dev_Desc": "도화상전 온영인 (풍백문)_103300",
        "id": 30045004,
        "alias": "Contents.Gossip.45004",
        "text": "But is this okay?"
    },
    "30045005": {
        "deprecated": false,
        "Dev_Desc": "도화상전 온영인 (풍백문)_103301",
        "id": 30045005,
        "alias": "Contents.Gossip.45005",
        "text": "If you do this and that, will you become something?"
    },
    "30045006": {
        "deprecated": false,
        "Dev_Desc": "도화상전 온영인 (풍백문)_103333",
        "id": 30045006,
        "alias": "Contents.Gossip.45006",
        "text": "It has to change..."
    },
    "30045007": {
        "deprecated": false,
        "Dev_Desc": "박대비",
        "id": 30045007,
        "alias": "Contents.Gossip.45007",
        "text": "Calm down... it'll work out."
    }
}