{
    "91000001": {
        "deprecated": false,
        "Dev_Desc": "어설픈가면",
        "id": 91000001,
        "alias": "Contents.Item.Desc.1000001",
        "text": "[T]>Clumsy Mask Costume Description"
    },
    "91000026": {
        "deprecated": false,
        "Dev_Desc": "남도파도복",
        "id": 91000026,
        "alias": "Contents.Item.Desc.1000026",
        "text": "[T]>Namdo Wave Costume Description"
    },
    "91000027": {
        "deprecated": false,
        "Dev_Desc": "강적",
        "id": 91000027,
        "alias": "Contents.Item.Desc.1000027",
        "text": "[T]Description of strong enemy costumes"
    },
    "91000028": {
        "deprecated": false,
        "Dev_Desc": "푸른밤의 귀검사",
        "id": 91000028,
        "alias": "Contents.Item.Desc.1000028",
        "text": "[T]Blue Night Ear Swordsman Costume Description"
    },
    "91000029": {
        "deprecated": false,
        "Dev_Desc": "귀족의 맹신",
        "id": 91000029,
        "alias": "Contents.Item.Desc.1000029",
        "text": "Description of [T]>nobleman's blind god costume"
    },
    "91000030": {
        "deprecated": false,
        "Dev_Desc": "무투가의 의지",
        "id": 91000030,
        "alias": "Contents.Item.Desc.1000030",
        "text": "[T]Description of the will of the fighters"
    },
    "91000031": {
        "deprecated": false,
        "Dev_Desc": "수행자의 기도",
        "id": 91000031,
        "alias": "Contents.Item.Desc.1000031",
        "text": "[T]Explanation of the monk's prayer costume"
    },
    "91000032": {
        "deprecated": false,
        "Dev_Desc": "앙시족 대전사",
        "id": 91000032,
        "alias": "Contents.Item.Desc.1000032",
        "text": "Description of the [T]Angsi Wars of War"
    },
    "91000033": {
        "deprecated": false,
        "Dev_Desc": "축제구경꾼(아랍)",
        "id": 91000033,
        "alias": "Contents.Item.Desc.1000033",
        "text": "[T]Festival Spectator (Arab) Costume Description"
    },
    "91000034": {
        "deprecated": false,
        "Dev_Desc": "청풍파 의복",
        "id": 91000034,
        "alias": "Contents.Item.Desc.1000034",
        "text": "[T]Description of blue wave clothing"
    },
    "91000035": {
        "deprecated": false,
        "Dev_Desc": "무술대회 복장B",
        "id": 91000035,
        "alias": "Contents.Item.Desc.1000035",
        "text": "[T]>Martial Arts Competition Dress B Costume Description"
    },
    "91000036": {
        "deprecated": false,
        "Dev_Desc": "게르만 복장",
        "id": 91000036,
        "alias": "Contents.Item.Desc.1000036",
        "text": "[T]Germanic Costume Description"
    },
    "91000037": {
        "deprecated": false,
        "Dev_Desc": "대어방주의 옷",
        "id": 91000037,
        "alias": "Contents.Item.Desc.1000037",
        "text": "[T]Description of Daeeo Ark's clothes"
    },
    "91000038": {
        "deprecated": false,
        "Dev_Desc": "앙시의원복(여성용)",
        "id": 91000038,
        "alias": "Contents.Item.Desc.1000038",
        "text": "[T]Description of the [T]Ansi Dress (Women's) Costume"
    },
    "91000039": {
        "deprecated": false,
        "Dev_Desc": "앙시주민 의복",
        "id": 91000039,
        "alias": "Contents.Item.Desc.1000039",
        "text": "Description of [T]Anxi Resident's Clothing"
    },
    "91000040": {
        "deprecated": false,
        "Dev_Desc": "은룡회 의복",
        "id": 91000040,
        "alias": "Contents.Item.Desc.1000040",
        "text": "[T]Description of Silver Dragon's Costume"
    },
    "91000041": {
        "deprecated": false,
        "Dev_Desc": "골드케퍼모스",
        "id": 91000041,
        "alias": "Contents.Item.Desc.1000041",
        "text": "[T]Gold Kepper Moss Costume Description"
    },
    "91000042": {
        "deprecated": false,
        "Dev_Desc": "골드케퍼의복",
        "id": 91000042,
        "alias": "Contents.Item.Desc.1000042",
        "text": "[T]Gold Kepper Costume Description"
    },
    "91000043": {
        "deprecated": false,
        "Dev_Desc": "고도시환락가 의복",
        "id": 91000043,
        "alias": "Contents.Item.Desc.1000043",
        "text": "[T]>Description of the clothes of the old city entertainment district"
    },
    "91000044": {
        "deprecated": false,
        "Dev_Desc": "고도시빈민가 의복",
        "id": 91000044,
        "alias": "Contents.Item.Desc.1000044",
        "text": "[T]Old Urban Slum Clothing Description"
    },
    "91000045": {
        "deprecated": false,
        "Dev_Desc": "고도시관광객 의복",
        "id": 91000045,
        "alias": "Contents.Item.Desc.1000045",
        "text": "[T]>Description of the clothes of the old city tourists"
    },
    "91000046": {
        "deprecated": false,
        "Dev_Desc": "피난처 주민 의복",
        "id": 91000046,
        "alias": "Contents.Item.Desc.1000046",
        "text": "[T]Description of the Refuge Resident's Clothing"
    },
    "91000047": {
        "deprecated": false,
        "Dev_Desc": "에레다분대원 의복",
        "id": 91000047,
        "alias": "Contents.Item.Desc.1000047",
        "text": "[T]Ereda Squad Member Costume Description"
    },
    "91000048": {
        "deprecated": false,
        "Dev_Desc": "오름의 옷",
        "id": 91000048,
        "alias": "Contents.Item.Desc.1000048",
        "text": "[T]Oreum's clothing description"
    },
    "91000049": {
        "deprecated": false,
        "Dev_Desc": "가름의 옷",
        "id": 91000049,
        "alias": "Contents.Item.Desc.1000049",
        "text": "[T]Gareum's clothing description"
    },
    "91000050": {
        "deprecated": false,
        "Dev_Desc": "파사(신)",
        "id": 91000050,
        "alias": "Contents.Item.Desc.1000050",
        "text": "[T]Pasa (God) Costume Description"
    },
    "91000051": {
        "deprecated": false,
        "Dev_Desc": "아랑(남)",
        "id": 91000051,
        "alias": "Contents.Item.Desc.1000051",
        "text": "[T]Arang (Male) Costume Description"
    },
    "91000052": {
        "deprecated": false,
        "Dev_Desc": "상인남",
        "id": 91000052,
        "alias": "Contents.Item.Desc.1000052",
        "text": "[T]Description of the merchant's costume"
    },
    "91000053": {
        "deprecated": false,
        "Dev_Desc": "불량배1",
        "id": 91000053,
        "alias": "Contents.Item.Desc.1000053",
        "text": "[T]Bad Boy 1 costume description"
    },
    "91000054": {
        "deprecated": false,
        "Dev_Desc": "불량배2",
        "id": 91000054,
        "alias": "Contents.Item.Desc.1000054",
        "text": "[T]Badboy 2 costume description"
    },
    "91000055": {
        "deprecated": false,
        "Dev_Desc": "무술대회 복장A",
        "id": 91000055,
        "alias": "Contents.Item.Desc.1000055",
        "text": "[T]>Martial Arts Competition Attire A Costume Description"
    },
    "91000056": {
        "deprecated": false,
        "Dev_Desc": "방걸",
        "id": 91000056,
        "alias": "Contents.Item.Desc.1000056",
        "text": "[T]Bangroom Costume Description"
    },
    "91000057": {
        "deprecated": false,
        "Dev_Desc": "사사",
        "id": 91000057,
        "alias": "Contents.Item.Desc.1000057",
        "text": "[T]Description of thoughts"
    },
    "91000058": {
        "deprecated": false,
        "Dev_Desc": "자경단 의복",
        "id": 91000058,
        "alias": "Contents.Item.Desc.1000058",
        "text": "[T]Vigilante Costume Description"
    },
    "91000059": {
        "deprecated": false,
        "Dev_Desc": "파사(인간)",
        "id": 91000059,
        "alias": "Contents.Item.Desc.1000059",
        "text": "[T]Pasa (Human) Costume Description"
    },
    "91000060": {
        "deprecated": false,
        "Dev_Desc": "대어방 의복",
        "id": 91000060,
        "alias": "Contents.Item.Desc.1000060",
        "text": "[T]Description of Daeeobang clothes"
    },
    "91000061": {
        "deprecated": false,
        "Dev_Desc": "아프리칸 의복",
        "id": 91000061,
        "alias": "Contents.Item.Desc.1000061",
        "text": "[T]African Clothing Description"
    },
    "91000062": {
        "deprecated": false,
        "Dev_Desc": "부랑자의복",
        "id": 91000062,
        "alias": "Contents.Item.Desc.1000062",
        "text": "[T]Wanderer's Costume Description"
    },
    "91000063": {
        "deprecated": false,
        "Dev_Desc": "타오르는 투지",
        "id": 91000063,
        "alias": "Contents.Item.Desc.1000063",
        "text": "[T]Description of Burning Fighting Spirit"
    },
    "91000064": {
        "deprecated": false,
        "Dev_Desc": "발재도",
        "id": 91000064,
        "alias": "Contents.Item.Desc.1000064",
        "text": "Description of [T]Baljaedo Costume"
    },
    "91000065": {
        "deprecated": false,
        "Dev_Desc": "미트라",
        "id": 91000065,
        "alias": "Contents.Item.Desc.1000065",
        "text": "[T]Mithra Costume Description"
    },
    "91000066": {
        "deprecated": false,
        "Dev_Desc": "사막의 습격자",
        "id": 91000066,
        "alias": "Contents.Item.Desc.1000066",
        "text": "[T]Description of the desert raider's costume"
    },
    "91000067": {
        "deprecated": false,
        "Dev_Desc": "포탈라",
        "id": 91000067,
        "alias": "Contents.Item.Desc.1000067",
        "text": "[T]Potala Costume Description"
    },
    "91000068": {
        "deprecated": false,
        "Dev_Desc": "윤회",
        "id": 91000068,
        "alias": "Contents.Item.Desc.1000068",
        "text": "[T]Description of Reincarnation"
    },
    "91000069": {
        "deprecated": false,
        "Dev_Desc": "무술대회C",
        "id": 91000069,
        "alias": "Contents.Item.Desc.1000069",
        "text": "[T]>Martial Arts Competition C Costume Description"
    },
    "91000070": {
        "deprecated": false,
        "Dev_Desc": "앙시족장복",
        "id": 91000070,
        "alias": "Contents.Item.Desc.1000070",
        "text": "[T]Ansi Chief Costume Description"
    },
    "91000071": {
        "deprecated": false,
        "Dev_Desc": "부두 노동자",
        "id": 91000071,
        "alias": "Contents.Item.Desc.1000071",
        "text": "[T]Dock Worker Costume Description"
    },
    "91000072": {
        "deprecated": false,
        "Dev_Desc": "알테 주민",
        "id": 91000072,
        "alias": "Contents.Item.Desc.1000072",
        "text": "[T]Alte Villager Costume Description"
    },
    "91000073": {
        "deprecated": false,
        "Dev_Desc": "시로(남)",
        "id": 91000073,
        "alias": "Contents.Item.Desc.1000073",
        "text": "[T]>Shiro (Male) Costume Description"
    },
    "91000074": {
        "deprecated": false,
        "Dev_Desc": "정예 약탈자",
        "id": 91000074,
        "alias": "Contents.Item.Desc.1000074",
        "text": "[T]Elite Marauder Costume Description"
    },
    "91000075": {
        "deprecated": false,
        "Dev_Desc": "검은새벽단",
        "id": 91000075,
        "alias": "Contents.Item.Desc.1000075",
        "text": "[T]Black Dawn Costume Description"
    },
    "91000076": {
        "deprecated": false,
        "Dev_Desc": "대장장이",
        "id": 91000076,
        "alias": "Contents.Item.Desc.1000076",
        "text": "[T]Blacksmith Costume Description"
    },
    "91000077": {
        "deprecated": false,
        "Dev_Desc": "검은새벽단 마법사",
        "id": 91000077,
        "alias": "Contents.Item.Desc.1000077",
        "text": "[T]Black Dawn Wizard Costume Description"
    },
    "91000078": {
        "deprecated": false,
        "Dev_Desc": "농부",
        "id": 91000078,
        "alias": "Contents.Item.Desc.1000078",
        "text": "[T]Farmer's Costume Description"
    },
    "91000079": {
        "deprecated": false,
        "Dev_Desc": "어부",
        "id": 91000079,
        "alias": "Contents.Item.Desc.1000079",
        "text": "[T]Fisherman's Costume Description"
    },
    "91000080": {
        "deprecated": false,
        "Dev_Desc": "일꾼",
        "id": 91000080,
        "alias": "Contents.Item.Desc.1000080",
        "text": "[T]Worker Costume Description"
    },
    "91000081": {
        "deprecated": false,
        "Dev_Desc": "절멸",
        "id": 91000081,
        "alias": "Contents.Item.Desc.1000081",
        "text": "[T]Description of Annihilation Costume"
    },
    "91000082": {
        "deprecated": false,
        "Dev_Desc": "자경단의 긍지",
        "id": 91000082,
        "alias": "Contents.Item.Desc.1000082",
        "text": "Description of [T]Vigilante's Pride Costume"
    },
    "91000083": {
        "deprecated": false,
        "Dev_Desc": "테스타로더",
        "id": 91000083,
        "alias": "Contents.Item.Desc.1000083",
        "text": "[T]Testa loader costume description"
    },
    "91000084": {
        "deprecated": false,
        "Dev_Desc": "약탈자",
        "id": 91000084,
        "alias": "Contents.Item.Desc.1000084",
        "text": "Description of [T]Ravenger's Costume"
    },
    "91000085": {
        "deprecated": false,
        "Dev_Desc": "검은새벽단 역병의사",
        "id": 91000085,
        "alias": "Contents.Item.Desc.1000085",
        "text": "[T]Description of the Black Dawn Plague Doctor"
    },
    "91000086": {
        "deprecated": false,
        "Dev_Desc": "광대",
        "id": 91000086,
        "alias": "Contents.Item.Desc.1000086",
        "text": "[T]Clown Costume Description"
    },
    "91000087": {
        "deprecated": false,
        "Dev_Desc": "반달호수 축제구경꾼",
        "id": 91000087,
        "alias": "Contents.Item.Desc.1000087",
        "text": "[T]Vandal Lake Festival Spectator Costume Description"
    },
    "91000088": {
        "deprecated": false,
        "Dev_Desc": "셰켈리크",
        "id": 91000088,
        "alias": "Contents.Item.Desc.1000088",
        "text": "[T]Shekelik Costume Description"
    },
    "91000089": {
        "deprecated": false,
        "Dev_Desc": "수누흐",
        "id": 91000089,
        "alias": "Contents.Item.Desc.1000089",
        "text": "[T]Sunuch Costume Description"
    },
    "91000090": {
        "deprecated": false,
        "Dev_Desc": "바즈라",
        "id": 91000090,
        "alias": "Contents.Item.Desc.1000090",
        "text": "[T]Vajra Costume Description"
    },
    "91000091": {
        "deprecated": false,
        "Dev_Desc": "즈믄",
        "id": 91000091,
        "alias": "Contents.Item.Desc.1000091",
        "text": "Description of [T]Jumun Costume"
    },
    "91000092": {
        "deprecated": false,
        "Dev_Desc": "오방신장의_동",
        "id": 91000092,
        "alias": "Contents.Item.Desc.1000092",
        "text": "Explanation of [T]consensual image of the kidney of the five chambers"
    },
    "91000093": {
        "deprecated": false,
        "Dev_Desc": "다름",
        "id": 91000093,
        "alias": "Contents.Item.Desc.1000093",
        "text": "[T]Description of different clothes"
    },
    "91000094": {
        "deprecated": false,
        "Dev_Desc": "지귀",
        "id": 91000094,
        "alias": "Contents.Item.Desc.1000094",
        "text": "[T]Description of Jigwi costume"
    },
    "91000095": {
        "deprecated": false,
        "Dev_Desc": "사하브",
        "id": 91000095,
        "alias": "Contents.Item.Desc.1000095",
        "text": "[T]Sahab Costume Description"
    },
    "91000096": {
        "deprecated": false,
        "Dev_Desc": "아수라",
        "id": 91000096,
        "alias": "Contents.Item.Desc.1000096",
        "text": "[T]Asura Costume Description"
    },
    "91000097": {
        "deprecated": false,
        "Dev_Desc": "토로스",
        "id": 91000097,
        "alias": "Contents.Item.Desc.1000097",
        "text": "[T]Taurus Costume Description"
    },
    "91000098": {
        "deprecated": false,
        "Dev_Desc": "바리데기",
        "id": 91000098,
        "alias": "Contents.Item.Desc.1000098",
        "text": "[T]Baridegi Costume Description"
    },
    "91000099": {
        "deprecated": false,
        "Dev_Desc": "제천대성",
        "id": 91000099,
        "alias": "Contents.Item.Desc.1000099",
        "text": "[T]Description of the Jecheon Daeseong Statue"
    },
    "91000100": {
        "deprecated": false,
        "Dev_Desc": "단기나흐",
        "id": 91000100,
        "alias": "Contents.Item.Desc.1000100",
        "text": "[T]Description of Danganach's Costume"
    },
    "91000101": {
        "deprecated": false,
        "Dev_Desc": "나스카",
        "id": 91000101,
        "alias": "Contents.Item.Desc.1000101",
        "text": "[T]Nascar costume description"
    },
    "91000102": {
        "deprecated": false,
        "Dev_Desc": "오방신장의_서",
        "id": 91000102,
        "alias": "Contents.Item.Desc.1000102",
        "text": "Description of [T]Obangsinjang_Seo Costume"
    },
    "91000104": {
        "deprecated": false,
        "Dev_Desc": "금강고",
        "id": 91000104,
        "alias": "Contents.Item.Desc.1000104",
        "text": "[T]Geumganggo costume description"
    },
    "91201002": {
        "deprecated": false,
        "Dev_Desc": "강적",
        "id": 91201002,
        "alias": "Contents.Item.Desc.1201002",
        "text": "This is a costume that symbolizes pure strength, with white meaning purity and gold meaning precious.\n\nYou can get it from [Higher Quality Costume Box]>and [Rare Costume Box]."
    },
    "91201003": {
        "deprecated": false,
        "Dev_Desc": "청야",
        "id": 91201003,
        "alias": "Contents.Item.Desc.1201003",
        "text": "This costume expresses the harmonious harmony of the blue night, the earth, and people in color.\n\nYou can get it from [Advanced Costume Box]>and [General Merchant]."
    },
    "91201004": {
        "deprecated": false,
        "Dev_Desc": "귀족의 맹신",
        "id": 91201004,
        "alias": "Contents.Item.Desc.1201004",
        "text": "Expose your noble heart through the jade color resembling the sea.\n\nCan be obtained from [Advanced Costume Box], [Achievement]."
    },
    "91201005": {
        "deprecated": false,
        "Dev_Desc": "무투가의 의지",
        "id": 91201005,
        "alias": "Contents.Item.Desc.1201005",
        "text": "This costume embodies a strong spirit towards strength.\n\nYou can obtain it from [Advanced Costume Box]>and [Achievement]."
    },
    "91201006": {
        "deprecated": false,
        "Dev_Desc": "수행자의 기도",
        "id": 91201006,
        "alias": "Contents.Item.Desc.1201006",
        "text": "This is the attire of practitioners to realize the truth of the universe by interacting with all things through the sound of a bell.\n\nYou can obtain it from [Advanced Costume Box]>and [General Merchant]."
    },
    "91201007": {
        "deprecated": false,
        "Dev_Desc": "타오르는 투지",
        "id": 91201007,
        "alias": "Contents.Item.Desc.1201007",
        "text": "It contains the desire to become the best fighter through the harmony of a fiery fighting spirit and cold reason."
    },
    "91201008": {
        "deprecated": false,
        "Dev_Desc": "발재도",
        "id": 91201008,
        "alias": "Contents.Item.Desc.1201008",
        "text": "It shows the will to not be bound by any restraints that prevent you from moving forward.\n\nCan be obtained from [Advanced Costume Box]>and [General Merchant]."
    },
    "91201009": {
        "deprecated": false,
        "Dev_Desc": "미트라",
        "id": 91201009,
        "alias": "Contents.Item.Desc.1201009",
        "text": "This is a costume that suits you, resembling a glorious glory like the high sun."
    },
    "91201010": {
        "deprecated": false,
        "Dev_Desc": "사막의 추적자",
        "id": 91201010,
        "alias": "Contents.Item.Desc.1201010",
        "text": "Today's walking will bring this desert to an end. Even in the heat of the suffocating wind, your gait is the same.\n\nYou can get it from [Advanced Costume Box]."
    },
    "91201011": {
        "deprecated": false,
        "Dev_Desc": "윤회",
        "id": 91201011,
        "alias": "Contents.Item.Desc.1201011",
        "text": "If you sow a seed, it will sprout and finally bear fruit, and this will repeat endlessly.\n\nYou can get it from [Pre-Registration/Event]."
    },
    "91201012": {
        "deprecated": false,
        "Dev_Desc": "절멸",
        "id": 91201012,
        "alias": "Contents.Item.Desc.1201012",
        "text": "A costume that embodies the laws of Mother Nature that those who adapt survive."
    },
    "91201013": {
        "deprecated": false,
        "Dev_Desc": "자경단 장교복",
        "id": 91201013,
        "alias": "Contents.Item.Desc.1201013",
        "text": "A costume worn by the officers of the honorable vigilante group.\n\nThis costume can be purchased with [playpoints]."
    },
    "91201014": {
        "deprecated": false,
        "Dev_Desc": "셰켈리크",
        "id": 91201014,
        "alias": "Contents.Item.Desc.1201014",
        "text": "This is a classy outfit embroidered with nobility based on the blue color of a river flowing profusely."
    },
    "91201015": {
        "deprecated": false,
        "Dev_Desc": "수누흐",
        "id": 91201015,
        "alias": "Contents.Item.Desc.1201015",
        "text": "A costume for travelers who find their way under the moonlight."
    },
    "91201016": {
        "deprecated": false,
        "Dev_Desc": "바즈라",
        "id": 91201016,
        "alias": "Contents.Item.Desc.1201016",
        "text": "A costume for you that shines like a blue flash that pierces the darkness."
    },
    "91201017": {
        "deprecated": false,
        "Dev_Desc": "즈믄[千]",
        "id": 91201017,
        "alias": "Contents.Item.Desc.1201017",
        "text": "It is a costume of nobility that does not change even after a thousand times of asceticism and ten thousand sufferings."
    },
    "91201018": {
        "deprecated": false,
        "Dev_Desc": "오방신장의:동",
        "id": 91201018,
        "alias": "Contents.Item.Desc.1201018",
        "text": "This is a costume for you that is consistent like the sun rising in the east every morning."
    },
    "91201019": {
        "deprecated": false,
        "Dev_Desc": "다름",
        "id": 91201019,
        "alias": "Contents.Item.Desc.1201019",
        "text": "This is a costume for you, who is heating up the continent today.\n\nThis is a costume that can be purchased with [Play Points]."
    },
    "91201020": {
        "deprecated": false,
        "Dev_Desc": "지귀",
        "id": 91201020,
        "alias": "Contents.Item.Desc.1201020",
        "text": "Clothes to commemorate a being who burned even himself because of his wife's disappointment.\n\nThis costume can be obtained from [Reservation/Event]."
    },
    "91201021": {
        "deprecated": false,
        "Dev_Desc": "사하브",
        "id": 91201021,
        "alias": "Contents.Item.Desc.1201021",
        "text": "You will look like a disaster to your enemies wearing this outfit.\n\nThis is an outfit that can be purchased with [playpoints]."
    },
    "91201022": {
        "deprecated": false,
        "Dev_Desc": "아수라",
        "id": 91201022,
        "alias": "Contents.Item.Desc.1201022",
        "text": "This costume contains Sura's wishes.\n\nThis costume can be purchased with [Play Points]."
    },
    "91201023": {
        "deprecated": false,
        "Dev_Desc": "토로스",
        "id": 91201023,
        "alias": "Contents.Item.Desc.1201023",
        "text": "A garment with the heart to overcome all adversity with the courage of a stout bull."
    },
    "91201024": {
        "deprecated": false,
        "Dev_Desc": "바리데기",
        "id": 91201024,
        "alias": "Contents.Item.Desc.1201024",
        "text": "A costume to commemorate someone's noble sacrifice."
    },
    "91201025": {
        "deprecated": false,
        "Dev_Desc": "제천대성",
        "id": 91201025,
        "alias": "Contents.Item.Desc.1201025",
        "text": "An imitation of a great being who once shook the sky."
    },
    "91201026": {
        "deprecated": false,
        "Dev_Desc": "단기나흐",
        "id": 91201026,
        "alias": "Contents.Item.Desc.1201026",
        "text": "A costume for you who destroys enemies with a volcanic pace.\n\nThis costume can be purchased with [playpoints]."
    },
    "91201027": {
        "deprecated": false,
        "Dev_Desc": "나스카의 바람",
        "id": 91201027,
        "alias": "Contents.Item.Desc.1201027",
        "text": "A piece of clothing made just for you, like a breeze in midsummer."
    },
    "91201028": {
        "deprecated": false,
        "Dev_Desc": "오방신장의:서",
        "id": 91201028,
        "alias": "Contents.Item.Desc.1201028",
        "text": "This costume is beautifully colored with the power of mysterious magic.\n\nThis costume can be purchased with [Play Points]."
    },
    "91201029": {
        "deprecated": false,
        "Dev_Desc": "금강고",
        "id": 91201029,
        "alias": "Contents.Item.Desc.1201029",
        "text": "A costume imbued with a magical energy that subdues chaos."
    },
    "91201030": {
        "deprecated": false,
        "Dev_Desc": "백야의 귀도사",
        "id": 91201030,
        "alias": "Contents.Item.Desc.1201030",
        "text": "This is the costume of a Guidosa who walked through the white night alone."
    },
    "91201031": {
        "deprecated": false,
        "Dev_Desc": "카=노코이",
        "id": 91201031,
        "alias": "Contents.Item.Desc.1201031",
        "text": "A costume that contains the image of the Absolute who can see through all things.\n\nYou can obtain it from [Rare Costume Box]>and [Hero Costume Box]."
    },
    "91201032": {
        "deprecated": false,
        "Dev_Desc": "배리흐",
        "id": 91201032,
        "alias": "Contents.Item.Desc.1201032",
        "text": "Clothes that contain the wish of a being to purify the world.\n\nYou can obtain it from [Advanced Costume Box]>and [Rare Costume Box]."
    },
    "91201033": {
        "deprecated": false,
        "Dev_Desc": "콘도르",
        "id": 91201033,
        "alias": "Contents.Item.Desc.1201033",
        "text": "A costume for a nimble hunter.\n\nCan be obtained from [Advanced Costume Box]>and [Rare Costume Box]."
    },
    "91201034": {
        "deprecated": false,
        "Dev_Desc": "안다라",
        "id": 91201034,
        "alias": "Contents.Item.Desc.1201034",
        "text": "[T]Andara Costume Description"
    },
    "91201035": {
        "deprecated": false,
        "Dev_Desc": "질풍",
        "id": 91201035,
        "alias": "Contents.Item.Desc.1201035",
        "text": "A costume for adventurers seeking freedom like the blowing wind."
    },
    "91201036": {
        "deprecated": false,
        "Dev_Desc": "사자왕",
        "id": 91201036,
        "alias": "Contents.Item.Desc.1201036",
        "text": "Description of [T]Lion King Costume"
    },
    "91201037": {
        "deprecated": false,
        "Dev_Desc": "혼천극의",
        "id": 91201037,
        "alias": "Contents.Item.Desc.1201037",
        "text": "A costume for adventurers who dream of greatness."
    },
    "91201038": {
        "deprecated": false,
        "Dev_Desc": "괴마축격",
        "id": 91201038,
        "alias": "Contents.Item.Desc.1201038",
        "text": "A garment for the seeker of justice."
    },
    "91201039": {
        "deprecated": false,
        "Dev_Desc": "유치원생",
        "id": 91201039,
        "alias": "Contents.Item.Desc.1201039",
        "text": "This is a costume that makes you want to wear a swarm.\n\nYou can get it from [Rare Costume Box]>and [Hero Costume Box]."
    },
    "91201040": {
        "deprecated": false,
        "Dev_Desc": "스쿨룩",
        "id": 91201040,
        "alias": "Contents.Item.Desc.1201040",
        "text": "It's like going to school.\n\nYou can get it from [Rare Costume Box]>and [Hero Costume Box]."
    },
    "91201041": {
        "deprecated": false,
        "Dev_Desc": "가정의 달",
        "id": 91201041,
        "alias": "Contents.Item.Desc.1201041",
        "text": "A costume embroidered with grass leaves suitable for spring. A robe tied around the waist adds an edge.\n\nYou can get it from [Rare Costume Box]>and [Hero Costume Box]."
    },
    "91201042": {
        "deprecated": false,
        "Dev_Desc": "해변",
        "id": 91201042,
        "alias": "Contents.Item.Desc.1201042",
        "text": "This costume is suitable for the sea. It seems to lead you to the beach you watched as a child.\n\nYou can get it from [Rare Costume Box]>and [Hero Costume Box]."
    },
    "91201043": {
        "deprecated": false,
        "Dev_Desc": "해군",
        "id": 91201043,
        "alias": "Contents.Item.Desc.1201043",
        "text": "This is the costume of the navy who guards the sea dignifiedly.\n\nYou can get it from [Rare Costume Box]>and [Hero Costume Box]."
    },
    "91201044": {
        "deprecated": false,
        "Dev_Desc": "한 여름의 축제",
        "id": 91201044,
        "alias": "Contents.Item.Desc.1201044",
        "text": "This is Daeeobang's Summer Festival costume.\n\nYou can obtain it from [Hero Costume Box]>and [Legendary Costume Box]."
    },
    "91201045": {
        "deprecated": false,
        "Dev_Desc": "백귀혼",
        "id": 91201045,
        "alias": "Contents.Item.Desc.1201045",
        "text": "This is an outfit that somehow makes your spine chill.\n\nYou can get it from [Hero Costume Box]>and [Legendary Costume Box]."
    },
    "91201046": {
        "deprecated": false,
        "Dev_Desc": "숲 속의 어린왕자",
        "id": 91201046,
        "alias": "Contents.Item.Desc.1202039",
        "text": "The tranquility of the forest seems to permeate my body.\n\nCan be obtained from [Rare Costume Box]>and [Hero Costume Box]."
    },
    "91201047": {
        "deprecated": false,
        "Dev_Desc": "학생회",
        "id": 91201047,
        "alias": "Contents.Item.Desc.1202040",
        "text": "You've never been to the student council? Don't worry\n\nYou can get it from [Rare Costume Box]>and [Hero Costume Box]."
    },
    "91201048": {
        "deprecated": false,
        "Dev_Desc": "여름 나들이",
        "id": 91201048,
        "alias": "Contents.Item.Desc.1202041",
        "text": "This is a costume that uses achromatic colors to avoid the heat.\n\nYou can get it from [Rare Costume Box]>and [Hero Costume Box]."
    },
    "91201049": {
        "deprecated": false,
        "Dev_Desc": "해변의 석양",
        "id": 91201049,
        "alias": "Contents.Item.Desc.1202042",
        "text": "This costume was inspired by a sunset on the beach on a summer day.\n\nYou can get it from [Rare Costume Box]>and [Hero Costume Box]."
    },
    "91201050": {
        "deprecated": false,
        "Dev_Desc": "회색의 해군",
        "id": 91201050,
        "alias": "Contents.Item.Desc.1202043",
        "text": "In any case, the choice is yours in the end.\n\nYou can get it from [Rare Costume Box], [Hero Costume Box]."
    },
    "91201051": {
        "deprecated": false,
        "Dev_Desc": "봄의 축제",
        "id": 91201051,
        "alias": "Contents.Item.Desc.1202044",
        "text": "Daeeobang's Spring Festival costume.\n\nCan be obtained from [Hero Costume Box]>and [Legendary Costume Box]."
    },
    "91201052": {
        "deprecated": false,
        "Dev_Desc": "흑귀혼",
        "id": 91201052,
        "alias": "Contents.Item.Desc.1202045",
        "text": "This costume was made by gathering only the power of the ears with the most evil energy.\n\nYou can obtain it from [Hero Costume Box]>and [Legendary Costume Box]."
    },
    "91201053": {
        "deprecated": false,
        "Dev_Desc": "사랑의 어린왕자",
        "id": 91201053,
        "alias": "Contents.Item.Desc.1203039",
        "text": "Look at your childhood dreams once again.\n\nCan be obtained from [Hero Costume Box]>and [Legendary Costume Box]."
    },
    "91201054": {
        "deprecated": false,
        "Dev_Desc": "선도부",
        "id": 91201054,
        "alias": "Contents.Item.Desc.1203040",
        "text": "It's human nature to want to do more if you don't want to.\nYou still have to follow the rules, right?\n\nYou can get it from [Hero Costume Box]>and [Legendary Costume Box]."
    },
    "91201055": {
        "deprecated": false,
        "Dev_Desc": "가을 나들이",
        "id": 91201055,
        "alias": "Contents.Item.Desc.1203041",
        "text": "A costume dyed with the color of fallen leaves suitable for autumn.\nIt is also an excellent choice for layering in autumn\n\nObtained from [Hero Costume Box]>and [Legendary Costume Box]."
    },
    "91201056": {
        "deprecated": false,
        "Dev_Desc": "해변의 밤",
        "id": 91201056,
        "alias": "Contents.Item.Desc.1203042",
        "text": "Show off your fun at the beach more than anyone else\n\nYou can get it from [Hero Costume Box]>and [Legendary Costume Box]."
    },
    "91201057": {
        "deprecated": false,
        "Dev_Desc": "흑해의 해군",
        "id": 91201057,
        "alias": "Contents.Item.Desc.1203043",
        "text": "A costume for the navy guarding the Black Sea.\n\nYou can obtain it from [Hero Costume Box]>and [Legendary Costume Box]."
    },
    "91201058": {
        "deprecated": false,
        "Dev_Desc": "겨울의 축제",
        "id": 91201058,
        "alias": "Contents.Item.Desc.1203044",
        "text": "Daeeobang's Winter Festival costume.\n\nYou can get it from the [Legendary Costume Box]."
    },
    "91201059": {
        "deprecated": false,
        "Dev_Desc": "적귀혼",
        "id": 91201059,
        "alias": "Contents.Item.Desc.1203045",
        "text": "Clothes dyed red by a strange power. \nIt seems to be able to confuse enemies.\n\nYou can get it from [Legendary Costume Box]."
    },
    "91201060": {
        "deprecated": false,
        "Dev_Desc": "붉은 왕자",
        "id": 91201060,
        "alias": "Contents.Item.Desc.1204039",
        "text": "Have you ever experienced something embarrassing for the first time in your life?\nBut it's wonderful to see unexpected things happen.\nSometimes, go back to your childhood and enjoy this situation\n\n[hero costume]>It can be obtained from [Crate]>and [Legendary Costume Box]."
    },
    "91201061": {
        "deprecated": false,
        "Dev_Desc": "방송부",
        "id": 91201061,
        "alias": "Contents.Item.Desc.1204040",
        "text": "You can talk more fun than the Broadcasting Department? Hurry up and apply for the Broadcasting Department!\n\nYou can get it from [Hero Costume Box]>and [Legendary Costume Box]."
    },
    "91201062": {
        "deprecated": false,
        "Dev_Desc": "겨울 나들이",
        "id": 91201062,
        "alias": "Contents.Item.Desc.1204041",
        "text": "A costume dyed in warm colors suitable for winter.\n\nCan be obtained from [Hero Costume Box]>and [Legendary Costume Box]."
    },
    "91201063": {
        "deprecated": false,
        "Dev_Desc": "해변의 아침",
        "id": 91201063,
        "alias": "Contents.Item.Desc.1204042",
        "text": "Enjoying the morning on the beach is a more valuable experience than gold.\n\nCan be obtained from [Hero Costume Box]>and [Legendary Costume Box]."
    },
    "91201064": {
        "deprecated": false,
        "Dev_Desc": "붉은 해군",
        "id": 91201064,
        "alias": "Contents.Item.Desc.1204043",
        "text": "Resolve and courage shine even more in the face of danger.\n\nCan be obtained from [Hero Costume Box]>and [Legendary Costume Box]."
    },
    "91201065": {
        "deprecated": false,
        "Dev_Desc": "가을의 축제",
        "id": 91201065,
        "alias": "Contents.Item.Desc.1204044",
        "text": "This is Daeeobang's Autumn Festival costume.\n\nYou can get it from the [Legendary Costume Box]."
    },
    "91201066": {
        "deprecated": false,
        "Dev_Desc": "금귀혼",
        "id": 91201066,
        "alias": "Contents.Item.Desc.1204045",
        "text": "A costume imbued with noble spirits.\n\nCan be obtained from [Legendary Costume Box]."
    },
    "91201067": {
        "deprecated": false,
        "Dev_Desc": "심연의 강적",
        "id": 91201067,
        "alias": "Contents.Item.Desc.1202002",
        "text": "This costume symbolizes pure strength with a combination of white meaning innocence and gold meaning preciousness.\n\nYou can get it from [Rare Costume Box]>and [Hero Costume Box]."
    },
    "91201068": {
        "deprecated": false,
        "Dev_Desc": "짙은 밤의 청야",
        "id": 91201068,
        "alias": "Contents.Item.Desc.1202003",
        "text": "This is a costume that expresses the darkness of a darker night in color.\n\nYou can get it from [Advanced Costume Box]>and [Rare Costume Box]."
    },
    "91201069": {
        "deprecated": false,
        "Dev_Desc": "귀족의 진노",
        "id": 91201069,
        "alias": "Contents.Item.Desc.1202004",
        "text": "Reveal your noble heart through the jade color resembling the sea\n\nYou can obtain it from [Advanced Costume Box]>and [Rare Costume Box]."
    },
    "91201070": {
        "deprecated": false,
        "Dev_Desc": "무투가의 신념",
        "id": 91201070,
        "alias": "Contents.Item.Desc.1202005",
        "text": "This costume embodies the strong fighter's belief in strength.\n\nYou can obtain it from [Advanced Costume Box]>and [Rare Costume Box]."
    },
    "91201071": {
        "deprecated": false,
        "Dev_Desc": "수행자의 수양",
        "id": 91201071,
        "alias": "Contents.Item.Desc.1202006",
        "text": "A monk's attire to realize the principle of all things.\n\nCan be obtained from [Advanced Costume Box]>and [Rare Costume Box]."
    },
    "91201072": {
        "deprecated": false,
        "Dev_Desc": "쾌속의 발재도",
        "id": 91201072,
        "alias": "Contents.Item.Desc.1202008",
        "text": "A costume imbued with the will to go beyond limits.\n\nCan be obtained from [Advanced Costume Box]>and [Rare Costume Box]."
    },
    "91201073": {
        "deprecated": false,
        "Dev_Desc": "바다의 추적자",
        "id": 91201073,
        "alias": "Contents.Item.Desc.1202010",
        "text": "Your gait is consistent even in the suffocating waters of the abyss.\n\nCan be obtained from [Advanced Costume Box]>and [Rare Costume Box]."
    },
    "91201074": {
        "deprecated": false,
        "Dev_Desc": "역천의 회귀",
        "id": 91201074,
        "alias": "Contents.Item.Desc.1202011",
        "text": "What is irresistible?\n\nCan be obtained from [Rare Costume Box]>and [Hero Costume Box]."
    },
    "91201075": {
        "deprecated": false,
        "Dev_Desc": "찬란한 긍지",
        "id": 91201075,
        "alias": "Contents.Item.Desc.1202013",
        "text": "This costume is worn by the more brilliant officers of the Honorable Vigilante.\n\nCan be obtained from [Rare Costume Box]>and [Hero Costume Box]."
    },
    "91201076": {
        "deprecated": false,
        "Dev_Desc": "굳건한 투지",
        "id": 91201076,
        "alias": "Contents.Item.Desc.1202019",
        "text": "This is a dress for you, who is heating up the continent today.\nPlease burn your fighting spirit even stronger.\n\nYou can get it from [Hero Costume Box]>and [Legendary Costume Box]."
    },
    "91201078": {
        "deprecated": false,
        "Dev_Desc": "전장의 폭풍",
        "id": 91201078,
        "alias": "Contents.Item.Desc.1202021",
        "text": "You will look like a disaster to your enemies wearing this outfit.\n\nYou can get it from [Hero Costume Box]>and [Legendary Costume Box]."
    },
    "91201079": {
        "deprecated": false,
        "Dev_Desc": "초열의 아수라",
        "id": 91201079,
        "alias": "Contents.Item.Desc.1202022",
        "text": "This costume contains the wishes of the burning Sura.\n\nYou can get it from the [Legendary Costume Box]."
    },
    "91201080": {
        "deprecated": false,
        "Dev_Desc": "진혼의 노래",
        "id": 91201080,
        "alias": "Contents.Item.Desc.1202026",
        "text": "Peace your soul with a single song\n\nYou can get it from [Legendary Costume Box]."
    },
    "91201081": {
        "deprecated": false,
        "Dev_Desc": "하얀 노을",
        "id": 91201081,
        "alias": "Contents.Item.Desc.1202028",
        "text": "This is a white-colored costume with the power of mysterious magic.\n\nYou can get it from the [Legendary Costume Box]."
    },
    "91201082": {
        "deprecated": false,
        "Dev_Desc": "새벽의 만월",
        "id": 91201082,
        "alias": "Contents.Item.Desc.1202031",
        "text": "A costume containing the image of the moon that illuminates all things.\n\nYou can obtain it from [Hero Costume Box]>and [Legendary Costume Box]."
    },
    "91201083": {
        "deprecated": false,
        "Dev_Desc": "백야의 안식",
        "id": 91201083,
        "alias": "Contents.Item.Desc.1202032",
        "text": "A garment with the heart of a being who warmed the world.\n\nYou can obtain it from [Rare Costume Box]>and [Hero Costume Box]."
    },
    "91201084": {
        "deprecated": false,
        "Dev_Desc": "북극의 사냥꾼",
        "id": 91201084,
        "alias": "Contents.Item.Desc.1202033",
        "text": "A costume for agile hunters.\n\nCan be obtained from [Rare Costume Box]>and [Hero Costume Box]."
    },
    "91201085": {
        "deprecated": false,
        "Dev_Desc": "잊혀진 약속",
        "id": 91201085,
        "alias": "Contents.Item.Desc.1202020",
        "text": "Even if it is forgotten by someone, someone may remember it.\n\nYou can obtain it from [Legendary Costume Box]."
    },
    "91201086": {
        "deprecated": false,
        "Dev_Desc": "자신감",
        "id": 91201086,
        "alias": "Contents.Item.Desc.1202000",
        "text": "The dignity of a true strongman does not depend on clothing.\n\nCan be obtained from [Advanced Costume Box]>and [Rare Costume Box]."
    },
    "91201087": {
        "deprecated": false,
        "Dev_Desc": "추석1",
        "id": 91201087,
        "alias": "Contents.Item.Desc.1201054",
        "text": "This is a costume that expresses the feeling of Chuseok."
    },
    "91201088": {
        "deprecated": false,
        "Dev_Desc": "추석2",
        "id": 91201088,
        "alias": "Contents.Item.Desc.1202054",
        "text": "This is a costume that expresses the feeling of Chuseok."
    },
    "91201089": {
        "deprecated": false,
        "Dev_Desc": "추석3",
        "id": 91201089,
        "alias": "Contents.Item.Desc.1203054",
        "text": "This is a costume that expresses the feeling of Chuseok."
    },
    "91201090": {
        "deprecated": false,
        "Dev_Desc": "추석4",
        "id": 91201090,
        "alias": "Contents.Item.Desc.1204054",
        "text": "This is a costume that expresses the feeling of Chuseok."
    }
}