{
    "1900000": {
        "deprecated": false,
        "id": 1900000,
        "alias": "contents.Monster.BossProp.110051",
        "text": "legs"
    },
    "1900001": {
        "deprecated": false,
        "id": 1900001,
        "alias": "contents.Monster.BossProp.12023",
        "text": "head"
    },
    "1900002": {
        "deprecated": false,
        "id": 1900002,
        "alias": "contents.Monster.BossProp.12024",
        "text": "tail"
    },
    "1900003": {
        "deprecated": false,
        "id": 1900003,
        "alias": "contents.Monster.BossProp.12000",
        "text": "Cockpit"
    },
    "1900004": {
        "deprecated": false,
        "id": 1900004,
        "alias": "contents.Monster.BossProp.10117",
        "text": "The Power Output Device"
    },
    "1900005": {
        "deprecated": false,
        "id": 1900005,
        "alias": "contents.Monster.BossProp.11000",
        "text": "Jar"
    },
    "1900006": {
        "deprecated": false,
        "id": 1900006,
        "alias": "contents.Monster.BossProp.13105",
        "text": "Wind Belt"
    },
    "1900007": {
        "deprecated": false,
        "id": 1900007,
        "alias": "contents.Monster.BossProp.13106",
        "text": "Lightning Belt"
    },
    "1900008": {
        "deprecated": false,
        "id": 1900008,
        "alias": "contents.Monster.BossProp.112771",
        "text": "Helm"
    },
    "1900009": {
        "deprecated": false,
        "id": 1900009,
        "alias": "contents.Monster.BossProp.112311",
        "text": "tail"
    },
    "1900010": {
        "deprecated": false,
        "id": 1900010,
        "alias": "contents.Monster.BossProp.112312",
        "text": "head"
    },
    "1900011": {
        "deprecated": false,
        "id": 1900011,
        "alias": "contents.Monster.BossProp.13382",
        "text": "Sap Gum"
    },
    "1900012": {
        "deprecated": false,
        "id": 1900012,
        "alias": "contents.Monster.BossProp.101381",
        "text": "Blackened Left Fist"
    },
    "1900013": {
        "deprecated": false,
        "id": 1900013,
        "alias": "contents.Monster.BossProp.101382",
        "text": "Blackened Right Fist"
    },
    "1900014": {
        "deprecated": false,
        "id": 1900014,
        "alias": "contents.Monster.BossProp.13396",
        "text": "Blackened Left Fist"
    },
    "1900015": {
        "deprecated": false,
        "id": 1900015,
        "alias": "contents.Monster.BossProp.10151",
        "text": "Guardian Shield"
    },
    "1900016": {
        "deprecated": false,
        "id": 1900016,
        "alias": "contents.Monster.BossProp.211171",
        "text": "right leg"
    },
    "1900017": {
        "deprecated": false,
        "id": 1900017,
        "alias": "contents.Monster.BossProp.211172",
        "text": "Left leg"
    },
    "1900018": {
        "deprecated": false,
        "id": 1900018,
        "alias": "contents.Monster.BossProp.211181",
        "text": "Both Claws"
    },
    "1900019": {
        "deprecated": false,
        "id": 1900019,
        "alias": "contents.Monster.BossProp.280191",
        "text": "Hard Horn"
    },
    "1900020": {
        "deprecated": false,
        "id": 1900020,
        "alias": "contents.Monster.BossProp.101541",
        "text": "Right Mace"
    },
    "1900021": {
        "deprecated": false,
        "id": 1900021,
        "alias": "contents.Monster.BossProp.101542",
        "text": "Left Mace"
    },
    "1900022": {
        "deprecated": false,
        "id": 1900022,
        "alias": "contents.Monster.BossProp.13402",
        "text": "Hongju Basket"
    },
    "1900023": {
        "deprecated": false,
        "id": 1900023,
        "alias": "contents.Monster.BossProp.311241",
        "text": "wings"
    },
    "1900024": {
        "deprecated": false,
        "id": 1900024,
        "alias": "contents.Monster.BossProp.311242",
        "text": "left hand"
    },
    "1900025": {
        "deprecated": false,
        "id": 1900025,
        "alias": "contents.Monster.BossProp.340301",
        "text": "Mask"
    },
    "1900026": {
        "deprecated": false,
        "id": 1900026,
        "alias": "contents.Monster.BossProp.283381",
        "text": "Forefoot"
    }
}