{
    "30040000": {
        "deprecated": false,
        "Dev_Desc": "비류하",
        "id": 30040000,
        "alias": "Contents.Gossip.40000",
        "text": "You're late again this time~ <textColor=[78:148:215:255]>Lord Moon</>! Haha.\nWelcome back after a while!"
    },
    "30040001": {
        "deprecated": false,
        "Dev_Desc": "풍백문파원",
        "id": 30040001,
        "alias": "Contents.Gossip.40001",
        "text": "(As rumored, you have gray hair!)"
    },
    "30040002": {
        "deprecated": false,
        "Dev_Desc": "풍백문파원",
        "id": 30040002,
        "alias": "Contents.Gossip.40002",
        "text": "(<textColor=[78:148:215:255]>Shiro-sama</>'s energy is inherited!)"
    },
    "30040003": {
        "deprecated": false,
        "Dev_Desc": "풍백문파원",
        "id": 30040003,
        "alias": "Contents.Gossip.40003",
        "text": "(Nice...)"
    },
    "30040004": {
        "deprecated": false,
        "Dev_Desc": "비류하",
        "id": 30040004,
        "alias": "Contents.Gossip.40004",
        "text": "<textColor=[215:94:94:255]>The Red Don</> is handled by the <textColor=[78:148:215:255]>Guard Captain</>.\n<textColor=[78:148:215:255]>Go to Patrol Leader</>"
    },
    "30040005": {
        "deprecated": false,
        "Dev_Desc": "순찰조장",
        "id": 30040005,
        "alias": "Contents.Gossip.40005",
        "text": "Is it okay if I just trust <textColor=[78:148:215:255]>Donchil Hong</>?\nHa, but for now, that's the only way..."
    },
    "30040006": {
        "deprecated": false,
        "Dev_Desc": "순찰조원",
        "id": 30040006,
        "alias": "Contents.Gossip.40006",
        "text": "With <textColor=[215:94:94:255]>Hongdon</> help you!\n<textColor=[78:148:215:255]>Elder</> What do you think <textColor=[78:148:215:255]>Cap</>?"
    },
    "30040007": {
        "deprecated": false,
        "Dev_Desc": "순찰조원",
        "id": 30040007,
        "alias": "Contents.Gossip.40007",
        "text": "You must have a plan, though.\nWe have no choice but to trust and follow the two of you."
    },
    "30040008": {
        "deprecated": false,
        "Dev_Desc": "홍돈칠",
        "id": 30040008,
        "alias": "Contents.Gossip.40008",
        "text": "Where is the fate of our tribe...\nI miss <textColor=[110:216:175:255]>Suwol Plains</>..."
    },
    "30040009": {
        "deprecated": false,
        "Dev_Desc": "홍돈칠",
        "id": 30040009,
        "alias": "Contents.Gossip.40009",
        "text": "Take care of me~!\nThe fate of our tribe is in our hands!"
    },
    "30040010": {
        "deprecated": false,
        "Dev_Desc": "홍도니",
        "id": 30040010,
        "alias": "Contents.Gossip.40010",
        "text": "This way~!"
    },
    "30040011": {
        "deprecated": false,
        "Dev_Desc": "홍돈칠",
        "id": 30040011,
        "alias": "Contents.Gossip.40011",
        "text": "<textColor=[78:148:215:255]>Heard Donnie</>.\nYou worked hard!"
    },
    "30040012": {
        "deprecated": false,
        "Dev_Desc": "전투조장",
        "id": 30040012,
        "alias": "Contents.Gossip.40012",
        "text": "The resistance of <textColor=[215:94:94:255]>Black Dawn</> is stronger than I thought.\nIs it time to consider reinforcements?"
    },
    "30040013": {
        "deprecated": false,
        "Dev_Desc": "전투조장",
        "id": 30040013,
        "alias": "Contents.Gossip.40013",
        "text": "<textColor=[78:148:215:255]>Who is that small gang with <textColor=[78:148:215:255]>Munju</>?\nI feel something strange."
    },
    "30040014": {
        "deprecated": false,
        "Dev_Desc": "백인장",
        "id": 30040014,
        "alias": "Contents.Gossip.40014",
        "text": "What the hell is a surprise reinforcement?\nHuh!? Me, that one??"
    },
    "30040015": {
        "deprecated": false,
        "Dev_Desc": "사로잡힌 문파원",
        "id": 30040015,
        "alias": "Contents.Gossip.40015",
        "text": "Ugh... it's a mistake.\nHey, are you okay?"
    },
    "30040016": {
        "deprecated": false,
        "Dev_Desc": "사로잡힌 문파원",
        "id": 30040016,
        "alias": "Contents.Gossip.40016",
        "text": "I'm more worried about you than my worries.\nYou're bleeding all over."
    },
    "30040017": {
        "deprecated": false,
        "Dev_Desc": "십인장",
        "id": 30040017,
        "alias": "Contents.Gossip.40017",
        "text": "Ah, <textColor=[78:148:215:255]>Your Arang</>!\n<textColor=[78:148:215:255]>Munju</>! I think! "
    },
    "30040018": {
        "deprecated": false,
        "Dev_Desc": "부상당한 전투조원",
        "id": 30040018,
        "alias": "Contents.Gossip.40018",
        "text": "Huh... I lived..."
    },
    "30040019": {
        "deprecated": false,
        "Dev_Desc": "부상당한 전투조원",
        "id": 30040019,
        "alias": "Contents.Gossip.40019",
        "text": "<textColor=[78:148:215:255]>Lord Moon</> is here!"
    },
    "30040020": {
        "deprecated": false,
        "Dev_Desc": "부상당한 전투조원",
        "id": 30040020,
        "alias": "Contents.Gossip.40020",
        "text": "It's an honor to be with you <textColor=[78:148:215:255]>Arang</>!"
    },
    "30040021": {
        "deprecated": false,
        "Dev_Desc": "십인장",
        "id": 30040021,
        "alias": "Contents.Gossip.40021",
        "text": "How do I... <textColor=[78:148:215:255]>Lord Moon</>?\nThere is a cliff in front."
    },
    "30040022": {
        "deprecated": false,
        "Dev_Desc": "아랑",
        "id": 30040022,
        "alias": "Contents.Gossip.40022",
        "text": "Um... I think it might be possible to raise it this much?\nIs everyone going to be okay?"
    },
    "30040023": {
        "deprecated": false,
        "Dev_Desc": "송문악",
        "id": 30040023,
        "alias": "Contents.Gossip.40023",
        "text": "Hey, that guy!! When will he grow old.\nI don't think it will be of any help to <textColor=[78:148:215:255]>Lord Moon</>...!"
    },
    "30040024": {
        "deprecated": false,
        "Dev_Desc": "아랑",
        "id": 30040024,
        "alias": "Contents.Gossip.40024",
        "text": "Ow... not now...?"
    },
    "30040025": {
        "deprecated": false,
        "Dev_Desc": "비류하",
        "id": 30040025,
        "alias": "Contents.Gossip.40025",
        "text": "Yeah, that's right. Would you like to leave some time?"
    },
    "30040026": {
        "deprecated": false,
        "Dev_Desc": "문파원",
        "id": 30040026,
        "alias": "Contents.Gossip.40026",
        "text": "Why was <textColor=[78:148:215:255]>The death penalty</> turned so crooked?\nI was really nice when I was younger..."
    },
    "30040027": {
        "deprecated": false,
        "Dev_Desc": "문파원",
        "id": 30040027,
        "alias": "Contents.Gossip.40027",
        "text": "No, are you crazy to ride that <textColor=[255:204:102:255]>old razor</>?\nUhhh... how did people become like that..."
    }
}