{
    "36001000": {
        "deprecated": false,
        "Dev_Desc": "하초",
        "id": 36001000,
        "alias": "MonsterGossip.36001000",
        "text": "You? You killed my comrades!"
    },
    "36001001": {
        "deprecated": false,
        "Dev_Desc": "하초",
        "id": 36001001,
        "alias": "MonsterGossip.36001001",
        "text": "What a spoiled blue bastard... that's absurd!!"
    },
    "36001002": {
        "deprecated": false,
        "Dev_Desc": "하초",
        "id": 36001002,
        "alias": "MonsterGossip.36001002",
        "text": "I'm not as weak as kids these days. I'm not weak..."
    },
    "36001003": {
        "deprecated": false,
        "Dev_Desc": "대와",
        "id": 36001003,
        "alias": "MonsterGossip.36001003",
        "text": "You go back and hit the tail!"
    },
    "36001004": {
        "deprecated": false,
        "Dev_Desc": "대와",
        "id": 36001004,
        "alias": "MonsterGossip.36001004",
        "text": "Its weakness is its jaw and tail! Destroy it and pay for it!"
    },
    "36001005": {
        "deprecated": false,
        "Dev_Desc": "대와",
        "id": 36001005,
        "alias": "MonsterGossip.36001005",
        "text": "Oh my gosh, Dae and Juksu!"
    },
    "36001006": {
        "deprecated": false,
        "Dev_Desc": "대와",
        "id": 36001006,
        "alias": "MonsterGossip.36001006",
        "text": "I'm old now too! Oh, my waist!"
    },
    "36001007": {
        "deprecated": false,
        "Dev_Desc": "꼬와",
        "id": 36001007,
        "alias": "MonsterGossip.36001007",
        "text": "Here's this guy's weakness!"
    },
    "36001008": {
        "deprecated": false,
        "Dev_Desc": "꼬와",
        "id": 36001008,
        "alias": "MonsterGossip.36001008",
        "text": "Wow I can be better than Liwa!"
    },
    "36001009": {
        "deprecated": false,
        "Dev_Desc": "리와",
        "id": 36001009,
        "alias": "MonsterGossip.36001009",
        "text": "Here are his weaknesses!"
    },
    "36001010": {
        "deprecated": false,
        "Dev_Desc": "리와",
        "id": 36001010,
        "alias": "MonsterGossip.36001010",
        "text": "Wow I can't be better than Kwow!"
    },
    "36001011": {
        "deprecated": false,
        "Dev_Desc": "큰산",
        "id": 36001011,
        "alias": "MonsterGossip.36001011",
        "text": "Hey!\nI'll shatter your head!"
    },
    "36001012": {
        "deprecated": false,
        "Dev_Desc": "큰산",
        "id": 36001012,
        "alias": "MonsterGossip.36001012",
        "text": "I am a big mountain! You cannot cross mountains!\nYou will not be able to cross here either!"
    },
    "36001013": {
        "deprecated": false,
        "Dev_Desc": "큰산",
        "id": 36001013,
        "alias": "MonsterGossip.36001013",
        "text": "Profit...! There is still a long way to go!"
    },
    "36001014": {
        "deprecated": false,
        "Dev_Desc": "큰산",
        "id": 36001014,
        "alias": "MonsterGossip.36001014",
        "text": "Dare you... Dare to climb this great mountain!"
    },
    "36002000": {
        "deprecated": false,
        "Dev_Desc": "해룡의 사체_포트케일",
        "id": 36002000,
        "alias": "MonsterGossip.36002000",
        "text": "Who are you? Why are you disturbing me?"
    },
    "36002001": {
        "deprecated": false,
        "Dev_Desc": "해룡의 사체_포트케일",
        "id": 36002001,
        "alias": "MonsterGossip.36002001",
        "text": "This jewel is mine! Even if I die, I won't give it to you!"
    },
    "36002002": {
        "deprecated": false,
        "Dev_Desc": "해룡의 사체_포트케일",
        "id": 36002002,
        "alias": "MonsterGossip.36002002",
        "text": "Now... wait a minute! I don't want to die here~!!"
    },
    "36002003": {
        "deprecated": false,
        "Dev_Desc": "에레다 수장 하름",
        "id": 36002003,
        "alias": "MonsterGossip.36002003",
        "text": "What were you looking for, hiding like a mouse?"
    },
    "36002004": {
        "deprecated": false,
        "Dev_Desc": "에레다 수장 하름",
        "id": 36002004,
        "alias": "MonsterGossip.36002004",
        "text": "What do you mean!"
    },
    "36002005": {
        "deprecated": false,
        "Dev_Desc": "에레다 수장 하름",
        "id": 36002005,
        "alias": "MonsterGossip.36002005",
        "text": "Where did Shiro's reincarnation go?"
    },
    "36002006": {
        "deprecated": false,
        "Dev_Desc": "에레다 수장 하름",
        "id": 36002006,
        "alias": "MonsterGossip.36002006",
        "text": "Wow... that's pretty good..."
    },
    "36002007": {
        "deprecated": false,
        "Dev_Desc": "에레다 수장 하름",
        "id": 36002007,
        "alias": "MonsterGossip.36002007",
        "text": "It won't work out!"
    },
    "36002008": {
        "deprecated": false,
        "Dev_Desc": "에레다 수장 하름",
        "id": 36002008,
        "alias": "MonsterGossip.36002008",
        "text": "to the abyss..."
    },
    "36002009": {
        "deprecated": false,
        "Dev_Desc": "제 3기수 하름",
        "id": 36002009,
        "alias": "MonsterGossip.36002009",
        "text": "Die! You bastards!"
    },
    "36002010": {
        "deprecated": false,
        "Dev_Desc": "제 3기수 하름",
        "id": 36002010,
        "alias": "MonsterGossip.36002010",
        "text": "Kill them all!"
    },
    "36002011": {
        "deprecated": false,
        "Dev_Desc": "제 3기수 하름",
        "id": 36002011,
        "alias": "MonsterGossip.36002011",
        "text": "See the true power!"
    },
    "36002012": {
        "deprecated": false,
        "Dev_Desc": "제 3기수 하름",
        "id": 36002012,
        "alias": "MonsterGossip.36002012",
        "text": "Uh, why am I being pushed back!?"
    },
    "36002013": {
        "deprecated": false,
        "Dev_Desc": "제 3기수 하름",
        "id": 36002013,
        "alias": "MonsterGossip.36002013",
        "text": "Rag... Nir..."
    },
    "36002014": {
        "deprecated": false,
        "Dev_Desc": "에레다 대장 오름",
        "id": 36002014,
        "alias": "MonsterGossip.36002014",
        "text": "What is this!?"
    },
    "36002015": {
        "deprecated": false,
        "Dev_Desc": "에레다 대장 오름",
        "id": 36002015,
        "alias": "MonsterGossip.36002015",
        "text": "Stop it!"
    },
    "36002016": {
        "deprecated": false,
        "Dev_Desc": "에레다 대장 오름",
        "id": 36002016,
        "alias": "MonsterGossip.36002016",
        "text": "What the hell do you want!?"
    },
    "36002017": {
        "deprecated": false,
        "Dev_Desc": "아랑",
        "id": 36002017,
        "alias": "MonsterGossip.36002017",
        "text": "You're doing it right?\nWhy isn't it like that?"
    },
    "36002018": {
        "deprecated": false,
        "Dev_Desc": "아랑",
        "id": 36002018,
        "alias": "MonsterGossip.36002018",
        "text": "Sleep, wait. It can't be like this."
    },
    "36002019": {
        "deprecated": false,
        "Dev_Desc": "운반해",
        "id": 36002019,
        "alias": "MonsterGossip.36002019",
        "text": "What's the fuss!\nWhat else is your guy!?"
    },
    "36002020": {
        "deprecated": false,
        "Dev_Desc": "운반해",
        "id": 36002020,
        "alias": "MonsterGossip.36002020",
        "text": "Are you the one sent by the plum blossoms!?"
    },
    "36002021": {
        "deprecated": false,
        "Dev_Desc": "운반해",
        "id": 36002021,
        "alias": "MonsterGossip.36002021",
        "text": "No, wait! \nHey! I saved him alive!"
    },
    "36002022": {
        "deprecated": false,
        "Dev_Desc": "운반해",
        "id": 36002022,
        "alias": "MonsterGossip.36002022",
        "text": "Even if you saved it..."
    },
    "36002023": {
        "deprecated": false,
        "Dev_Desc": "아랑",
        "id": 36002023,
        "alias": "MonsterGossip.36002023",
        "text": "Oh, it's a raid!\nWatch out!"
    },
    "36003000": {
        "deprecated": false,
        "Dev_Desc": "홍돈칠",
        "id": 36003000,
        "alias": "MonsterGossip.36003000",
        "text": "You can't even get enough of this~!"
    },
    "36003001": {
        "deprecated": false,
        "Dev_Desc": "홍돈칠",
        "id": 36003001,
        "alias": "MonsterGossip.36003001",
        "text": "If you're going to get in the way, leave!"
    },
    "36003002": {
        "deprecated": false,
        "Dev_Desc": "홍돈팔",
        "id": 36003002,
        "alias": "MonsterGossip.36003002",
        "text": "What are you doing!?"
    },
    "36003003": {
        "deprecated": false,
        "Dev_Desc": "홍돈팔",
        "id": 36003003,
        "alias": "MonsterGossip.36003003",
        "text": "Your body is weak..."
    },
    "36003004": {
        "deprecated": false,
        "Dev_Desc": "아랑",
        "id": 36003004,
        "alias": "MonsterGossip.36003004",
        "text": "You must attack with all your heart!"
    },
    "36003005": {
        "deprecated": false,
        "Dev_Desc": "아랑",
        "id": 36003005,
        "alias": "MonsterGossip.36003005",
        "text": "Uh, huh? It seems to work!?"
    },
    "36003006": {
        "deprecated": false,
        "Dev_Desc": "검은새벽단 강우",
        "id": 36003006,
        "alias": "MonsterGossip.36003006",
        "text": "What kind of bastard! You came all the way here without fear. Don't make me regret it!"
    },
    "36003007": {
        "deprecated": false,
        "Dev_Desc": "검은새벽단 강우",
        "id": 36003007,
        "alias": "MonsterGossip.36003007",
        "text": "He is with me!"
    },
    "36003008": {
        "deprecated": false,
        "Dev_Desc": "검은새벽단 강우",
        "id": 36003008,
        "alias": "MonsterGossip.36003008",
        "text": "I will kill you and dedicate it to him!"
    },
    "36003009": {
        "deprecated": false,
        "Dev_Desc": "검은새벽단 강우",
        "id": 36003009,
        "alias": "MonsterGossip.36003009",
        "text": "No, no!!!"
    },
    "36003010": {
        "deprecated": false,
        "Dev_Desc": "염환",
        "id": 36003010,
        "alias": "MonsterGossip.36003010",
        "text": "What kind of guy are you again?"
    },
    "36003011": {
        "deprecated": false,
        "Dev_Desc": "염환",
        "id": 36003011,
        "alias": "MonsterGossip.36003011",
        "text": "This power!?"
    },
    "36003012": {
        "deprecated": false,
        "Dev_Desc": "염환",
        "id": 36003012,
        "alias": "MonsterGossip.36003012",
        "text": "I will give it to him!"
    },
    "36003013": {
        "deprecated": false,
        "Dev_Desc": "염환",
        "id": 36003013,
        "alias": "MonsterGossip.36003013",
        "text": "Return to the Abyss..."
    },
    "36005000": {
        "deprecated": false,
        "id": 36005000,
        "alias": "MonsterGossip.36005000",
        "text": "I'm sorry. I wish I had more time to develop a cure..."
    },
    "36005001": {
        "deprecated": false,
        "id": 36005001,
        "alias": "MonsterGossip.36005001",
        "text": "Hey, is it a sin to be big? Am I a monster!"
    },
    "36005002": {
        "deprecated": false,
        "id": 36005002,
        "alias": "MonsterGossip.36005002",
        "text": "Stop complaining about looking up!"
    },
    "36005003": {
        "deprecated": false,
        "id": 36005003,
        "alias": "MonsterGossip.36005003",
        "text": "I'm tired of being nicknamed gibbons now."
    },
    "36001015": {
        "deprecated": false,
        "Dev_Desc": "반달호수_의문의 사내",
        "id": 36001015,
        "alias": "MonsterGossip.36001015",
        "text": "Don't disturb me!\nIf you disturb me, I will really hit you!!"
    },
    "36001016": {
        "deprecated": false,
        "Dev_Desc": "반달호수_의문의 사내",
        "id": 36001016,
        "alias": "MonsterGossip.36001016",
        "text": "He, stop! I was wrong...\nI also had a situation!"
    },
    "36001017": {
        "deprecated": false,
        "Dev_Desc": "반달호수_위험해 보이는 자",
        "id": 36001017,
        "alias": "MonsterGossip.36001017",
        "text": "You can't keep an eyewitness alive!\nDie! Hehehe!!!!"
    },
    "36001018": {
        "deprecated": false,
        "Dev_Desc": "반달호수_위험해 보이는 자",
        "id": 36001018,
        "alias": "MonsterGossip.36001018",
        "text": "Well, wait a minute, this is all\nIm Yeonsu ordered it...!"
    },
    "36001019": {
        "deprecated": false,
        "Dev_Desc": "반달호수_치연",
        "id": 36001019,
        "alias": "MonsterGossip.36001019",
        "text": "Come on, show your skills!"
    },
    "36001020": {
        "deprecated": false,
        "Dev_Desc": "반달호수_치연",
        "id": 36001020,
        "alias": "MonsterGossip.36001020",
        "text": "Is that good enough?"
    },
    "36001021": {
        "deprecated": false,
        "Dev_Desc": "반달호수_청인족 해적단",
        "id": 36001021,
        "alias": "MonsterGossip.36001021",
        "text": "What else is this guy doing?!"
    },
    "36001022": {
        "deprecated": false,
        "Dev_Desc": "반달호수_대어방 자경단",
        "id": 36001022,
        "alias": "MonsterGossip.36001022",
        "text": "Don't meddle, come back calmly!"
    },
    "36001023": {
        "deprecated": false,
        "Dev_Desc": "반달호수_임연수의 용병",
        "id": 36001023,
        "alias": "MonsterGossip.36001023",
        "text": "What the fuck! How did you get here?"
    },
    "36001024": {
        "deprecated": false,
        "Dev_Desc": "반달호수_깨어난 수호자 거석장군",
        "id": 36001024,
        "alias": "MonsterGossip.36001024",
        "text": "Who is disturbing my sleep..."
    }
}