{
    "4001000": {
        "deprecated": false,
        "Dev_Desc": "E_SW_BD01_무술대회 결승전",
        "id": 4001000,
        "alias": "Contents.Quest.Cutscene.1000",
        "text": "The day everyone has been waiting for! Who will be the strongest in Suwol Plains!"
    },
    "4001001": {
        "deprecated": false,
        "Dev_Desc": "E_SW_BD01_무술대회 결승전",
        "id": 4001001,
        "alias": "Contents.Quest.Cutscene.1001",
        "text": "Now, let me introduce you to today's player!"
    },
    "4001002": {
        "deprecated": false,
        "Dev_Desc": "E_SW_BD01_무술대회 결승전",
        "id": 4001002,
        "alias": "Contents.Quest.Cutscene.1002",
        "text": "A rising divinity who challenges the strongest position!"
    },
    "4001003": {
        "deprecated": false,
        "Dev_Desc": "E_SW_BD01_무술대회 결승전",
        "id": 4001003,
        "alias": "Contents.Quest.Cutscene.1003",
        "text": "That opponent is a strong man who can freely wield mysterious powers, Arang!"
    },
    "4001004": {
        "deprecated": false,
        "Dev_Desc": "E_SW_BD01_무술대회 결승전",
        "id": 4001004,
        "alias": "Contents.Quest.Cutscene.1004",
        "text": "Who will own the mysterious crystal fertility of the thousand moons!"
    },
    "4001005": {
        "deprecated": false,
        "Dev_Desc": "E_SW_BD01_무술대회 결승전",
        "id": 4001005,
        "alias": "Contents.Quest.Cutscene.1005",
        "text": "At this historic moment, Harm, the head of Ereda, has also been seated!"
    },
    "4001006": {
        "deprecated": false,
        "Dev_Desc": "E_SW_BD01_무술대회 결승전",
        "id": 4001006,
        "alias": "Contents.Quest.Cutscene.1006",
        "text": "Okay, let's start the game now!"
    },
    "4001007": {
        "deprecated": false,
        "Dev_Desc": "E_SW_BD01_무술대회 결승전",
        "id": 4001007,
        "alias": "Contents.Quest.Cutscene.1007",
        "text": "Looks like you can afford to laugh?"
    },
    "4001008": {
        "deprecated": false,
        "Dev_Desc": "E_SW_BD01_무술대회 결승전",
        "id": 4001008,
        "alias": "Contents.Quest.Cutscene.1008",
        "text": "but you better focus"
    },
    "4001009": {
        "deprecated": false,
        "Dev_Desc": "E_SW_BD01_무술대회 결승전",
        "id": 4001009,
        "alias": "Contents.Quest.Cutscene.1009",
        "text": "I won't even look after my friends today"
    },
    "4001010": {
        "deprecated": false,
        "Dev_Desc": "E_SW_BD03_가짜 진실의 검",
        "id": 4001010,
        "alias": "Contents.Quest.Cutscene.1010",
        "text": "Boss, does he have something to show you?"
    },
    "4001011": {
        "deprecated": false,
        "Dev_Desc": "E_SW_BD03_가짜 진실의 검",
        "id": 4001011,
        "alias": "Contents.Quest.Cutscene.1011",
        "text": "Huh? Why are you back?"
    },
    "4001012": {
        "deprecated": false,
        "Dev_Desc": "E_SW_BD03_가짜 진실의 검",
        "id": 4001012,
        "alias": "Contents.Quest.Cutscene.1012",
        "text": "G...G...Sword of Truth? No, how do you...!"
    },
    "4001013": {
        "deprecated": false,
        "Dev_Desc": "E_SW_BD03_가짜 진실의 검",
        "id": 4001013,
        "alias": "Contents.Quest.Cutscene.1013",
        "text": "Is this... this? Is this the sword of truth?"
    },
    "4001014": {
        "deprecated": false,
        "Dev_Desc": "E_SW_BD03_가짜 진실의 검",
        "id": 4001014,
        "alias": "Contents.Quest.Cutscene.1014",
        "text": "Tell the truth!"
    },
    "4001015": {
        "deprecated": false,
        "Dev_Desc": "E_SW_BD03_가짜 진실의 검",
        "id": 4001015,
        "alias": "Contents.Quest.Cutscene.1015",
        "text": "I...that...the last time the boss over there stole the deer leg, that's what I, I ate"
    },
    "4001016": {
        "deprecated": false,
        "Dev_Desc": "E_SW_BD03_가짜 진실의 검",
        "id": 4001016,
        "alias": "Contents.Quest.Cutscene.1016",
        "text": "What? Gee!"
    },
    "4001017": {
        "deprecated": false,
        "Dev_Desc": "E_SW_BD03_가짜 진실의 검",
        "id": 4001017,
        "alias": "Contents.Quest.Cutscene.1017",
        "text": "That...the boss is the one who rumored to be constipated"
    },
    "4001018": {
        "deprecated": false,
        "Dev_Desc": "E_SW_BD03_가짜 진실의 검",
        "id": 4001018,
        "alias": "Contents.Quest.Cutscene.1018",
        "text": "What?! Ha ha ha ha ha! It is indeed a sword of truth, ha ha ha ha!"
    },
    "4001019": {
        "deprecated": false,
        "Dev_Desc": "E_SW_BD03_가짜 진실의 검",
        "id": 4001019,
        "alias": "Contents.Quest.Cutscene.1019",
        "text": "You go and tell me you bastard to come to me, and if I run away... I won't let you go!"
    },
    "4001020": {
        "deprecated": false,
        "Dev_Desc": "E_SW_BD03_가짜 진실의 검",
        "id": 4001020,
        "alias": "Contents.Quest.Cutscene.1020",
        "text": "Okay!"
    },
    "4001021": {
        "deprecated": false,
        "Dev_Desc": "E_SW_BD03_가짜 진실의 검",
        "id": 4001021,
        "alias": "Contents.Quest.Cutscene.1021",
        "text": "Heh heh heh... heh heh heh heh"
    },
    "4001022": {
        "deprecated": false,
        "Dev_Desc": "E_SW_BD03_가짜 진실의 검",
        "id": 4001022,
        "alias": "Contents.Quest.Cutscene.1022",
        "text": "Ah...it's a thing! Haha~ Good! It feels good!"
    },
    "4001023": {
        "deprecated": false,
        "Dev_Desc": "E_SW_BD03_가짜 진실의 검",
        "id": 4001023,
        "alias": "Contents.Quest.Cutscene.1023",
        "text": "Yeah, hang on here. I'll give you that... bounty, hahahahaha!"
    },
    "4001024": {
        "deprecated": false,
        "Dev_Desc": "E_SW_BD04_홍매화 연설",
        "id": 4001024,
        "alias": "Contents.Quest.Cutscene.1024",
        "text": "Hello"
    },
    "4001025": {
        "deprecated": false,
        "Dev_Desc": "E_SW_BD04_홍매화 연설",
        "id": 4001025,
        "alias": "Contents.Quest.Cutscene.1025",
        "text": "This is the red plum in charge of the plum blossoms"
    },
    "4001026": {
        "deprecated": false,
        "Dev_Desc": "E_SW_BD04_홍매화 연설",
        "id": 4001026,
        "alias": "Contents.Quest.Cutscene.1026",
        "text": "Recently in various places around Lake Vandal"
    },
    "4001027": {
        "deprecated": false,
        "Dev_Desc": "E_SW_BD04_홍매화 연설",
        "id": 4001027,
        "alias": "Contents.Quest.Cutscene.1027",
        "text": "everyone knows what has happened"
    },
    "4001028": {
        "deprecated": false,
        "Dev_Desc": "E_SW_BD04_홍매화 연설",
        "id": 4001028,
        "alias": "Contents.Quest.Cutscene.1028",
        "text": "Our company secretly investigated this"
    },
    "4001029": {
        "deprecated": false,
        "Dev_Desc": "E_SW_BD04_홍매화 연설",
        "id": 4001029,
        "alias": "Contents.Quest.Cutscene.1029",
        "text": "possible to determine who was behind the incident"
    },
    "4001030": {
        "deprecated": false,
        "Dev_Desc": "E_SW_BD04_홍매화 연설",
        "id": 4001030,
        "alias": "Contents.Quest.Cutscene.1030",
        "text": "Evidence captured"
    },
    "4001031": {
        "deprecated": false,
        "Dev_Desc": "E_SW_BD04_홍매화 연설",
        "id": 4001031,
        "alias": "Contents.Quest.Cutscene.1031",
        "text": "this is"
    },
    "4001032": {
        "deprecated": false,
        "Dev_Desc": "E_SW_BD04_홍매화 연설",
        "id": 4001032,
        "alias": "Contents.Quest.Cutscene.1032",
        "text": "The evidence found throughout Vandal Lake!"
    },
    "4001033": {
        "deprecated": false,
        "Dev_Desc": "E_SW_BD04_홍매화 연설",
        "id": 4001033,
        "alias": "Contents.Quest.Cutscene.1033",
        "text": "This evidence records all the illegal actions \nperformed to incite fear"
    },
    "4001034": {
        "deprecated": false,
        "Dev_Desc": "E_SW_BD04_홍매화 연설",
        "id": 4001034,
        "alias": "Contents.Quest.Cutscene.1034",
        "text": "under it"
    },
    "4001035": {
        "deprecated": false,
        "Dev_Desc": "E_SW_BD04_홍매화 연설",
        "id": 4001035,
        "alias": "Contents.Quest.Cutscene.1035",
        "text": "The current owner of Daeeobang"
    },
    "4001036": {
        "deprecated": false,
        "Dev_Desc": "E_SW_BD04_홍매화 연설",
        "id": 4001036,
        "alias": "Contents.Quest.Cutscene.1036",
        "text": "Im Yeonsu's name and seal are stamped!"
    },
    "4001037": {
        "deprecated": false,
        "Dev_Desc": "E_SW_BD04_홍매화 연설",
        "id": 4001037,
        "alias": "Contents.Quest.Cutscene.1037",
        "text": "Should we recognize such a person as a big hitter!"
    },
    "4001038": {
        "deprecated": false,
        "Dev_Desc": "E_SW_BD04_홍매화 연설",
        "id": 4001038,
        "alias": "Contents.Quest.Cutscene.1038",
        "text": "Right! Right!"
    },
    "4001039": {
        "deprecated": false,
        "Dev_Desc": "E_SW_BD04_홍매화 연설",
        "id": 4001039,
        "alias": "Contents.Quest.Cutscene.1039",
        "text": "You can't count Lim Yeon-soo as a total hitter any more!"
    },
    "4001040": {
        "deprecated": false,
        "Dev_Desc": "E_SW_BD04_홍매화 연설",
        "id": 4001040,
        "alias": "Contents.Quest.Cutscene.1040",
        "text": "I think Yeonsu Lim ran away"
    },
    "4001041": {
        "deprecated": false,
        "Dev_Desc": "E_SW_BD04_홍매화 연설",
        "id": 4001041,
        "alias": "Contents.Quest.Cutscene.1041",
        "text": "What? Lim Yeon-soo ran away? So what will happen?"
    },
    "4001042": {
        "deprecated": false,
        "Dev_Desc": "E_SW_BD04_홍매화 연설",
        "id": 4001042,
        "alias": "Contents.Quest.Cutscene.1042",
        "text": "Whatever it is, you can take charge of the shooting of Maehwa Hong!"
    },
    "4001043": {
        "deprecated": false,
        "Dev_Desc": "E_SW_BD04_홍매화 연설",
        "id": 4001043,
        "alias": "Contents.Quest.Cutscene.1043",
        "text": "Right! Right!"
    },
    "4001044": {
        "deprecated": false,
        "Dev_Desc": "E_SW_BD04_홍매화 연설",
        "id": 4001044,
        "alias": "Contents.Quest.Cutscene.1044",
        "text": "I understand what you mean"
    },
    "4001045": {
        "deprecated": false,
        "Dev_Desc": "E_SW_BD04_홍매화 연설",
        "id": 4001045,
        "alias": "Contents.Quest.Cutscene.1045",
        "text": "However, it is not right for Lim Yeon-soo to run away and occupy the vacant place \nlike an opportunist"
    },
    "4001046": {
        "deprecated": false,
        "Dev_Desc": "E_SW_BD04_홍매화 연설",
        "id": 4001046,
        "alias": "Contents.Quest.Cutscene.1046",
        "text": "However, the total number of seats cannot be left empty to keep the order of Lake Vandal"
    },
    "4001047": {
        "deprecated": false,
        "Dev_Desc": "E_SW_BD04_홍매화 연설",
        "id": 4001047,
        "alias": "Contents.Quest.Cutscene.1047",
        "text": "Until the next total hit is decided"
    },
    "4001048": {
        "deprecated": false,
        "Dev_Desc": "E_SW_BD04_홍매화 연설",
        "id": 4001048,
        "alias": "Contents.Quest.Cutscene.1048",
        "text": "We will take care of it together"
    },
    "4001049": {
        "deprecated": false,
        "Dev_Desc": "E_SW_BD04_홍매화 연설",
        "id": 4001049,
        "alias": "Contents.Quest.Cutscene.1049",
        "text": "No worries if you are a saho"
    },
    "4001050": {
        "deprecated": false,
        "Dev_Desc": "E_SW_BD04_홍매화 연설",
        "id": 4001050,
        "alias": "Contents.Quest.Cutscene.1050",
        "text": "Finally, Vandal Lake will return to its original position"
    },
    "4001051": {
        "deprecated": false,
        "Dev_Desc": "E_SW_BD05_아랑의 도움",
        "id": 4001051,
        "alias": "Contents.Quest.Cutscene.1051",
        "text": "Regressor! How do you think..."
    },
    "4001052": {
        "deprecated": false,
        "Dev_Desc": "E_SW_BD05_아랑의 도움",
        "id": 4001052,
        "alias": "Contents.Quest.Cutscene.1052",
        "text": "Looks like you're lucky, aren't you?"
    },
    "4001053": {
        "deprecated": false,
        "Dev_Desc": "E_SW_BD05_아랑의 도움",
        "id": 4001053,
        "alias": "Contents.Quest.Cutscene.1053",
        "text": "Damn"
    },
    "4001054": {
        "deprecated": false,
        "Dev_Desc": "E_SW_BD05_아랑의 도움",
        "id": 4001054,
        "alias": "Contents.Quest.Cutscene.1054",
        "text": "I won't end it here!"
    },
    "4001055": {
        "deprecated": false,
        "Dev_Desc": "E_SW_BD05_아랑의 도움",
        "id": 4001055,
        "alias": "Contents.Quest.Cutscene.1055",
        "text": "Shit! Let's see"
    },
    "4001056": {
        "deprecated": false,
        "Dev_Desc": "E_SW_BD07_포위되는PC",
        "id": 4001056,
        "alias": "Contents.Quest.Cutscene.1056",
        "text": "take away"
    },
    "4001057": {
        "deprecated": false,
        "Dev_Desc": "E_SW_BD07_포위되는PC",
        "id": 4001057,
        "alias": "Contents.Quest.Cutscene.1057",
        "text": "Stop!"
    },
    "4001058": {
        "deprecated": false,
        "Dev_Desc": "E_SW_BD07_포위되는PC",
        "id": 4001058,
        "alias": "Contents.Quest.Cutscene.1058",
        "text": "Is that in your hand... a new skill?"
    },
    "4001059": {
        "deprecated": false,
        "Dev_Desc": "E_SW_BD07_포위되는PC",
        "id": 4001059,
        "alias": "Contents.Quest.Cutscene.1059",
        "text": "Yes, the sword that reveals the truth"
    },
    "4001060": {
        "deprecated": false,
        "Dev_Desc": "E_SW_BD07_포위되는PC",
        "id": 4001060,
        "alias": "Contents.Quest.Cutscene.1060",
        "text": "It's your true name"
    },
    "4001061": {
        "deprecated": false,
        "Dev_Desc": "E_SW_BD07_포위되는PC",
        "id": 4001061,
        "alias": "Contents.Quest.Cutscene.1061",
        "text": "Sura and Shingi...that's a weird combination"
    },
    "4001062": {
        "deprecated": false,
        "Dev_Desc": "E_SW_BD08_급습하는 하름",
        "id": 4001062,
        "alias": "Contents.Quest.Cutscene.1062",
        "text": "I hope so"
    },
    "4001063": {
        "deprecated": false,
        "Dev_Desc": "E_SW_BD08_급습하는 하름",
        "id": 4001063,
        "alias": "Contents.Quest.Cutscene.1063",
        "text": "A human with the energy of a divine beast..."
    },
    "4001064": {
        "deprecated": false,
        "Dev_Desc": "E_SW_BD08_급습하는 하름",
        "id": 4001064,
        "alias": "Contents.Quest.Cutscene.1064",
        "text": "I am too strong to face the divine beast"
    },
    "4001065": {
        "deprecated": false,
        "Dev_Desc": "E_SW_BD08_급습하는 하름",
        "id": 4001065,
        "alias": "Contents.Quest.Cutscene.1065",
        "text": "It's no different if you're a trivial human!"
    },
    "4001066": {
        "deprecated": false,
        "Dev_Desc": "E_SW_BD08_급습하는 하름",
        "id": 4001066,
        "alias": "Contents.Quest.Cutscene.1066",
        "text": "Your power..."
    },
    "4001067": {
        "deprecated": false,
        "Dev_Desc": "E_SW_BD08_급습하는 하름",
        "id": 4001067,
        "alias": "Contents.Quest.Cutscene.1067",
        "text": "I will eat you deliciously!"
    },
    "4001068": {
        "deprecated": false,
        "Dev_Desc": "E_HW_TR02_에레다 단원의 습격",
        "id": 4001068,
        "alias": "Contents.Quest.Cutscene.1068",
        "text": "Let's get caught like this"
    },
    "4001069": {
        "deprecated": false,
        "Dev_Desc": "E_HW_TR02_에레다 단원의 습격",
        "id": 4001069,
        "alias": "Contents.Quest.Cutscene.1069",
        "text": "I have a good number"
    },
    "4001070": {
        "deprecated": false,
        "Dev_Desc": "E_HW_TR02_에레다 단원의 습격",
        "id": 4001070,
        "alias": "Contents.Quest.Cutscene.1070",
        "text": "You'd better be chatting in the underworld! Attack all!"
    },
    "4001071": {
        "deprecated": false,
        "Dev_Desc": "E_HW_TR02_에레다 단원의 습격",
        "id": 4001071,
        "alias": "Contents.Quest.Cutscene.1071",
        "text": "Power"
    },
    "4001072": {
        "deprecated": false,
        "Dev_Desc": "E_HW_TR02_에레다 단원의 습격",
        "id": 4001072,
        "alias": "Contents.Quest.Cutscene.1072",
        "text": "Attack!"
    },
    "4001073": {
        "deprecated": false,
        "Dev_Desc": "E_HW_TR03_하름의 정체",
        "id": 4001073,
        "alias": "Contents.Quest.Cutscene.1073",
        "text": "Lord Moon!"
    },
    "4001074": {
        "deprecated": false,
        "Dev_Desc": "E_HW_TR03_하름의 정체",
        "id": 4001074,
        "alias": "Contents.Quest.Cutscene.1074",
        "text": "Look now, the real..."
    },
    "4001075": {
        "deprecated": false,
        "Dev_Desc": "E_HW_TR03_하름의 정체",
        "id": 4001075,
        "alias": "Contents.Quest.Cutscene.1075",
        "text": "Huh?"
    },
    "4001076": {
        "deprecated": false,
        "Dev_Desc": "E_HW_TR03_하름의 정체",
        "id": 4001076,
        "alias": "Contents.Quest.Cutscene.1076",
        "text": "You guys!"
    },
    "4001077": {
        "deprecated": false,
        "Dev_Desc": "E_HW_TR03_하름의 정체",
        "id": 4001077,
        "alias": "Contents.Quest.Cutscene.1077",
        "text": "You guys..."
    },
    "4001078": {
        "deprecated": false,
        "Dev_Desc": "E_HW_TR03_하름의 정체",
        "id": 4001078,
        "alias": "Contents.Quest.Cutscene.1078",
        "text": "These bastards"
    },
    "4001079": {
        "deprecated": false,
        "Dev_Desc": "E_HW_TR03_하름의 정체",
        "id": 4001079,
        "alias": "Contents.Quest.Cutscene.1079",
        "text": "Kill them all!"
    },
    "4001080": {
        "deprecated": false,
        "Dev_Desc": "E_HW_TR04_에레다 의식",
        "id": 4001080,
        "alias": "Contents.Quest.Cutscene.1080",
        "text": "Sacred Life, \nI salute you as the head of the clan of Ereda"
    },
    "4001081": {
        "deprecated": false,
        "Dev_Desc": "E_HW_TR04_에레다 의식",
        "id": 4001081,
        "alias": "Contents.Quest.Cutscene.1081",
        "text": "You of finite wisdom, tell me why you called me"
    },
    "4001082": {
        "deprecated": false,
        "Dev_Desc": "E_HW_TR04_에레다 의식",
        "id": 4001082,
        "alias": "Contents.Quest.Cutscene.1082",
        "text": "I dare you to learn the wisdom of Goddess"
    },
    "4001083": {
        "deprecated": false,
        "Dev_Desc": "E_HW_TR04_에레다 의식",
        "id": 4001083,
        "alias": "Contents.Quest.Cutscene.1083",
        "text": "Whoever seeks wisdom,\nYou're not foolish, what are you trying to ask?"
    },
    "4001084": {
        "deprecated": false,
        "Dev_Desc": "E_HW_TR04_에레다 의식",
        "id": 4001084,
        "alias": "Contents.Quest.Cutscene.1084",
        "text": "That's..."
    },
    "4001085": {
        "deprecated": false,
        "Dev_Desc": "E_HW_TR04_에레다 의식",
        "id": 4001085,
        "alias": "Contents.Quest.Cutscene.1085",
        "text": "Tell me about this guy's mother"
    },
    "4001086": {
        "deprecated": false,
        "Dev_Desc": "E_HW_TR04_에레다 의식",
        "id": 4001086,
        "alias": "Contents.Quest.Cutscene.1086",
        "text": "Are you a returnee to Shiro...\nIt seems that you still haven't learned manners"
    },
    "4001087": {
        "deprecated": false,
        "Dev_Desc": "E_HW_TR04_에레다 의식",
        "id": 4001087,
        "alias": "Contents.Quest.Cutscene.1087",
        "text": "Haha, I haven't found all my memories yet"
    },
    "4001088": {
        "deprecated": false,
        "Dev_Desc": "E_HW_TR04_에레다 의식",
        "id": 4001088,
        "alias": "Contents.Quest.Cutscene.1088",
        "text": "It's not because of my memory..."
    },
    "4001089": {
        "deprecated": false,
        "Dev_Desc": "E_HW_TR04_에레다 의식",
        "id": 4001089,
        "alias": "Contents.Quest.Cutscene.1089",
        "text": "Anyway, tell me about this guy's mother\nPasa, do you know something?"
    },
    "4001090": {
        "deprecated": false,
        "Dev_Desc": "E_HW_TR04_에레다 의식",
        "id": 4001090,
        "alias": "Contents.Quest.Cutscene.1090",
        "text": "A divine beast must not be involved in the human world"
    },
    "4001091": {
        "deprecated": false,
        "Dev_Desc": "E_HW_TR04_에레다 의식",
        "id": 4001091,
        "alias": "Contents.Quest.Cutscene.1091",
        "text": "Especially if it can affect the human world"
    },
    "4001092": {
        "deprecated": false,
        "Dev_Desc": "E_HW_TR04_에레다 의식",
        "id": 4001092,
        "alias": "Contents.Quest.Cutscene.1092",
        "text": "I'm sorry but I can't seem to help with this"
    },
    "4001093": {
        "deprecated": false,
        "Dev_Desc": "E_HW_TR05_파사등장",
        "id": 4001093,
        "alias": "Contents.Quest.Cutscene.1093",
        "text": "You have found a quiet place"
    },
    "4001094": {
        "deprecated": false,
        "Dev_Desc": "E_HW_TR05_파사등장",
        "id": 4001094,
        "alias": "Contents.Quest.Cutscene.1094",
        "text": "Originally, a divine beast should not be involved in human affairs, but..."
    },
    "4001095": {
        "deprecated": false,
        "Dev_Desc": "E_HW_TR05_파사등장",
        "id": 4001095,
        "alias": "Contents.Quest.Cutscene.1095",
        "text": "I don't think the mother you're looking for isn't human"
    },
    "4001096": {
        "deprecated": false,
        "Dev_Desc": "E_HW_TR05_파사등장",
        "id": 4001096,
        "alias": "Contents.Quest.Cutscene.1096",
        "text": "Come to the corridor in this forest"
    },
    "4001097": {
        "deprecated": false,
        "Dev_Desc": "E_HW_TR05_파사등장",
        "id": 4001097,
        "alias": "Contents.Quest.Cutscene.1097",
        "text": "Tell me about your mother"
    },
    "4001098": {
        "deprecated": false,
        "Dev_Desc": "E_HW_TR06_파사의 말을 듣고 충격 받은 PC",
        "id": 4001098,
        "alias": "Contents.Quest.Cutscene.1098",
        "text": "Did you see red jade in your mother's memory?"
    },
    "4001099": {
        "deprecated": false,
        "Dev_Desc": "E_HW_TR06_파사의 말을 듣고 충격 받은 PC",
        "id": 4001099,
        "alias": "Contents.Quest.Cutscene.1099",
        "text": "That's what your father always wore"
    },
    "4001100": {
        "deprecated": false,
        "Dev_Desc": "E_HW_TR06_파사의 말을 듣고 충격 받은 PC",
        "id": 4001100,
        "alias": "Contents.Quest.Cutscene.1100",
        "text": "What the ruby fell from, and the existence of Sura"
    },
    "4001101": {
        "deprecated": false,
        "Dev_Desc": "E_HW_TR06_파사의 말을 듣고 충격 받은 PC",
        "id": 4001101,
        "alias": "Contents.Quest.Cutscene.1101",
        "text": "your mother..."
    },
    "4001102": {
        "deprecated": false,
        "Dev_Desc": "E_HW_TR06_파사의 말을 듣고 충격 받은 PC",
        "id": 4001102,
        "alias": "Contents.Quest.Cutscene.1102",
        "text": "Your father killed him!"
    },
    "4001103": {
        "deprecated": false,
        "Dev_Desc": "E_HW_TR06_파사의 말을 듣고 충격 받은 PC",
        "id": 4001103,
        "alias": "Contents.Quest.Cutscene.1103",
        "text": "(I can't!)"
    },
    "4001104": {
        "deprecated": false,
        "Dev_Desc": "E_HW_TR07_좌절하는 PC",
        "id": 4001104,
        "alias": "Contents.Quest.Cutscene.1104",
        "text": "Are you okay?"
    },
    "4001105": {
        "deprecated": false,
        "Dev_Desc": "E_HW_TR08_송시국의 죽음",
        "id": 4001105,
        "alias": "Contents.Quest.Cutscene.1105",
        "text": "City death penalty!"
    },
    "4001106": {
        "deprecated": false,
        "Dev_Desc": "E_HW_TR08_송시국의 죽음",
        "id": 4001106,
        "alias": "Contents.Quest.Cutscene.1106",
        "text": "Ugh..."
    },
    "4001107": {
        "deprecated": false,
        "Dev_Desc": "E_HW_TR08_송시국의 죽음",
        "id": 4001107,
        "alias": "Contents.Quest.Cutscene.1107",
        "text": "Help...Help...Give me..."
    },
    "4001108": {
        "deprecated": false,
        "Dev_Desc": "E_HW_TR08_송시국의 죽음",
        "id": 4001108,
        "alias": "Contents.Quest.Cutscene.1108",
        "text": "Stop!"
    },
    "4001109": {
        "deprecated": false,
        "Dev_Desc": "E_HW_TR08_송시국의 죽음",
        "id": 4001109,
        "alias": "Contents.Quest.Cutscene.1109",
        "text": "Stand back, it's already too late"
    },
    "4001110": {
        "deprecated": false,
        "Dev_Desc": "E_HW_TR08_송시국의 죽음",
        "id": 4001110,
        "alias": "Contents.Quest.Cutscene.1110",
        "text": "Sura's energy surrounds you all over your body, so if you get close to it,\nYou can be dangerous too."
    },
    "4001111": {
        "deprecated": false,
        "Dev_Desc": "E_HW_TR08_송시국의 죽음",
        "id": 4001111,
        "alias": "Contents.Quest.Cutscene.1111",
        "text": "Wow!"
    },
    "4001112": {
        "deprecated": false,
        "Dev_Desc": "E_HW_TR08_송시국의 죽음",
        "id": 4001112,
        "alias": "Contents.Quest.Cutscene.1112",
        "text": "But..."
    },
    "4001113": {
        "deprecated": false,
        "Dev_Desc": "E_HW_TR08_송시국의 죽음",
        "id": 4001113,
        "alias": "Contents.Quest.Cutscene.1113",
        "text": "Stand back"
    },
    "4001114": {
        "deprecated": false,
        "Dev_Desc": "E_HW_TR08_송시국의 죽음",
        "id": 4001114,
        "alias": "Contents.Quest.Cutscene.1114",
        "text": "Ugh..."
    },
    "4001115": {
        "deprecated": false,
        "Dev_Desc": "E_HW_TR08_송시국의 죽음",
        "id": 4001115,
        "alias": "Contents.Quest.Cutscene.1115",
        "text": "Wow!"
    },
    "4001116": {
        "deprecated": false,
        "Dev_Desc": "E_HW_TR08_송시국의 죽음",
        "id": 4001116,
        "alias": "Contents.Quest.Cutscene.1116",
        "text": "Sa, save me..."
    },
    "4001117": {
        "deprecated": false,
        "Dev_Desc": "E_HW_TR08_송시국의 죽음",
        "id": 4001117,
        "alias": "Contents.Quest.Cutscene.1117",
        "text": "The price of greed for not understanding your abilities"
    },
    "4001118": {
        "deprecated": false,
        "Dev_Desc": "E_HW_TR08_송시국의 죽음",
        "id": 4001118,
        "alias": "Contents.Quest.Cutscene.1118",
        "text": "Think of it as your own woes"
    },
    "4001119": {
        "deprecated": false,
        "Dev_Desc": "E_HW_TR08_송시국의 죽음",
        "id": 4001119,
        "alias": "Contents.Quest.Cutscene.1119",
        "text": "Longer and later, Lord Moon may be contaminated"
    },
    "4001120": {
        "deprecated": false,
        "Dev_Desc": "E_HW_TR08_송시국의 죽음",
        "id": 4001120,
        "alias": "Contents.Quest.Cutscene.1120",
        "text": "But..."
    },
    "4001121": {
        "deprecated": false,
        "Dev_Desc": "E_HW_TR08_송시국의 죽음",
        "id": 4001121,
        "alias": "Contents.Quest.Cutscene.1121",
        "text": "Knowing when to step back and acting are also attitudes that a mun master should have"
    },
    "4001122": {
        "deprecated": false,
        "Dev_Desc": "E_HW_TR08_송시국의 죽음",
        "id": 4001122,
        "alias": "Contents.Quest.Cutscene.1122",
        "text": "Father!!"
    },
    "4001123": {
        "deprecated": false,
        "Dev_Desc": "E_HW_TR08_송시국의 죽음",
        "id": 4001123,
        "alias": "Contents.Quest.Cutscene.1123",
        "text": "Aww!"
    },
    "4001124": {
        "deprecated": false,
        "Dev_Desc": "E_SW_BD02_PC 수라 조짐",
        "id": 4001124,
        "alias": "Contents.Quest.Cutscene.1124",
        "text": "Calm down!"
    },
    "4001125": {
        "deprecated": false,
        "Dev_Desc": "E_SW_BD08_급습하는 하름",
        "id": 4001125,
        "alias": "Contents.Quest.Cutscene.1125",
        "text": "Is there such a windfall?"
    },
    "4001126": {
        "deprecated": false,
        "Dev_Desc": "E_SW_BD07_포위되는PC",
        "id": 4001126,
        "alias": "Contents.Quest.Cutscene.1126",
        "text": "What are you doing!"
    },
    "4001127": {
        "deprecated": false,
        "Dev_Desc": "E_Tutorial_01 경공 대결",
        "id": 4001127,
        "alias": "Contents.Quest.Cutscene.1127",
        "text": "You don't have time to relax like that?"
    },
    "4001128": {
        "deprecated": false,
        "Dev_Desc": "E_Tutorial_01 경공 대결",
        "id": 4001128,
        "alias": "Contents.Quest.Cutscene.1128",
        "text": "Wow, okay! Is that the place where the martial arts competition is held over there?"
    },
    "4001129": {
        "deprecated": false,
        "Dev_Desc": "E_Tutorial_01 경공 대결",
        "id": 4001129,
        "alias": "Contents.Quest.Cutscene.1129",
        "text": "What are you looking forward to already?"
    },
    "4001130": {
        "deprecated": false,
        "Dev_Desc": "E_Tutorial_01 경공 대결",
        "id": 4001130,
        "alias": "Contents.Quest.Cutscene.1130",
        "text": "Come on, let's go!"
    },
    "4001131": {
        "deprecated": false,
        "Dev_Desc": "E_Tutorial_03 염환 도망",
        "id": 4001131,
        "alias": "Contents.Quest.Cutscene.1131",
        "text": "Aren't you too vigilant?"
    },
    "4001132": {
        "deprecated": false,
        "Dev_Desc": "E_Tutorial_03 염환 도망",
        "id": 4001132,
        "alias": "Contents.Quest.Cutscene.1132",
        "text": "Are you okay? No injuries?"
    },
    "4001133": {
        "deprecated": false,
        "Dev_Desc": "E_SW_BD06 무기 소개",
        "id": 4001133,
        "alias": "Contents.Quest.Cutscene.1133",
        "text": "(Various weapons are available for finalists. Where... Shall we take a look around?)"
    },
    "4001134": {
        "deprecated": false,
        "Dev_Desc": "E_SW_BD06 무기 소개",
        "id": 4001134,
        "alias": "Contents.Quest.Cutscene.1134",
        "text": "(the sword is visible)"
    },
    "4001135": {
        "deprecated": false,
        "Dev_Desc": "E_SW_BD06 무기 소개",
        "id": 4001135,
        "alias": "Contents.Quest.Cutscene.1135",
        "text": "(The groundbreaking plate is ready)"
    },
    "4001136": {
        "deprecated": false,
        "Dev_Desc": "E_SW_BD06 무기 소개",
        "id": 4001136,
        "alias": "Contents.Quest.Cutscene.1136",
        "text": "(I can see the gauntlets...)"
    },
    "4001137": {
        "deprecated": false,
        "Dev_Desc": "E_SW_BD06 무기 소개",
        "id": 4001137,
        "alias": "Contents.Quest.Cutscene.1137",
        "text": "(You can choose your bow!)"
    },
    "4001138": {
        "deprecated": false,
        "Dev_Desc": "E_SW_BD06 무기 소개",
        "id": 4001138,
        "alias": "Contents.Quest.Cutscene.1138",
        "text": "(not even an axe)"
    },
    "4001139": {
        "deprecated": false,
        "Dev_Desc": "E_SW_BD06 무기 소개",
        "id": 4001139,
        "alias": "Contents.Quest.Cutscene.1139",
        "text": "(last sacrificial paper is visible)"
    },
    "4001140": {
        "deprecated": false,
        "Dev_Desc": "E_SW_BD06 무기 소개",
        "id": 4001140,
        "alias": "Contents.Quest.Cutscene.1140",
        "text": "(There are more variety than I thought. Let's try it out and choose the one that suits you)"
    },
    "4001141": {
        "deprecated": false,
        "Dev_Desc": "E_SW_BD03_가짜 진실의 검",
        "id": 4001141,
        "alias": "Contents.Quest.Cutscene.1141",
        "text": "This is the sword of truth to offer to the boss"
    },
    "4001142": {
        "deprecated": false,
        "Dev_Desc": "E_HW_TR02_에레다 단원의 습격",
        "id": 4001142,
        "alias": "Contents.Quest.Cutscene.1142",
        "text": "What?!"
    },
    "4001143": {
        "deprecated": false,
        "Dev_Desc": "E_HW_TR06_파사의 말을 듣고 충격 받은 PC",
        "id": 4001143,
        "alias": "Contents.Quest.Cutscene.1143",
        "text": "Ah... no... it could be...!"
    },
    "4001144": {
        "deprecated": false,
        "Dev_Desc": "E_HW_TR07_좌절하는 PC",
        "id": 4001144,
        "alias": "Contents.Quest.Cutscene.1144",
        "text": "Arang..."
    },
    "4001145": {
        "deprecated": false,
        "Dev_Desc": "인게임 컷신 #9\n균열과 검은 그림자",
        "id": 4001145,
        "alias": "Contents.Quest.Cutscene.1145",
        "text": "Huh… haha!"
    },
    "4001146": {
        "deprecated": false,
        "Dev_Desc": "인게임 컷신 #9\n균열과 검은 그림자",
        "id": 4001146,
        "alias": "Contents.Quest.Cutscene.1146",
        "text": "Come back!"
    },
    "4001147": {
        "deprecated": false,
        "Dev_Desc": "인게임 컷신 #9\n균열과 검은 그림자",
        "id": 4001147,
        "alias": "Contents.Quest.Cutscene.1147",
        "text": "Ahhhhhh!"
    }
}