{
    "89220054": {
        "deprecated": false,
        "Dev_Desc": "연금준의 시구 모음 1편",
        "id": 89220054,
        "alias": "Contents.Item.Name.9220054",
        "text": "A collection of verses by Almighty Jun. 1"
    },
    "89220055": {
        "deprecated": false,
        "Dev_Desc": "연금준의 시구 모음 2편",
        "id": 89220055,
        "alias": "Contents.Item.Name.9220055",
        "text": "The 2nd collection of verses by Almighty Jun"
    },
    "89220056": {
        "deprecated": false,
        "Dev_Desc": "연금준의 시구 모음 3편",
        "id": 89220056,
        "alias": "Contents.Item.Name.9220056",
        "text": "A collection of three verses by Almighty Jun"
    },
    "89220057": {
        "deprecated": false,
        "Dev_Desc": "연금준의 시구 모음 4편",
        "id": 89220057,
        "alias": "Contents.Item.Name.9220057",
        "text": "A collection of four verses by Almighty Jun"
    },
    "89220061": {
        "deprecated": false,
        "Dev_Desc": "반달호수 중부 탐사 수료증",
        "id": 89220061,
        "alias": "Contents.Item.Name.9220061",
        "text": "Certificate of completion of exploration in the middle of Lake Vandal"
    },
    "89220062": {
        "deprecated": false,
        "Dev_Desc": "반달호수 동부 탐사 수료증",
        "id": 89220062,
        "alias": "Contents.Item.Name.9220062",
        "text": "Certificate of Completion of Eastern Exploration of Vandal Lake"
    },
    "89220063": {
        "deprecated": false,
        "Dev_Desc": "반달호수 서부 탐사 수료증",
        "id": 89220063,
        "alias": "Contents.Item.Name.9220063",
        "text": "Vandal Lake Western Exploration Certificate"
    },
    "89220067": {
        "deprecated": false,
        "Dev_Desc": "낡은 항해 일지",
        "id": 89220067,
        "alias": "Contents.Item.Name.9220067",
        "text": "Old Voyage Log"
    },
    "89220068": {
        "deprecated": false,
        "Dev_Desc": "저주 받은 돌",
        "id": 89220068,
        "alias": "Contents.Item.Name.9220068",
        "text": "Cursed Stone"
    },
    "89220069": {
        "deprecated": false,
        "Dev_Desc": "봉인된 일지",
        "id": 89220069,
        "alias": "Contents.Item.Name.9220069",
        "text": "Sealed Journal"
    },
    "89220071": {
        "deprecated": false,
        "Dev_Desc": "홍매화의 허가증",
        "id": 89220071,
        "alias": "Contents.Item.Name.9220071",
        "text": "Permit of Red Plum"
    },
    "89220072": {
        "deprecated": false,
        "Dev_Desc": "신호탄",
        "id": 89220072,
        "alias": "Contents.Item.Name.9220072",
        "text": "Beacon"
    },
    "89220073": {
        "deprecated": false,
        "Dev_Desc": "잊혀진 탐사대의 나침반",
        "id": 89220073,
        "alias": "Contents.Item.Name.9220073",
        "text": "The Forgotten Expedition's Compass"
    },
    "89220074": {
        "deprecated": false,
        "Dev_Desc": "짐승의 털뭉치",
        "id": 89220074,
        "alias": "Contents.Item.Name.9220074",
        "text": "Beast's Fur"
    },
    "89220075": {
        "deprecated": false,
        "Dev_Desc": "네이냥의 편지",
        "id": 89220075,
        "alias": "Contents.Item.Name.9220075",
        "text": "Nyanyan's Letter"
    },
    "89220076": {
        "deprecated": false,
        "Dev_Desc": "강철악의 인식표",
        "id": 89220076,
        "alias": "Contents.Item.Name.9220076",
        "text": "The Dog Tag of Steel Evil"
    },
    "89220077": {
        "deprecated": false,
        "Dev_Desc": "돈 주머니",
        "id": 89220077,
        "alias": "Contents.Item.Name.9220077",
        "text": "Empty Money Bag"
    },
    "89220078": {
        "deprecated": false,
        "Dev_Desc": "네이냥의 선물 상자",
        "id": 89220078,
        "alias": "Contents.Item.Name.9220078",
        "text": "Nyanyan's Gift Box"
    },
    "89220079": {
        "deprecated": false,
        "Dev_Desc": "대어방 유공상패",
        "id": 89220079,
        "alias": "Contents.Item.Name.9220079",
        "text": "Daeeobang Merit Plaque"
    },
    "89220080": {
        "deprecated": false,
        "Dev_Desc": "뒷거래쥐의 대어방 유공상패",
        "id": 89220080,
        "alias": "Contents.Item.Name.9220080",
        "text": "Daeeobang Merit Plaque"
    },
    "89220082": {
        "deprecated": false,
        "Dev_Desc": "바스러진 불마자의 핵",
        "id": 89220082,
        "alias": "Contents.Item.Name.9220082",
        "text": "The Broken Bulwark's Core"
    },
    "89220083": {
        "deprecated": false,
        "Dev_Desc": "값비싼 보석",
        "id": 89220083,
        "alias": "Contents.Item.Name.9220083",
        "text": "Expensive Jewels"
    },
    "89220084": {
        "deprecated": false,
        "Dev_Desc": "쓸만한 잔해",
        "id": 89220084,
        "alias": "Contents.Item.Name.9220084",
        "text": "Useful Wreckage"
    },
    "89220085": {
        "deprecated": false,
        "Dev_Desc": "암각다귀의 뿔",
        "id": 89220085,
        "alias": "Contents.Item.Name.9220085",
        "text": "Horn of the gnat"
    },
    "89220086": {
        "deprecated": false,
        "Dev_Desc": "적비패의 무기",
        "id": 89220086,
        "alias": "Contents.Item.Name.9220086",
        "text": "The weapon of the enemy"
    },
    "89220087": {
        "deprecated": false,
        "Dev_Desc": "환영 혼불",
        "id": 89220087,
        "alias": "Contents.Item.Name.9220087",
        "text": "Welcome Soul Fire"
    },
    "89220088": {
        "deprecated": false,
        "Dev_Desc": "밀봉된 문서",
        "id": 89220088,
        "alias": "Contents.Item.Name.9220088",
        "text": "sealed document"
    },
    "89220089": {
        "deprecated": false,
        "Dev_Desc": "비류하의 편지",
        "id": 89220089,
        "alias": "Contents.Item.Name.9220089",
        "text": "A letter from the low tide"
    },
    "89220090": {
        "deprecated": false,
        "Dev_Desc": "송시국의 서신",
        "id": 89220090,
        "alias": "Contents.Item.Name.9220090",
        "text": "Letter of Song Si-guk"
    },
    "89220091": {
        "deprecated": false,
        "Dev_Desc": "네이냥의 선물 상자 : 두 번째",
        "id": 89220091,
        "alias": "Contents.Item.Name.9220091",
        "text": "Nyanyan's Gift Box: Second"
    },
    "89220092": {
        "deprecated": false,
        "Dev_Desc": "태록림 북서부 탐사수료증",
        "id": 89220092,
        "alias": "Contents.Item.Name.9220092",
        "text": "Taerokrim Northwest Exploration Completion Certificate"
    },
    "89220093": {
        "deprecated": false,
        "Dev_Desc": "태록림 북동부 탐사수료증",
        "id": 89220093,
        "alias": "Contents.Item.Name.9220093",
        "text": "Taerokrim Northeast Exploration Completion Certificate"
    },
    "89220094": {
        "deprecated": false,
        "Dev_Desc": "태록림 남부 탐사수료증",
        "id": 89220094,
        "alias": "Contents.Item.Name.9220094",
        "text": "Taerokrim Southern Exploration Certificate"
    },
    "89220095": {
        "deprecated": false,
        "Dev_Desc": "비옥대지 서부 탐사수료증",
        "id": 89220095,
        "alias": "Contents.Item.Name.9220095",
        "text": "Certificate of Western Exploration in Fertile Lands"
    },
    "89220096": {
        "deprecated": false,
        "Dev_Desc": "비옥대지 동부 탐사수료증",
        "id": 89220096,
        "alias": "Contents.Item.Name.9220096",
        "text": "Certificate of Exploration of the Eastern Fertile Lands"
    },
    "89220097": {
        "deprecated": false,
        "Dev_Desc": "네이냥의 편지 : 두 번째",
        "id": 89220097,
        "alias": "Contents.Item.Name.9220097",
        "text": "Nyanyan's Letter: Second"
    },
    "89220098": {
        "deprecated": false,
        "Dev_Desc": "지미갓의 치하 편지",
        "id": 89220098,
        "alias": "Contents.Item.Name.9220098",
        "text": "Congratulations from Jimmy God"
    },
    "89220099": {
        "deprecated": false,
        "Dev_Desc": "털뭉치",
        "id": 89220099,
        "alias": "Contents.Item.Name.9220099",
        "text": "Fleece of Ecological Forest Animals"
    },
    "89220100": {
        "deprecated": false,
        "Dev_Desc": "생태림 짐승의 털뭉치",
        "id": 89220100,
        "alias": "Contents.Item.Name.9220100",
        "text": "Paradise Fox's Wool"
    },
    "89220101": {
        "deprecated": false,
        "Dev_Desc": "낙원 여우의 털뭉치",
        "id": 89220101,
        "alias": "Contents.Item.Name.9220101",
        "text": "Red Fox's Fluff"
    },
    "89220102": {
        "deprecated": false,
        "Dev_Desc": "풀숲발발이 소환서",
        "id": 89220102,
        "alias": "Contents.Item.Name.9220102",
        "text": "Shadow Outbreak Summon Scroll"
    }
}