{
    "60030001": {
        "deprecated": false,
        "Dev_Desc": "기공패 디버프 화상_이름",
        "id": 60030001,
        "alias": "Contents.Effect.Name.FireBangle.300001",
        "text": "burn"
    },
    "60030002": {
        "deprecated": false,
        "Dev_Desc": "기공패 디버프 화상_내용",
        "id": 60030002,
        "alias": "Contents.Effect.Desc.FireBangle.300001",
        "text": "Damage over time"
    },
    "60030003": {
        "deprecated": false,
        "Dev_Desc": "기공패 디버프 화상_옵션",
        "id": 60030003,
        "alias": "Contents.Effect.Option.FireBangle.300001",
        "text": "Damage over time"
    },
    "60030004": {
        "deprecated": false,
        "Dev_Desc": "기공패 디버프 불씨_이름",
        "id": 60030004,
        "alias": "Contents.Effect.Name.FireBangle.300002",
        "text": "embers"
    },
    "60030005": {
        "deprecated": false,
        "Dev_Desc": "기공패 디버프 불씨_내용",
        "id": 60030005,
        "alias": "Contents.Effect.Desc.FireBangle.300002",
        "text": "Can apply burn effect"
    },
    "60030006": {
        "deprecated": false,
        "Dev_Desc": "기공패 디버프 불씨_옵션",
        "id": 60030006,
        "alias": "Contents.Effect.Option.FireBangle.300002",
        "text": "Can apply \"Burn\" effect that deals damage over time"
    },
    "60030007": {
        "deprecated": false,
        "Dev_Desc": "기공패 디버프 둔화_이름",
        "id": 60030007,
        "alias": "Contents.Effect.Name.FireBangle.300020",
        "text": "Slow"
    },
    "60030008": {
        "deprecated": false,
        "Dev_Desc": "기공패 디버프 둔화_내용",
        "id": 60030008,
        "alias": "Contents.Effect.Desc.FireBangle.300020",
        "text": "reduce movement speed"
    },
    "60030009": {
        "deprecated": false,
        "Dev_Desc": "기공패 디버프 둔화_옵션",
        "id": 60030009,
        "alias": "Contents.Effect.Option.FireBangle.300020",
        "text": "Movement speed reduction by 30%"
    },
    "60030010": {
        "deprecated": false,
        "Dev_Desc": "기공패 용렬빙하 빙결_이름",
        "id": 60030010,
        "alias": "Contents.Effect.Name.FireBangle.300019",
        "text": "Freeze"
    },
    "60030011": {
        "deprecated": false,
        "Dev_Desc": "기공패 용렬빙하 빙결_내용",
        "id": 60030011,
        "alias": "Contents.Effect.Desc.FireBangle.300019",
        "text": "Cannot move and use some weapons"
    },
    "60030012": {
        "deprecated": false,
        "Dev_Desc": "기공패 용렬빙하 빙결_옵션",
        "id": 60030012,
        "alias": "Contents.Effect.Option.FireBangle.300019",
        "text": "Cannot move\nCannot use some weapons"
    },
    "60030013": {
        "deprecated": false,
        "Dev_Desc": "기공패 디버프 홍염_이름",
        "id": 60030013,
        "alias": "Contents.Effect.Name.FireBangle.300040",
        "text": "Red flame"
    },
    "60030014": {
        "deprecated": false,
        "Dev_Desc": "기공패 디버프 홍염_내용",
        "id": 60030014,
        "alias": "Contents.Effect.Desc.FireBangle.300040",
        "text": "Reduced qigong absolute defense"
    },
    "60030015": {
        "deprecated": false,
        "Dev_Desc": "기공패 디버프 홍염_옵션",
        "id": 60030015,
        "alias": "Contents.Effect.Option.FireBangle.300040",
        "text": "Qigong Absolute Defense -5%"
    },
    "60030016": {
        "deprecated": false,
        "Dev_Desc": "기공패 디버프 홍염_옵션",
        "id": 60030016,
        "alias": "Contents.Effect.Option.FireBangle.300041",
        "text": "Qigong Defense -3"
    },
    "60030017": {
        "deprecated": false,
        "Dev_Desc": "기공패 디버프 홍염_옵션",
        "id": 60030017,
        "alias": "Contents.Effect.Option.FireBangle.300042",
        "text": "Qigong Defense -4"
    },
    "60030018": {
        "deprecated": false,
        "Dev_Desc": "기공패 디버프 홍염_옵션",
        "id": 60030018,
        "alias": "Contents.Effect.Option.FireBangle.300043",
        "text": "Qigong Defense -5"
    },
    "60030019": {
        "deprecated": false,
        "Dev_Desc": "기공패 디버프 홍염_옵션",
        "id": 60030019,
        "alias": "Contents.Effect.Option.FireBangle.300044",
        "text": "Qigong Defense -6"
    },
    "60030020": {
        "deprecated": false,
        "Dev_Desc": "기공패 디버프 홍염_옵션",
        "id": 60030020,
        "alias": "Contents.Effect.Option.FireBangle.300045",
        "text": "Qigong Defense -7"
    },
    "60030021": {
        "deprecated": false,
        "Dev_Desc": "기공패 디버프 홍염_옵션",
        "id": 60030021,
        "alias": "Contents.Effect.Option.FireBangle.300046",
        "text": "Qigong Defense -8"
    },
    "60030022": {
        "deprecated": false,
        "Dev_Desc": "기공패 디버프 홍염_옵션",
        "id": 60030022,
        "alias": "Contents.Effect.Option.FireBangle.300047",
        "text": "Qigong Defense -9"
    },
    "60030023": {
        "deprecated": false,
        "Dev_Desc": "기공패 디버프 홍염_옵션",
        "id": 60030023,
        "alias": "Contents.Effect.Option.FireBangle.300048",
        "text": "Qigong Defense -10"
    },
    "60030024": {
        "deprecated": false,
        "Dev_Desc": "기공패 디버프 홍염_옵션",
        "id": 60030024,
        "alias": "Contents.Effect.Option.FireBangle.300049",
        "text": "Qigong Defense -12"
    },
    "60030025": {
        "deprecated": false,
        "Dev_Desc": "화륜 가열_평타+무공공속증가_세부",
        "id": 60030025,
        "alias": "Contents.Effect.Name.FireBangle.344111",
        "text": "Heated"
    },
    "60030026": {
        "deprecated": false,
        "Dev_Desc": "화륜 가열_평타+무공공속증가_세부",
        "id": 60030026,
        "alias": "Contents.Effect.Desc.FireBangle.344111",
        "text": "Increases attack speed related abilities"
    },
    "60030027": {
        "deprecated": false,
        "Dev_Desc": "화륜 가열_평타+무공공속증가_세부",
        "id": 60030027,
        "alias": "Contents.Effect.Option.FireBangle.344111",
        "text": "Base attack speed +50%"
    },
    "60030028": {
        "deprecated": false,
        "Dev_Desc": "화륜 가열_평타+무공공속증가_세부",
        "id": 60030028,
        "alias": "Contents.Effect.Option.FireBangle.344112",
        "text": "Base attack speed +52%"
    },
    "60030029": {
        "deprecated": false,
        "Dev_Desc": "화륜 가열_평타+무공공속증가_세부",
        "id": 60030029,
        "alias": "Contents.Effect.Option.FireBangle.344113",
        "text": "Base attack speed +54%"
    },
    "60030030": {
        "deprecated": false,
        "Dev_Desc": "화륜 가열_평타+무공공속증가_세부",
        "id": 60030030,
        "alias": "Contents.Effect.Option.FireBangle.344114",
        "text": "Base attack speed +56%"
    },
    "60030031": {
        "deprecated": false,
        "Dev_Desc": "화륜 가열_평타+무공공속증가_세부",
        "id": 60030031,
        "alias": "Contents.Effect.Option.FireBangle.344115",
        "text": "Base attack speed +58%"
    },
    "60030032": {
        "deprecated": false,
        "Dev_Desc": "화륜 가열_평타+무공공속증가_세부",
        "id": 60030032,
        "alias": "Contents.Effect.Option.FireBangle.344116",
        "text": "Base attack speed +60%"
    },
    "60030033": {
        "deprecated": false,
        "Dev_Desc": "화륜 가열_평타+무공공속증가_세부",
        "id": 60030033,
        "alias": "Contents.Effect.Option.FireBangle.344117",
        "text": "Base attack speed +62%"
    },
    "60030034": {
        "deprecated": false,
        "Dev_Desc": "화륜 가열_평타+무공공속증가_세부",
        "id": 60030034,
        "alias": "Contents.Effect.Option.FireBangle.344118",
        "text": "Base attack speed +64%"
    },
    "60030035": {
        "deprecated": false,
        "Dev_Desc": "화륜 가열_평타+무공공속증가_세부",
        "id": 60030035,
        "alias": "Contents.Effect.Option.FireBangle.344119",
        "text": "Base attack speed +66%"
    },
    "60030036": {
        "deprecated": false,
        "Dev_Desc": "화륜 가열_평타+무공공속증가_세부",
        "id": 60030036,
        "alias": "Contents.Effect.Option.FireBangle.344120",
        "text": "Base attack speed +68%"
    },
    "60030037": {
        "deprecated": false,
        "Dev_Desc": "패시브_순환_지능 효과 표시",
        "id": 60030037,
        "alias": "Contents.Skill.useEffectDesc.FireBangle.3031",
        "text": "Intellect +1"
    },
    "60030038": {
        "deprecated": false,
        "Dev_Desc": "패시브_냉정_기공패 피해량 효과 표시",
        "id": 60030038,
        "alias": "Contents.Skill.useEffectDesc.FireBangle.3032",
        "text": "Attack power of qigong cards +2"
    },
    "60030039": {
        "deprecated": false,
        "Dev_Desc": "패시브_열정_기공 공격력 효과 표시",
        "id": 60030039,
        "alias": "Contents.Skill.useEffectDesc.FireBangle.3033",
        "text": "Qi +2"
    },
    "60030040": {
        "deprecated": false,
        "Dev_Desc": "패시브_폭열_기공 관통력 효과 표시",
        "id": 60030040,
        "alias": "Contents.Skill.useEffectDesc.FireBangle.3034",
        "text": "Stomach Penetration +5"
    },
    "60030041": {
        "deprecated": false,
        "Dev_Desc": "패시브_빙백_지혜 효과 표시",
        "id": 60030041,
        "alias": "Contents.Skill.useEffectDesc.FireBangle.3035",
        "text": "Wisdom +4"
    },
    "60030042": {
        "deprecated": false,
        "Dev_Desc": "패시브_조화_무공공속",
        "id": 60030042,
        "alias": "Contents.Skill.useEffectDesc.FireBangle.3036",
        "text": "Non-Attack Speed +"
    },
    "60030043": {
        "deprecated": false,
        "Dev_Desc": "패시브_염제_기공 명중",
        "id": 60030043,
        "alias": "Contents.Skill.useEffectDesc.FireBangle.3037",
        "text": "+13 qigong hit"
    },
    "60030044": {
        "deprecated": false,
        "Dev_Desc": "패시브_홍염_기공방어력감소",
        "id": 60030044,
        "alias": "Contents.Skill.useEffectDesc.FireBangle.3038",
        "text": "Target's qi absolute defense -5%"
    },
    "60030045": {
        "deprecated": false,
        "Dev_Desc": "패시브_빙정_둔화중빙결시빙결추가",
        "id": 60030045,
        "alias": "Contents.Skill.useEffectDesc.FireBangle.3039",
        "text": "Increased chance to hit with \"freeze\" status"
    },
    "60030046": {
        "deprecated": false,
        "Dev_Desc": "기공패 효과 표시 화상",
        "id": 60030046,
        "alias": "Contents.Skill.useEffectDesc.FireBangle.3000",
        "text": "Burn"
    },
    "60030047": {
        "deprecated": false,
        "Dev_Desc": "기공패 효과 표시 둔화",
        "id": 60030047,
        "alias": "Contents.Skill.useEffectDesc.FireBangle.3001",
        "text": "Movement Speed Reduction +30%"
    },
    "60030048": {
        "deprecated": false,
        "Dev_Desc": "기공패 효과 표시 빙결",
        "id": 60030048,
        "alias": "Contents.Skill.useEffectDesc.FireBangle.3004",
        "text": "Freeze"
    },
    "60030049": {
        "deprecated": false,
        "Dev_Desc": "기공패 효과 표시 기절 해제",
        "id": 60030049,
        "alias": "Contents.Skill.useEffectDesc.FireBangle.3331",
        "text": "Dispel Stun, Control Resistance +8%"
    },
    "60030050": {
        "deprecated": false,
        "Dev_Desc": "기공패 조건 표시 화상",
        "id": 60030050,
        "alias": "Contents.Skill.requirementDesc.FireBangle.3000",
        "text": "Burn"
    },
    "60030051": {
        "deprecated": false,
        "Dev_Desc": "기공패 조건 표시 발화",
        "id": 60030051,
        "alias": "Contents.Skill.requirementDesc.FireBangle.3271",
        "text": "Speech"
    },
    "60030052": {
        "deprecated": false,
        "Dev_Desc": "기공패 조건 표시 기절",
        "id": 60030052,
        "alias": "Contents.Skill.requirementDesc.FireBangle.3331",
        "text": "stun"
    },
    "60030053": {
        "deprecated": false,
        "Dev_Desc": "기공패 효과 표시 연화",
        "id": 60030053,
        "alias": "Contents.Skill.useEffectDesc.FireBangle.3351",
        "text": "Speech"
    },
    "60030054": {
        "deprecated": false,
        "Dev_Desc": "기공패 효과 표시 가열_기본공속",
        "id": 60030054,
        "alias": "Contents.Skill.useEffectDesc.FireBangle.3441",
        "text": "Base attack speed +50%"
    },
    "60030055": {
        "deprecated": false,
        "Dev_Desc": "기공패 화광소천 효과 표시",
        "id": 60030055,
        "alias": "Contents.Skill.useEffectDesc.FireBangle.3651",
        "text": "Pull, Knock, Stun, Burn"
    },
    "60030056": {
        "deprecated": false,
        "Dev_Desc": "기공패 버프 발화Lv1_이름",
        "id": 60030056,
        "alias": "Contents.Effect.Name.FireBangle.300012",
        "text": "Speech"
    },
    "60030057": {
        "deprecated": false,
        "Dev_Desc": "기공패 버프 발화_내용",
        "id": 60030057,
        "alias": "Contents.Effect.Desc.FireBangle.300012",
        "text": "Activate Fire Defense"
    },
    "60030058": {
        "deprecated": false,
        "Dev_Desc": "기공패 버프 발화_옵션",
        "id": 60030058,
        "alias": "Contents.Effect.Option.FireBangle.300012",
        "text": "Able to use meteor and flywheel"
    },
    "60030059": {
        "deprecated": false,
        "Dev_Desc": "기공패 버프 발화_세부",
        "id": 60030059,
        "alias": "Contents.Effect.Detail.FireBangle.300012"
    },
    "60030060": {
        "deprecated": false,
        "Dev_Desc": "화련장",
        "id": 60030060,
        "alias": "Contents.Skill.Name.FireBangle.3061",
        "text": "Hairyunjang"
    },
    "60030061": {
        "deprecated": false,
        "Dev_Desc": "기공패 무공 화련장_설명",
        "id": 60030061,
        "alias": "Contents.Skill.Desc.FireBangle.3061",
        "text": "Shoots a fireball at an enemy, dealing damage."
    },
    "60030062": {
        "deprecated": false,
        "Dev_Desc": "비륜연휘",
        "id": 60030062,
        "alias": "Contents.Skill.Name.FireBangle.3271",
        "text": "Biryun Yeonhui"
    },
    "60030063": {
        "deprecated": false,
        "Dev_Desc": "기공패 무공 비륜연휘_설명",
        "id": 60030063,
        "alias": "Contents.Skill.Desc.FireBangle.3271",
        "text": "Shoots a ball of superheated fire, dealing damage.\nCan be used by consuming the \"Ignition\" effect."
    },
    "60030064": {
        "deprecated": false,
        "Dev_Desc": "회진보",
        "id": 60030064,
        "alias": "Contents.Skill.Name.FireBangle.3331",
        "text": "Rounds"
    },
    "60030065": {
        "deprecated": false,
        "Dev_Desc": "기공패 무공 회진보_설명",
        "id": 60030065,
        "alias": "Contents.Skill.Desc.FireBangle.3331",
        "text": "Transforms into fire and ashes, dispels the \"stun\" effect and evades backwards. When used, increases control resistance for 5 seconds."
    },
    "60030066": {
        "deprecated": false,
        "Dev_Desc": "연화",
        "id": 60030066,
        "alias": "Contents.Skill.Name.FireBangle.3351",
        "text": "softening"
    },
    "60030067": {
        "deprecated": false,
        "Dev_Desc": "기공패 무공 연화_설명",
        "id": 60030067,
        "alias": "Contents.Skill.Desc.FireBangle.3351",
        "text": "Immediately infuses the target with fire, dealing damage.\nOn a hit, you gain the \"Fire\" effect that enables the use of a specific weapon for 5.5 seconds."
    },
    "60030068": {
        "deprecated": false,
        "Dev_Desc": "얼음창-기본",
        "id": 60030068,
        "alias": "Contents.Skill.Name.FireBangle.3371",
        "text": "Ice Lance"
    },
    "60030069": {
        "deprecated": false,
        "Dev_Desc": "기공패 무공 얼음창_설명",
        "id": 60030069,
        "alias": "Contents.Skill.Desc.FireBangle.3371",
        "text": "Summons a number of ice spears and fires them at the enemy.\nThere is a chance to apply a \"slow\" effect that reduces movement speed."
    },
    "60030070": {
        "deprecated": false,
        "Dev_Desc": "유성",
        "id": 60030070,
        "alias": "Contents.Skill.Name.FireBangle.3627",
        "text": "Meteor"
    },
    "60030071": {
        "deprecated": false,
        "Dev_Desc": "기공패 무공 유성_설명",
        "id": 60030071,
        "alias": "Contents.Skill.Desc.FireBangle.3627",
        "text": "Drops a meteor that deals damage and has a chance to apply a \"Burn\" effect that deals periodic damage. Consumes \"Fire\" and hits up to 3 people in range."
    },
    "60030072": {
        "deprecated": false,
        "Dev_Desc": "봉황시",
        "id": 60030072,
        "alias": "Contents.Skill.Name.FireBangle.3381",
        "text": "Phoenix City"
    },
    "60030073": {
        "deprecated": false,
        "Dev_Desc": "기공패 무공 봉황시_설명",
        "id": 60030073,
        "alias": "Contents.Skill.Desc.FireBangle.3381",
        "text": "Soars into the air and fires burning phoenix feathers."
    },
    "60030074": {
        "deprecated": false,
        "Dev_Desc": "용렬빙하",
        "id": 60030074,
        "alias": "Contents.Skill.Name.FireBangle.3401",
        "text": "Mercenary Glacier"
    },
    "60030075": {
        "deprecated": false,
        "Dev_Desc": "기공패 무공 용렬빙하_설명",
        "id": 60030075,
        "alias": "Contents.Skill.Desc.FireBangle.3401",
        "text": "Forms a long glacier that rises forward, with a chance to apply a \"freeze\" effect that impedes movement.\nAttacks up to 3 people within range."
    },
    "60030076": {
        "deprecated": false,
        "Dev_Desc": "결빙공-기본",
        "id": 60030076,
        "alias": "Contents.Skill.Name.FireBangle.3411",
        "text": "Freezer"
    },
    "60030077": {
        "deprecated": false,
        "Dev_Desc": "기공패 무공 결빙공-기본_설명",
        "id": 60030077,
        "alias": "Contents.Skill.Desc.FireBangle.3411",
        "text": "Protect yourself by wrapping yourself in ice.\nProtects you from attacks from all directions."
    },
    "60030078": {
        "deprecated": false,
        "Dev_Desc": "무공 화륜",
        "id": 60030078,
        "alias": "Contents.Skill.Name.FireBangle.3441",
        "text": "Hairwheel"
    },
    "60030079": {
        "deprecated": false,
        "Dev_Desc": "무공 화륜 설명",
        "id": 60030079,
        "alias": "Contents.Skill.Desc.FireBangle.3441",
        "text": "Gives the effect of \"Heating\" that increases the basic attack speed of party members by emitting their internal fire for 12 seconds."
    },
    "60030080": {
        "deprecated": false,
        "Dev_Desc": "화광소천",
        "id": 60030080,
        "alias": "Contents.Skill.Name.FireBangle.3651",
        "text": "Hwagwangsocheon"
    },
    "60030081": {
        "deprecated": false,
        "Dev_Desc": "기공패 무공 화광소천_설명",
        "id": 60030081,
        "alias": "Contents.Skill.Desc.FireBangle.3651",
        "text": "With the ultimate firestorm, all enemies within range have a chance to be drawn in and then exploded to knock them back.\nImmune to control status while in use."
    },
    "60030082": {
        "deprecated": false,
        "Dev_Desc": "기공패 패시브 순환",
        "id": 60030082,
        "alias": "Contents.Skill.Name.FireBangle.3031",
        "text": "Circulation"
    },
    "60030083": {
        "deprecated": false,
        "Dev_Desc": "기공패 패시브 순환_설명",
        "id": 60030083,
        "alias": "Contents.Skill.Desc.FireBangle.3031",
        "text": "Understands the cycle of heat and cold.\nIntelligence increases."
    },
    "60030084": {
        "deprecated": false,
        "Dev_Desc": "기공패 패시브 냉정",
        "id": 60030084,
        "alias": "Contents.Skill.Name.FireBangle.3032",
        "text": "Cool"
    },
    "60030085": {
        "deprecated": false,
        "Dev_Desc": "기공패 패시브 냉정_설명",
        "id": 60030085,
        "alias": "Contents.Skill.Desc.FireBangle.3032",
        "text": "Keep a cool and calm attitude.\nThe attack power of the Qigong tile is increased."
    },
    "60030086": {
        "deprecated": false,
        "Dev_Desc": "기공패 패시브 열정",
        "id": 60030086,
        "alias": "Contents.Skill.Name.FireBangle.3033",
        "text": "Passion"
    },
    "60030087": {
        "deprecated": false,
        "Dev_Desc": "기공패 패시브 열정_설명",
        "id": 60030087,
        "alias": "Contents.Skill.Desc.FireBangle.3033",
        "text": "I hone myself with a passion for martial arts.\nIncreases qigong attack power."
    },
    "60030088": {
        "deprecated": false,
        "Dev_Desc": "기공패 패시브 폭열",
        "id": 60030088,
        "alias": "Contents.Skill.Name.FireBangle.3034",
        "text": "Explosion"
    },
    "60030089": {
        "deprecated": false,
        "Dev_Desc": "기공패 패시브 폭열_설명",
        "id": 60030089,
        "alias": "Contents.Skill.Desc.FireBangle.3034",
        "text": "I realize the principle of fire.\nIncreases pore penetration."
    },
    "60030090": {
        "deprecated": false,
        "Dev_Desc": "기공패 패시브 빙백",
        "id": 60030090,
        "alias": "Contents.Skill.Name.FireBangle.3035",
        "text": "Ice White"
    },
    "60030091": {
        "deprecated": false,
        "Dev_Desc": "기공패 패시브 빙백_설명",
        "id": 60030091,
        "alias": "Contents.Skill.Desc.FireBangle.3035",
        "text": "I understand the logic of ice.\nIncreases wisdom."
    },
    "60030092": {
        "deprecated": false,
        "Dev_Desc": "기공패 패시브 조화",
        "id": 60030092,
        "alias": "Contents.Skill.Name.FireBangle.3036",
        "text": "harmony"
    },
    "60030093": {
        "deprecated": false,
        "Dev_Desc": "기공패 패시브 조화_설명",
        "id": 60030093,
        "alias": "Contents.Skill.Desc.FireBangle.3036",
        "text": "Achieves a balance between ice and fire.\nIncreases attack speed without attack."
    },
    "60030094": {
        "deprecated": false,
        "Dev_Desc": "기공패 패시브 염제",
        "id": 60030094,
        "alias": "Contents.Skill.Name.FireBangle.3037",
        "text": "Salt"
    },
    "60030095": {
        "deprecated": false,
        "Dev_Desc": "기공패 패시브 염제_설명",
        "id": 60030095,
        "alias": "Contents.Skill.Desc.FireBangle.3037",
        "text": "You have mastered the martial arts of dealing with fire.\nIncreases qigong accuracy."
    },
    "60030096": {
        "deprecated": false,
        "Dev_Desc": "기공패 패시브 홍염",
        "id": 60030096,
        "alias": "Contents.Skill.Name.FireBangle.3038",
        "text": "Red flame"
    },
    "60030097": {
        "deprecated": false,
        "Dev_Desc": "기공패 패시브 홍염_설명",
        "id": 60030097,
        "alias": "Contents.Skill.Desc.FireBangle.3038",
        "text": "You will deal with more intense red flames.\nWhen the target becomes \"Burned\", it gives \"Crimson\" effect that reduces the target's qi absolute defense."
    },
    "60030098": {
        "deprecated": false,
        "Dev_Desc": "기공패 패시브 빙정",
        "id": 60030098,
        "alias": "Contents.Skill.Name.FireBangle.3039",
        "text": "Ice Crystal"
    },
    "60030099": {
        "deprecated": false,
        "Dev_Desc": "기공패 패시브 빙정_설명",
        "id": 60030099,
        "alias": "Contents.Skill.Desc.FireBangle.3039",
        "text": "Masters the skill of handling ice.\nThe chance to hit with the \n\"freeze\" status ailment increases against targets with \n\"slow\" effects applied."
    },
    "60030100": {
        "deprecated": false,
        "Dev_Desc": "화련장_일반_증폭_성장설명",
        "id": 60030100,
        "alias": "Contents.Skill.acquireEffectDesc.3062",
        "text": "Additional damage based on intelligence"
    },
    "60030101": {
        "deprecated": false,
        "Dev_Desc": "화련장_희귀_극한_성장설명",
        "id": 60030101,
        "alias": "Contents.Skill.acquireEffectDesc.3063",
        "text": "Converts to area damage\nHits up to 3 people within range"
    },
    "60030102": {
        "deprecated": false,
        "Dev_Desc": "화련장_영웅_돌파_성장설명",
        "id": 60030102,
        "alias": "Contents.Skill.acquireEffectDesc.3064",
        "text": "Has a chance to inflict \"Fire\" effect on yourself for 5.5 seconds"
    },
    "60030103": {
        "deprecated": false,
        "Dev_Desc": "비륜연휘_증폭_성장설명",
        "id": 60030103,
        "alias": "Contents.Skill.acquireEffectDesc.3281",
        "text": "Absolute pore penetration +10% while in use"
    },
    "60030104": {
        "deprecated": false,
        "Dev_Desc": "비륜연휘_극한_성장설명",
        "id": 60030104,
        "alias": "Contents.Skill.acquireEffectDesc.3291",
        "text": "Probability of inflicting \"Fire\" effect on self for 5.5 seconds"
    },
    "60030105": {
        "deprecated": false,
        "Dev_Desc": "비륜연휘_돌파_성장설명",
        "id": 60030105,
        "alias": "Contents.Skill.acquireEffectDesc.3321",
        "text": "A detonating flame that causes a powerful explosion\nEnemies with \"burn\" status around the target will also be hit"
    },
    "60030106": {
        "deprecated": false,
        "Dev_Desc": "회진보_증폭_성장설명",
        "id": 60030106,
        "alias": "Contents.Skill.acquireEffectDesc.3332",
        "text": "Strength consumption -5"
    },
    "60030107": {
        "deprecated": false,
        "Dev_Desc": "회진보 극한_성장설명",
        "id": 60030107,
        "alias": "Contents.Skill.acquireEffectDesc.3333",
        "text": "Cooldown -5 seconds"
    },
    "60030108": {
        "deprecated": false,
        "Dev_Desc": "회진보_돌파_성장설명",
        "id": 60030108,
        "alias": "Contents.Skill.acquireEffectDesc.3334",
        "text": "When cast, heals health proportional to intelligence"
    },
    "60030109": {
        "deprecated": false,
        "Dev_Desc": "연화_일반_증폭_성장설명",
        "id": 60030109,
        "alias": "Contents.Skill.acquireEffectDesc.3352",
        "text": "Probability of applying \"burn\" effect"
    },
    "60030110": {
        "deprecated": false,
        "Dev_Desc": "연화_상급_극한_성장설명",
        "id": 60030110,
        "alias": "Contents.Skill.acquireEffectDesc.3353",
        "text": "Cooldown -2 seconds"
    },
    "60030111": {
        "deprecated": false,
        "Dev_Desc": "연화_영웅_돌파_성장설명",
        "id": 60030111,
        "alias": "Contents.Skill.acquireEffectDesc.3354",
        "text": "Absolutely +25% Qigong Accuracy while in use"
    },
    "60030112": {
        "deprecated": false,
        "Dev_Desc": "얼음창_상급_증폭_성장설명",
        "id": 60030112,
        "alias": "Contents.Skill.acquireEffectDesc.3372",
        "text": "Strength consumption -2"
    },
    "60030113": {
        "deprecated": false,
        "Dev_Desc": "얼음창_희귀_극한_성장설명",
        "id": 60030113,
        "alias": "Contents.Skill.acquireEffectDesc.3373",
        "text": "Cooldown -2 seconds"
    },
    "60030114": {
        "deprecated": false,
        "Dev_Desc": "얼음창_영웅_돌파_성장설명",
        "id": 60030114,
        "alias": "Contents.Skill.acquireEffectDesc.3374",
        "text": "Probability of applying \"freeze\" effect"
    },
    "60030115": {
        "deprecated": false,
        "Dev_Desc": "봉황시_증폭_성장설명",
        "id": 60030115,
        "alias": "Contents.Skill.acquireEffectDesc.3382",
        "text": "Absolute pore penetration +10% while in use"
    },
    "60030116": {
        "deprecated": false,
        "Dev_Desc": "봉황시_극한_성장설명",
        "id": 60030116,
        "alias": "Contents.Skill.acquireEffectDesc.3383",
        "text": "Absolute pore penetration +20% while in use"
    },
    "60030117": {
        "deprecated": false,
        "Dev_Desc": "봉황시_돌파_성장설명",
        "id": 60030117,
        "alias": "Contents.Skill.acquireEffectDesc.3384",
        "text": "Applies additional damage based on intelligence"
    },
    "60030118": {
        "deprecated": false,
        "Dev_Desc": "용렬빙하_증폭_성장설명",
        "id": 60030118,
        "alias": "Contents.Skill.acquireEffectDesc.3402",
        "text": "Duration +1 second"
    },
    "60030119": {
        "deprecated": false,
        "Dev_Desc": "용렬빙하_극한_성장설명",
        "id": 60030119,
        "alias": "Contents.Skill.acquireEffectDesc.3403",
        "text": "Chance to apply \"slow\" effect"
    },
    "60030120": {
        "deprecated": false,
        "Dev_Desc": "용렬빙하_돌파_성장설명",
        "id": 60030120,
        "alias": "Contents.Skill.acquireEffectDesc.3404",
        "text": "Increase the range of Melting Glacier\nHit up to 5 people within range"
    },
    "60030121": {
        "deprecated": false,
        "Dev_Desc": "결빙공_증폭_성장설명",
        "id": 60030121,
        "alias": "Contents.Skill.acquireEffectDesc.3421",
        "text": "Energy cost -100"
    },
    "60030122": {
        "deprecated": false,
        "Dev_Desc": "결빙공_극한_성장설명",
        "id": 60030122,
        "alias": "Contents.Skill.acquireEffectDesc.3422",
        "text": "When the defense succeeds, damage is applied to the attacked target"
    },
    "60030123": {
        "deprecated": false,
        "Dev_Desc": "결빙공_돌파_성장설명",
        "id": 60030123,
        "alias": "Contents.Skill.acquireEffectDesc.3431",
        "text": "When defense is successful, there is a chance to apply \"slow\" effect"
    },
    "60030124": {
        "deprecated": false,
        "Dev_Desc": "화륜_증폭_성장설명",
        "id": 60030124,
        "alias": "Contents.Skill.acquireEffectDesc.3442",
        "text": "Non-Attack Attack Speed +30%"
    },
    "60030125": {
        "deprecated": false,
        "Dev_Desc": "화륜_극한_성장설명",
        "id": 60030125,
        "alias": "Contents.Skill.acquireEffectDesc.3443",
        "text": "Cooldown -20 seconds"
    },
    "60030126": {
        "deprecated": false,
        "Dev_Desc": "화륜_돌파_성장설명",
        "id": 60030126,
        "alias": "Contents.Skill.acquireEffectDesc.3444",
        "text": "Soul activation rate +5%"
    },
    "60030127": {
        "deprecated": false,
        "Dev_Desc": "유성_상급_증폭_성장설명",
        "id": 60030127,
        "alias": "Contents.Skill.acquireEffectDesc.3628",
        "text": "Probability of inflicting \"Fire\" effect on yourself for 5.5 seconds"
    },
    "60030128": {
        "deprecated": false,
        "Dev_Desc": "유성_희귀_극한_성장설명",
        "id": 60030128,
        "alias": "Contents.Skill.acquireEffectDesc.3629",
        "text": "Shoots an additional icy meteor, with a chance to apply a \"slow\" effect"
    },
    "60030129": {
        "deprecated": false,
        "Dev_Desc": "유성_영웅_돌파_성장설명",
        "id": 60030129,
        "alias": "Contents.Skill.acquireEffectDesc.3630",
        "text": "Increased meteor range\nHits up to 5 people in range"
    },
    "60030130": {
        "deprecated": false,
        "Dev_Desc": "강화텍스트_지능",
        "id": 60030130,
        "alias": "Contents.Skill.Upgrade.Name.3031",
        "text": "Increased Intelligence"
    },
    "60030131": {
        "deprecated": false,
        "Dev_Desc": "강화텍스트_기공패 공격력",
        "id": 60030131,
        "alias": "Contents.Skill.Upgrade.Name.3032",
        "text": "Increase Qigong's attack power"
    },
    "60030132": {
        "deprecated": false,
        "Dev_Desc": "강화텍스트_기공 공격력",
        "id": 60030132,
        "alias": "Contents.Skill.Upgrade.Name.3033",
        "text": "Increased qi attack power"
    },
    "60030133": {
        "deprecated": false,
        "Dev_Desc": "강화텍스트_기공 관통력",
        "id": 60030133,
        "alias": "Contents.Skill.Upgrade.Name.3034",
        "text": "Increased pore penetration"
    },
    "60030134": {
        "deprecated": false,
        "Dev_Desc": "강화텍스트_지혜",
        "id": 60030134,
        "alias": "Contents.Skill.Upgrade.Name.3035",
        "text": "Increase Wisdom"
    },
    "60030135": {
        "deprecated": false,
        "Dev_Desc": "강화텍스트_기공 명중",
        "id": 60030135,
        "alias": "Contents.Skill.Upgrade.Name.3037",
        "text": "Increased Qigong Hit"
    },
    "60030136": {
        "deprecated": false,
        "Dev_Desc": "강화텍스트_무공 피해 계수 증가",
        "id": 60030136,
        "alias": "Contents.Skill.Upgrade.Name.3000",
        "text": "Increase non-air damage factor"
    },
    "60030137": {
        "deprecated": false,
        "Dev_Desc": "강화텍스트_통제 저항률 증가",
        "id": 60030137,
        "alias": "Contents.Skill.Upgrade.Name.3331",
        "text": "Increase control resistivity"
    },
    "60030138": {
        "deprecated": false,
        "Dev_Desc": "강화텍스트_막기 중 받는 피해량 감소",
        "id": 60030138,
        "alias": "Contents.Skill.Upgrade.Name.3410",
        "text": "Reduce block damage"
    },
    "60030139": {
        "deprecated": false,
        "Dev_Desc": "강화텍스트_기본 공격 속도",
        "id": 60030139,
        "alias": "Contents.Skill.Upgrade.Name.3441",
        "text": "Increased basic attack speed"
    },
    "60030140": {
        "deprecated": false,
        "Dev_Desc": "회진보 극한 통제저항률 증가",
        "id": 60030140,
        "alias": "Contents.Effect.Name.FireBangle.333110",
        "text": "Rounds"
    },
    "60030141": {
        "deprecated": false,
        "Dev_Desc": "회진보 극한 통제저항률 증가",
        "id": 60030141,
        "alias": "Contents.Effect.Desc.FireBangle.333110",
        "text": "Increase control resistivity"
    },
    "60030142": {
        "deprecated": false,
        "Dev_Desc": "회진보 극한 통제저항률 증가",
        "id": 60030142,
        "alias": "Contents.Effect.Option.FireBangle.333110",
        "text": "Control Resistivity +8%"
    },
    "60030143": {
        "deprecated": false,
        "Dev_Desc": "회진보 극한 통제저항률 증가",
        "id": 60030143,
        "alias": "Contents.Effect.Option.FireBangle.333120",
        "text": "Control Resistivity +11%"
    },
    "60030144": {
        "deprecated": false,
        "Dev_Desc": "회진보 극한 통제저항률 증가",
        "id": 60030144,
        "alias": "Contents.Effect.Option.FireBangle.333130",
        "text": "Control Resistivity +14%"
    },
    "60030145": {
        "deprecated": false,
        "Dev_Desc": "회진보 극한 통제저항률 증가",
        "id": 60030145,
        "alias": "Contents.Effect.Option.FireBangle.333140",
        "text": "Control Resistivity +17%"
    },
    "60030146": {
        "deprecated": false,
        "Dev_Desc": "회진보 극한 통제저항률 증가",
        "id": 60030146,
        "alias": "Contents.Effect.Option.FireBangle.333150",
        "text": "Control Resistivity +20%"
    },
    "60030147": {
        "deprecated": false,
        "Dev_Desc": "회진보 극한 통제저항률 증가",
        "id": 60030147,
        "alias": "Contents.Effect.Option.FireBangle.333160",
        "text": "Control Resistivity +23%"
    },
    "60030148": {
        "deprecated": false,
        "Dev_Desc": "회진보 극한 통제저항률 증가",
        "id": 60030148,
        "alias": "Contents.Effect.Option.FireBangle.333170",
        "text": "Control Resistivity +26%"
    },
    "60030149": {
        "deprecated": false,
        "Dev_Desc": "회진보 극한 통제저항률 증가",
        "id": 60030149,
        "alias": "Contents.Effect.Option.FireBangle.333180",
        "text": "Control Resistivity +29%"
    },
    "60030150": {
        "deprecated": false,
        "Dev_Desc": "회진보 극한 통제저항률 증가",
        "id": 60030150,
        "alias": "Contents.Effect.Option.FireBangle.333190",
        "text": "Control Resistivity +32%"
    },
    "60030151": {
        "deprecated": false,
        "Dev_Desc": "회진보 극한 통제저항률 증가",
        "id": 60030151,
        "alias": "Contents.Effect.Option.FireBangle.333200",
        "text": "Control Resistivity +35%"
    },
    "60030152": {
        "deprecated": false,
        "Dev_Desc": "화륜 가열_평타+무공공속증가_세부",
        "id": 60030152,
        "alias": "Contents.Effect.Option.FireBangle.344211",
        "text": "Base attack speed +50%\nNon attack speed +30%"
    },
    "60030153": {
        "deprecated": false,
        "Dev_Desc": "화륜 가열_평타+무공공속증가_세부",
        "id": 60030153,
        "alias": "Contents.Effect.Option.FireBangle.344212",
        "text": "Base attack speed +52%\nNon attack speed +30%"
    },
    "60030154": {
        "deprecated": false,
        "Dev_Desc": "화륜 가열_평타+무공공속증가_세부",
        "id": 60030154,
        "alias": "Contents.Effect.Option.FireBangle.344213",
        "text": "Base attack speed +54%\nNon attack speed +30%"
    },
    "60030155": {
        "deprecated": false,
        "Dev_Desc": "화륜 가열_평타+무공공속증가_세부",
        "id": 60030155,
        "alias": "Contents.Effect.Option.FireBangle.344214",
        "text": "Base attack speed +56%\nNon attack speed +30%"
    },
    "60030156": {
        "deprecated": false,
        "Dev_Desc": "화륜 가열_평타+무공공속증가_세부",
        "id": 60030156,
        "alias": "Contents.Effect.Option.FireBangle.344215",
        "text": "Base attack speed +58%\nNon attack speed +30%"
    },
    "60030157": {
        "deprecated": false,
        "Dev_Desc": "화륜 가열_평타+무공공속증가_세부",
        "id": 60030157,
        "alias": "Contents.Effect.Option.FireBangle.344216",
        "text": "Base attack speed +60%\nNon attack speed +30%"
    },
    "60030158": {
        "deprecated": false,
        "Dev_Desc": "화륜 가열_평타+무공공속증가_세부",
        "id": 60030158,
        "alias": "Contents.Effect.Option.FireBangle.344217",
        "text": "Base attack speed +62%\nNon attack speed +30%"
    },
    "60030159": {
        "deprecated": false,
        "Dev_Desc": "화륜 가열_평타+무공공속증가_세부",
        "id": 60030159,
        "alias": "Contents.Effect.Option.FireBangle.344218",
        "text": "Base attack speed +64%\nNon attack speed +30%"
    },
    "60030160": {
        "deprecated": false,
        "Dev_Desc": "화륜 가열_평타+무공공속증가_세부",
        "id": 60030160,
        "alias": "Contents.Effect.Option.FireBangle.344219",
        "text": "Base attack speed +66%\nNon-attack speed +30%"
    },
    "60030161": {
        "deprecated": false,
        "Dev_Desc": "화륜 가열_평타+무공공속증가_세부",
        "id": 60030161,
        "alias": "Contents.Effect.Option.FireBangle.344220",
        "text": "Base attack speed +68%\nNon attack speed +30%"
    },
    "60030162": {
        "deprecated": false,
        "Dev_Desc": "화륜 가열_평타+무공공속+소울 증가_세부",
        "id": 60030162,
        "alias": "Contents.Effect.Option.FireBangle.344411",
        "text": "Base attack speed +50%\nNon-attack speed +30%\nSoul activation rate +5%"
    },
    "60030163": {
        "deprecated": false,
        "Dev_Desc": "화륜 가열_평타+무공공속+소울 증가_세부",
        "id": 60030163,
        "alias": "Contents.Effect.Option.FireBangle.344412",
        "text": "Base attack speed +52%\nNo attack speed +30%\nSoul activation rate +5%"
    },
    "60030164": {
        "deprecated": false,
        "Dev_Desc": "화륜 가열_평타+무공공속+소울 증가_세부",
        "id": 60030164,
        "alias": "Contents.Effect.Option.FireBangle.344413",
        "text": "Base attack speed +54%\nNon-attack speed +30%\nSoul activation rate +5%"
    },
    "60030165": {
        "deprecated": false,
        "Dev_Desc": "화륜 가열_평타+무공공속+소울 증가_세부",
        "id": 60030165,
        "alias": "Contents.Effect.Option.FireBangle.344414",
        "text": "Base attack speed +56%\nNo attack speed +30%\nSoul activation rate +5%"
    },
    "60030166": {
        "deprecated": false,
        "Dev_Desc": "화륜 가열_평타+무공공속+소울 증가_세부",
        "id": 60030166,
        "alias": "Contents.Effect.Option.FireBangle.344415",
        "text": "Base attack speed +58%\nNon-attack speed +30%\nSoul activation rate +5%"
    },
    "60030167": {
        "deprecated": false,
        "Dev_Desc": "화륜 가열_평타+무공공속+소울 증가_세부",
        "id": 60030167,
        "alias": "Contents.Effect.Option.FireBangle.344416",
        "text": "Base attack speed +60%\nNon-attack speed +30%\nSoul activation rate +5%"
    },
    "60030168": {
        "deprecated": false,
        "Dev_Desc": "화륜 가열_평타+무공공속+소울 증가_세부",
        "id": 60030168,
        "alias": "Contents.Effect.Option.FireBangle.344417",
        "text": "Base attack speed +62%\nNon-attack speed +30%\nSoul activation rate +5%"
    },
    "60030169": {
        "deprecated": false,
        "Dev_Desc": "화륜 가열_평타+무공공속+소울 증가_세부",
        "id": 60030169,
        "alias": "Contents.Effect.Option.FireBangle.344418",
        "text": "Base attack speed +64%\nNo attack speed +30%\nSoul activation rate +5%"
    },
    "60030170": {
        "deprecated": false,
        "Dev_Desc": "화륜 가열_평타+무공공속+소울 증가_세부",
        "id": 60030170,
        "alias": "Contents.Effect.Option.FireBangle.344419",
        "text": "Base attack speed +66%\nNo attack speed +30%\nSoul activation rate +5%"
    },
    "60030171": {
        "deprecated": false,
        "Dev_Desc": "화륜 가열_평타+무공공속+소울 증가_세부",
        "id": 60030171,
        "alias": "Contents.Effect.Option.FireBangle.344420",
        "text": "Base attack speed +68%\nNo attack speed +30%\nSoul activation rate +5%"
    }
}