{
    "85101001": {
        "deprecated": false,
        "id": 85101001,
        "alias": "Contents.Item.Name.5101001",
        "text": "Серьги-моллюски"
    },
    "85101002": {
        "deprecated": false,
        "id": 85101002,
        "alias": "Contents.Item.Name.5101002",
        "text": "Бронзовые серьги"
    },
    "85101003": {
        "deprecated": false,
        "id": 85101003,
        "alias": "Contents.Item.Name.5101003",
        "text": "Кварцевые серьги"
    },
    "85101201": {
        "deprecated": false,
        "id": 85101201,
        "alias": "Contents.Item.Name.5101201",
        "text": "Сердоликовые серьги"
    },
    "85101202": {
        "deprecated": false,
        "id": 85101202,
        "alias": "Contents.Item.Name.5101202",
        "text": "Серьги русалки"
    },
    "85101203": {
        "deprecated": false,
        "id": 85101203,
        "alias": "Contents.Item.Name.5101203",
        "text": "Серебряные серьги"
    },
    "85101204": {
        "deprecated": false,
        "id": 85101204,
        "alias": "Contents.Item.Name.5101204",
        "text": "Золотые сережки"
    },
    "85101401": {
        "deprecated": false,
        "id": 85101401,
        "alias": "Contents.Item.Name.5101401",
        "text": "Серьга угнетения"
    },
    "85101402": {
        "deprecated": false,
        "id": 85101402,
        "alias": "Contents.Item.Name.5101402",
        "text": "Серьга освобождения"
    },
    "85101403": {
        "deprecated": false,
        "id": 85101403,
        "alias": "Contents.Item.Name.5101403",
        "text": "Серьга ветерка"
    },
    "85102001": {
        "deprecated": false,
        "id": 85102001,
        "alias": "Contents.Item.Name.5102001",
        "text": "Желудь Ожерелье"
    },
    "85102002": {
        "deprecated": false,
        "id": 85102002,
        "alias": "Contents.Item.Name.5102002",
        "text": "Медное украшение"
    },
    "85102003": {
        "deprecated": false,
        "id": 85102003,
        "alias": "Contents.Item.Name.5102003",
        "text": "бронзовое украшенное колье"
    },
    "85102004": {
        "deprecated": false,
        "id": 85102004,
        "alias": "Contents.Item.Name.5102004",
        "text": "колье, украшенное латунью"
    },
    "85102005": {
        "deprecated": false,
        "id": 85102005,
        "alias": "Contents.Item.Name.5102005",
        "text": "Жетон Неизвестного солдата"
    },
    "85102006": {
        "deprecated": false,
        "id": 85102006,
        "alias": "Contents.Item.Name.5102006",
        "text": "Ожерелье-раскладушка"
    },
    "85102201": {
        "deprecated": false,
        "id": 85102201,
        "alias": "Contents.Item.Name.5102201",
        "text": "Серебряное ожерелье с гравировкой"
    },
    "85102202": {
        "deprecated": false,
        "id": 85102202,
        "alias": "Contents.Item.Name.5102202",
        "text": "Ожерелье с платиновым узором"
    },
    "85102203": {
        "deprecated": false,
        "id": 85102203,
        "alias": "Contents.Item.Name.5102203",
        "text": "Золотое колье с нефритом"
    },
    "85102204": {
        "deprecated": false,
        "id": 85102204,
        "alias": "Contents.Item.Name.5102204",
        "text": "Ожерелье отношений"
    },
    "85102205": {
        "deprecated": false,
        "id": 85102205,
        "alias": "Contents.Item.Name.5102205",
        "text": "Ожерелье синего человека"
    },
    "85102206": {
        "deprecated": false,
        "id": 85102206,
        "alias": "Contents.Item.Name.5102206",
        "text": "Ожерелье гладиатора"
    },
    "85102207": {
        "deprecated": false,
        "id": 85102207,
        "alias": "Contents.Item.Name.5102207",
        "text": "Ожерелье духа"
    },
    "85102208": {
        "deprecated": false,
        "id": 85102208,
        "alias": "Contents.Item.Name.5102208",
        "text": "Ожерелье цапли"
    },
    "85102401": {
        "deprecated": false,
        "id": 85102401,
        "alias": "Contents.Item.Name.5102401",
        "text": "Орден сердца"
    },
    "85102402": {
        "deprecated": false,
        "id": 85102402,
        "alias": "Contents.Item.Name.5102402",
        "text": "Ожерелье красного лунного света"
    },
    "85102403": {
        "deprecated": false,
        "id": 85102403,
        "alias": "Contents.Item.Name.5102403",
        "text": "Жизнь Великого моря"
    },
    "85102404": {
        "deprecated": false,
        "id": 85102404,
        "alias": "Contents.Item.Name.5102404",
        "text": "Первобытные слезы"
    },
    "85102601": {
        "deprecated": false,
        "id": 85102601,
        "alias": "Contents.Item.Name.5102601",
        "text": "Цепи тысяч"
    },
    "85102602": {
        "deprecated": false,
        "id": 85102602,
        "alias": "Contents.Item.Name.5102602",
        "text": "Абсолютное суждение"
    },
    "85103001": {
        "deprecated": false,
        "id": 85103001,
        "alias": "Contents.Item.Name.5103001",
        "text": "кольцо-лепесток"
    },
    "85103002": {
        "deprecated": false,
        "id": 85103002,
        "alias": "Contents.Item.Name.5103002",
        "text": "Коралловое кольцо"
    },
    "85103003": {
        "deprecated": false,
        "id": 85103003,
        "alias": "Contents.Item.Name.5103003",
        "text": "Кольцо из слоновой кости"
    },
    "85103004": {
        "deprecated": false,
        "id": 85103004,
        "alias": "Contents.Item.Name.5103004",
        "text": "Латунное кольцо"
    },
    "85103005": {
        "deprecated": false,
        "id": 85103005,
        "alias": "Contents.Item.Name.5103005",
        "text": "Серебряное кольцо"
    },
    "85103006": {
        "deprecated": false,
        "id": 85103006,
        "alias": "Contents.Item.Name.5103006",
        "text": "Гематитовое кольцо"
    },
    "85103201": {
        "deprecated": false,
        "id": 85103201,
        "alias": "Contents.Item.Name.5103201",
        "text": "Жемчужное кольцо"
    },
    "85103202": {
        "deprecated": false,
        "id": 85103202,
        "alias": "Contents.Item.Name.5103202",
        "text": "Тыквенное кольцо"
    },
    "85103203": {
        "deprecated": false,
        "id": 85103203,
        "alias": "Contents.Item.Name.5103203",
        "text": "Нефритовое кольцо"
    },
    "85103204": {
        "deprecated": false,
        "id": 85103204,
        "alias": "Contents.Item.Name.5103204",
        "text": "Черное кольцо"
    },
    "85103205": {
        "deprecated": false,
        "id": 85103205,
        "alias": "Contents.Item.Name.5103205",
        "text": "Платиновое кольцо"
    },
    "85103206": {
        "deprecated": false,
        "id": 85103206,
        "alias": "Contents.Item.Name.5103206",
        "text": "Чистое белое кольцо"
    },
    "85103207": {
        "deprecated": false,
        "id": 85103207,
        "alias": "Contents.Item.Name.5103207",
        "text": "Красное нефритовое кольцо"
    },
    "85103208": {
        "deprecated": false,
        "id": 85103208,
        "alias": "Contents.Item.Name.5103208",
        "text": "Синее серебряное кольцо"
    },
    "85103401": {
        "deprecated": false,
        "id": 85103401,
        "alias": "Contents.Item.Name.5103401",
        "text": "Кольцо несущего душу"
    },
    "85103402": {
        "deprecated": false,
        "id": 85103402,
        "alias": "Contents.Item.Name.5103402",
        "text": "Кольцо экзорцизма"
    },
    "85103403": {
        "deprecated": false,
        "id": 85103403,
        "alias": "Contents.Item.Name.5103403",
        "text": "Кольцо духа"
    },
    "85103404": {
        "deprecated": false,
        "id": 85103404,
        "alias": "Contents.Item.Name.5103404",
        "text": "Кольцо Завета"
    },
    "85103601": {
        "deprecated": false,
        "id": 85103601,
        "alias": "Contents.Item.Name.5103601",
        "text": "Путь хранителя"
    },
    "85103602": {
        "deprecated": false,
        "id": 85103602,
        "alias": "Contents.Item.Name.5103602",
        "text": "Вера предателя"
    },
    "85104001": {
        "deprecated": false,
        "id": 85104001,
        "alias": "Contents.Item.Name.5104001",
        "text": "Полный браслет"
    },
    "85104002": {
        "deprecated": false,
        "id": 85104002,
        "alias": "Contents.Item.Name.5104002",
        "text": "Медный браслет"
    },
    "85104003": {
        "deprecated": false,
        "id": 85104003,
        "alias": "Contents.Item.Name.5104003",
        "text": "Бронзовый браслет"
    },
    "85104201": {
        "deprecated": false,
        "id": 85104201,
        "alias": "Contents.Item.Name.5104201",
        "text": "Сапфировый браслет"
    },
    "85104202": {
        "deprecated": false,
        "id": 85104202,
        "alias": "Contents.Item.Name.5104202",
        "text": "браслет из яшмы"
    },
    "85104203": {
        "deprecated": false,
        "id": 85104203,
        "alias": "Contents.Item.Name.5104203",
        "text": "Белый серебряный браслет"
    },
    "85104204": {
        "deprecated": false,
        "id": 85104204,
        "alias": "Contents.Item.Name.5104204",
        "text": "Золотой браслет"
    },
    "85104401": {
        "deprecated": false,
        "id": 85104401,
        "alias": "Contents.Item.Name.5104401",
        "text": "Браслет Хранителя"
    },
    "85104402": {
        "deprecated": false,
        "id": 85104402,
        "alias": "Contents.Item.Name.5104402",
        "text": "Браслет Норимсу"
    },
    "85104403": {
        "deprecated": false,
        "id": 85104403,
        "alias": "Contents.Item.Name.5104403",
        "text": "Браслет циркулирующей энергии"
    },
    "85105001": {
        "deprecated": false,
        "id": 85105001,
        "alias": "Contents.Item.Name.5105001",
        "text": "Красная пустышка Susil"
    },
    "85105002": {
        "deprecated": false,
        "id": 85105002,
        "alias": "Contents.Item.Name.5105002",
        "text": "Пустышка Blue Susil"
    },
    "85105003": {
        "deprecated": false,
        "id": 85105003,
        "alias": "Contents.Item.Name.5105003",
        "text": "Зеленая пустышка"
    },
    "85105004": {
        "deprecated": false,
        "id": 85105004,
        "alias": "Contents.Item.Name.5105004",
        "text": "Пурпурная пустышка Susil"
    },
    "85105005": {
        "deprecated": false,
        "id": 85105005,
        "alias": "Contents.Item.Name.5105005",
        "text": "Белая сочная пустышка"
    },
    "85105006": {
        "deprecated": false,
        "id": 85105006,
        "alias": "Contents.Item.Name.5105006",
        "text": "Пустышка Black Susil"
    },
    "85105201": {
        "deprecated": false,
        "id": 85105201,
        "alias": "Contents.Item.Name.5105201",
        "text": "Пустышка из щавеля"
    },
    "85105202": {
        "deprecated": false,
        "id": 85105202,
        "alias": "Contents.Item.Name.5105202",
        "text": "Соска-пустышка Silver Thread"
    },
    "85105203": {
        "deprecated": false,
        "id": 85105203,
        "alias": "Contents.Item.Name.5105203",
        "text": "Пустышка Чонгина"
    },
    "85105204": {
        "deprecated": false,
        "id": 85105204,
        "alias": "Contents.Item.Name.5105204",
        "text": "Пустышка для тонких узлов"
    },
    "85105205": {
        "deprecated": false,
        "id": 85105205,
        "alias": "Contents.Item.Name.5105205",
        "text": "Пустышка Желтая нить "
    },
    "85105206": {
        "deprecated": false,
        "id": 85105206,
        "alias": "Contents.Item.Name.5105206",
        "text": "Пустышка с нефритовым узором"
    },
    "85105207": {
        "deprecated": false,
        "id": 85105207,
        "alias": "Contents.Item.Name.5105207",
        "text": "Пустышка с узором Cheonghak"
    },
    "85105208": {
        "deprecated": false,
        "id": 85105208,
        "alias": "Contents.Item.Name.5105208",
        "text": "Нефритовая пустышка"
    },
    "85105401": {
        "deprecated": false,
        "id": 85105401,
        "alias": "Contents.Item.Name.5105401",
        "text": "Соска закатного света"
    },
    "85105402": {
        "deprecated": false,
        "id": 85105402,
        "alias": "Contents.Item.Name.5105402",
        "text": "Игрок радости"
    },
    "85105403": {
        "deprecated": false,
        "id": 85105403,
        "alias": "Contents.Item.Name.5105403",
        "text": "Пустышка Starlight Ornament"
    },
    "85105404": {
        "deprecated": false,
        "id": 85105404,
        "alias": "Contents.Item.Name.5105404",
        "text": "Пустышка памяти"
    },
    "85105601": {
        "deprecated": false,
        "id": 85105601,
        "alias": "Contents.Item.Name.5105601",
        "text": "Пустышка забытого любовника"
    },
    "85105602": {
        "deprecated": false,
        "id": 85105602,
        "alias": "Contents.Item.Name.5105602",
        "text": "Звездные капли"
    },
    "85106001": {
        "deprecated": false,
        "id": 85106001,
        "alias": "Contents.Item.Name.5106001",
        "text": "Камень циркуляции души"
    },
    "85106002": {
        "deprecated": false,
        "id": 85106002,
        "alias": "Contents.Item.Name.5106002",
        "text": "Камень защиты души"
    },
    "85106201": {
        "deprecated": false,
        "id": 85106201,
        "alias": "Contents.Item.Name.5106201",
        "text": "Камень души желания"
    },
    "85106202": {
        "deprecated": false,
        "id": 85106202,
        "alias": "Contents.Item.Name.5106202",
        "text": "Камень веры"
    },
    "85106203": {
        "deprecated": false,
        "id": 85106203,
        "alias": "Contents.Item.Name.5106203",
        "text": "Камень души печали"
    },
    "85106401": {
        "deprecated": false,
        "id": 85106401,
        "alias": "Contents.Item.Name.5106401",
        "text": "Камень души разрушения"
    },
    "85106402": {
        "deprecated": false,
        "id": 85106402,
        "alias": "Contents.Item.Name.5106402",
        "text": "Камень души господства"
    },
    "85106403": {
        "deprecated": false,
        "id": 85106403,
        "alias": "Contents.Item.Name.5106403",
        "text": "Камень души возрождения"
    },
    "85106404": {
        "deprecated": false,
        "id": 85106404,
        "alias": "Contents.Item.Name.5106404",
        "text": "Камень воспоминаний"
    },
    "85201001": {
        "deprecated": false,
        "id": 85201001,
        "alias": "Contents.Item.Name.5201001",
        "text": "Серьги-моллюски (с гравировкой)"
    },
    "85201002": {
        "deprecated": false,
        "id": 85201002,
        "alias": "Contents.Item.Name.5201002",
        "text": "Бронзовые серьги (с гравировкой)"
    },
    "85201003": {
        "deprecated": false,
        "id": 85201003,
        "alias": "Contents.Item.Name.5201003",
        "text": "Кварцевые серьги (с гравировкой)"
    },
    "85201201": {
        "deprecated": false,
        "id": 85201201,
        "alias": "Contents.Item.Name.5201201",
        "text": "Сердоликовые серьги (с гравировкой)"
    },
    "85201202": {
        "deprecated": false,
        "id": 85201202,
        "alias": "Contents.Item.Name.5201202",
        "text": "Серьги русалки (с гравировкой)"
    },
    "85201203": {
        "deprecated": false,
        "id": 85201203,
        "alias": "Contents.Item.Name.5201203",
        "text": "Серебряные серьги (с гравировкой)"
    },
    "85201204": {
        "deprecated": false,
        "id": 85201204,
        "alias": "Contents.Item.Name.5201204",
        "text": "Золотые серьги (с гравировкой)"
    },
    "85201401": {
        "deprecated": false,
        "id": 85201401,
        "alias": "Contents.Item.Name.5201401",
        "text": "Серьга угнетения (гравировка)"
    },
    "85201402": {
        "deprecated": false,
        "id": 85201402,
        "alias": "Contents.Item.Name.5201402",
        "text": "Серьги освобождения (с гравировкой)"
    },
    "85201403": {
        "deprecated": false,
        "id": 85201403,
        "alias": "Contents.Item.Name.5201403",
        "text": "Серьга ветерка (с гравировкой)"
    },
    "85202001": {
        "deprecated": false,
        "id": 85202001,
        "alias": "Contents.Item.Name.5202001",
        "text": "Желудь Ожерелье (Гравировка)"
    },
    "85202002": {
        "deprecated": false,
        "id": 85202002,
        "alias": "Contents.Item.Name.5202002",
        "text": "Медное декоративное ожерелье (с гравировкой)"
    },
    "85202003": {
        "deprecated": false,
        "id": 85202003,
        "alias": "Contents.Item.Name.5202003",
        "text": "Бронзовое декоративное колье (с гравировкой)"
    },
    "85202004": {
        "deprecated": false,
        "id": 85202004,
        "alias": "Contents.Item.Name.5202004",
        "text": "Колье с латунным орнаментом (с гравировкой)"
    },
    "85202005": {
        "deprecated": false,
        "id": 85202005,
        "alias": "Contents.Item.Name.5202005",
        "text": "Жетон Неизвестного солдата (гравюра)"
    },
    "85202006": {
        "deprecated": false,
        "id": 85202006,
        "alias": "Contents.Item.Name.5202006",
        "text": "Ожерелье-раскладушка (с гравировкой)"
    },
    "85202201": {
        "deprecated": false,
        "id": 85202201,
        "alias": "Contents.Item.Name.5202201",
        "text": "Серебряное ожерелье с гравировкой (с гравировкой)"
    },
    "85202202": {
        "deprecated": false,
        "id": 85202202,
        "alias": "Contents.Item.Name.5202202",
        "text": "Колье с платиновым узором (с гравировкой)"
    },
    "85202203": {
        "deprecated": false,
        "id": 85202203,
        "alias": "Contents.Item.Name.5202203",
        "text": "Золотое колье с жадеитом (гравировка)"
    },
    "85202204": {
        "deprecated": false,
        "id": 85202204,
        "alias": "Contents.Item.Name.5202204",
        "text": "Ожерелье родства (гравюра)"
    },
    "85202205": {
        "deprecated": false,
        "id": 85202205,
        "alias": "Contents.Item.Name.5202205",
        "text": "Ожерелье синего человека (с гравировкой)"
    },
    "85202206": {
        "deprecated": false,
        "id": 85202206,
        "alias": "Contents.Item.Name.5202206",
        "text": "Ожерелье гладиатора (с гравировкой)"
    },
    "85202207": {
        "deprecated": false,
        "id": 85202207,
        "alias": "Contents.Item.Name.5202207",
        "text": "Ожерелье духа (с гравировкой)"
    },
    "85202208": {
        "deprecated": false,
        "id": 85202208,
        "alias": "Contents.Item.Name.5202208",
        "text": "Ожерелье цапли (с гравировкой)"
    },
    "85202401": {
        "deprecated": false,
        "id": 85202401,
        "alias": "Contents.Item.Name.5202401",
        "text": "Порядок сердца (гравировка)"
    },
    "85202402": {
        "deprecated": false,
        "id": 85202402,
        "alias": "Contents.Item.Name.5202402",
        "text": "Ожерелье красного лунного света (с гравировкой)"
    },
    "85202403": {
        "deprecated": false,
        "id": 85202403,
        "alias": "Contents.Item.Name.5202403",
        "text": "Жизнь Великого Моря (с гравировкой)"
    },
    "85202404": {
        "deprecated": false,
        "id": 85202404,
        "alias": "Contents.Item.Name.5202404",
        "text": "Первобытные слезы (гравюра)"
    },
    "85202601": {
        "deprecated": false,
        "id": 85202601,
        "alias": "Contents.Item.Name.5202601",
        "text": "Цепи тысяч (с гравировкой)"
    },
    "85202602": {
        "deprecated": false,
        "id": 85202602,
        "alias": "Contents.Item.Name.5202602",
        "text": "Абсолютное суждение (гравюра)"
    },
    "85203001": {
        "deprecated": false,
        "id": 85203001,
        "alias": "Contents.Item.Name.5203001",
        "text": "кольцо-лепесток (гравировка)"
    },
    "85203002": {
        "deprecated": false,
        "id": 85203002,
        "alias": "Contents.Item.Name.5203002",
        "text": "Коралловое кольцо (с гравировкой)"
    },
    "85203003": {
        "deprecated": false,
        "id": 85203003,
        "alias": "Contents.Item.Name.5203003",
        "text": "Кольцо из слоновой кости (с гравировкой)"
    },
    "85203004": {
        "deprecated": false,
        "id": 85203004,
        "alias": "Contents.Item.Name.5203004",
        "text": "Латунное кольцо (с гравировкой)"
    },
    "85203005": {
        "deprecated": false,
        "id": 85203005,
        "alias": "Contents.Item.Name.5203005",
        "text": "Серебряное кольцо (с гравировкой)"
    },
    "85203006": {
        "deprecated": false,
        "id": 85203006,
        "alias": "Contents.Item.Name.5203006",
        "text": "Гематитовое кольцо (с гравировкой)"
    },
    "85203201": {
        "deprecated": false,
        "id": 85203201,
        "alias": "Contents.Item.Name.5203201",
        "text": "Жемчужное кольцо (с гравировкой)"
    },
    "85203202": {
        "deprecated": false,
        "id": 85203202,
        "alias": "Contents.Item.Name.5203202",
        "text": "Тыквенное кольцо (с гравировкой)"
    },
    "85203203": {
        "deprecated": false,
        "id": 85203203,
        "alias": "Contents.Item.Name.5203203",
        "text": "Жадеитовое кольцо (с гравировкой)"
    },
    "85203204": {
        "deprecated": false,
        "id": 85203204,
        "alias": "Contents.Item.Name.5203204",
        "text": "Кольцо угольно-черного цвета (с гравировкой)"
    },
    "85203205": {
        "deprecated": false,
        "id": 85203205,
        "alias": "Contents.Item.Name.5203205",
        "text": "Платиновое кольцо (с гравировкой)"
    },
    "85203206": {
        "deprecated": false,
        "id": 85203206,
        "alias": "Contents.Item.Name.5203206",
        "text": "Чисто белое кольцо (с гравировкой)"
    },
    "85203207": {
        "deprecated": false,
        "id": 85203207,
        "alias": "Contents.Item.Name.5203207",
        "text": "Кольцо из красного нефрита (с гравировкой)"
    },
    "85203208": {
        "deprecated": false,
        "id": 85203208,
        "alias": "Contents.Item.Name.5203208",
        "text": "Сине-серебряное кольцо (с гравировкой)"
    },
    "85203401": {
        "deprecated": false,
        "id": 85203401,
        "alias": "Contents.Item.Name.5203401",
        "text": "Кольцо Несущего Душу (Гравировка)"
    },
    "85203402": {
        "deprecated": false,
        "id": 85203402,
        "alias": "Contents.Item.Name.5203402",
        "text": "Кольцо экзорцизма (гравировка)"
    },
    "85203403": {
        "deprecated": false,
        "id": 85203403,
        "alias": "Contents.Item.Name.5203403",
        "text": "Духовное кольцо (гравюра)"
    },
    "85203404": {
        "deprecated": false,
        "id": 85203404,
        "alias": "Contents.Item.Name.5203404",
        "text": "Кольцо Завета (с гравировкой)"
    },
    "85203601": {
        "deprecated": false,
        "id": 85203601,
        "alias": "Contents.Item.Name.5203601",
        "text": "Путь хранителя (гравюра)"
    },
    "85203602": {
        "deprecated": false,
        "id": 85203602,
        "alias": "Contents.Item.Name.5203602",
        "text": "Вера предателя (Выходные данные)"
    },
    "85204001": {
        "deprecated": false,
        "id": 85204001,
        "alias": "Contents.Item.Name.5204001",
        "text": "Полный браслет (с гравировкой)"
    },
    "85204002": {
        "deprecated": false,
        "id": 85204002,
        "alias": "Contents.Item.Name.5204002",
        "text": "Медный браслет (с гравировкой)"
    },
    "85204003": {
        "deprecated": false,
        "id": 85204003,
        "alias": "Contents.Item.Name.5204003",
        "text": "Бронзовый браслет (с гравировкой)"
    },
    "85204201": {
        "deprecated": false,
        "id": 85204201,
        "alias": "Contents.Item.Name.5204201",
        "text": "Сапфировый браслет (с гравировкой)"
    },
    "85204202": {
        "deprecated": false,
        "id": 85204202,
        "alias": "Contents.Item.Name.5204202",
        "text": "браслет из яшмы (с гравировкой)"
    },
    "85204203": {
        "deprecated": false,
        "id": 85204203,
        "alias": "Contents.Item.Name.5204203",
        "text": "Белый серебряный браслет (с гравировкой)"
    },
    "85204204": {
        "deprecated": false,
        "id": 85204204,
        "alias": "Contents.Item.Name.5204204",
        "text": "Золотой браслет (с гравировкой)"
    },
    "85204401": {
        "deprecated": false,
        "id": 85204401,
        "alias": "Contents.Item.Name.5204401",
        "text": "Браслет Хранителя (Гравюра)"
    },
    "85204402": {
        "deprecated": false,
        "id": 85204402,
        "alias": "Contents.Item.Name.5204402",
        "text": "Браслет Норимсу (с гравировкой)"
    },
    "85204403": {
        "deprecated": false,
        "id": 85204403,
        "alias": "Contents.Item.Name.5204403",
        "text": "Браслет круговорота энергии (гравировка)"
    },
    "85205001": {
        "deprecated": false,
        "id": 85205001,
        "alias": "Contents.Item.Name.5205001",
        "text": "Пустышка с красной водяной нитью (с гравировкой)"
    },
    "85205002": {
        "deprecated": false,
        "id": 85205002,
        "alias": "Contents.Item.Name.5205002",
        "text": "Пустышка Голубая вода (с гравировкой)"
    },
    "85205003": {
        "deprecated": false,
        "id": 85205003,
        "alias": "Contents.Item.Name.5205003",
        "text": "Зеленая пустышка Susil (с гравировкой)"
    },
    "85205004": {
        "deprecated": false,
        "id": 85205004,
        "alias": "Contents.Item.Name.5205004",
        "text": "Пустышка с фиолетовыми водными нитками (с гравировкой)"
    },
    "85205005": {
        "deprecated": false,
        "id": 85205005,
        "alias": "Contents.Item.Name.5205005",
        "text": "Пустышка Белая вода (с гравировкой)"
    },
    "85205006": {
        "deprecated": false,
        "id": 85205006,
        "alias": "Contents.Item.Name.5205006",
        "text": "Пустышка Черная вода (с гравировкой)"
    },
    "85205201": {
        "deprecated": false,
        "id": 85205201,
        "alias": "Contents.Item.Name.5205201",
        "text": "Пустышка атласная коричневая (с гравировкой)"
    },
    "85205202": {
        "deprecated": false,
        "id": 85205202,
        "alias": "Contents.Item.Name.5205202",
        "text": "Пустышка с серебряной нитью (с гравировкой)"
    },
    "85205203": {
        "deprecated": false,
        "id": 85205203,
        "alias": "Contents.Item.Name.5205203",
        "text": "Игрушка Чонгина (с гравировкой)"
    },
    "85205204": {
        "deprecated": false,
        "id": 85205204,
        "alias": "Contents.Item.Name.5205204",
        "text": "Пустышка для тонких узлов (с гравировкой)"
    },
    "85205205": {
        "deprecated": false,
        "id": 85205205,
        "alias": "Contents.Item.Name.5205205",
        "text": "Пустышка Желтая вода (с гравировкой)"
    },
    "85205206": {
        "deprecated": false,
        "id": 85205206,
        "alias": "Contents.Item.Name.5205206",
        "text": "Пустышка с нефритовым узором (с гравировкой)"
    },
    "85205207": {
        "deprecated": false,
        "id": 85205207,
        "alias": "Contents.Item.Name.5205207",
        "text": "Норигэ с узором Чхонхак (с гравировкой)"
    },
    "85205208": {
        "deprecated": false,
        "id": 85205208,
        "alias": "Contents.Item.Name.5205208",
        "text": "Нефритовая пустышка (с гравировкой)"
    },
    "85205401": {
        "deprecated": false,
        "id": 85205401,
        "alias": "Contents.Item.Name.5205401",
        "text": "Сингл закатного света (гравировка)"
    },
    "85205402": {
        "deprecated": false,
        "id": 85205402,
        "alias": "Contents.Item.Name.5205402",
        "text": "Игрок радости (гравировка)"
    },
    "85205403": {
        "deprecated": false,
        "id": 85205403,
        "alias": "Contents.Item.Name.5205403",
        "text": "Пустышка с орнаментом звездного света (с гравировкой)"
    },
    "85205404": {
        "deprecated": false,
        "id": 85205404,
        "alias": "Contents.Item.Name.5205404",
        "text": "Пустышка Remembrance (с гравировкой)"
    },
    "85205601": {
        "deprecated": false,
        "id": 85205601,
        "alias": "Contents.Item.Name.5205601",
        "text": "Пустышка забытого любовника (с гравировкой)"
    },
    "85205602": {
        "deprecated": false,
        "id": 85205602,
        "alias": "Contents.Item.Name.5205602",
        "text": "Капля звездного света (с гравировкой)"
    },
    "85206001": {
        "deprecated": false,
        "id": 85206001,
        "alias": "Contents.Item.Name.5206001",
        "text": "Камень циркуляции души (гравировка)"
    },
    "85206002": {
        "deprecated": false,
        "id": 85206002,
        "alias": "Contents.Item.Name.5206002",
        "text": "Камень защиты души (гравировка)"
    },
    "85206201": {
        "deprecated": false,
        "id": 85206201,
        "alias": "Contents.Item.Name.5206201",
        "text": "Камень души желания (с гравировкой)"
    },
    "85206202": {
        "deprecated": false,
        "id": 85206202,
        "alias": "Contents.Item.Name.5206202",
        "text": "Камень доверия души (гравюра)"
    },
    "85206203": {
        "deprecated": false,
        "id": 85206203,
        "alias": "Contents.Item.Name.5206203",
        "text": "Камень скорби души (гравюра)"
    },
    "85206401": {
        "deprecated": false,
        "id": 85206401,
        "alias": "Contents.Item.Name.5206401",
        "text": "Камень разрушения души (гравюра)"
    },
    "85206402": {
        "deprecated": false,
        "id": 85206402,
        "alias": "Contents.Item.Name.5206402",
        "text": "Камень господства души (гравюра)"
    },
    "85206403": {
        "deprecated": false,
        "id": 85206403,
        "alias": "Contents.Item.Name.5206403",
        "text": "Камень возрождения души (гравюра)"
    },
    "85206404": {
        "deprecated": false,
        "id": 85206404,
        "alias": "Contents.Item.Name.5206404",
        "text": "Камень воспоминаний души (отпечатанный)"
    },
    "85301002": {
        "deprecated": false,
        "id": 85301002,
        "alias": "Contents.Item.Name.5301001",
        "text": "Грохот грома"
    },
    "85304001": {
        "deprecated": false,
        "id": 85304001,
        "alias": "Contents.Item.Name.5301002",
        "text": "Пламя сотни цветов"
    },
    "85304002": {
        "deprecated": false,
        "id": 85304002,
        "alias": "Contents.Item.Name.5304001",
        "text": "Ярость неистовства ветра"
    },
    "85307001": {
        "deprecated": false,
        "id": 85307001,
        "alias": "Contents.Item.Name.5304002",
        "text": "Шепот порчи"
    },
    "85307002": {
        "deprecated": false,
        "id": 85307002,
        "alias": "Contents.Item.Name.5307003",
        "text": "Знак единства"
    },
    "85307003": {
        "deprecated": false,
        "id": 85307003,
        "alias": "Contents.Item.Name.5307002",
        "text": "Доказательство обещания"
    }
}