{
    "20040000": {
        "deprecated": false,
        "Dev_Desc": "비류하",
        "id": 20040000,
        "alias": "Contents.Quest.Dialogue.40000",
        "text": "Вы прибыли благополучно. Вы много работали. Теперь ..."
    },
    "20040001": {
        "deprecated": false,
        "Dev_Desc": "아랑",
        "id": 20040001,
        "alias": "Contents.Quest.Dialogue.40001",
        "text": "Ах ~~~ Слушай, ты не вернулся и минуты назад."
    },
    "20040002": {
        "deprecated": false,
        "Dev_Desc": "비류하",
        "id": 20040002,
        "alias": "Contents.Quest.Dialogue.40002",
        "text": "Разве это не то, что ты должен был делать как мундзю?"
    },
    "20040003": {
        "deprecated": false,
        "Dev_Desc": "아랑",
        "id": 20040003,
        "alias": "Contents.Quest.Dialogue.40003",
        "text": "А, ладно, ладно. Мне нужно поздороваться с Мастером. \n <textColor=[255:204:102:255]> <myHero.name/> </>, ты тоже."
    },
    "20040004": {
        "deprecated": false,
        "Dev_Desc": "비류하",
        "id": 20040004,
        "alias": "Contents.Quest.Dialogue.40004",
        "text": "Ой, разве ты не должен принести старцу подарок?"
    },
    "20040005": {
        "deprecated": false,
        "Dev_Desc": "아랑",
        "id": 20040005,
        "alias": "Contents.Quest.Dialogue.40005",
        "text": "Подарок? Было бы неплохо. Что любит Мастер?"
    },
    "20040006": {
        "deprecated": false,
        "Dev_Desc": "비류하",
        "id": 20040006,
        "alias": "Contents.Quest.Dialogue.40006",
        "text": "Я знаю, вам это понравится. \n <textColor=[215:94:94:255]> Хонгдон </> Решение проблем ... <textColor=[215:94:94:255]> Black Dawn But </> отталкивание ... "
    },
    "20040007": {
        "deprecated": false,
        "Dev_Desc": "아랑",
        "id": 20040007,
        "alias": "Contents.Quest.Dialogue.40007",
        "text": "Вот о чем должна заботиться смертная казнь!"
    },
    "20040008": {
        "deprecated": false,
        "Dev_Desc": "비류하",
        "id": 20040008,
        "alias": "Contents.Quest.Dialogue.40008",
        "text": "Если это для <textColor=[78:148:215:255]> Пунгбекмун </>, тогда, конечно, Мастер Мун тоже должен быть обеспокоен."
    },
    "20040009": {
        "deprecated": false,
        "Dev_Desc": "아랑",
        "id": 20040009,
        "alias": "Contents.Quest.Dialogue.40009",
        "text": "Ух ... Хорошо. Давайте сделаем это быстро. \n Пойдем, <textColor=[255:204:102:255]> <myHero.name/> </>."
    },
    "20040010": {
        "deprecated": false,
        "Dev_Desc": "순찰조장",
        "id": 20040010,
        "alias": "Contents.Quest.Dialogue.40010",
        "text": "Разве это не Мунджу ?! Что происходит?"
    },
    "20040011": {
        "deprecated": false,
        "Dev_Desc": "아랑",
        "id": 20040011,
        "alias": "Contents.Quest.Dialogue.40011",
        "text": "<textColor=[78:148:215:255]> Бирюха </> Меня сюда послала смертная казнь.?"
    },
    "20040012": {
        "deprecated": false,
        "Dev_Desc": "순찰조장",
        "id": 20040012,
        "alias": "Contents.Quest.Dialogue.40012",
        "text": "Верно. Я отвечаю за вопросы, связанные с <textColor=[215:94:94:255]> племенем Хонгдон </>."
    },
    "20040013": {
        "deprecated": false,
        "Dev_Desc": "순찰조장",
        "id": 20040013,
        "alias": "Contents.Quest.Dialogue.40013",
        "text": "<textColor=[78:148:215:255]> Плач </> Это был <textColor=[215:94:94:255]> Хонгдон </>>, который злился с тех пор, как экспедиция нарушила свое обещание. , но наш клан Мы никогда не атаковали. Однако не так давно мы начали атаковать даже наших членов из прохода ."
    },
    "20040014": {
        "deprecated": false,
        "Dev_Desc": "아랑",
        "id": 20040014,
        "alias": "Contents.Quest.Dialogue.40014",
        "text": "Во-первых, они немного рассержены, <textColor=[215:94:94:255]> народ Хонгдон </>."
    },
    "20040015": {
        "deprecated": false,
        "Dev_Desc": "순찰조장",
        "id": 20040015,
        "alias": "Contents.Quest.Dialogue.40015",
        "text": "<textColor=[78:148:215:255]> Прополка </> <textColor=[215:94:94:255]> Хонгдон </>, которые относились к ситуации относительно умеренно, также стали агрессивными, но \n к счастью, умеренный <textColor=[78:148:215:255]> Дончил Хонг </>, лидер <textColor=[78:148:215:255]> Хонг Дончил </>, сбежал из стаи и попросил нас о помощи ."
    },
    "20040016": {
        "deprecated": false,
        "Dev_Desc": "아랑",
        "id": 20040016,
        "alias": "Contents.Quest.Dialogue.40016",
        "text": "Если это <textColor=[78:148:215:255]> Дончил Хонг </>, то он старший брат <textColor=[215:94:94:255]> Донпал Хонга </>. Это удивительно. \n <textColor=[215:94:94:255]> Я думал, что это будет более жестоким, чем Хонгдонпал </>. "
    },
    "20040017": {
        "deprecated": false,
        "Dev_Desc": "아랑",
        "id": 20040017,
        "alias": "Contents.Quest.Dialogue.40017",
        "text": "Так где же <textColor=[78:148:215:255]> Дончил Хонг </> прямо сейчас? \n Я думаю, нам следует встретиться и поговорить."
    },
    "20040018": {
        "deprecated": false,
        "Dev_Desc": "순찰조장",
        "id": 20040018,
        "alias": "Contents.Quest.Dialogue.40018",
        "text": "Два члена нашей команды защищают его. \n вы его видите."
    },
    "20040019": {
        "deprecated": false,
        "Dev_Desc": "아랑",
        "id": 20040019,
        "alias": "Contents.Quest.Dialogue.40019",
        "text": "Я понял, спасибо!"
    },
    "20040020": {
        "deprecated": false,
        "Dev_Desc": "순찰조원",
        "id": 20040020,
        "alias": "Contents.Quest.Dialogue.40020",
        "text": "Джонмён! Я вижу тебя, лорд Мун."
    },
    "20040021": {
        "deprecated": false,
        "Dev_Desc": "아랑",
        "id": 20040021,
        "alias": "Contents.Quest.Dialogue.40021",
        "text": "Как зовут хон ... Не надо быть таким вежливым. \n Я слышал от капитана. Где <textColor=[78:148:215:255]> Дончил Хонг </>?"
    },
    "20040022": {
        "deprecated": false,
        "Dev_Desc": "순찰조원",
        "id": 20040022,
        "alias": "Contents.Quest.Dialogue.40022",
        "text": "Это внутри. Войдите."
    },
    "20040023": {
        "deprecated": false,
        "Dev_Desc": "홍돈칠",
        "id": 20040023,
        "alias": "Contents.Quest.Dialogue.40023",
        "text": "Это <textColor=[78:148:215:255]> Пунгбекмун </> Луна ~?"
    },
    "20040024": {
        "deprecated": false,
        "Dev_Desc": "아랑",
        "id": 20040024,
        "alias": "Contents.Quest.Dialogue.40024",
        "text": "Да, приятно познакомиться. Я <textColor=[78:148:215:255]> Аранг </> из <textColor=[78:148:215:255]> Пунгбекмун </>."
    },
    "20040025": {
        "deprecated": false,
        "Dev_Desc": "홍돈칠",
        "id": 20040025,
        "alias": "Contents.Quest.Dialogue.40025",
        "text": "Кто рядом с тобой ~?"
    },
    "20040026": {
        "deprecated": false,
        "Dev_Desc": "아랑",
        "id": 20040026,
        "alias": "Contents.Quest.Dialogue.40026",
        "text": "Ах, мой друг. Я гарантирую свои навыки."
    },
    "20040027": {
        "deprecated": false,
        "Dev_Desc": "홍돈칠",
        "id": 20040027,
        "alias": "Contents.Quest.Dialogue.40027",
        "text": "Вам не нужны никакие гарантии ~ Я верю только тому, что вижу ~"
    },
    "20040028": {
        "deprecated": false,
        "Dev_Desc": "아랑",
        "id": 20040028,
        "alias": "Contents.Quest.Dialogue.40028",
        "text": "Тогда мне показать вам? <textColor=[255:204:102:255]> <myHero.name/> </>."
    },
    "20040029": {
        "deprecated": false,
        "Dev_Desc": "아랑",
        "id": 20040029,
        "alias": "Contents.Quest.Dialogue.40030",
        "text": "Ха-ха. Быстрее!"
    },
    "20040030": {
        "deprecated": false,
        "Dev_Desc": "홍돈칠",
        "id": 20040030,
        "alias": "Contents.Quest.Dialogue.40031",
        "text": "Человек. Ты удивительно силен ~?"
    },
    "20040031": {
        "deprecated": false,
        "Dev_Desc": "PC",
        "id": 20040031,
        "alias": "Contents.Quest.Dialogue.40032",
        "text": "(<textColor=[78:148:215:255]> Хонгдончил </> тоже считался сильным)"
    },
    "20040032": {
        "deprecated": false,
        "Dev_Desc": "아랑",
        "id": 20040032,
        "alias": "Contents.Quest.Dialogue.40033",
        "text": "Да. Я думал, что только <textColor=[215:94:94:255]> Хонг Дон-Пал </> был сильным. Они все еще братья?"
    },
    "20040033": {
        "deprecated": false,
        "Dev_Desc": "홍돈칠",
        "id": 20040033,
        "alias": "Contents.Quest.Dialogue.40034",
        "text": "<textColor=[215:94:94:255]> Пустой </> намного сильнее меня ~ Несколько лет назад подчиненные <textColor=[215:94:94:255]> Easy </> Вы нашли здесь странный камень. С тех пор <textColor=[215:94:94:255]> Бля </> и его подчиненные становятся все более жестокими ."
    },
    "20040034": {
        "deprecated": false,
        "Dev_Desc": "아랑",
        "id": 20040034,
        "alias": "Contents.Quest.Dialogue.40035",
        "text": "<textColor=[255:204:102:255]> Странный камень </> ... Это <textColor=[255:204:102:255]> Плодородный </>? Нет. <textColor=[255:204:102:255]> Фертильность </> Я не делаю этого человека жестоким. \n Тогда <textColor=[255:204:102:255]> Тартрат </> ... "
    },
    "20040035": {
        "deprecated": false,
        "Dev_Desc": "PC",
        "id": 20040035,
        "alias": "Contents.Quest.Dialogue.40036",
        "text": "(<textColor=[255:204:102:255]> Спросите, что такое такрате </>)"
    },
    "20040036": {
        "deprecated": false,
        "Dev_Desc": "아랑",
        "id": 20040036,
        "alias": "Contents.Quest.Dialogue.40037",
        "text": "Это не совсем понятно, но я слышал истории о том, что под воздействием энергии <textColor=[255:204:102:255]> Тахоама </> вы теряете рассудок или меняете свою внешность."
    },
    "20040037": {
        "deprecated": false,
        "Dev_Desc": "아랑",
        "id": 20040037,
        "alias": "Contents.Quest.Dialogue.40038",
        "text": "Во-первых, нам нужно проверить, есть ли у <textColor=[215:94:94:255]> Хонгдон </> <textColor=[255:204:102:255]> Странный камень </>?"
    },
    "20040038": {
        "deprecated": false,
        "Dev_Desc": "홍돈칠",
        "id": 20040038,
        "alias": "Contents.Quest.Dialogue.40039",
        "text": "Давай, добавь это лекарство в очень вкусную еду и постарайся ослабить и подчинить себе <textColor=[215:94:94:255]> Пусто </>. <textColor=[215:94:94:255]> Fresh I Я покажу вам, где этот </> иногда принимает грязевые ванны в одиночку. "
    },
    "20040039": {
        "deprecated": false,
        "Dev_Desc": "홍돈칠",
        "id": 20040039,
        "alias": "Contents.Quest.Dialogue.40040",
        "text": "Я даже не пробовал это лекарство, потому что не думаю, что смогу победить."
    },
    "20040040": {
        "deprecated": false,
        "Dev_Desc": "아랑",
        "id": 20040040,
        "alias": "Contents.Quest.Dialogue.40041",
        "text": "О, спасибо. Предоставьте это мне!"
    },
    "20040041": {
        "deprecated": false,
        "Dev_Desc": "홍돈팔",
        "id": 20040041,
        "alias": "Contents.Quest.Dialogue.40042",
        "text": "Что это за еда?"
    },
    "20040042": {
        "deprecated": false,
        "Dev_Desc": "PC",
        "id": 20040042,
        "alias": "Contents.Quest.Dialogue.40043",
        "text": "(Как и планировалось, <textColor=[215:94:94:255]> Хонгдонпал </>, похоже, ест эту еду)"
    },
    "20040043": {
        "deprecated": false,
        "Dev_Desc": "PC",
        "id": 20040043,
        "alias": "Contents.Quest.Dialogue.40044",
        "text": "(<textColor=[215:94:94:255]> Хонгдонпал </> кажется странным!)"
    },
    "20040044": {
        "deprecated": false,
        "Dev_Desc": "아랑",
        "id": 20040044,
        "alias": "Contents.Quest.Dialogue.40045",
        "text": "Даже если он слабый, он <textColor=[215:94:94:255]> вождь клана Хонгдон </>. Это была великая сила."
    },
    "20040045": {
        "deprecated": false,
        "Dev_Desc": "PC",
        "id": 20040045,
        "alias": "Contents.Quest.Dialogue.40046",
        "text": "(Он говорит, что был невероятно силен)"
    },
    "20040046": {
        "deprecated": false,
        "Dev_Desc": "홍돈팔",
        "id": 20040046,
        "alias": "Contents.Quest.Dialogue.40047",
        "text": "Что ты делаешь ... тьфу ... Кстати, где ты ..."
    },
    "20040047": {
        "deprecated": false,
        "Dev_Desc": "아랑",
        "id": 20040047,
        "alias": "Contents.Quest.Dialogue.40048",
        "text": "Ты в своем уме? Скажи мне, где тот камень, который ты взял в руки много лет назад."
    },
    "20040048": {
        "deprecated": false,
        "Dev_Desc": "홍돈팔",
        "id": 20040048,
        "alias": "Contents.Quest.Dialogue.40049",
        "text": "Камень ...? Это ... ты о ...?"
    },
    "20040049": {
        "deprecated": false,
        "Dev_Desc": "아랑",
        "id": 20040049,
        "alias": "Contents.Quest.Dialogue.40050",
        "text": "О! Я так думаю ?!"
    },
    "20040050": {
        "deprecated": false,
        "Dev_Desc": "홍돈팔",
        "id": 20040050,
        "alias": "Contents.Quest.Dialogue.40051",
        "text": "Это ... июл ... Су ... Коул ~ Ку ~ Ул"
    },
    "20040051": {
        "deprecated": false,
        "Dev_Desc": "아랑",
        "id": 20040051,
        "alias": "Contents.Quest.Dialogue.40052",
        "text": "Я думаю, что заснул ...?"
    },
    "20040052": {
        "deprecated": false,
        "Dev_Desc": "아랑",
        "id": 20040052,
        "alias": "Contents.Quest.Dialogue.40053",
        "text": "О боже ... <textColor=[78:148:215:255]> Дончил Хонг </>, должно быть, дал ему большое количество снотворного. Красный Дон </> нападет на вас. Давайте уничтожим камни и оставлять!"
    },
    "20040053": {
        "deprecated": false,
        "Dev_Desc": "홍도니",
        "id": 20040053,
        "alias": "Contents.Quest.Dialogue.40054",
        "text": "<textColor=[78:148:215:255]> Дончил Хонг </> отправил его вам ~! \n Я пришел, чтобы доставить еще один запрос ~"
    },
    "20040054": {
        "deprecated": false,
        "Dev_Desc": "아랑",
        "id": 20040054,
        "alias": "Contents.Quest.Dialogue.40055",
        "text": "Запрос? Ха, давай послушаем, что это."
    },
    "20040055": {
        "deprecated": false,
        "Dev_Desc": "홍도니",
        "id": 20040055,
        "alias": "Contents.Quest.Dialogue.40056",
        "text": "Он попросил меня освободить плененных умеренных подчиненных ~ \n И он также попросил меня достать оружие для использования умеренными подчиненными ~"
    },
    "20040056": {
        "deprecated": false,
        "Dev_Desc": "아랑",
        "id": 20040056,
        "alias": "Contents.Quest.Dialogue.40057",
        "text": "Ты просто бегаешь по делам?"
    },
    "20040057": {
        "deprecated": false,
        "Dev_Desc": "PC",
        "id": 20040057,
        "alias": "Contents.Quest.Dialogue.40058",
        "text": "(Я все еще хочу помочь)"
    },
    "20040058": {
        "deprecated": false,
        "Dev_Desc": "아랑",
        "id": 20040058,
        "alias": "Contents.Quest.Dialogue.40059",
        "text": "Хорошо, хорошо. Ну, раз уж ты здесь, не хочешь ли помочь?"
    },
    "20040059": {
        "deprecated": false,
        "Dev_Desc": "홍도니",
        "id": 20040059,
        "alias": "Contents.Quest.Dialogue.40060",
        "text": "Большое вам спасибо ~"
    },
    "20040060": {
        "deprecated": false,
        "Dev_Desc": "홍돈칠",
        "id": 20040060,
        "alias": "Contents.Quest.Dialogue.40061",
        "text": "Спасибо за просьбу ~ Я слышал, вы уничтожили камень ~"
    },
    "20040061": {
        "deprecated": false,
        "Dev_Desc": "아랑",
        "id": 20040061,
        "alias": "Contents.Quest.Dialogue.40062",
        "text": "Да. Думаю, это произошло из-за <textColor=[255:204:102:255]> Терицита </>, поэтому я уничтожил его. \n <textColor=[215:94:94:255]> племя Хонгдон </> Придется ли нам подождать и посмотреть, исчезнет ли это? "
    },
    "20040062": {
        "deprecated": false,
        "Dev_Desc": "홍돈칠",
        "id": 20040062,
        "alias": "Contents.Quest.Dialogue.40063",
        "text": "Когда ум становится странным, кажется, что он не возвращается легко ~ \n Мои подчиненные все еще немного странные ..."
    },
    "20040063": {
        "deprecated": false,
        "Dev_Desc": "아랑",
        "id": 20040063,
        "alias": "Contents.Quest.Dialogue.40064",
        "text": "Это займет некоторое время. Что вы планируете делать дальше?"
    },
    "20040064": {
        "deprecated": false,
        "Dev_Desc": "홍돈칠",
        "id": 20040064,
        "alias": "Contents.Quest.Dialogue.40065",
        "text": "<textColor=[215:94:94:255]> Это проблема клана Хонгдон </>, поэтому я постараюсь как можно больше ее решить в будущем ~ \n <textColor=[78:148:215:255]> Атакуй Пунгбекмун </> Я постараюсь сделать это как можно реже! "
    },
    "20040065": {
        "deprecated": false,
        "Dev_Desc": "아랑",
        "id": 20040065,
        "alias": "Contents.Quest.Dialogue.40066",
        "text": "Приятно познакомиться. Спасибо."
    },
    "20040066": {
        "deprecated": false,
        "Dev_Desc": "홍돈칠",
        "id": 20040066,
        "alias": "Contents.Quest.Dialogue.40067",
        "text": "Я более благодарен ~"
    },
    "20040067": {
        "deprecated": false,
        "Dev_Desc": "전투조장",
        "id": 20040067,
        "alias": "Contents.Quest.Dialogue.40068",
        "text": "Джонмён! Я вижу тебя, лорд Мун."
    },
    "20040068": {
        "deprecated": false,
        "Dev_Desc": "아랑",
        "id": 20040068,
        "alias": "Contents.Quest.Dialogue.40069",
        "text": "Все держатся ... Мне действительно не нужно быть слишком вежливым."
    },
    "20040069": {
        "deprecated": false,
        "Dev_Desc": "전투조장",
        "id": 20040069,
        "alias": "Contents.Quest.Dialogue.40070",
        "text": "Хорошо. Что случилось с Мунджу?"
    },
    "20040070": {
        "deprecated": false,
        "Dev_Desc": "아랑",
        "id": 20040070,
        "alias": "Contents.Quest.Dialogue.40071",
        "text": "<textColor=[78:148:215:255]> Бирюха </> Мне сообщили о смертной казни. Сейчас у меня проблемы из-за тех, кто говорит <textColor=[215:94:94:255]> Black Dawn </>. Как дела?"
    },
    "20040071": {
        "deprecated": false,
        "Dev_Desc": "전투조장",
        "id": 20040071,
        "alias": "Contents.Quest.Dialogue.40072",
        "text": "Они близки к фанатикам, поклонникам <textColor=[215:94:94:255]> суры </>. Мы сражаемся с нашим <textColor=[78:148:215:255]> боевым отрядом Пунгбэкмун </> . "
    },
    "20040072": {
        "deprecated": false,
        "Dev_Desc": "아랑",
        "id": 20040072,
        "alias": "Contents.Quest.Dialogue.40073",
        "text": "Поклонение <textColor=[215:94:94:255]> Сура </> ... Чит. В конце концов, мы можем быть только враждебными. [255: 204: 102: 255]> <myHero.name/> </>. "
    },
    "20040073": {
        "deprecated": false,
        "Dev_Desc": "전투조장",
        "id": 20040073,
        "alias": "Contents.Quest.Dialogue.40075",
        "text": "Тогда давайте поговорим с нашим центурионом на <textColor=[110:216:175:255]> Холме Благовещения </>."
    },
    "20040074": {
        "deprecated": false,
        "Dev_Desc": "아랑",
        "id": 20040074,
        "alias": "Contents.Quest.Dialogue.40076",
        "text": "Хорошо. Давай, давай разберемся!"
    },
    "20040075": {
        "deprecated": false,
        "Dev_Desc": "백인장",
        "id": 20040075,
        "alias": "Contents.Quest.Dialogue.40077",
        "text": "Джон !, Ой ... Сэр, ты здесь. \n Тем не менее, мне позвонил менеджер. Я сразу объясню ситуацию."
    },
    "20040076": {
        "deprecated": false,
        "Dev_Desc": "백인장",
        "id": 20040076,
        "alias": "Contents.Quest.Dialogue.40078",
        "text": "В настоящее время Тенджин сражается у входа в холм. Тенджин, прорвавшийся через вход, неизвестен. И небольшое количество людей заключено в тюрьму глубоко в холме."
    },
    "20040077": {
        "deprecated": false,
        "Dev_Desc": "백인장",
        "id": 20040077,
        "alias": "Contents.Quest.Dialogue.40079",
        "text": "Я думаю, было бы лучше, если бы лорд Мун снова прорвался через вход \n и спас людей, заключенных в тюрьму с десятью людьми внутри."
    },
    "20040078": {
        "deprecated": false,
        "Dev_Desc": "아랑",
        "id": 20040078,
        "alias": "Contents.Quest.Dialogue.40080",
        "text": "Гм ... Короче, вы имеете в виду, что мы можем подмести вход? \n Ладно! Тогда пошли!"
    },
    "20040079": {
        "deprecated": false,
        "Dev_Desc": "백인장",
        "id": 20040079,
        "alias": "Contents.Quest.Dialogue.40081",
        "text": "Это ... это ..."
    },
    "20040080": {
        "deprecated": false,
        "Dev_Desc": "십인장",
        "id": 20040080,
        "alias": "Contents.Quest.Dialogue.40083",
        "text": "Спасибо! Мастер Луна!"
    },
    "20040081": {
        "deprecated": false,
        "Dev_Desc": "아랑",
        "id": 20040081,
        "alias": "Contents.Quest.Dialogue.40084",
        "text": "Это не имеет большого значения. Неужели эти трое намного сильнее этого? \n Вы, должно быть, много работали. Но достаточно ли этого, чтобы замедлить вас на некоторое время?"
    },
    "20040082": {
        "deprecated": false,
        "Dev_Desc": "PC",
        "id": 20040082,
        "alias": "Contents.Quest.Dialogue.40085",
        "text": "(Говорит, что ударил достаточно)"
    },
    "20040083": {
        "deprecated": false,
        "Dev_Desc": "십인장",
        "id": 20040083,
        "alias": "Contents.Quest.Dialogue.40086",
        "text": "Я не знаю, где они появятся, но скоро придет их подкрепление."
    },
    "20040084": {
        "deprecated": false,
        "Dev_Desc": "아랑",
        "id": 20040084,
        "alias": "Contents.Quest.Dialogue.40087",
        "text": "Чит. Хорошо. Я хочу стереть его, но все в плохом настроении. \n <textColor=[78:148:215:255]> Давайте вернемся в Пунгбэкмун </>."
    },
    "20040085": {
        "deprecated": false,
        "Dev_Desc": "아랑",
        "id": 20040085,
        "alias": "Contents.Quest.Dialogue.40088",
        "text": "Я пойду за членами клана, так что ты пойдешь первым? <textColor=[255:204:102:255]> <myHero.name/> </>."
    },
    "20040086": {
        "deprecated": false,
        "Dev_Desc": "PC",
        "id": 20040086,
        "alias": "Contents.Quest.Dialogue.40089",
        "text": "(<textColor=[78:148:215:255]> Аранг </> поможет)"
    },
    "20040087": {
        "deprecated": false,
        "Dev_Desc": "아랑",
        "id": 20040087,
        "alias": "Contents.Quest.Dialogue.40090",
        "text": "Спасибо. Тогда давай убираемся отсюда."
    },
    "20040088": {
        "deprecated": false,
        "Dev_Desc": "아랑",
        "id": 20040088,
        "alias": "Contents.Quest.Dialogue.40091",
        "text": "Я думаю, лучше спуститься с обрыва, чем вернуться тем же путем, которым пришли. \n Все держатся за раненых! Поехали!"
    },
    "20040089": {
        "deprecated": false,
        "Dev_Desc": "십인장",
        "id": 20040089,
        "alias": "Contents.Quest.Dialogue.40093",
        "text": "Хорошо! Мастер Луна! Будьте осторожны!"
    },
    "20040090": {
        "deprecated": false,
        "Dev_Desc": "PC",
        "id": 20040090,
        "alias": "Contents.Quest.Dialogue.40094",
        "text": "(Подходит к обрыву, читая членов кланов)"
    },
    "20040091": {
        "deprecated": false,
        "Dev_Desc": "아랑",
        "id": 20040091,
        "alias": "Contents.Quest.Dialogue.40095",
        "text": "Вау ... это было захватывающе."
    },
    "20040092": {
        "deprecated": false,
        "Dev_Desc": "PC",
        "id": 20040092,
        "alias": "Contents.Quest.Dialogue.40096",
        "text": "(Он говорит, что никогда больше не присоединится к тактике прыжков со скалы)"
    },
    "20040093": {
        "deprecated": false,
        "Dev_Desc": "아랑",
        "id": 20040093,
        "alias": "Contents.Quest.Dialogue.40097",
        "text": "Я согласен. Уф ... Давайте вернемся к <textColor=[78:148:215:255]> Пунгбэкмун </>."
    },
    "20040094": {
        "deprecated": false,
        "Dev_Desc": "비류하",
        "id": 20040094,
        "alias": "Contents.Quest.Dialogue.40099",
        "text": "Вы вернулись. Мунджу-сама. Я слышал, вы отлично поработали."
    },
    "20040095": {
        "deprecated": false,
        "Dev_Desc": "아랑",
        "id": 20040095,
        "alias": "Contents.Quest.Dialogue.40100",
        "text": "Не смейся надо мной. Смертная казнь. Было близко. \n Судя слишком поспешно, члены банды оказались в опасности."
    },
    "20040096": {
        "deprecated": false,
        "Dev_Desc": "비류하",
        "id": 20040096,
        "alias": "Contents.Quest.Dialogue.40101",
        "text": "Эй. Мун Джу-ним совершил все эти мысли! \n На этот раз приготовление подарка будет вдвойне вознаграждено."
    },
    "20040097": {
        "deprecated": false,
        "Dev_Desc": "아랑",
        "id": 20040097,
        "alias": "Contents.Quest.Dialogue.40102",
        "text": "Ух ... Я просто живу под смертной казнью, чтобы посмеяться надо мной."
    },
    "20040098": {
        "deprecated": false,
        "Dev_Desc": "아랑",
        "id": 20040098,
        "alias": "Contents.Quest.Dialogue.40104",
        "text": "Ты тоже! Пойдем к Мастеру."
    },
    "20040099": {
        "deprecated": false,
        "Dev_Desc": "비류하",
        "id": 20040099,
        "alias": "Contents.Quest.Dialogue.40105",
        "text": "Даже если бы вы пошли с пустыми руками, вам бы это понравилось. Мастер."
    },
    "20040100": {
        "deprecated": false,
        "Dev_Desc": "아랑",
        "id": 20040100,
        "alias": "Contents.Quest.Dialogue.40106",
        "text": "Это так? Ха-ха. Давай, <textColor=[255:204:102:255]> <myHero.name/> </>."
    },
    "20040101": {
        "deprecated": false,
        "Dev_Desc": "송시국",
        "id": 20040101,
        "alias": "Contents.Quest.Dialogue.40107",
        "text": "Как вы думаете, писатель, который появляется только тогда, когда вам это нужно и просит вас дать <textColor=[255:204:102:255]> плодородие </>, заслуживает того, чтобы стать \n Мунджу, отец?"
    },
    "20040102": {
        "deprecated": false,
        "Dev_Desc": "송문악",
        "id": 20040102,
        "alias": "Contents.Quest.Dialogue.40108",
        "text": "Это воля Лорда Луны!"
    },
    "20040103": {
        "deprecated": false,
        "Dev_Desc": "송시국",
        "id": 20040103,
        "alias": "Contents.Quest.Dialogue.40109",
        "text": "Мунджу, Мунджу, Мунджу! \n Почему он Мунджу? Не я !?"
    },
    "20040104": {
        "deprecated": false,
        "Dev_Desc": "송시국",
        "id": 20040104,
        "alias": "Contents.Quest.Dialogue.40110",
        "text": "Первоначально, его отец дал ему дверь до его рождения, но не должен ли он передать положение владельца ворот своему сыну?"
    },
    "20040105": {
        "deprecated": false,
        "Dev_Desc": "송문악",
        "id": 20040105,
        "alias": "Contents.Quest.Dialogue.40111",
        "text": "Мунджу не наследуется по крови! Почему вы до сих пор не понимаете, что вам нужны навыки и квалификация! \n Вот почему вы говорите, что вам не хватает!"
    },
    "20040106": {
        "deprecated": false,
        "Dev_Desc": "송시국",
        "id": 20040106,
        "alias": "Contents.Quest.Dialogue.40112",
        "text": "Навык? Ха! Забавно. Это хорошо. \n Я покажу тебе это умение."
    },
    "20040107": {
        "deprecated": false,
        "Dev_Desc": "송시국",
        "id": 20040107,
        "alias": "Contents.Quest.Dialogue.40113",
        "text": "Я принесу тебе <textColor=[255:204:102:255]> Плодородие </> перед ним, \n тогда тебе придется уступить мне место лорда !!"
    },
    "20040108": {
        "deprecated": false,
        "Dev_Desc": "아랑",
        "id": 20040108,
        "alias": "Contents.Quest.Dialogue.40114",
        "text": "Разве сейчас не плохое время?"
    },
    "20040109": {
        "deprecated": false,
        "Dev_Desc": "PC",
        "id": 20040109,
        "alias": "Contents.Quest.Dialogue.40115",
        "text": "(Говорит, что так кажется)"
    },
    "20040110": {
        "deprecated": false,
        "Dev_Desc": "아랑",
        "id": 20040110,
        "alias": "Contents.Quest.Dialogue.40116",
        "text": "Почему бы тебе не оглянуться вокруг?"
    },
    "20040111": {
        "deprecated": false,
        "Dev_Desc": "PC",
        "id": 20040111,
        "alias": "Contents.Quest.Dialogue.40117",
        "text": "(Он говорит, что будет)"
    },
    "20040112": {
        "deprecated": false,
        "Dev_Desc": "아랑",
        "id": 20040112,
        "alias": "Contents.Quest.Dialogue.40118",
        "text": "Тогда посмотри на это медленно. Увидимся позже."
    },
    "20040113": {
        "deprecated": false,
        "Dev_Desc": "아랑",
        "id": 20040113,
        "alias": "Contents.Quest.Dialogue.40119",
        "text": "Не за что. Мастер. Друг, о котором я говорил, - этот парень."
    },
    "20040114": {
        "deprecated": false,
        "Dev_Desc": "송문악",
        "id": 20040114,
        "alias": "Contents.Quest.Dialogue.40120",
        "text": "О, вы - выпускники нашего Мастера Мунджу. \n Приятно познакомиться с вами вот так."
    },
    "20040115": {
        "deprecated": false,
        "Dev_Desc": "PC",
        "id": 20040115,
        "alias": "Contents.Quest.Dialogue.40121",
        "text": "(<textColor=[78:148:215:255]> Сонгмунак </> быть вежливым и говорить тихо)"
    },
    "20040116": {
        "deprecated": false,
        "Dev_Desc": "송문악",
        "id": 20040116,
        "alias": "Contents.Quest.Dialogue.40122",
        "text": "Я не могу. \n Раньше я был учителем, но теперь я не полноценный Мунджу-ним и его коллега."
    },
    "20040117": {
        "deprecated": false,
        "Dev_Desc": "아랑",
        "id": 20040117,
        "alias": "Contents.Quest.Dialogue.40123",
        "text": "Ты строг ... ты все такой же."
    },
    "20040118": {
        "deprecated": false,
        "Dev_Desc": "아랑",
        "id": 20040118,
        "alias": "Contents.Quest.Dialogue.40125",
        "text": "Итак, какова ситуация сейчас?"
    },
    "20040119": {
        "deprecated": false,
        "Dev_Desc": "송문악",
        "id": 20040119,
        "alias": "Contents.Quest.Dialogue.40126",
        "text": "... <textColor=[78:148:215:255]> Город </> вернет огромное <textColor=[255:204:102:255]> Плодородие </> старого <textColor=[255:204:102:255]> Я пошел на плодородие </> ."
    },
    "20040120": {
        "deprecated": false,
        "Dev_Desc": "아랑",
        "id": 20040120,
        "alias": "Contents.Quest.Dialogue.40127",
        "text": "Но если бы только один человек попал в это место, разве они предпочли бы сгореть в огне?"
    },
    "20040121": {
        "deprecated": false,
        "Dev_Desc": "송문악",
        "id": 20040121,
        "alias": "Contents.Quest.Dialogue.40129",
        "text": "Пожалуйста. Я уродливый ребенок, но все же мой ребенок."
    },
    "20040122": {
        "deprecated": false,
        "Dev_Desc": "아랑",
        "id": 20040122,
        "alias": "Contents.Quest.Dialogue.40131",
        "text": "Вы не обязаны. \n <textColor=[78:148:215:255]> Смертная казнь </> был моим другом, который рос со мной в детстве."
    },
    "20040123": {
        "deprecated": false,
        "Dev_Desc": "PC",
        "id": 20040123,
        "alias": "Contents.Quest.Dialogue.40132",
        "text": "(Он говорит, что поможет себе сам)"
    },
    "20040124": {
        "deprecated": false,
        "Dev_Desc": "송문악",
        "id": 20040124,
        "alias": "Contents.Quest.Dialogue.40133",
        "text": "Спасибо Спасибо..."
    },
    "20040125": {
        "deprecated": false,
        "Dev_Desc": "아랑",
        "id": 20040125,
        "alias": "Contents.Quest.Dialogue.40134",
        "text": "Разве вы не видели <textColor=[78:148:215:255]> смертную казнь </>?"
    },
    "20040126": {
        "deprecated": false,
        "Dev_Desc": "문파원",
        "id": 20040126,
        "alias": "Contents.Quest.Dialogue.40135",
        "text": "Если это была <textColor=[78:148:215:255]> смертная казнь </>, то я побежал к бритве."
    },
    "20040127": {
        "deprecated": false,
        "Dev_Desc": "아랑",
        "id": 20040127,
        "alias": "Contents.Quest.Dialogue.40136",
        "text": "Рок? Зачем ты подошла к бритве ...?"
    },
    "20040128": {
        "deprecated": false,
        "Dev_Desc": "문파원",
        "id": 20040128,
        "alias": "Contents.Quest.Dialogue.40137",
        "text": "Ну ... я не уверен в этом."
    },
    "20040129": {
        "deprecated": false,
        "Dev_Desc": "아랑",
        "id": 20040129,
        "alias": "Contents.Quest.Dialogue.40138",
        "text": "Хорошо. Прежде всего, спасибо!"
    },
    "20040130": {
        "deprecated": false,
        "Dev_Desc": "아랑",
        "id": 20040130,
        "alias": "Contents.Quest.Dialogue.40139",
        "text": "Вы когда-нибудь видели <textColor=[78:148:215:255]> Городскую казнь </>?"
    },
    "20040131": {
        "deprecated": false,
        "Dev_Desc": "문파원",
        "id": 20040131,
        "alias": "Contents.Quest.Dialogue.40140",
        "text": "Я проехал по канатной дороге к великому плодородию."
    },
    "20040132": {
        "deprecated": false,
        "Dev_Desc": "아랑",
        "id": 20040132,
        "alias": "Contents.Quest.Dialogue.40141",
        "text": "Бритва? Но это было бы слишком опасно ..."
    },
    "20040133": {
        "deprecated": false,
        "Dev_Desc": "문파원",
        "id": 20040133,
        "alias": "Contents.Quest.Dialogue.40142",
        "text": "Мы вам это тоже говорили, но вы заставили это работать как сумасшедший."
    },
    "20040134": {
        "deprecated": false,
        "Dev_Desc": "아랑",
        "id": 20040134,
        "alias": "Contents.Quest.Dialogue.40143",
        "text": "Эй ... Мне нужно поторопиться, пока не стало слишком поздно."
    },
    "20040135": {
        "deprecated": false,
        "Dev_Desc": "PC",
        "id": 20040135,
        "alias": "Contents.Quest.Dialogue.40144",
        "text": "(Посылает тревожные глаза)"
    },
    "20040136": {
        "deprecated": false,
        "Dev_Desc": "아랑",
        "id": 20040136,
        "alias": "Contents.Quest.Dialogue.40145",
        "text": "Давай тоже покатаемся на бритве!"
    },
    "20040137": {
        "deprecated": false,
        "Dev_Desc": "아랑",
        "id": 20040137,
        "alias": "Contents.Quest.Dialogue.40146",
        "text": "Мастер ... ты в порядке?"
    },
    "20040138": {
        "deprecated": false,
        "Dev_Desc": "송문악",
        "id": 20040138,
        "alias": "Contents.Quest.Dialogue.40147",
        "text": "... Сначала пойду в ветку."
    },
    "20040139": {
        "deprecated": false,
        "Dev_Desc": "아랑",
        "id": 20040139,
        "alias": "Contents.Quest.Dialogue.40148",
        "text": "Я не могу этого сделать. Вернемся назад."
    },
    "20040140": {
        "deprecated": false,
        "Dev_Desc": "PC",
        "id": 20040140,
        "alias": "Contents.Quest.Dialogue.40149",
        "text": "(Но <textColor=[78:148:215:255]> Сонгмунак </> старший ...)"
    },
    "20040141": {
        "deprecated": false,
        "Dev_Desc": "아랑",
        "id": 20040141,
        "alias": "Contents.Quest.Dialogue.40150",
        "text": "Вы знаете, что это неправда. \n Это тот, кто встал на колени, чтобы спасти своего сына. Это не может быть хорошо."
    },
    "20040142": {
        "deprecated": false,
        "Dev_Desc": "PC",
        "id": 20040142,
        "alias": "Contents.Quest.Dialogue.40151",
        "text": "(Спросите, есть ли способ сэкономить)"
    },
    "20040143": {
        "deprecated": false,
        "Dev_Desc": "아랑",
        "id": 20040143,
        "alias": "Contents.Quest.Dialogue.40152",
        "text": "Нет ... не знаю как. Но ..."
    },
    "20040144": {
        "deprecated": false,
        "Dev_Desc": "PC",
        "id": 20040144,
        "alias": "Contents.Quest.Dialogue.40153",
        "text": "(Говорит, что ты делаешь, не спеша)"
    },
    "20040145": {
        "deprecated": false,
        "Dev_Desc": "아랑",
        "id": 20040145,
        "alias": "Contents.Quest.Dialogue.40154",
        "text": "Да! Пойдем!"
    },
    "20040146": {
        "deprecated": false,
        "Dev_Desc": "아랑",
        "id": 20040146,
        "alias": "Contents.Quest.Dialogue.40156",
        "text": "Что это? <textColor=[255:204:102:255]> Фертильность </>? \n <textColor=[78:148:215:255]> Куда девается смертная казнь </>?"
    },
    "20040147": {
        "deprecated": false,
        "Dev_Desc": "PC",
        "id": 20040147,
        "alias": "Contents.Quest.Dialogue.40157",
        "text": "(Кто-то говорит, что, похоже, они взяли <textColor=[78:148:215:255]> городскую смертную казнь </> и уронили ее)"
    },
    "20040148": {
        "deprecated": false,
        "Dev_Desc": "아랑",
        "id": 20040148,
        "alias": "Contents.Quest.Dialogue.40158",
        "text": "Но очень редко кто-то имеет <textColor=[255:204:102:255]> фертильность </> ...?"
    },
    "20040149": {
        "deprecated": false,
        "Dev_Desc": "PC",
        "id": 20040149,
        "alias": "Contents.Quest.Dialogue.40159",
        "text": "(Спросите, что вы имеете в виду)"
    },
    "20040150": {
        "deprecated": false,
        "Dev_Desc": "아랑",
        "id": 20040150,
        "alias": "Contents.Quest.Dialogue.40160",
        "text": "Очевидно! Мастер вернулся и сохранил <textColor=[78:148:215:255]> смертную казнь штата </>. Не так ли?"
    },
    "20040151": {
        "deprecated": false,
        "Dev_Desc": "PC",
        "id": 20040151,
        "alias": "Contents.Quest.Dialogue.40161",
        "text": "(Что-то неохотно, но я согласен, что это может быть)"
    },
    "20040152": {
        "deprecated": false,
        "Dev_Desc": "아랑",
        "id": 20040152,
        "alias": "Contents.Quest.Dialogue.40162",
        "text": "Хорошо. Итак, <textColor=[255:204:102:255]> оплодотворение </>, и все идет хорошо ... \n Мы закончим то, что мы делали?"
    },
    "20040153": {
        "deprecated": false,
        "Dev_Desc": "PC",
        "id": 20040153,
        "alias": "Contents.Quest.Dialogue.40163",
        "text": "(А ты?)"
    },
    "20040154": {
        "deprecated": false,
        "Dev_Desc": "아랑",
        "id": 20040154,
        "alias": "Contents.Quest.Dialogue.40164",
        "text": "Ой! Далянь! \n <textColor=[255:204:102:255]> Плодородие </> Ты сказал, что можешь открыть трещину, если сразишься с ней."
    },
    "20040155": {
        "deprecated": false,
        "Dev_Desc": "PC",
        "id": 20040155,
        "alias": "Contents.Quest.Dialogue.40165",
        "text": "(Ах ...)"
    },
    "20040156": {
        "deprecated": false,
        "Dev_Desc": "아랑",
        "id": 20040156,
        "alias": "Contents.Quest.Dialogue.40166",
        "text": "Знаешь, почему бы тебе сначала просто не переехать в подходящее место? \n Если оно близко отсюда ... Да, <textColor=[110:216:175:255]> Кристальные джунгли </> было бы неплохо. Посмотри туда! "
    },
    "20040157": {
        "deprecated": false,
        "Dev_Desc": "아랑",
        "id": 20040157,
        "alias": "Contents.Quest.Dialogue.40167",
        "text": "О, давно у меня не было столкновений с легкими кораблями? Поехали!"
    },
    "20040158": {
        "deprecated": false,
        "Dev_Desc": "아랑",
        "id": 20040158,
        "alias": "Contents.Quest.Dialogue.40168",
        "text": "Я думаю, он должен быть здесь!"
    },
    "20040159": {
        "deprecated": false,
        "Dev_Desc": "아랑",
        "id": 20040159,
        "alias": "Contents.Quest.Dialogue.40169",
        "text": "Итак, мы начнем?"
    },
    "20040160": {
        "deprecated": false,
        "Dev_Desc": "파사(신형)",
        "id": 20040160,
        "alias": "Contents.Quest.Dialogue.40170",
        "text": "Что это?!"
    },
    "20040161": {
        "deprecated": false,
        "Dev_Desc": "아랑",
        "id": 20040161,
        "alias": "Contents.Quest.Dialogue.40171",
        "text": "Ой ... я действительно хочу спросить! Почему ты меня беспокоишь !?"
    },
    "20040162": {
        "deprecated": false,
        "Dev_Desc": "파사(신형)",
        "id": 20040162,
        "alias": "Contents.Quest.Dialogue.40172",
        "text": "Ты такой идиот! Ты злишься на меня! <textColor=[255:204:102:255]> Регрессор </>, который не может остановить разлом, назови его сам !? Как ты можешь <textColor=[255:204:102:255]> Регрессия </> снова и снова, разве это не глупо? "
    },
    "20040163": {
        "deprecated": false,
        "Dev_Desc": "아랑",
        "id": 20040163,
        "alias": "Contents.Quest.Dialogue.40173",
        "text": "Не груби! Вы сказали, что отец этого парня сказал <textColor=[215:94:94:255]> суру </>! Кроме того, <textColor=[78:148:215:255]> Ной </> Уничтожил это!"
    },
    "20040164": {
        "deprecated": false,
        "Dev_Desc": "파사(신형)",
        "id": 20040164,
        "alias": "Contents.Quest.Dialogue.40174",
        "text": "При чем тут это?"
    },
    "20040165": {
        "deprecated": false,
        "Dev_Desc": "아랑",
        "id": 20040165,
        "alias": "Contents.Quest.Dialogue.40175",
        "text": "Итак, я попытался вызвать <textColor=[215:94:94:255]> Суру </> и спросить! Вы знаете? <textColor=[215:94:94:255]> Сура </> вызывается Если нет, по крайней мере, если это та же <textColor=[215:94:94:255]> сура </>, вы можете спросить о своем отце ."
    },
    "20040166": {
        "deprecated": false,
        "Dev_Desc": "파사(신형)",
        "id": 20040166,
        "alias": "Contents.Quest.Dialogue.40176",
        "text": "Ха ... Я был глуп."
    },
    "20040167": {
        "deprecated": false,
        "Dev_Desc": "파사(신형)",
        "id": 20040167,
        "alias": "Contents.Quest.Dialogue.40177",
        "text": "Ты сказал это слишком поспешно. Это моя вина. По сути, <textColor=[255:204:102:255]> Бог-Зверь </> не должен вмешиваться в человеческие дела, но ты не человек, так что это все будет хорошо. Я помогу тебе. "
    },
    "20040168": {
        "deprecated": false,
        "Dev_Desc": "아랑",
        "id": 20040168,
        "alias": "Contents.Quest.Dialogue.40178",
        "text": "Действительно! Отлично!"
    },
    "20040169": {
        "deprecated": false,
        "Dev_Desc": "파사(신형)",
        "id": 20040169,
        "alias": "Contents.Quest.Dialogue.40180",
        "text": "Я навещу вас, когда придет время."
    },
    "20040170": {
        "deprecated": false,
        "Dev_Desc": "아랑",
        "id": 20040170,
        "alias": "Contents.Quest.Dialogue.40181",
        "text": "Теперь, пока не приедет <textColor=[78:148:215:255]> Паша </>, я пойду поищу <textColor=[255:204:102:255]> Фертилити </>, \n ты Что ты собираешься делать? "
    },
    "20040171": {
        "deprecated": false,
        "Dev_Desc": "PC",
        "id": 20040171,
        "alias": "Contents.Quest.Dialogue.40182",
        "text": "(Говорят, что он собирается тренироваться)"
    },
    "20040172": {
        "deprecated": false,
        "Dev_Desc": "아랑",
        "id": 20040172,
        "alias": "Contents.Quest.Dialogue.40183",
        "text": "О, я буду с нетерпением ждать этого. Тогда будь осторожен!"
    },
    "20040173": {
        "deprecated": false,
        "Dev_Desc": "비류하",
        "id": 20040173,
        "alias": "Contents.Quest.Dialogue.40184",
        "text": "Вы вернулись! Мастер Мун. Я же сказал вам ..."
    },
    "20040174": {
        "deprecated": false,
        "Dev_Desc": "아랑",
        "id": 20040174,
        "alias": "Contents.Quest.Dialogue.40185",
        "text": "Ахаха! Смертная казнь, вот сколько мы практикуем ..."
    },
    "20040175": {
        "deprecated": false,
        "Dev_Desc": "비류하",
        "id": 20040175,
        "alias": "Contents.Quest.Dialogue.40186",
        "text": "Я знаю. Вы двое, вы не пренебрегали своим обучением."
    },
    "20040176": {
        "deprecated": false,
        "Dev_Desc": "아랑",
        "id": 20040176,
        "alias": "Contents.Quest.Dialogue.40187",
        "text": "Уф ..."
    },
    "20040177": {
        "deprecated": false,
        "Dev_Desc": "비류하",
        "id": 20040177,
        "alias": "Contents.Quest.Dialogue.40188",
        "text": "Тогда вперед."
    },
    "20040178": {
        "deprecated": false,
        "Dev_Desc": "PC",
        "id": 20040178,
        "alias": "Contents.Quest.Dialogue.40189",
        "text": "(Давайте использовать ингредиенты, которые дал нам Хонг Дончил)"
    },
    "20040179": {
        "deprecated": false,
        "Dev_Desc": "아랑",
        "id": 20040179,
        "alias": "Contents.Quest.Dialogue.40190",
        "text": "Уф. Я также спас членов клана, которые попали в плен по дороге."
    },
    "20040180": {
        "deprecated": false,
        "Dev_Desc": "PC",
        "id": 20040180,
        "alias": "Contents.Quest.Dialogue.40191",
        "text": "(Это странно)"
    },
    "20040181": {
        "deprecated": false,
        "Dev_Desc": "아랑",
        "id": 20040181,
        "alias": "Contents.Quest.Dialogue.40192",
        "text": "Чит. Ребята идут!"
    },
    "20040182": {
        "deprecated": false,
        "Dev_Desc": "PC",
        "id": 20040182,
        "alias": "Contents.Quest.Dialogue.40193",
        "text": "(Спросите, что происходит)"
    },
    "20040183": {
        "deprecated": false,
        "Dev_Desc": "아랑",
        "id": 20040183,
        "alias": "Contents.Quest.Dialogue.40194",
        "text": "Я чувствую мощную энергию вокруг себя!"
    },
    "20040184": {
        "deprecated": false,
        "Dev_Desc": "PC",
        "id": 20040184,
        "alias": "Contents.Quest.Dialogue.40195",
        "text": "(? !!)"
    },
    "20040185": {
        "deprecated": false,
        "Dev_Desc": "아랑",
        "id": 20040185,
        "alias": "Contents.Quest.Dialogue.40196",
        "text": "Я почти не чувствую ауру смертной казни ...!? \n Пошли сюда!"
    }
}