{
    "2820000": {
        "deprecated": false,
        "Dev_Desc": "BD_스페셜_5000_2_투명 건초 더미",
        "id": 2820000,
        "alias": "Contents.Env.Name.2820000",
        "text": "Прозрачный стог сена"
    },
    "2820001": {
        "deprecated": false,
        "Dev_Desc": "BD_스페셜_5000_4_양 시체",
        "id": 2820001,
        "alias": "Contents.Env.Name.2820001",
        "text": "Овечий труп"
    },
    "2820002": {
        "deprecated": false,
        "Dev_Desc": "BD_스페셜_5000_4_꾸밈용 양 시체",
        "id": 2820002,
        "alias": "Contents.Env.Name.2820002",
        "text": "Овечий труп"
    },
    "2820003": {
        "deprecated": false,
        "Dev_Desc": "BD_스페셜_5001_1_도축도구",
        "id": 2820003,
        "alias": "Contents.Env.Name.2820003",
        "text": "Инструмент для убоя"
    },
    "2820004": {
        "deprecated": false,
        "Dev_Desc": "BD_스페셜_5101_2_배변더미",
        "id": 2820004,
        "alias": "Contents.Env.Name.2820004",
        "text": "пустышка"
    },
    "2820005": {
        "deprecated": false,
        "Dev_Desc": "BD_스페셜_5102_4_편지",
        "id": 2820005,
        "alias": "Contents.Env.Name.2820005",
        "text": "письмо"
    },
    "2820006": {
        "deprecated": false,
        "Dev_Desc": "BD_스페셜_5300_4_울타리",
        "id": 2820006,
        "alias": "Contents.Env.Name.2820006",
        "text": "изгородь"
    },
    "2820007": {
        "deprecated": false,
        "Dev_Desc": "BD_스페셜_5301_3_수와족 생필품",
        "id": 2820007,
        "alias": "Contents.Env.Name.2820007",
        "text": "Повседневные потребности народа Сувы"
    },
    "2820008": {
        "deprecated": false,
        "Dev_Desc": "BD_서브_10004_불마자 표본 일반",
        "id": 2820008,
        "alias": "Contents.Env.Name.2820008",
        "text": "Образец выгорания"
    },
    "2820009": {
        "deprecated": false,
        "Dev_Desc": "BD_서브_10008_나무꾼의 호박석",
        "id": 2820009,
        "alias": "Contents.Env.Name.2820009",
        "text": "Минерал лесоруба"
    },
    "2820010": {
        "deprecated": false,
        "Dev_Desc": "BD_서브_10015_쓰러진 사슴",
        "id": 2820010,
        "alias": "Contents.Env.Name.2820010",
        "text": "Упавший олень"
    },
    "2820011": {
        "deprecated": false,
        "Dev_Desc": "BD_서브_10017_채집용 바구니",
        "id": 2820011,
        "alias": "Contents.Env.Name.2820011",
        "text": "Корзина для сбора"
    },
    "2820012": {
        "deprecated": false,
        "Dev_Desc": "BD_서브_10017_바롱풀",
        "id": 2820012,
        "alias": "Contents.Env.Name.2820012",
        "text": "Бассейн Баронг"
    },
    "2820013": {
        "deprecated": false,
        "Dev_Desc": "BD_서브_10021_곰 시체",
        "id": 2820013,
        "alias": "Contents.Env.Name.2820013",
        "text": "Медвежий труп"
    },
    "2820014": {
        "deprecated": false,
        "Dev_Desc": "BD_서브_10021_호랑이 시체",
        "id": 2820014,
        "alias": "Contents.Env.Name.2820014",
        "text": "Труп тигра"
    },
    "2820015": {
        "deprecated": false,
        "Dev_Desc": "BD_서브_10022_낚싯대",
        "id": 2820015,
        "alias": "Contents.Env.Name.2820015",
        "text": "удочка"
    },
    "2820016": {
        "deprecated": false,
        "Dev_Desc": "BD_서브_10023_흙 더미",
        "id": 2820016,
        "alias": "Contents.Env.Name.2820016",
        "text": "куча грязи"
    },
    "2820017": {
        "deprecated": false,
        "Dev_Desc": "BD_협행_도치둥지",
        "id": 2820017,
        "alias": "Contents.Env.Name.2820017",
        "text": "Дочи Гнездо"
    },
    "2820018": {
        "deprecated": false,
        "Dev_Desc": "BD_협행_서인족 무기상자",
        "id": 2820018,
        "alias": "Contents.Env.Name.2820018",
        "text": "Западный ящик с оружием"
    },
    "2820019": {
        "deprecated": false,
        "Dev_Desc": "BD_협행_쓰레기 더미",
        "id": 2820019,
        "alias": "Contents.Env.Name.2820019",
        "text": "Куча мусора"
    },
    "2820020": {
        "deprecated": false,
        "Dev_Desc": "BD_협행_수호병 부스러기",
        "id": 2820020,
        "alias": "Contents.Env.Name.2820020",
        "text": "Хранитель мусора"
    },
    "2820021": {
        "deprecated": false,
        "Dev_Desc": "BD_협행_약초",
        "id": 2820021,
        "alias": "Contents.Env.Name.2820021",
        "text": "лечебные травы"
    },
    "2820022": {
        "deprecated": false,
        "Dev_Desc": "BD_협행_잃어버린 비법서",
        "id": 2820022,
        "alias": "Contents.Env.Name.2820022",
        "text": "Утерянная секретная книга"
    },
    "2820023": {
        "deprecated": false,
        "Dev_Desc": "BD_협행_청인족 무기상자",
        "id": 2820023,
        "alias": "Contents.Env.Name.2820023",
        "text": "Ящик с оружием синего человека"
    },
    "2820024": {
        "deprecated": false,
        "Dev_Desc": "BD_협행_상인의 봇짐",
        "id": 2820024,
        "alias": "Contents.Env.Name.2820024",
        "text": "Торговец Джим"
    },
    "2820025": {
        "deprecated": false,
        "Dev_Desc": "BD_협행_동물의 뼈",
        "id": 2820025,
        "alias": "Contents.Env.Name.2820025",
        "text": "ловушка"
    },
    "2820026": {
        "deprecated": false,
        "Dev_Desc": "BD_협행_상인의 봇짐",
        "id": 2820026,
        "alias": "Contents.Env.Name.2820026",
        "text": "Торговец Джим"
    },
    "2820027": {
        "deprecated": false,
        "Dev_Desc": "BD_협행_수와의 짐",
        "id": 2820027,
        "alias": "Contents.Env.Name.2820027",
        "text": "Бремя Сува"
    },
    "2820028": {
        "deprecated": false,
        "Dev_Desc": "BD_에픽_두루마리",
        "id": 2820028,
        "alias": "Contents.Env.Name.2820028",
        "text": "свиток"
    },
    "2820029": {
        "deprecated": false,
        "Dev_Desc": "BD_에픽_반달초",
        "id": 2820029,
        "alias": "Contents.Env.Name.2820029",
        "text": "Полумесяц"
    },
    "2820030": {
        "deprecated": false,
        "Dev_Desc": "BD_에픽_유공상패 상자(영교원)",
        "id": 2820030,
        "alias": "Contents.Env.Name.2820030",
        "text": "Коробка с медалью за заслуги"
    },
    "2820031": {
        "deprecated": false,
        "Dev_Desc": "BD_에픽_열린 상자_꾸밈용",
        "id": 2820031,
        "alias": "Contents.Env.Name.2820031",
        "text": "Открытый ящик_для украшения"
    },
    "2820032": {
        "deprecated": false,
        "Dev_Desc": "BD_에픽_유공상패 상자(매화단)",
        "id": 2820032,
        "alias": "Contents.Env.Name.2820032",
        "text": "Коробка с медалью за заслуги"
    },
    "2820033": {
        "deprecated": false,
        "Dev_Desc": "BD_에픽_수상한 서류",
        "id": 2820033,
        "alias": "Contents.Env.Name.2820033",
        "text": "Подозрительные документы"
    },
    "2820034": {
        "deprecated": false,
        "Dev_Desc": "BD_에픽_유공상패 상자(도화상전)",
        "id": 2820034,
        "alias": "Contents.Env.Name.2820034",
        "text": "Коробка с медалью за заслуги"
    },
    "2820035": {
        "deprecated": false,
        "Dev_Desc": "BD_에픽_서신 상자",
        "id": 2820035,
        "alias": "Contents.Env.Name.2820035",
        "text": "Ящик для корреспонденции"
    },
    "2820036": {
        "deprecated": false,
        "Dev_Desc": "BD_에픽_유공상패 상자(금경철문)",
        "id": 2820036,
        "alias": "Contents.Env.Name.2820036",
        "text": "Коробка с медалью за заслуги"
    },
    "2820037": {
        "deprecated": false,
        "Dev_Desc": "BD_에픽_유공상패(봉우리)",
        "id": 2820037,
        "alias": "Contents.Env.Name.2820037",
        "text": "Медаль за заслуги перед"
    },
    "2820038": {
        "deprecated": false,
        "Dev_Desc": "BD_에픽_신비로운 상자(각성 수호령)",
        "id": 2820038,
        "alias": "Contents.Env.Name.2820038",
        "text": "Мистический ящик"
    },
    "2820039": {
        "deprecated": false,
        "Dev_Desc": "BD_에픽_토모(하름전투 전)",
        "id": 2820039,
        "alias": "Contents.Env.Name.2820039",
        "text": "Томо"
    },
    "2820040": {
        "deprecated": false,
        "Dev_Desc": "BD_에픽_토모(하름전투 후)",
        "id": 2820040,
        "alias": "Contents.Env.Name.2820040",
        "text": "Томо"
    },
    "2820043": {
        "deprecated": false,
        "Dev_Desc": "TR_스페셜_거북알",
        "id": 2820043,
        "alias": "Contents.Env.Name.2820043",
        "text": "Банкетное черепашье яйцо"
    },
    "2820044": {
        "deprecated": false,
        "Dev_Desc": "TR_스페셜_재료용 나무 줄기",
        "id": 2820044,
        "alias": "Contents.Env.Name.2820044",
        "text": "Ствол дерева для материала"
    },
    "2820045": {
        "deprecated": false,
        "Dev_Desc": "TR_스페셜_이상한 꽃",
        "id": 2820045,
        "alias": "Contents.Env.Name.2820045",
        "text": "Странный цветок"
    },
    "2820046": {
        "deprecated": false,
        "Dev_Desc": "TR_스페셜_동물의 사체",
        "id": 2820046,
        "alias": "Contents.Env.Name.2820046",
        "text": "Тушка животных"
    },
    "2820047": {
        "deprecated": false,
        "Dev_Desc": "TR_스페셜_오염물질",
        "id": 2820047,
        "alias": "Contents.Env.Name.2820047",
        "text": "загрязнитель"
    },
    "2820048": {
        "deprecated": false,
        "Dev_Desc": "TR_스페셜_거미줄",
        "id": 2820048,
        "alias": "Contents.Env.Name.2820048",
        "text": "Паутина"
    },
    "2820049": {
        "deprecated": false,
        "Dev_Desc": "TR_스페셜_거미줄",
        "id": 2820049,
        "alias": "Contents.Env.Name.2820049",
        "text": "Паутина"
    },
    "2820050": {
        "deprecated": false,
        "Dev_Desc": "TR_스페셜_거미줄",
        "id": 2820050,
        "alias": "Contents.Env.Name.2820050",
        "text": "Паутина"
    },
    "2820051": {
        "deprecated": false,
        "Dev_Desc": "TR_스페셜_희망이 방울",
        "id": 2820051,
        "alias": "Contents.Env.Name.2820051",
        "text": "капля надежды"
    },
    "2820052": {
        "deprecated": false,
        "Dev_Desc": "TR_스페셜_자재용 잔해",
        "id": 2820052,
        "alias": "Contents.Env.Name.2820052",
        "text": "Материальный мусор"
    },
    "2820053": {
        "deprecated": false,
        "Dev_Desc": "TR_스페셜_청인족의 일지",
        "id": 2820053,
        "alias": "Contents.Env.Name.2820053",
        "text": "Журнал синих людей"
    },
    "2820054": {
        "deprecated": false,
        "Dev_Desc": "TR_스페셜_자재용 잔해",
        "id": 2820054,
        "alias": "Contents.Env.Name.2820054",
        "text": "Материальный мусор"
    },
    "2820055": {
        "deprecated": false,
        "Dev_Desc": "TR_스페셜_아름다운 꽃",
        "id": 2820055,
        "alias": "Contents.Env.Name.2820055",
        "text": "Красивые цветы"
    },
    "2820056": {
        "deprecated": false,
        "Dev_Desc": "TR_스페셜_혈비패명령서",
        "id": 2820056,
        "alias": "Contents.Env.Name.2820056",
        "text": "Орден кровавой бляшки"
    },
    "2820057": {
        "deprecated": false,
        "Dev_Desc": "TR_스페셜_늪지의 흙",
        "id": 2820057,
        "alias": "Contents.Env.Name.2820057",
        "text": "Болотная почва"
    },
    "2820058": {
        "deprecated": false,
        "Dev_Desc": "TR_스페셜_늪지의 흙2",
        "id": 2820058,
        "alias": "Contents.Env.Name.2820058",
        "text": "Болотная почва"
    },
    "2820059": {
        "deprecated": false,
        "Dev_Desc": "TR_서브_물에 강한 나무",
        "id": 2820059,
        "alias": "Contents.Env.Name.2820059",
        "text": "Древесина влагостойкая"
    },
    "2820060": {
        "deprecated": false,
        "Dev_Desc": "TR_협행_비법서",
        "id": 2820060,
        "alias": "Contents.Env.Name.2820060",
        "text": "Утерянная секретная книга"
    },
    "2820061": {
        "deprecated": false,
        "Dev_Desc": "TR_협행_보호용거북알",
        "id": 2820061,
        "alias": "Contents.Env.Name.2820061",
        "text": "Защитное черепашье яйцо"
    },
    "2820062": {
        "deprecated": false,
        "Dev_Desc": "TR_협행_단단한식물줄기",
        "id": 2820062,
        "alias": "Contents.Env.Name.2820062",
        "text": "Твердый стебель растения"
    },
    "2820063": {
        "deprecated": false,
        "Dev_Desc": "TR_협행_장인의 봇짐",
        "id": 2820063,
        "alias": "Contents.Env.Name.2820063",
        "text": "Торговец Джим"
    },
    "2820064": {
        "deprecated": false,
        "Dev_Desc": "TR_협행_쓰레기",
        "id": 2820064,
        "alias": "Contents.Env.Name.2820064",
        "text": "Куча мусора"
    },
    "2820065": {
        "deprecated": false,
        "Dev_Desc": "TR_협행_별미거북알",
        "id": 2820065,
        "alias": "Contents.Env.Name.2820065",
        "text": "Нежное черепашье яйцо"
    },
    "2820066": {
        "deprecated": false,
        "Dev_Desc": "BO_협행_쓰레기",
        "id": 2820066,
        "alias": "Contents.Env.Name.2820066",
        "text": "Куча мусора"
    },
    "2820067": {
        "deprecated": false,
        "Dev_Desc": "BO_협행_이름모를들풀",
        "id": 2820067,
        "alias": "Contents.Env.Name.2820067",
        "text": "Неизвестная дикая трава"
    },
    "2820068": {
        "deprecated": false,
        "Dev_Desc": "BO_에픽_40003_비옥",
        "id": 2820068,
        "alias": "Contents.Env.Name.2820071",
        "text": "плодородие"
    },
    "2820069": {
        "deprecated": false,
        "Dev_Desc": "TR_에픽_20002_2_2_4_검은모래",
        "id": 2820069,
        "alias": "Contents.Env.Name.2820072",
        "text": "Черный песок"
    },
    "2820070": {
        "deprecated": false,
        "Dev_Desc": "BO_에픽_40000_11_이상한돌",
        "id": 2820070,
        "alias": "Contents.Env.Name.2820073",
        "text": "Странный камень"
    },
    "2820071": {
        "deprecated": false,
        "Dev_Desc": "TR_에픽_20002_2_2_9_장작",
        "id": 2820071,
        "alias": "Contents.Env.Name.2820074",
        "text": "Куча дров"
    },
    "2820072": {
        "deprecated": false,
        "Dev_Desc": "TR_에픽_20001_8_1_4_물자",
        "id": 2820072,
        "alias": "Contents.Env.Name.2820075",
        "text": "Полезное"
    },
    "2820073": {
        "deprecated": false,
        "Dev_Desc": "TR_에픽_20002_2_2_8_물통",
        "id": 2820073,
        "alias": "Contents.Env.Name.2820076",
        "text": "ведро"
    },
    "2820074": {
        "deprecated": false,
        "Dev_Desc": "TR_에픽_임시(가마장작)",
        "id": 2820074,
        "alias": "Contents.Env.Name.2820077",
        "text": "дрова"
    },
    "2820075": {
        "deprecated": false,
        "Dev_Desc": "TR_에픽_임시(도화경)",
        "id": 2820075,
        "alias": "Contents.Env.Name.2820079",
        "text": "Дохвагён"
    },
    "2820076": {
        "deprecated": false,
        "Dev_Desc": "TR_에픽_임시(매화령)",
        "id": 2820076,
        "alias": "Contents.Env.Name.2820080",
        "text": "Дух цветения сливы"
    },
    "2820077": {
        "deprecated": false,
        "Dev_Desc": "TR_에픽_고목껍질",
        "id": 2820077,
        "alias": "Contents.Env.Name.2820081",
        "text": "Древесная кора"
    },
    "2820078": {
        "deprecated": false,
        "Dev_Desc": "D_협행_2000055_반달초",
        "id": 2820078,
        "alias": "Contents.Env.Name.2820167",
        "text": "Полумесяц"
    },
    "2820079": {
        "deprecated": false,
        "Dev_Desc": "BD_협행_2000060_늪지약초",
        "id": 2820079,
        "alias": "Contents.Env.Name.2820168",
        "text": "Болотная трава"
    },
    "2820080": {
        "deprecated": false,
        "Dev_Desc": "BO_협행_2002036_그늘엄니초",
        "id": 2820080,
        "alias": "Contents.Env.Name.2820169",
        "text": "Теневой клык"
    },
    "2820081": {
        "deprecated": false,
        "Dev_Desc": "BO_서브_50204_쓰러진 사슴",
        "id": 2820081,
        "alias": "Contents.Env.Name.2820170",
        "text": "Упавший олень"
    },
    "2820082": {
        "deprecated": false,
        "Dev_Desc": "BO_서브_50205_물꼬리 풀",
        "id": 2820082,
        "alias": "Contents.Env.Name.2820171",
        "text": "Водохвостая трава"
    },
    "2820083": {
        "deprecated": false,
        "Dev_Desc": "BO_서브_50206_신혼부부의 여행가방",
        "id": 2820083,
        "alias": "Contents.Env.Name.2820172",
        "text": "Багаж"
    },
    "2830000": {
        "deprecated": false,
        "Dev_Desc": "액션_무기 집기",
        "id": 2830000,
        "alias": "Contents.Env.ActionName.2830000",
        "text": "Подобрать оружие"
    },
    "2830001": {
        "deprecated": false,
        "Dev_Desc": "액션_생필품 수집",
        "id": 2830001,
        "alias": "Contents.Env.ActionName.2830001",
        "text": "Сбор предметов первой необходимости"
    },
    "2830002": {
        "deprecated": false,
        "Dev_Desc": "액션_건초 쌓기",
        "id": 2830002,
        "alias": "Contents.Env.ActionName.2830002",
        "text": "Укладка сена"
    },
    "2830003": {
        "deprecated": false,
        "Dev_Desc": "액션_조사하기",
        "id": 2830003,
        "alias": "Contents.Env.ActionName.2830003",
        "text": "Расследовать"
    },
    "2830004": {
        "deprecated": false,
        "Dev_Desc": "액션_파괴하기",
        "id": 2830004,
        "alias": "Contents.Env.ActionName.2830004",
        "text": "Разрушать"
    },
    "2830005": {
        "deprecated": false,
        "Dev_Desc": "액션_오물 치우기",
        "id": 2830005,
        "alias": "Contents.Env.ActionName.2830005",
        "text": "Убрать грязь"
    },
    "2830006": {
        "deprecated": false,
        "Dev_Desc": "액션_증거찾기",
        "id": 2830006,
        "alias": "Contents.Env.ActionName.2830006",
        "text": "Найти доказательства"
    },
    "2830007": {
        "deprecated": false,
        "Dev_Desc": "액션_신호탄 쏘기",
        "id": 2830007,
        "alias": "Contents.Env.ActionName.2830007",
        "text": "Запустить сигнал"
    },
    "2830008": {
        "deprecated": false,
        "Dev_Desc": "액션_둥지 살펴보기",
        "id": 2830008,
        "alias": "Contents.Env.ActionName.2830008",
        "text": "Осмотрите гнездо"
    },
    "2830009": {
        "deprecated": false,
        "Dev_Desc": "액션_상자 살펴보기",
        "id": 2830009,
        "alias": "Contents.Env.ActionName.2830009",
        "text": "Посмотри на коробку"
    },
    "2830010": {
        "deprecated": false,
        "Dev_Desc": "액션_쓰레기 줍기",
        "id": 2830010,
        "alias": "Contents.Env.ActionName.2830010",
        "text": "собирать мусор"
    },
    "2830011": {
        "deprecated": false,
        "Dev_Desc": "액션_수집 하기",
        "id": 2830011,
        "alias": "Contents.Env.ActionName.2830011",
        "text": "Собирать"
    },
    "2830012": {
        "deprecated": false,
        "Dev_Desc": "액션_약초 채집",
        "id": 2830012,
        "alias": "Contents.Env.ActionName.2830012",
        "text": "Сбор трав"
    },
    "2830013": {
        "deprecated": false,
        "Dev_Desc": "액션_비법서 챙기기",
        "id": 2830013,
        "alias": "Contents.Env.ActionName.2830013",
        "text": "Получить книгу рецептов"
    },
    "2830014": {
        "deprecated": false,
        "Dev_Desc": "액션_봇짐 챙기기",
        "id": 2830014,
        "alias": "Contents.Env.ActionName.2830014",
        "text": "Возьми ботов"
    },
    "2830015": {
        "deprecated": false,
        "Dev_Desc": "액션_덫 설치하기",
        "id": 2830015,
        "alias": "Contents.Env.ActionName.2830015",
        "text": "Установка ловушки"
    },
    "2830016": {
        "deprecated": false,
        "Dev_Desc": "액션_쓰레기 치우기",
        "id": 2830016,
        "alias": "Contents.Env.ActionName.2830016",
        "text": "Убирать мусор"
    },
    "2830017": {
        "deprecated": false,
        "Dev_Desc": "액션_유공상패 수집",
        "id": 2830017,
        "alias": "Contents.Env.ActionName.2830017",
        "text": "Коллекционирование медалей за заслуги"
    },
    "2830018": {
        "deprecated": false,
        "Dev_Desc": "액션_토모 조작",
        "id": 2830018,
        "alias": "Contents.Env.ActionName.2830018",
        "text": "Манипуляции Томо"
    },
    "2830027": {
        "deprecated": false,
        "Dev_Desc": "액션_거북알줍기",
        "id": 2830027,
        "alias": "Contents.Env.ActionName.2830027",
        "text": "Сбор черепашьих яиц"
    },
    "2830028": {
        "deprecated": false,
        "Dev_Desc": "액션_줄기채쥐",
        "id": 2830028,
        "alias": "Contents.Env.ActionName.2830028",
        "text": "Сбор стволов деревьев"
    },
    "2830029": {
        "deprecated": false,
        "Dev_Desc": "액션_꽃채집",
        "id": 2830029,
        "alias": "Contents.Env.ActionName.2830029",
        "text": "Сбор цветов"
    },
    "2830030": {
        "deprecated": false,
        "Dev_Desc": "액션_흙채집",
        "id": 2830030,
        "alias": "Contents.Env.ActionName.2830030",
        "text": "Сбор почвы"
    },
    "2830031": {
        "deprecated": false,
        "Dev_Desc": "액션_사체 살펴보기",
        "id": 2830031,
        "alias": "Contents.Env.ActionName.2830031",
        "text": "Посмотри на труп"
    },
    "2830032": {
        "deprecated": false,
        "Dev_Desc": "액션_장애물 치우기",
        "id": 2830032,
        "alias": "Contents.Env.ActionName.2830032",
        "text": "Убрать препятствия"
    },
    "2830033": {
        "deprecated": false,
        "Dev_Desc": "액션_치료하기",
        "id": 2830033,
        "alias": "Contents.Env.ActionName.2830033",
        "text": "Излечивать"
    },
    "2830034": {
        "deprecated": false,
        "Dev_Desc": "액션_낚싯대 설치하기",
        "id": 2830034,
        "alias": "Contents.Env.ActionName.2830034",
        "text": "Установка удочки"
    },
    "2830035": {
        "deprecated": false,
        "Dev_Desc": "액션_흙 더미 살펴보기",
        "id": 2830035,
        "alias": "Contents.Env.ActionName.2830035",
        "text": "Посмотри на кучу грязи"
    },
    "2830036": {
        "deprecated": false,
        "Dev_Desc": "액션_뼈 수습하기",
        "id": 2830036,
        "alias": "Contents.Env.ActionName.2830036",
        "text": "Почини свои кости"
    },
    "2830037": {
        "deprecated": false,
        "Dev_Desc": "액션_뼈 수습하기",
        "id": 2830037,
        "alias": "Contents.Env.ActionName.2830037",
        "text": "Сбор дикой травы"
    },
    "2830038": {
        "deprecated": false,
        "Dev_Desc": "액션_개다래풀 채집",
        "id": 2830038,
        "alias": "Contents.Env.ActionName.2830038",
        "text": "Сбор жгучей травы"
    },
    "2830039": {
        "deprecated": false,
        "Dev_Desc": "액션_검은모래 채취",
        "id": 2830039,
        "alias": "Contents.Env.ActionName.2830039",
        "text": "Сбор черного песка"
    },
    "2830040": {
        "deprecated": false,
        "Dev_Desc": "액션_검은돌파괴",
        "id": 2830040,
        "alias": "Contents.Env.ActionName.2830040",
        "text": "Уничтожить странные камни"
    },
    "2830041": {
        "deprecated": false,
        "Dev_Desc": "액션_장작 줍기",
        "id": 2830041,
        "alias": "Contents.Env.ActionName.2830041",
        "text": "собирать дрова"
    },
    "2830042": {
        "deprecated": false,
        "Dev_Desc": "액션_물자 챙기기",
        "id": 2830042,
        "alias": "Contents.Env.ActionName.2830042",
        "text": "Собери полезные припасы"
    },
    "2830043": {
        "deprecated": false,
        "Dev_Desc": "액션_모래 씻기",
        "id": 2830043,
        "alias": "Contents.Env.ActionName.2830043",
        "text": "Шить гравий"
    },
    "2830044": {
        "deprecated": false,
        "Dev_Desc": "액션_장치 살펴보기",
        "id": 2830044,
        "alias": "Contents.Env.ActionName.2830044",
        "text": "Изучите свое устройство"
    },
    "2830045": {
        "deprecated": false,
        "Dev_Desc": "액션_장치 살펴보기",
        "id": 2830045,
        "alias": "Contents.Env.ActionName.2830045",
        "text": "Проверить свиток"
    },
    "2830046": {
        "deprecated": false,
        "Dev_Desc": "액션_장치 살펴보기",
        "id": 2830046,
        "alias": "Contents.Env.ActionName.2830046",
        "text": "Проверить подозрительные документы"
    }
}