{
    "40000": {
        "deprecated": false,
        "Dev_Desc": "SW_BD_Deco_002",
        "id": 40000,
        "alias": "DecoGossip.1",
        "text": "Какие вещи вы хотите принести сегодня?"
    },
    "40001": {
        "deprecated": false,
        "Dev_Desc": "SW_BD_Deco_002",
        "id": 40001,
        "alias": "DecoGossip.2",
        "text": "Стоит приехать в Дохвасанджон издалека."
    },
    "40002": {
        "deprecated": false,
        "Dev_Desc": "SW_BD_Deco_004",
        "id": 40002,
        "alias": "DecoGossip.3",
        "text": "Хеук хык ... Не думаю, что у меня есть талант ..."
    },
    "40003": {
        "deprecated": false,
        "Dev_Desc": "SW_BD_Deco_004",
        "id": 40003,
        "alias": "DecoGossip.4",
        "text": "Меня снова отругал мой хозяин ..."
    },
    "40004": {
        "deprecated": false,
        "Dev_Desc": "SW_BD_Deco_005",
        "id": 40004,
        "alias": "DecoGossip.5",
        "text": "Вау, это молодой Гьовон ~"
    },
    "40005": {
        "deprecated": false,
        "Dev_Desc": "SW_BD_Deco_005",
        "id": 40005,
        "alias": "DecoGossip.6",
        "text": "Я слышал, что в Ёнгёвоне много баронгов ~"
    },
    "40006": {
        "deprecated": false,
        "Dev_Desc": "SW_BD_Deco_012",
        "id": 40006,
        "alias": "DecoGossip.7",
        "text": "У этого маяка есть легенда ..."
    },
    "40007": {
        "deprecated": false,
        "Dev_Desc": "SW_BD_Deco_012",
        "id": 40007,
        "alias": "DecoGossip.8",
        "text": "Я ... не верю в легенды ..."
    },
    "40008": {
        "deprecated": false,
        "Dev_Desc": "SW_BD_Deco_013",
        "id": 40008,
        "alias": "DecoGossip.9",
        "text": "Вау, лодка действительно классная!"
    },
    "40009": {
        "deprecated": false,
        "Dev_Desc": "SW_BD_Deco_013",
        "id": 40009,
        "alias": "DecoGossip.10",
        "text": "Когда-нибудь у меня будет такая же лодка!"
    },
    "40010": {
        "deprecated": false,
        "Dev_Desc": "SW_BD_Deco_018",
        "id": 40010,
        "alias": "DecoGossip.11",
        "text": "Дай мне пенни ~"
    },
    "40011": {
        "deprecated": false,
        "Dev_Desc": "SW_BD_Deco_019",
        "id": 40011,
        "alias": "DecoGossip.12",
        "text": "Что там на дальнем конце моря?"
    },
    "40012": {
        "deprecated": false,
        "Dev_Desc": "SW_BD_Deco_019",
        "id": 40012,
        "alias": "DecoGossip.13",
        "text": "Вы видите это, когда поднимаетесь над облаками?"
    },
    "40013": {
        "deprecated": false,
        "Dev_Desc": "SW_BD_Deco_022",
        "id": 40013,
        "alias": "DecoGossip.14",
        "text": "Эй ~"
    },
    "40014": {
        "deprecated": false,
        "Dev_Desc": "SW_BD_Deco_026",
        "id": 40014,
        "alias": "DecoGossip.15",
        "text": "Эта новая коса работает очень хорошо."
    },
    "40015": {
        "deprecated": false,
        "Dev_Desc": "SW_BD_Deco_026",
        "id": 40015,
        "alias": "DecoGossip.16",
        "text": "Говорят, что Кымгёнчхольмун усиливает оружие."
    },
    "40016": {
        "deprecated": false,
        "Dev_Desc": "SW_BD_Deco_027",
        "id": 40016,
        "alias": "DecoGossip.17",
        "text": "Разве не знаменито мастерство Гым Кён-чеол-мун?"
    },
    "40017": {
        "deprecated": false,
        "Dev_Desc": "SW_BD_Deco_027",
        "id": 40017,
        "alias": "DecoGossip.18",
        "text": "Но как насчет таких людей, как мы?"
    },
    "40018": {
        "deprecated": false,
        "Dev_Desc": "SW_BD_Deco_037",
        "id": 40018,
        "alias": "DecoGossip.19",
        "text": "Фуфу, ты новенький?"
    },
    "40019": {
        "deprecated": false,
        "Dev_Desc": "SW_BD_Deco_040",
        "id": 40019,
        "alias": "DecoGossip.20",
        "text": "Хм..."
    },
    "40020": {
        "deprecated": false,
        "Dev_Desc": "SW_BD_Deco_040",
        "id": 40020,
        "alias": "DecoGossip.21",
        "text": "Это не должно быть большим делом ..."
    },
    "40021": {
        "deprecated": false,
        "Dev_Desc": "SW_BD_Deco_047",
        "id": 40021,
        "alias": "DecoGossip.22",
        "text": "Я счастлив, потому что это недолгий фестиваль!"
    },
    "40022": {
        "deprecated": false,
        "Dev_Desc": "SW_BD_Deco_054",
        "id": 40022,
        "alias": "DecoGossip.23",
        "text": "Давай, положи свои деньги и ешь свои деньги!"
    },
    "40023": {
        "deprecated": false,
        "Dev_Desc": "SW_BD_Deco_054",
        "id": 40023,
        "alias": "DecoGossip.24",
        "text": "В настоящее время максимальный дивиденд составляет 4 раза! Настала возможность изменить жизнь!"
    },
    "40024": {
        "deprecated": false,
        "Dev_Desc": "SW_BD_Deco_058",
        "id": 40024,
        "alias": "DecoGossip.25",
        "text": "Хотели бы вы прогуляться один раз?"
    },
    "40025": {
        "deprecated": false,
        "Dev_Desc": "SW_BD_Deco_060",
        "id": 40025,
        "alias": "DecoGossip.26",
        "text": "На этот раз мне придется сыграть большую роль ..."
    },
    "40026": {
        "deprecated": false,
        "Dev_Desc": "SW_BD_Deco_060",
        "id": 40026,
        "alias": "DecoGossip.27",
        "text": "Я обязательно возьму его на этот раз!"
    },
    "40027": {
        "deprecated": false,
        "Dev_Desc": "SW_BD_Deco_064",
        "id": 40027,
        "alias": "DecoGossip.28",
        "text": "Укус…"
    },
    "40028": {
        "deprecated": false,
        "Dev_Desc": "SW_BD_Deco_064",
        "id": 40028,
        "alias": "DecoGossip.29",
        "text": "Хорошо…"
    },
    "40029": {
        "deprecated": false,
        "Dev_Desc": "SW_BD_Deco_074",
        "id": 40029,
        "alias": "DecoGossip.30",
        "text": "Что-то странное..."
    },
    "40030": {
        "deprecated": false,
        "Dev_Desc": "SW_BD_Deco_074",
        "id": 40030,
        "alias": "DecoGossip.31",
        "text": "Хм…"
    },
    "40031": {
        "deprecated": false,
        "Dev_Desc": "SW_BD_Deco_079",
        "id": 40031,
        "alias": "DecoGossip.32",
        "text": "Скоро-а! Скоро-а! Где ты? Хеук-хык…"
    },
    "40032": {
        "deprecated": false,
        "Dev_Desc": "SW_BD_Deco_080",
        "id": 40032,
        "alias": "DecoGossip.33",
        "text": "Эээ ... что, черт возьми, происходит ..."
    },
    "40033": {
        "deprecated": false,
        "Dev_Desc": "SW_BD_Deco_080",
        "id": 40033,
        "alias": "DecoGossip.34",
        "text": "Дети в порядке?"
    },
    "40034": {
        "deprecated": false,
        "Dev_Desc": "SW_BD_Deco_081",
        "id": 40034,
        "alias": "DecoGossip.35",
        "text": "Ляля ..."
    },
    "40035": {
        "deprecated": false,
        "Dev_Desc": "SW_BD_Deco_081",
        "id": 40035,
        "alias": "DecoGossip.36",
        "text": "Тьфу ~"
    },
    "40036": {
        "deprecated": false,
        "Dev_Desc": "SW_BD_Deco_083",
        "id": 40036,
        "alias": "DecoGossip.37",
        "text": "Фу..."
    },
    "40037": {
        "deprecated": false,
        "Dev_Desc": "SW_BD_Deco_088",
        "id": 40037,
        "alias": "DecoGossip.38",
        "text": "Браконьеры ..."
    },
    "40038": {
        "deprecated": false,
        "Dev_Desc": "SW_BD_Deco_089",
        "id": 40038,
        "alias": "DecoGossip.39",
        "text": "Что-то не так?"
    },
    "40039": {
        "deprecated": false,
        "Dev_Desc": "SW_BD_Deco_090",
        "id": 40039,
        "alias": "DecoGossip.40",
        "text": "Он в финале… \n был потрясающе…"
    },
    "40040": {
        "deprecated": false,
        "Dev_Desc": "SW_BD_Deco_091",
        "id": 40040,
        "alias": "DecoGossip.41",
        "text": "А ... Куда мы идем \n мы можем встретиться снова?"
    },
    "40041": {
        "deprecated": false,
        "Dev_Desc": "SW_BD_Deco_092",
        "id": 40041,
        "alias": "DecoGossip.42",
        "text": "Ребята, вы меня слушаете? \n Вы меня ясно видели!"
    },
    "40042": {
        "deprecated": false,
        "Dev_Desc": "SW_BD_Deco_093",
        "id": 40042,
        "alias": "DecoGossip.43",
        "text": "Даже если озеро полумесяца \n почти исчезло!"
    },
    "40043": {
        "deprecated": false,
        "Dev_Desc": "SW_BD_Deco_094",
        "id": 40043,
        "alias": "DecoGossip.44",
        "text": "Эй, ты! \n Ты из Даэобанга?"
    },
    "40044": {
        "deprecated": false,
        "Dev_Desc": "SW_BD_Deco_095",
        "id": 40044,
        "alias": "DecoGossip.45",
        "text": "Это правда? \n Слухи о трещинах!"
    },
    "30001000001": {
        "deprecated": false,
        "Dev_Desc": "오돌",
        "id": 30001000001,
        "alias": "Contents.Gossip.1000001",
        "text": "Набор \n членов, чтобы они присоединились к великому Богу Жатвы!"
    },
    "30001000002": {
        "deprecated": false,
        "Dev_Desc": "차돌",
        "id": 30001000002,
        "alias": "Contents.Gossip.1000002",
        "text": "Гарантированно высокое вознаграждение! \n Гарантированная пожизненная работа!"
    },
    "30001000003": {
        "deprecated": false,
        "Dev_Desc": "지미갓",
        "id": 30001000003,
        "alias": "Contents.Gossip.1000003",
        "text": "Да ладно, дело не в том, чтобы набирать \n участников, которые приходят каждый день."
    },
    "30001000004": {
        "deprecated": false,
        "Dev_Desc": "오돌",
        "id": 30001000004,
        "alias": "Contents.Gossip.1000004",
        "text": "Набор \n членов, чтобы они присоединились к великому Богу Жатвы!"
    },
    "30001000005": {
        "deprecated": false,
        "Dev_Desc": "차돌",
        "id": 30001000005,
        "alias": "Contents.Gossip.1000005",
        "text": "Гарантированно высокая заработная плата! \n Гарантированное благополучие семьи!"
    },
    "30001000006": {
        "deprecated": false,
        "Dev_Desc": "지미갓",
        "id": 30001000006,
        "alias": "Contents.Gossip.1000006",
        "text": "Да ладно, дело не в том, чтобы набирать \n участников каждый день."
    },
    "30001000007": {
        "deprecated": false,
        "Dev_Desc": "오돌",
        "id": 30001000007,
        "alias": "Contents.Gossip.1000007",
        "text": "Набор \n членов, чтобы они присоединились к великому Богу Жатвы!"
    },
    "30001000008": {
        "deprecated": false,
        "Dev_Desc": "차돌",
        "id": 30001000008,
        "alias": "Contents.Gossip.1000008",
        "text": "Гарантированно высокая заработная плата! \n Гарантированная репутация трепета в озере Вандал!"
    },
    "30001000009": {
        "deprecated": false,
        "Dev_Desc": "지미갓",
        "id": 30001000009,
        "alias": "Contents.Gossip.1000009",
        "text": "Да ладно, дело не в том, чтобы набирать \n участников каждый день."
    },
    "30001000010": {
        "deprecated": false,
        "Dev_Desc": "오돌",
        "id": 30001000010,
        "alias": "Contents.Gossip.1000010",
        "text": "Набор \n членов, чтобы они присоединились к великому Богу Жатвы!"
    },
    "30001000011": {
        "deprecated": false,
        "Dev_Desc": "차돌",
        "id": 30001000011,
        "alias": "Contents.Gossip.1000011",
        "text": "Пожизненная безопасность гарантирована! \n Пожизненная гарантия работы!"
    },
    "30001000012": {
        "deprecated": false,
        "Dev_Desc": "지미갓",
        "id": 30001000012,
        "alias": "Contents.Gossip.1000012",
        "text": "Да ладно, дело не в том, чтобы набирать \n участников, которые приходят каждый день."
    },
    "30001000013": {
        "deprecated": false,
        "Dev_Desc": "오돌",
        "id": 30001000013,
        "alias": "Contents.Gossip.1000013",
        "text": "Набор \n членов, чтобы они присоединились к великому Богу Жатвы!"
    },
    "30001000014": {
        "deprecated": false,
        "Dev_Desc": "차돌",
        "id": 30001000014,
        "alias": "Contents.Gossip.1000014",
        "text": "Гарантированно высокая оплата! \n Гарантированное свободное время!"
    },
    "30001000015": {
        "deprecated": false,
        "Dev_Desc": "지미갓",
        "id": 30001000015,
        "alias": "Contents.Gossip.1000015",
        "text": "Да ладно, дело не в том, чтобы набирать \n участников, которые приходят каждый день."
    },
    "30001000020": {
        "deprecated": false,
        "Dev_Desc": "오도독",
        "id": 30001000020,
        "alias": "Contents.Gossip.1000020",
        "text": "Капитан ~ Я босс бога урожая ~! \n Где, черт возьми, ты был?"
    },
    "30001000021": {
        "deprecated": false,
        "Dev_Desc": "우두둑",
        "id": 30001000021,
        "alias": "Contents.Gossip.1000021",
        "text": "Ух, давай просто убежим! \n Здесь слишком опасно!"
    },
    "30001000022": {
        "deprecated": false,
        "Dev_Desc": "오도독",
        "id": 30001000022,
        "alias": "Contents.Gossip.1000022",
        "text": "Капитан ~ Я главный бог урожая ~!"
    },
    "30001000023": {
        "deprecated": false,
        "Dev_Desc": "우두둑",
        "id": 30001000023,
        "alias": "Contents.Gossip.1000023",
        "text": "О, как долго ты собираешься его искать? \n Я ненавижу опасные вещи."
    },
    "30001000024": {
        "deprecated": false,
        "Dev_Desc": "오도독",
        "id": 30001000024,
        "alias": "Contents.Gossip.1000024",
        "text": "Капитан ~ Я главный бог урожая ~!"
    },
    "30001000025": {
        "deprecated": false,
        "Dev_Desc": "우두둑",
        "id": 30001000025,
        "alias": "Contents.Gossip.1000025",
        "text": "Эй, я вижу море ... \n Я хочу вернуться, понюхать."
    },
    "30001000026": {
        "deprecated": false,
        "Dev_Desc": "우두둑",
        "id": 30001000026,
        "alias": "Contents.Gossip.1000026",
        "text": "Ах, что нам теперь делать?"
    },
    "30001000027": {
        "deprecated": false,
        "Dev_Desc": "오도독",
        "id": 30001000027,
        "alias": "Contents.Gossip.1000027",
        "text": "Крамп! \n На этот раз ты уже в пути!"
    },
    "30001000028": {
        "deprecated": false,
        "Dev_Desc": "우두둑",
        "id": 30001000028,
        "alias": "Contents.Gossip.1000028",
        "text": "Нет, поэтому ~ \n О, это недоразумение ~"
    },
    "30001000030": {
        "deprecated": false,
        "Dev_Desc": "추수갓",
        "id": 30001000030,
        "alias": "Contents.Gossip.1000030",
        "text": "Да ладно, дело не в том, чтобы набирать \n участников, которые приходят каждый день."
    },
    "30001000031": {
        "deprecated": false,
        "Dev_Desc": "소추아",
        "id": 30001000031,
        "alias": "Contents.Gossip.1000031",
        "text": "Набор \n новых членов, чтобы присоединиться к великому Богу Жатвы!"
    },
    "30001000032": {
        "deprecated": false,
        "Dev_Desc": "오도독",
        "id": 30001000032,
        "alias": "Contents.Gossip.1000032",
        "text": "Высокая зарплата ... Гарантированно ... \n Для тех, кто охотится на морскую воду ..."
    },
    "30001000033": {
        "deprecated": false,
        "Dev_Desc": "오도독",
        "id": 30001000033,
        "alias": "Contents.Gossip.1000033",
        "text": "Что мне теперь делать… \n Ни капитана, ни жуликов…"
    },
    "30001000034": {
        "deprecated": false,
        "Dev_Desc": "추수갓",
        "id": 30001000034,
        "alias": "Contents.Gossip.1000034",
        "text": "Хахахаха! Как насчет тебя?"
    },
    "30001000035": {
        "deprecated": false,
        "Dev_Desc": "오도독",
        "id": 30001000035,
        "alias": "Contents.Gossip.1000035",
        "text": "Лидер !!!"
    },
    "30001000036": {
        "deprecated": false,
        "Dev_Desc": "소추아",
        "id": 30001000036,
        "alias": "Contents.Gossip.1000036",
        "text": "Он действительно идет?"
    },
    "30001000037": {
        "deprecated": false,
        "Dev_Desc": "추수갓",
        "id": 30001000037,
        "alias": "Contents.Gossip.1000037",
        "text": "Да ладно, дело не в том, чтобы набирать \n участников, которые приходят каждый день."
    },
    "30001000038": {
        "deprecated": false,
        "Dev_Desc": "오도독",
        "id": 30001000038,
        "alias": "Contents.Gossip.1000038",
        "text": "Набор \n членов, чтобы они присоединились к великому Богу Жатвы!"
    }
}