{
    "30045000": {
        "deprecated": false,
        "Dev_Desc": "비옥스페셜_45100_0_금경철문 호수석 (연구지)",
        "id": 30045000,
        "alias": "Contents.Gossip.45000",
        "text": "Хорошая работа - из хорошего камня!"
    },
    "30045001": {
        "deprecated": false,
        "Dev_Desc": "비옥스페셜_45101_2_매화단 청수국 (고원길)",
        "id": 30045001,
        "alias": "Contents.Gossip.45001",
        "text": "Это выглядит немного сложно ... Это перебор?"
    },
    "30045002": {
        "deprecated": false,
        "Dev_Desc": "비옥스페셜_45101_5_매화단 청수국 (용머리곶)",
        "id": 30045002,
        "alias": "Contents.Gossip.45002",
        "text": "Давайте просто сделаем это в меру и откажемся от ..."
    },
    "30045003": {
        "deprecated": false,
        "Dev_Desc": "도화상전 온영인 (풍백문)_103300",
        "id": 30045003,
        "alias": "Contents.Gossip.45003",
        "text": "На этот раз, к счастью, мы сохранили излишек."
    },
    "30045004": {
        "deprecated": false,
        "Dev_Desc": "도화상전 온영인 (풍백문)_103300",
        "id": 30045004,
        "alias": "Contents.Gossip.45004",
        "text": "Но разве это нормально?"
    },
    "30045005": {
        "deprecated": false,
        "Dev_Desc": "도화상전 온영인 (풍백문)_103301",
        "id": 30045005,
        "alias": "Contents.Gossip.45005",
        "text": "Если вы сделаете то или это, станете ли вы кем-то?"
    },
    "30045006": {
        "deprecated": false,
        "Dev_Desc": "도화상전 온영인 (풍백문)_103333",
        "id": 30045006,
        "alias": "Contents.Gossip.45006",
        "text": "Это должно измениться сейчас ..."
    },
    "30045007": {
        "deprecated": false,
        "Dev_Desc": "박대비",
        "id": 30045007,
        "alias": "Contents.Gossip.45007",
        "text": "Успокойся ... все будет хорошо."
    }
}