{
    "36001000": {
        "deprecated": false,
        "Dev_Desc": "하초",
        "id": 36001000,
        "alias": "MonsterGossip.36001000",
        "text": "Ты? Ты убил моих товарищей!"
    },
    "36001001": {
        "deprecated": false,
        "Dev_Desc": "하초",
        "id": 36001001,
        "alias": "MonsterGossip.36001001",
        "text": "Где этот голубоглазый ублюдок ... это абсурд !!"
    },
    "36001002": {
        "deprecated": false,
        "Dev_Desc": "하초",
        "id": 36001002,
        "alias": "MonsterGossip.36001002",
        "text": "В наши дни я не такой слабый, как дети. Я не слаб ..."
    },
    "36001003": {
        "deprecated": false,
        "Dev_Desc": "대와",
        "id": 36001003,
        "alias": "MonsterGossip.36001003",
        "text": "Ты можешь вернуться и ударить хвостом!"
    },
    "36001004": {
        "deprecated": false,
        "Dev_Desc": "대와",
        "id": 36001004,
        "alias": "MonsterGossip.36001004",
        "text": "Его слабость - его челюсть и хвост! Уничтожьте его и расплатитесь за это!"
    },
    "36001005": {
        "deprecated": false,
        "Dev_Desc": "대와",
        "id": 36001005,
        "alias": "MonsterGossip.36001005",
        "text": "О боже, Дэ и Джуксу!"
    },
    "36001006": {
        "deprecated": false,
        "Dev_Desc": "대와",
        "id": 36001006,
        "alias": "MonsterGossip.36001006",
        "text": "Теперь, когда я стар, я достаточно взрослый! Ах, моя талия!"
    },
    "36001007": {
        "deprecated": false,
        "Dev_Desc": "꼬와",
        "id": 36001007,
        "alias": "MonsterGossip.36001007",
        "text": "Вот слабость этого парня!"
    },
    "36001008": {
        "deprecated": false,
        "Dev_Desc": "꼬와",
        "id": 36001008,
        "alias": "MonsterGossip.36001008",
        "text": "Вау, я могу быть лучше, чем Лива!"
    },
    "36001009": {
        "deprecated": false,
        "Dev_Desc": "리와",
        "id": 36001009,
        "alias": "MonsterGossip.36001009",
        "text": "Слабость этого парня здесь!"
    },
    "36001010": {
        "deprecated": false,
        "Dev_Desc": "리와",
        "id": 36001010,
        "alias": "MonsterGossip.36001010",
        "text": "Вау, я не могу быть лучше, чем Коу!"
    },
    "36001011": {
        "deprecated": false,
        "Dev_Desc": "큰산",
        "id": 36001011,
        "alias": "MonsterGossip.36001011",
        "text": "Эй! \n Я тебе голову разобью!"
    },
    "36001012": {
        "deprecated": false,
        "Dev_Desc": "큰산",
        "id": 36001012,
        "alias": "MonsterGossip.36001012",
        "text": "Я большая гора! Ты не можешь пересечь горы! \n И здесь тебе не пройти!"
    },
    "36001013": {
        "deprecated": false,
        "Dev_Desc": "큰산",
        "id": 36001013,
        "alias": "MonsterGossip.36001013",
        "text": "Прибыль ...! До нее еще далеко!"
    },
    "36001014": {
        "deprecated": false,
        "Dev_Desc": "큰산",
        "id": 36001014,
        "alias": "MonsterGossip.36001014",
        "text": "Не бойтесь ... Не бойтесь подняться на эту великую гору!"
    },
    "36002000": {
        "deprecated": false,
        "Dev_Desc": "해룡의 사체_포트케일",
        "id": 36002000,
        "alias": "MonsterGossip.36002000",
        "text": "Кто ты? Почему ты меня беспокоишь?"
    },
    "36002001": {
        "deprecated": false,
        "Dev_Desc": "해룡의 사체_포트케일",
        "id": 36002001,
        "alias": "MonsterGossip.36002001",
        "text": "Этот драгоценный камень - мой! Даже если я умру, я не могу отдать его тебе!"
    },
    "36002002": {
        "deprecated": false,
        "Dev_Desc": "해룡의 사체_포트케일",
        "id": 36002002,
        "alias": "MonsterGossip.36002002",
        "text": "Давай ... Подожди! Я не хочу здесь умирать ~ !!"
    },
    "36002003": {
        "deprecated": false,
        "Dev_Desc": "에레다 수장 하름",
        "id": 36002003,
        "alias": "MonsterGossip.36002003",
        "text": "Что ты искал, прячась, как мышь?"
    },
    "36002004": {
        "deprecated": false,
        "Dev_Desc": "에레다 수장 하름",
        "id": 36002004,
        "alias": "MonsterGossip.36002004",
        "text": "Что, черт возьми, ты имеешь в виду!"
    },
    "36002005": {
        "deprecated": false,
        "Dev_Desc": "에레다 수장 하름",
        "id": 36002005,
        "alias": "MonsterGossip.36002005",
        "text": "Куда делось реинкарнация Широ?"
    },
    "36002006": {
        "deprecated": false,
        "Dev_Desc": "에레다 수장 하름",
        "id": 36002006,
        "alias": "MonsterGossip.36002006",
        "text": "ね ... Это очень хорошо ..."
    },
    "36002007": {
        "deprecated": false,
        "Dev_Desc": "에레다 수장 하름",
        "id": 36002007,
        "alias": "MonsterGossip.36002007",
        "text": "Это не сработает!"
    },
    "36002008": {
        "deprecated": false,
        "Dev_Desc": "에레다 수장 하름",
        "id": 36002008,
        "alias": "MonsterGossip.36002008",
        "text": "В пропасть бездны ..."
    },
    "36002009": {
        "deprecated": false,
        "Dev_Desc": "제 3기수 하름",
        "id": 36002009,
        "alias": "MonsterGossip.36002009",
        "text": "Умри! Ублюдки!"
    },
    "36002010": {
        "deprecated": false,
        "Dev_Desc": "제 3기수 하름",
        "id": 36002010,
        "alias": "MonsterGossip.36002010",
        "text": "Убить их всех!"
    },
    "36002011": {
        "deprecated": false,
        "Dev_Desc": "제 3기수 하름",
        "id": 36002011,
        "alias": "MonsterGossip.36002011",
        "text": "Увидеть истинную силу!"
    },
    "36002012": {
        "deprecated": false,
        "Dev_Desc": "제 3기수 하름",
        "id": 36002012,
        "alias": "MonsterGossip.36002012",
        "text": "Эээ, почему меня отталкивают !?"
    },
    "36002013": {
        "deprecated": false,
        "Dev_Desc": "제 3기수 하름",
        "id": 36002013,
        "alias": "MonsterGossip.36002013",
        "text": "Тряпка ... Ниэр ..."
    },
    "36002014": {
        "deprecated": false,
        "Dev_Desc": "에레다 대장 오름",
        "id": 36002014,
        "alias": "MonsterGossip.36002014",
        "text": "Что это!?"
    },
    "36002015": {
        "deprecated": false,
        "Dev_Desc": "에레다 대장 오름",
        "id": 36002015,
        "alias": "MonsterGossip.36002015",
        "text": "Стой, стой!"
    },
    "36002016": {
        "deprecated": false,
        "Dev_Desc": "에레다 대장 오름",
        "id": 36002016,
        "alias": "MonsterGossip.36002016",
        "text": "Какого черта ты хочешь!?"
    },
    "36002017": {
        "deprecated": false,
        "Dev_Desc": "아랑",
        "id": 36002017,
        "alias": "MonsterGossip.36002017",
        "text": "Ты делаешь это правильно? \n Почему так не может быть?"
    },
    "36002018": {
        "deprecated": false,
        "Dev_Desc": "아랑",
        "id": 36002018,
        "alias": "MonsterGossip.36002018",
        "text": "Спи, подожди. Так не может быть."
    },
    "36002019": {
        "deprecated": false,
        "Dev_Desc": "운반해",
        "id": 36002019,
        "alias": "MonsterGossip.36002019",
        "text": "Что за суета! \n Что еще за парень !?"
    },
    "36002020": {
        "deprecated": false,
        "Dev_Desc": "운반해",
        "id": 36002020,
        "alias": "MonsterGossip.36002020",
        "text": "Это тебя послали цветы сливы !?"
    },
    "36002021": {
        "deprecated": false,
        "Dev_Desc": "운반해",
        "id": 36002021,
        "alias": "MonsterGossip.36002021",
        "text": "Нет, подожди! \n Эй! Я спас его живым!"
    },
    "36002022": {
        "deprecated": false,
        "Dev_Desc": "운반해",
        "id": 36002022,
        "alias": "MonsterGossip.36002022",
        "text": "Даже если бы я сохранил это ... даже если бы я оставил это ..."
    },
    "36002023": {
        "deprecated": false,
        "Dev_Desc": "아랑",
        "id": 36002023,
        "alias": "MonsterGossip.36002023",
        "text": "Ой, это рейд! \n Осторожно!"
    },
    "36003000": {
        "deprecated": false,
        "Dev_Desc": "홍돈칠",
        "id": 36003000,
        "alias": "MonsterGossip.36003000",
        "text": "Ты не слишком молод для этого!"
    },
    "36003001": {
        "deprecated": false,
        "Dev_Desc": "홍돈칠",
        "id": 36003001,
        "alias": "MonsterGossip.36003001",
        "text": "Если вы собираетесь встать на пути, уходите!"
    },
    "36003002": {
        "deprecated": false,
        "Dev_Desc": "홍돈팔",
        "id": 36003002,
        "alias": "MonsterGossip.36003002",
        "text": "Что ты делаешь!?"
    },
    "36003003": {
        "deprecated": false,
        "Dev_Desc": "홍돈팔",
        "id": 36003003,
        "alias": "MonsterGossip.36003003",
        "text": "Твое тело не кажется сильным ..."
    },
    "36003004": {
        "deprecated": false,
        "Dev_Desc": "아랑",
        "id": 36003004,
        "alias": "MonsterGossip.36003004",
        "text": "Вы должны атаковать искренне!"
    },
    "36003005": {
        "deprecated": false,
        "Dev_Desc": "아랑",
        "id": 36003005,
        "alias": "MonsterGossip.36003005",
        "text": "Ага? Кажется, работает !?"
    },
    "36003006": {
        "deprecated": false,
        "Dev_Desc": "검은새벽단 강우",
        "id": 36003006,
        "alias": "MonsterGossip.36003006",
        "text": "Что за сволочь! Ты прошел сюда без страха. Не заставляй меня сожалеть об этом!"
    },
    "36003007": {
        "deprecated": false,
        "Dev_Desc": "검은새벽단 강우",
        "id": 36003007,
        "alias": "MonsterGossip.36003007",
        "text": "Он со мной!"
    },
    "36003008": {
        "deprecated": false,
        "Dev_Desc": "검은새벽단 강우",
        "id": 36003008,
        "alias": "MonsterGossip.36003008",
        "text": "Я убью тебя и отдам ему!"
    },
    "36003009": {
        "deprecated": false,
        "Dev_Desc": "검은새벽단 강우",
        "id": 36003009,
        "alias": "MonsterGossip.36003009",
        "text": "Нет нет!!!"
    },
    "36003010": {
        "deprecated": false,
        "Dev_Desc": "염환",
        "id": 36003010,
        "alias": "MonsterGossip.36003010",
        "text": "Кто снова твой парень?"
    },
    "36003011": {
        "deprecated": false,
        "Dev_Desc": "염환",
        "id": 36003011,
        "alias": "MonsterGossip.36003011",
        "text": "Эта сила !?"
    },
    "36003012": {
        "deprecated": false,
        "Dev_Desc": "염환",
        "id": 36003012,
        "alias": "MonsterGossip.36003012",
        "text": "Я отдам его ему!"
    },
    "36003013": {
        "deprecated": false,
        "Dev_Desc": "염환",
        "id": 36003013,
        "alias": "MonsterGossip.36003013",
        "text": "Вернуться в бездну ..."
    },
    "36005000": {
        "deprecated": false,
        "id": 36005000,
        "alias": "MonsterGossip.36005000",
        "text": "Мне очень жаль. Если бы у меня было больше времени на разработку лекарства ..."
    },
    "36005001": {
        "deprecated": false,
        "id": 36005001,
        "alias": "MonsterGossip.36005001",
        "text": "Эй, разве грех быть большим? Я чудовище!"
    },
    "36005002": {
        "deprecated": false,
        "id": 36005002,
        "alias": "MonsterGossip.36005002",
        "text": "Перестань жаловаться на то, что подымаешь!"
    },
    "36005003": {
        "deprecated": false,
        "id": 36005003,
        "alias": "MonsterGossip.36005003",
        "text": "Я устал от прозвища гиббонов."
    },
    "36001015": {
        "deprecated": false,
        "Dev_Desc": "반달호수_의문의 사내",
        "id": 36001015,
        "alias": "MonsterGossip.36001015",
        "text": "Не беспокой меня! \n Если ты будешь меня беспокоить, я действительно тебя ударю !!"
    },
    "36001016": {
        "deprecated": false,
        "Dev_Desc": "반달호수_의문의 사내",
        "id": 36001016,
        "alias": "MonsterGossip.36001016",
        "text": "Эй, стой! Я был неправ ... \n У меня тоже была проблема!"
    },
    "36001017": {
        "deprecated": false,
        "Dev_Desc": "반달호수_위험해 보이는 자",
        "id": 36001017,
        "alias": "MonsterGossip.36001017",
        "text": "Невозможно оставить свидетеля живым! \n Умри! Хехехе !!!!"
    },
    "36001018": {
        "deprecated": false,
        "Dev_Desc": "반달호수_위험해 보이는 자",
        "id": 36001018,
        "alias": "MonsterGossip.36001018",
        "text": "Подожди минутку, это все, что \n Лим Ён Су заказал ...!"
    },
    "36001019": {
        "deprecated": false,
        "Dev_Desc": "반달호수_치연",
        "id": 36001019,
        "alias": "MonsterGossip.36001019",
        "text": "Давай, покажи свои навыки!"
    },
    "36001020": {
        "deprecated": false,
        "Dev_Desc": "반달호수_치연",
        "id": 36001020,
        "alias": "MonsterGossip.36001020",
        "text": "Это достаточно хорошо?"
    },
    "36001021": {
        "deprecated": false,
        "Dev_Desc": "반달호수_청인족 해적단",
        "id": 36001021,
        "alias": "MonsterGossip.36001021",
        "text": "Что еще делает этот парень ?!"
    },
    "36001022": {
        "deprecated": false,
        "Dev_Desc": "반달호수_대어방 자경단",
        "id": 36001022,
        "alias": "MonsterGossip.36001022",
        "text": "Не вмешивайся, возвращайся спокойно!"
    },
    "36001023": {
        "deprecated": false,
        "Dev_Desc": "반달호수_임연수의 용병",
        "id": 36001023,
        "alias": "MonsterGossip.36001023",
        "text": "Что за сволочь! Как ты сюда попал?"
    },
    "36001024": {
        "deprecated": false,
        "Dev_Desc": "반달호수_깨어난 수호자 거석장군",
        "id": 36001024,
        "alias": "MonsterGossip.36001024",
        "text": "Кто мне мешает спать ..."
    }
}