{
    "69000000": {
        "deprecated": false,
        "Dev_Desc": "강신테스트",
        "id": 69000000,
        "alias": "Contents.Effect.Name.Aspect.100101",
        "text": "Красный дух (нормальный)"
    },
    "69000001": {
        "deprecated": false,
        "Dev_Desc": "강신테스트",
        "id": 69000001,
        "alias": "Contents.Effect.Desc.Aspect.100101",
        "text": "Увеличить силу и скорость передвижения"
    },
    "69000002": {
        "deprecated": false,
        "Dev_Desc": "강신테스트",
        "id": 69000002,
        "alias": "Contents.Effect.Option.Aspect.100101",
        "text": "Скорость передвижения увеличивается на 100% на 1 секунду"
    },
    "69000003": {
        "deprecated": false,
        "Dev_Desc": "강신테스트",
        "id": 69000003,
        "alias": "Contents.Effect.Name.Aspect.100201",
        "text": "Красная богиня (продвинутый уровень)"
    },
    "69000004": {
        "deprecated": false,
        "Dev_Desc": "강신테스트",
        "id": 69000004,
        "alias": "Contents.Effect.Desc.Aspect.100201",
        "text": "Увеличить силу и скорость передвижения"
    },
    "69000005": {
        "deprecated": false,
        "Dev_Desc": "강신테스트",
        "id": 69000005,
        "alias": "Contents.Effect.Option.Aspect.100201",
        "text": "Скорость передвижения увеличивается на 100% на 1 секунду"
    },
    "69000006": {
        "deprecated": false,
        "Dev_Desc": "강신테스트",
        "id": 69000006,
        "alias": "Contents.Effect.Name.Aspect.100301",
        "text": "Красная богиня (продвинутый уровень)"
    },
    "69000007": {
        "deprecated": false,
        "Dev_Desc": "강신테스트",
        "id": 69000007,
        "alias": "Contents.Effect.Desc.Aspect.100301",
        "text": "Увеличить силу и скорость передвижения"
    },
    "69000008": {
        "deprecated": false,
        "Dev_Desc": "강신테스트",
        "id": 69000008,
        "alias": "Contents.Effect.Option.Aspect.100301",
        "text": "Скорость передвижения увеличивается на 100% на 1 секунду"
    },
    "69000009": {
        "deprecated": false,
        "Dev_Desc": "강신테스트",
        "id": 69000009,
        "alias": "Contents.Effect.Name.Aspect.100401",
        "text": "Бог Красной реки (Герой)"
    },
    "69000010": {
        "deprecated": false,
        "Dev_Desc": "강신테스트",
        "id": 69000010,
        "alias": "Contents.Effect.Desc.Aspect.100401",
        "text": "Увеличить силу и скорость передвижения"
    },
    "69000011": {
        "deprecated": false,
        "Dev_Desc": "강신테스트",
        "id": 69000011,
        "alias": "Contents.Effect.Option.Aspect.100401",
        "text": "Скорость передвижения увеличивается на 100% на 1 секунду"
    },
    "69000012": {
        "deprecated": false,
        "Dev_Desc": "강신_외형없음",
        "id": 69000012,
        "alias": "Contents.Effect.Name.Aspect.900401",
        "text": "Каншин_но Внешний вид (Герой)"
    },
    "69000013": {
        "deprecated": false,
        "Dev_Desc": "강신_외형없음",
        "id": 69000013,
        "alias": "Contents.Effect.Desc.Aspect.900401",
        "text": "Увеличить силу и скорость передвижения"
    },
    "69000014": {
        "deprecated": false,
        "Dev_Desc": "강신_외형없음",
        "id": 69000014,
        "alias": "Contents.Effect.Option.Aspect.900401",
        "text": "Скорость передвижения увеличивается на 100% на 1 секунду"
    }
}