{
    "4001000": {
        "deprecated": false,
        "Dev_Desc": "E_SW_BD01_무술대회 결승전",
        "id": 4001000,
        "alias": "Contents.Quest.Cutscene.1000",
        "text": "День, которого все ждали! Кто будет сильнейшим на Сувольских равнинах!"
    },
    "4001001": {
        "deprecated": false,
        "Dev_Desc": "E_SW_BD01_무술대회 결승전",
        "id": 4001001,
        "alias": "Contents.Quest.Cutscene.1001",
        "text": "Что ж, позвольте мне познакомить вас с сегодняшним игроком!"
    },
    "4001002": {
        "deprecated": false,
        "Dev_Desc": "E_SW_BD01_무술대회 결승전",
        "id": 4001002,
        "alias": "Contents.Quest.Cutscene.1002",
        "text": "Восходящее божество, бросающее вызов самому сильному!"
    },
    "4001003": {
        "deprecated": false,
        "Dev_Desc": "E_SW_BD01_무술대회 결승전",
        "id": 4001003,
        "alias": "Contents.Quest.Cutscene.1003",
        "text": "Этот противник - сильный человек, который может свободно владеть таинственными силами, Аранг!"
    },
    "4001004": {
        "deprecated": false,
        "Dev_Desc": "E_SW_BD01_무술대회 결승전",
        "id": 4001004,
        "alias": "Contents.Quest.Cutscene.1004",
        "text": "Кто займет таинственное кристальное плодородие тысячи лун!"
    },
    "4001005": {
        "deprecated": false,
        "Dev_Desc": "E_SW_BD01_무술대회 결승전",
        "id": 4001005,
        "alias": "Contents.Quest.Cutscene.1005",
        "text": "В этот исторический момент сидит и Харм, глава Эреды!"
    },
    "4001006": {
        "deprecated": false,
        "Dev_Desc": "E_SW_BD01_무술대회 결승전",
        "id": 4001006,
        "alias": "Contents.Quest.Cutscene.1006",
        "text": "Хорошо, давай начнем игру прямо сейчас!"
    },
    "4001007": {
        "deprecated": false,
        "Dev_Desc": "E_SW_BD01_무술대회 결승전",
        "id": 4001007,
        "alias": "Contents.Quest.Cutscene.1007",
        "text": "Как вы думаете, вы можете позволить себе смеяться?"
    },
    "4001008": {
        "deprecated": false,
        "Dev_Desc": "E_SW_BD01_무술대회 결승전",
        "id": 4001008,
        "alias": "Contents.Quest.Cutscene.1008",
        "text": "Но тебе лучше сосредоточиться"
    },
    "4001009": {
        "deprecated": false,
        "Dev_Desc": "E_SW_BD01_무술대회 결승전",
        "id": 4001009,
        "alias": "Contents.Quest.Cutscene.1009",
        "text": "Сегодня я даже не буду заботиться о своих друзьях."
    },
    "4001010": {
        "deprecated": false,
        "Dev_Desc": "E_SW_BD03_가짜 진실의 검",
        "id": 4001010,
        "alias": "Contents.Quest.Cutscene.1010",
        "text": "Босс, как вы думаете, этому парню есть что вам показать?"
    },
    "4001011": {
        "deprecated": false,
        "Dev_Desc": "E_SW_BD03_가짜 진실의 검",
        "id": 4001011,
        "alias": "Contents.Quest.Cutscene.1011",
        "text": "А? Почему ты вернулся?"
    },
    "4001012": {
        "deprecated": false,
        "Dev_Desc": "E_SW_BD03_가짜 진실의 검",
        "id": 4001012,
        "alias": "Contents.Quest.Cutscene.1012",
        "text": "Джи ... джи ... меч истины? Нет, как ты ...!"
    },
    "4001013": {
        "deprecated": false,
        "Dev_Desc": "E_SW_BD03_가짜 진실의 검",
        "id": 4001013,
        "alias": "Contents.Quest.Cutscene.1013",
        "text": "Это ... это? Это меч истины?"
    },
    "4001014": {
        "deprecated": false,
        "Dev_Desc": "E_SW_BD03_가짜 진실의 검",
        "id": 4001014,
        "alias": "Contents.Quest.Cutscene.1014",
        "text": "Скажи мне правду!"
    },
    "4001015": {
        "deprecated": false,
        "Dev_Desc": "E_SW_BD03_가짜 진실의 검",
        "id": 4001015,
        "alias": "Contents.Quest.Cutscene.1015",
        "text": "Я ... эту ... оленьую ногу, которую украл там хозяин, которую я съел"
    },
    "4001016": {
        "deprecated": false,
        "Dev_Desc": "E_SW_BD03_가짜 진실의 검",
        "id": 4001016,
        "alias": "Contents.Quest.Cutscene.1016",
        "text": "Что?"
    },
    "4001017": {
        "deprecated": false,
        "Dev_Desc": "E_SW_BD03_가짜 진실의 검",
        "id": 4001017,
        "alias": "Contents.Quest.Cutscene.1017",
        "text": "Это ... босс - это тот, у кого, по слухам, запор."
    },
    "4001018": {
        "deprecated": false,
        "Dev_Desc": "E_SW_BD03_가짜 진실의 검",
        "id": 4001018,
        "alias": "Contents.Quest.Cutscene.1018",
        "text": "Что ?! Ха-ха-ха-ха! Это действительно меч истины, ха-ха-ха!"
    },
    "4001019": {
        "deprecated": false,
        "Dev_Desc": "E_SW_BD03_가짜 진실의 검",
        "id": 4001019,
        "alias": "Contents.Quest.Cutscene.1019",
        "text": "Иди и скажи этому ублюдку, чтобы он пришел ко мне, а если я убегу ... Я тебя не отпущу!"
    },
    "4001020": {
        "deprecated": false,
        "Dev_Desc": "E_SW_BD03_가짜 진실의 검",
        "id": 4001020,
        "alias": "Contents.Quest.Cutscene.1020",
        "text": "все в порядке!"
    },
    "4001021": {
        "deprecated": false,
        "Dev_Desc": "E_SW_BD03_가짜 진실의 검",
        "id": 4001021,
        "alias": "Contents.Quest.Cutscene.1021",
        "text": "Ухххххххххххххххххххххххххххх ..."
    },
    "4001022": {
        "deprecated": false,
        "Dev_Desc": "E_SW_BD03_가짜 진실의 검",
        "id": 4001022,
        "alias": "Contents.Quest.Cutscene.1022",
        "text": "Ты ... это вещь! Ха-ха ~ Это хорошо! Приятно!"
    },
    "4001023": {
        "deprecated": false,
        "Dev_Desc": "E_SW_BD03_가짜 진실의 검",
        "id": 4001023,
        "alias": "Contents.Quest.Cutscene.1023",
        "text": "Да, подожди здесь. Я дам тебе эту ... награду, хахахахаха!"
    },
    "4001024": {
        "deprecated": false,
        "Dev_Desc": "E_SW_BD04_홍매화 연설",
        "id": 4001024,
        "alias": "Contents.Quest.Cutscene.1024",
        "text": "Привет"
    },
    "4001025": {
        "deprecated": false,
        "Dev_Desc": "E_SW_BD04_홍매화 연설",
        "id": 4001025,
        "alias": "Contents.Quest.Cutscene.1025",
        "text": "Я Хонг Маэва, отвечающий за группу цветков сливы."
    },
    "4001026": {
        "deprecated": false,
        "Dev_Desc": "E_SW_BD04_홍매화 연설",
        "id": 4001026,
        "alias": "Contents.Quest.Cutscene.1026",
        "text": "В последнее время повсюду на озере Вандал"
    },
    "4001027": {
        "deprecated": false,
        "Dev_Desc": "E_SW_BD04_홍매화 연설",
        "id": 4001027,
        "alias": "Contents.Quest.Cutscene.1027",
        "text": "Все знают, что случилось."
    },
    "4001028": {
        "deprecated": false,
        "Dev_Desc": "E_SW_BD04_홍매화 연설",
        "id": 4001028,
        "alias": "Contents.Quest.Cutscene.1028",
        "text": "Наша компания провела секретное расследование по этому поводу."
    },
    "4001029": {
        "deprecated": false,
        "Dev_Desc": "E_SW_BD04_홍매화 연설",
        "id": 4001029,
        "alias": "Contents.Quest.Cutscene.1029",
        "text": "Можно определить, кто стоял за инцидентом."
    },
    "4001030": {
        "deprecated": false,
        "Dev_Desc": "E_SW_BD04_홍매화 연설",
        "id": 4001030,
        "alias": "Contents.Quest.Cutscene.1030",
        "text": "У нас есть доказательства."
    },
    "4001031": {
        "deprecated": false,
        "Dev_Desc": "E_SW_BD04_홍매화 연설",
        "id": 4001031,
        "alias": "Contents.Quest.Cutscene.1031",
        "text": "это"
    },
    "4001032": {
        "deprecated": false,
        "Dev_Desc": "E_SW_BD04_홍매화 연설",
        "id": 4001032,
        "alias": "Contents.Quest.Cutscene.1032",
        "text": "Доказательства, найденные по всему озеру Вандал!"
    },
    "4001033": {
        "deprecated": false,
        "Dev_Desc": "E_SW_BD04_홍매화 연설",
        "id": 4001033,
        "alias": "Contents.Quest.Cutscene.1033",
        "text": "Это свидетельство фиксирует каждое незаконное действие, совершенное с целью разжечь страх."
    },
    "4001034": {
        "deprecated": false,
        "Dev_Desc": "E_SW_BD04_홍매화 연설",
        "id": 4001034,
        "alias": "Contents.Quest.Cutscene.1034",
        "text": "под ним"
    },
    "4001035": {
        "deprecated": false,
        "Dev_Desc": "E_SW_BD04_홍매화 연설",
        "id": 4001035,
        "alias": "Contents.Quest.Cutscene.1035",
        "text": "Нынешний владелец Daeeobang"
    },
    "4001036": {
        "deprecated": false,
        "Dev_Desc": "E_SW_BD04_홍매화 연설",
        "id": 4001036,
        "alias": "Contents.Quest.Cutscene.1036",
        "text": "Имя и печать Им Ён Су проштампованы!"
    },
    "4001037": {
        "deprecated": false,
        "Dev_Desc": "E_SW_BD04_홍매화 연설",
        "id": 4001037,
        "alias": "Contents.Quest.Cutscene.1037",
        "text": "Следует ли нам признать такого человека большим нападающим!"
    },
    "4001038": {
        "deprecated": false,
        "Dev_Desc": "E_SW_BD04_홍매화 연설",
        "id": 4001038,
        "alias": "Contents.Quest.Cutscene.1038",
        "text": "Правильно! Правильно!"
    },
    "4001039": {
        "deprecated": false,
        "Dev_Desc": "E_SW_BD04_홍매화 연설",
        "id": 4001039,
        "alias": "Contents.Quest.Cutscene.1039",
        "text": "Лим Ён Су больше нельзя признать полным нападающим!"
    },
    "4001040": {
        "deprecated": false,
        "Dev_Desc": "E_SW_BD04_홍매화 연설",
        "id": 4001040,
        "alias": "Contents.Quest.Cutscene.1040",
        "text": "Похоже, Лим Ён Су сбежала."
    },
    "4001041": {
        "deprecated": false,
        "Dev_Desc": "E_SW_BD04_홍매화 연설",
        "id": 4001041,
        "alias": "Contents.Quest.Cutscene.1041",
        "text": "Что? Лим Ён Су сбежала? Что тогда будет?"
    },
    "4001042": {
        "deprecated": false,
        "Dev_Desc": "E_SW_BD04_홍매화 연설",
        "id": 4001042,
        "alias": "Contents.Quest.Cutscene.1042",
        "text": "Что бы ни случилось, Маэва Хонг может взять на себя стрельбу!"
    },
    "4001043": {
        "deprecated": false,
        "Dev_Desc": "E_SW_BD04_홍매화 연설",
        "id": 4001043,
        "alias": "Contents.Quest.Cutscene.1043",
        "text": "Правильно! Правильно!"
    },
    "4001044": {
        "deprecated": false,
        "Dev_Desc": "E_SW_BD04_홍매화 연설",
        "id": 4001044,
        "alias": "Contents.Quest.Cutscene.1044",
        "text": "Я понимаю, что ты имеешь в виду."
    },
    "4001045": {
        "deprecated": false,
        "Dev_Desc": "E_SW_BD04_홍매화 연설",
        "id": 4001045,
        "alias": "Contents.Quest.Cutscene.1045",
        "text": "Тем не менее, это неправильно, что Лим Ён Су убегает и занимает освободившееся место, как оппортунист."
    },
    "4001046": {
        "deprecated": false,
        "Dev_Desc": "E_SW_BD04_홍매화 연설",
        "id": 4001046,
        "alias": "Contents.Quest.Cutscene.1046",
        "text": "Однако место бандита нельзя оставлять пустым, чтобы поддерживать порядок на озере Вандал."
    },
    "4001047": {
        "deprecated": false,
        "Dev_Desc": "E_SW_BD04_홍매화 연설",
        "id": 4001047,
        "alias": "Contents.Quest.Cutscene.1047",
        "text": "Пока не будет решен следующий выстрел"
    },
    "4001048": {
        "deprecated": false,
        "Dev_Desc": "E_SW_BD04_홍매화 연설",
        "id": 4001048,
        "alias": "Contents.Quest.Cutscene.1048",
        "text": "Мы позаботимся об этом вместе."
    },
    "4001049": {
        "deprecated": false,
        "Dev_Desc": "E_SW_BD04_홍매화 연설",
        "id": 4001049,
        "alias": "Contents.Quest.Cutscene.1049",
        "text": "Если ты Сахо, не волнуйся"
    },
    "4001050": {
        "deprecated": false,
        "Dev_Desc": "E_SW_BD04_홍매화 연설",
        "id": 4001050,
        "alias": "Contents.Quest.Cutscene.1050",
        "text": "Наконец-то озеро Вандал вернется в исходное положение."
    },
    "4001051": {
        "deprecated": false,
        "Dev_Desc": "E_SW_BD05_아랑의 도움",
        "id": 4001051,
        "alias": "Contents.Quest.Cutscene.1051",
        "text": "Давай вернемся! Как ты думаешь ..."
    },
    "4001052": {
        "deprecated": false,
        "Dev_Desc": "E_SW_BD05_아랑의 도움",
        "id": 4001052,
        "alias": "Contents.Quest.Cutscene.1052",
        "text": "К счастью, еще не поздно, не так ли?"
    },
    "4001053": {
        "deprecated": false,
        "Dev_Desc": "E_SW_BD05_아랑의 도움",
        "id": 4001053,
        "alias": "Contents.Quest.Cutscene.1053",
        "text": "проклятие"
    },
    "4001054": {
        "deprecated": false,
        "Dev_Desc": "E_SW_BD05_아랑의 도움",
        "id": 4001054,
        "alias": "Contents.Quest.Cutscene.1054",
        "text": "Не позволяйте этому заканчиваться здесь!"
    },
    "4001055": {
        "deprecated": false,
        "Dev_Desc": "E_SW_BD05_아랑의 도움",
        "id": 4001055,
        "alias": "Contents.Quest.Cutscene.1055",
        "text": "Черт! Посмотрим"
    },
    "4001056": {
        "deprecated": false,
        "Dev_Desc": "E_SW_BD07_포위되는PC",
        "id": 4001056,
        "alias": "Contents.Quest.Cutscene.1056",
        "text": "Унеси это"
    },
    "4001057": {
        "deprecated": false,
        "Dev_Desc": "E_SW_BD07_포위되는PC",
        "id": 4001057,
        "alias": "Contents.Quest.Cutscene.1057",
        "text": "останавливаться!"
    },
    "4001058": {
        "deprecated": false,
        "Dev_Desc": "E_SW_BD07_포위되는PC",
        "id": 4001058,
        "alias": "Contents.Quest.Cutscene.1058",
        "text": "Это в твоей руке ... мираж?"
    },
    "4001059": {
        "deprecated": false,
        "Dev_Desc": "E_SW_BD07_포위되는PC",
        "id": 4001059,
        "alias": "Contents.Quest.Cutscene.1059",
        "text": "Да, меч, открывающий правду"
    },
    "4001060": {
        "deprecated": false,
        "Dev_Desc": "E_SW_BD07_포위되는PC",
        "id": 4001060,
        "alias": "Contents.Quest.Cutscene.1060",
        "text": "Это правда"
    },
    "4001061": {
        "deprecated": false,
        "Dev_Desc": "E_SW_BD07_포위되는PC",
        "id": 4001061,
        "alias": "Contents.Quest.Cutscene.1061",
        "text": "Сура и Шинги ... это странное сочетание."
    },
    "4001062": {
        "deprecated": false,
        "Dev_Desc": "E_SW_BD08_급습하는 하름",
        "id": 4001062,
        "alias": "Contents.Quest.Cutscene.1062",
        "text": "Хотел бы я"
    },
    "4001063": {
        "deprecated": false,
        "Dev_Desc": "E_SW_BD08_급습하는 하름",
        "id": 4001063,
        "alias": "Contents.Quest.Cutscene.1063",
        "text": "Ты человек с энергией божественного зверя ..."
    },
    "4001064": {
        "deprecated": false,
        "Dev_Desc": "E_SW_BD08_급습하는 하름",
        "id": 4001064,
        "alias": "Contents.Quest.Cutscene.1064",
        "text": "Я слишком силен, чтобы противостоять Шинсу"
    },
    "4001065": {
        "deprecated": false,
        "Dev_Desc": "E_SW_BD08_급습하는 하름",
        "id": 4001065,
        "alias": "Contents.Quest.Cutscene.1065",
        "text": "Другое дело, если ты обычный человек!"
    },
    "4001066": {
        "deprecated": false,
        "Dev_Desc": "E_SW_BD08_급습하는 하름",
        "id": 4001066,
        "alias": "Contents.Quest.Cutscene.1066",
        "text": "Твоя сила ..."
    },
    "4001067": {
        "deprecated": false,
        "Dev_Desc": "E_SW_BD08_급습하는 하름",
        "id": 4001067,
        "alias": "Contents.Quest.Cutscene.1067",
        "text": "Не ешьте это вкусно!"
    },
    "4001068": {
        "deprecated": false,
        "Dev_Desc": "E_HW_TR02_에레다 단원의 습격",
        "id": 4001068,
        "alias": "Contents.Quest.Cutscene.1068",
        "text": "Давай поймаем вот так"
    },
    "4001069": {
        "deprecated": false,
        "Dev_Desc": "E_HW_TR02_에레다 단원의 습격",
        "id": 4001069,
        "alias": "Contents.Quest.Cutscene.1069",
        "text": "У меня хороший номер"
    },
    "4001070": {
        "deprecated": false,
        "Dev_Desc": "E_HW_TR02_에레다 단원의 습격",
        "id": 4001070,
        "alias": "Contents.Quest.Cutscene.1070",
        "text": "Лучше бы болтать только на подземной дороге! Атакуй всех!"
    },
    "4001071": {
        "deprecated": false,
        "Dev_Desc": "E_HW_TR02_에레다 단원의 습격",
        "id": 4001071,
        "alias": "Contents.Quest.Cutscene.1071",
        "text": "власть"
    },
    "4001072": {
        "deprecated": false,
        "Dev_Desc": "E_HW_TR02_에레다 단원의 습격",
        "id": 4001072,
        "alias": "Contents.Quest.Cutscene.1072",
        "text": "атака!"
    },
    "4001073": {
        "deprecated": false,
        "Dev_Desc": "E_HW_TR03_하름의 정체",
        "id": 4001073,
        "alias": "Contents.Quest.Cutscene.1073",
        "text": "Мунджу!"
    },
    "4001074": {
        "deprecated": false,
        "Dev_Desc": "E_HW_TR03_하름의 정체",
        "id": 4001074,
        "alias": "Contents.Quest.Cutscene.1074",
        "text": "Посмотри, настоящий ..."
    },
    "4001075": {
        "deprecated": false,
        "Dev_Desc": "E_HW_TR03_하름의 정체",
        "id": 4001075,
        "alias": "Contents.Quest.Cutscene.1075",
        "text": "какие?"
    },
    "4001076": {
        "deprecated": false,
        "Dev_Desc": "E_HW_TR03_하름의 정체",
        "id": 4001076,
        "alias": "Contents.Quest.Cutscene.1076",
        "text": "ты!"
    },
    "4001077": {
        "deprecated": false,
        "Dev_Desc": "E_HW_TR03_하름의 정체",
        "id": 4001077,
        "alias": "Contents.Quest.Cutscene.1077",
        "text": "ты..."
    },
    "4001078": {
        "deprecated": false,
        "Dev_Desc": "E_HW_TR03_하름의 정체",
        "id": 4001078,
        "alias": "Contents.Quest.Cutscene.1078",
        "text": "Эти ублюдки"
    },
    "4001079": {
        "deprecated": false,
        "Dev_Desc": "E_HW_TR03_하름의 정체",
        "id": 4001079,
        "alias": "Contents.Quest.Cutscene.1079",
        "text": "Убить их всех!"
    },
    "4001080": {
        "deprecated": false,
        "Dev_Desc": "E_HW_TR04_에레다 의식",
        "id": 4001080,
        "alias": "Contents.Quest.Cutscene.1080",
        "text": "Священная жизнь, \n Я приветствую тебя как главу Дома Эреда."
    },
    "4001081": {
        "deprecated": false,
        "Dev_Desc": "E_HW_TR04_에레다 의식",
        "id": 4001081,
        "alias": "Contents.Quest.Cutscene.1081",
        "text": "Ты, обладающий конечной мудростью, скажи мне, почему ты позвонил мне."
    },
    "4001082": {
        "deprecated": false,
        "Dev_Desc": "E_HW_TR04_에레다 의식",
        "id": 4001082,
        "alias": "Contents.Quest.Cutscene.1082",
        "text": "Осмелюсь попросить вас познать мудрость Богини."
    },
    "4001083": {
        "deprecated": false,
        "Dev_Desc": "E_HW_TR04_에레다 의식",
        "id": 4001083,
        "alias": "Contents.Quest.Cutscene.1083",
        "text": "Кто ищет мудрости, \nНе глуп, что ты собираешься спросить?"
    },
    "4001084": {
        "deprecated": false,
        "Dev_Desc": "E_HW_TR04_에레다 의식",
        "id": 4001084,
        "alias": "Contents.Quest.Cutscene.1084",
        "text": "что..."
    },
    "4001085": {
        "deprecated": false,
        "Dev_Desc": "E_HW_TR04_에레다 의식",
        "id": 4001085,
        "alias": "Contents.Quest.Cutscene.1085",
        "text": "Расскажи мне о матери этого парня"
    },
    "4001086": {
        "deprecated": false,
        "Dev_Desc": "E_HW_TR04_에레다 의식",
        "id": 4001086,
        "alias": "Contents.Quest.Cutscene.1086",
        "text": "Это возвращение Широ ... \n Похоже, ты еще не научился манерам."
    },
    "4001087": {
        "deprecated": false,
        "Dev_Desc": "E_HW_TR04_에레다 의식",
        "id": 4001087,
        "alias": "Contents.Quest.Cutscene.1087",
        "text": "Ха-ха, я еще не нашел всех своих воспоминаний."
    },
    "4001088": {
        "deprecated": false,
        "Dev_Desc": "E_HW_TR04_에레다 의식",
        "id": 4001088,
        "alias": "Contents.Quest.Cutscene.1088",
        "text": "Это не из-за моей памяти ..."
    },
    "4001089": {
        "deprecated": false,
        "Dev_Desc": "E_HW_TR04_에레다 의식",
        "id": 4001089,
        "alias": "Contents.Quest.Cutscene.1089",
        "text": "В любом случае, расскажи мне о матери этого парня \nPasa, ты что-нибудь знаешь?"
    },
    "4001090": {
        "deprecated": false,
        "Dev_Desc": "E_HW_TR04_에레다 의식",
        "id": 4001090,
        "alias": "Contents.Quest.Cutscene.1090",
        "text": "Божественный зверь не должен участвовать в человеческом мире"
    },
    "4001091": {
        "deprecated": false,
        "Dev_Desc": "E_HW_TR04_에레다 의식",
        "id": 4001091,
        "alias": "Contents.Quest.Cutscene.1091",
        "text": "Особенно, если это что-то, что может повлиять на человеческий мир."
    },
    "4001092": {
        "deprecated": false,
        "Dev_Desc": "E_HW_TR04_에레다 의식",
        "id": 4001092,
        "alias": "Contents.Quest.Cutscene.1092",
        "text": "Мне очень жаль, но я не думаю, что смогу с этим помочь."
    },
    "4001093": {
        "deprecated": false,
        "Dev_Desc": "E_HW_TR05_파사등장",
        "id": 4001093,
        "alias": "Contents.Quest.Cutscene.1093",
        "text": "Вы нашли тихое место."
    },
    "4001094": {
        "deprecated": false,
        "Dev_Desc": "E_HW_TR05_파사등장",
        "id": 4001094,
        "alias": "Contents.Quest.Cutscene.1094",
        "text": "Божественный зверь не должен участвовать в человеческих делах, но ..."
    },
    "4001095": {
        "deprecated": false,
        "Dev_Desc": "E_HW_TR05_파사등장",
        "id": 4001095,
        "alias": "Contents.Quest.Cutscene.1095",
        "text": "Я не думаю, что мать, которую вы ищете, не человек."
    },
    "4001096": {
        "deprecated": false,
        "Dev_Desc": "E_HW_TR05_파사등장",
        "id": 4001096,
        "alias": "Contents.Quest.Cutscene.1096",
        "text": "Иди в коридор в этом лесу."
    },
    "4001097": {
        "deprecated": false,
        "Dev_Desc": "E_HW_TR05_파사등장",
        "id": 4001097,
        "alias": "Contents.Quest.Cutscene.1097",
        "text": "Расскажи мне о своей матери."
    },
    "4001098": {
        "deprecated": false,
        "Dev_Desc": "E_HW_TR06_파사의 말을 듣고 충격 받은 PC",
        "id": 4001098,
        "alias": "Contents.Quest.Cutscene.1098",
        "text": "Вы видели красный нефрит в воспоминаниях своей матери?"
    },
    "4001099": {
        "deprecated": false,
        "Dev_Desc": "E_HW_TR06_파사의 말을 듣고 충격 받은 PC",
        "id": 4001099,
        "alias": "Contents.Quest.Cutscene.1099",
        "text": "Это то, что всегда носил твой отец."
    },
    "4001100": {
        "deprecated": false,
        "Dev_Desc": "E_HW_TR06_파사의 말을 듣고 충격 받은 PC",
        "id": 4001100,
        "alias": "Contents.Quest.Cutscene.1100",
        "text": "Этот рубин упал, и существование Суры"
    },
    "4001101": {
        "deprecated": false,
        "Dev_Desc": "E_HW_TR06_파사의 말을 듣고 충격 받은 PC",
        "id": 4001101,
        "alias": "Contents.Quest.Cutscene.1101",
        "text": "Ваша мать..."
    },
    "4001102": {
        "deprecated": false,
        "Dev_Desc": "E_HW_TR06_파사의 말을 듣고 충격 받은 PC",
        "id": 4001102,
        "alias": "Contents.Quest.Cutscene.1102",
        "text": "Ваш отец убил его!"
    },
    "4001103": {
        "deprecated": false,
        "Dev_Desc": "E_HW_TR06_파사의 말을 듣고 충격 받은 PC",
        "id": 4001103,
        "alias": "Contents.Quest.Cutscene.1103",
        "text": "(Я не могу!)"
    },
    "4001104": {
        "deprecated": false,
        "Dev_Desc": "E_HW_TR07_좌절하는 PC",
        "id": 4001104,
        "alias": "Contents.Quest.Cutscene.1104",
        "text": "все нормально?"
    },
    "4001105": {
        "deprecated": false,
        "Dev_Desc": "E_HW_TR08_송시국의 죽음",
        "id": 4001105,
        "alias": "Contents.Quest.Cutscene.1105",
        "text": "Городская смертная казнь!"
    },
    "4001106": {
        "deprecated": false,
        "Dev_Desc": "E_HW_TR08_송시국의 죽음",
        "id": 4001106,
        "alias": "Contents.Quest.Cutscene.1106",
        "text": "Фу..."
    },
    "4001107": {
        "deprecated": false,
        "Dev_Desc": "E_HW_TR08_송시국의 죽음",
        "id": 4001107,
        "alias": "Contents.Quest.Cutscene.1107",
        "text": "Сделай ... Помогите ... Дайте мне ..."
    },
    "4001108": {
        "deprecated": false,
        "Dev_Desc": "E_HW_TR08_송시국의 죽음",
        "id": 4001108,
        "alias": "Contents.Quest.Cutscene.1108",
        "text": "Стоп!"
    },
    "4001109": {
        "deprecated": false,
        "Dev_Desc": "E_HW_TR08_송시국의 죽음",
        "id": 4001109,
        "alias": "Contents.Quest.Cutscene.1109",
        "text": "Отойди, уже поздно"
    },
    "4001110": {
        "deprecated": false,
        "Dev_Desc": "E_HW_TR08_송시국의 죽음",
        "id": 4001110,
        "alias": "Contents.Quest.Cutscene.1110",
        "text": "Энергия Суры окружает все тело, поэтому, если вы приблизитесь к ней, даже Владыка Луны может быть опасен."
    },
    "4001111": {
        "deprecated": false,
        "Dev_Desc": "E_HW_TR08_송시국의 죽음",
        "id": 4001111,
        "alias": "Contents.Quest.Cutscene.1111",
        "text": "Вот это да!"
    },
    "4001112": {
        "deprecated": false,
        "Dev_Desc": "E_HW_TR08_송시국의 죽음",
        "id": 4001112,
        "alias": "Contents.Quest.Cutscene.1112",
        "text": "Тем не мение..."
    },
    "4001113": {
        "deprecated": false,
        "Dev_Desc": "E_HW_TR08_송시국의 죽음",
        "id": 4001113,
        "alias": "Contents.Quest.Cutscene.1113",
        "text": "Отойди"
    },
    "4001114": {
        "deprecated": false,
        "Dev_Desc": "E_HW_TR08_송시국의 죽음",
        "id": 4001114,
        "alias": "Contents.Quest.Cutscene.1114",
        "text": "Фу..."
    },
    "4001115": {
        "deprecated": false,
        "Dev_Desc": "E_HW_TR08_송시국의 죽음",
        "id": 4001115,
        "alias": "Contents.Quest.Cutscene.1115",
        "text": "Большой!"
    },
    "4001116": {
        "deprecated": false,
        "Dev_Desc": "E_HW_TR08_송시국의 죽음",
        "id": 4001116,
        "alias": "Contents.Quest.Cutscene.1116",
        "text": "Да, пожалуйста, спаси меня ..."
    },
    "4001117": {
        "deprecated": false,
        "Dev_Desc": "E_HW_TR08_송시국의 죽음",
        "id": 4001117,
        "alias": "Contents.Quest.Cutscene.1117",
        "text": "Это цена жадности за непонимание своих способностей."
    },
    "4001118": {
        "deprecated": false,
        "Dev_Desc": "E_HW_TR08_송시국의 죽음",
        "id": 4001118,
        "alias": "Contents.Quest.Cutscene.1118",
        "text": "Думайте об этом как о собственном гневе."
    },
    "4001119": {
        "deprecated": false,
        "Dev_Desc": "E_HW_TR08_송시국의 죽음",
        "id": 4001119,
        "alias": "Contents.Quest.Cutscene.1119",
        "text": "Чем дольше вы ждете, тем больше вероятность заражения."
    },
    "4001120": {
        "deprecated": false,
        "Dev_Desc": "E_HW_TR08_송시국의 죽음",
        "id": 4001120,
        "alias": "Contents.Quest.Cutscene.1120",
        "text": "Тем не мение..."
    },
    "4001121": {
        "deprecated": false,
        "Dev_Desc": "E_HW_TR08_송시국의 죽음",
        "id": 4001121,
        "alias": "Contents.Quest.Cutscene.1121",
        "text": "Знание, когда нужно отступить, и действия - это тоже отношение, которым должен обладать мунджу."
    },
    "4001122": {
        "deprecated": false,
        "Dev_Desc": "E_HW_TR08_송시국의 죽음",
        "id": 4001122,
        "alias": "Contents.Quest.Cutscene.1122",
        "text": "отец!!"
    },
    "4001123": {
        "deprecated": false,
        "Dev_Desc": "E_HW_TR08_송시국의 죽음",
        "id": 4001123,
        "alias": "Contents.Quest.Cutscene.1123",
        "text": "Ой!"
    },
    "4001124": {
        "deprecated": false,
        "Dev_Desc": "E_SW_BD02_PC 수라 조짐",
        "id": 4001124,
        "alias": "Contents.Quest.Cutscene.1124",
        "text": "Будить!"
    },
    "4001125": {
        "deprecated": false,
        "Dev_Desc": "E_SW_BD08_급습하는 하름",
        "id": 4001125,
        "alias": "Contents.Quest.Cutscene.1125",
        "text": "Есть такая неожиданная удача?"
    },
    "4001126": {
        "deprecated": false,
        "Dev_Desc": "E_SW_BD07_포위되는PC",
        "id": 4001126,
        "alias": "Contents.Quest.Cutscene.1126",
        "text": "Что ты делаешь!"
    },
    "4001127": {
        "deprecated": false,
        "Dev_Desc": "E_Tutorial_01 경공 대결",
        "id": 4001127,
        "alias": "Contents.Quest.Cutscene.1127",
        "text": "У тебя нет времени так расслабляться, не так ли?"
    },
    "4001128": {
        "deprecated": false,
        "Dev_Desc": "E_Tutorial_01 경공 대결",
        "id": 4001128,
        "alias": "Contents.Quest.Cutscene.1128",
        "text": "Вау, хорошо! Это то место, где там проводятся соревнования по боевым искусствам?"
    },
    "4001129": {
        "deprecated": false,
        "Dev_Desc": "E_Tutorial_01 경공 대결",
        "id": 4001129,
        "alias": "Contents.Quest.Cutscene.1129",
        "text": "Чего вы с нетерпением ждете?"
    },
    "4001130": {
        "deprecated": false,
        "Dev_Desc": "E_Tutorial_01 경공 대결",
        "id": 4001130,
        "alias": "Contents.Quest.Cutscene.1130",
        "text": "Давай пошли!"
    },
    "4001131": {
        "deprecated": false,
        "Dev_Desc": "E_Tutorial_03 염환 도망",
        "id": 4001131,
        "alias": "Contents.Quest.Cutscene.1131",
        "text": "Разве ты не слишком беспечен?"
    },
    "4001132": {
        "deprecated": false,
        "Dev_Desc": "E_Tutorial_03 염환 도망",
        "id": 4001132,
        "alias": "Contents.Quest.Cutscene.1132",
        "text": "Ты в порядке? Травм нет?"
    },
    "4001133": {
        "deprecated": false,
        "Dev_Desc": "E_SW_BD06 무기 소개",
        "id": 4001133,
        "alias": "Contents.Quest.Cutscene.1133",
        "text": "(Для финалистов приготовлено различное оружие. Где ... Осмотримся?)"
    },
    "4001134": {
        "deprecated": false,
        "Dev_Desc": "E_SW_BD06 무기 소개",
        "id": 4001134,
        "alias": "Contents.Quest.Cutscene.1134",
        "text": "(виден меч)"
    },
    "4001135": {
        "deprecated": false,
        "Dev_Desc": "E_SW_BD06 무기 소개",
        "id": 4001135,
        "alias": "Contents.Quest.Cutscene.1135",
        "text": "(Табличка цигун готова)"
    },
    "4001136": {
        "deprecated": false,
        "Dev_Desc": "E_SW_BD06 무기 소개",
        "id": 4001136,
        "alias": "Contents.Quest.Cutscene.1136",
        "text": "(Я вижу рукавицы ...)"
    },
    "4001137": {
        "deprecated": false,
        "Dev_Desc": "E_SW_BD06 무기 소개",
        "id": 4001137,
        "alias": "Contents.Quest.Cutscene.1137",
        "text": "(Можно даже лук выбрать!)"
    },
    "4001138": {
        "deprecated": false,
        "Dev_Desc": "E_SW_BD06 무기 소개",
        "id": 4001138,
        "alias": "Contents.Quest.Cutscene.1138",
        "text": "(Даже топор не может быть оставлен без внимания)"
    },
    "4001139": {
        "deprecated": false,
        "Dev_Desc": "E_SW_BD06 무기 소개",
        "id": 4001139,
        "alias": "Contents.Quest.Cutscene.1139",
        "text": "(Наконец, вы видите жертвенную бумагу)"
    },
    "4001140": {
        "deprecated": false,
        "Dev_Desc": "E_SW_BD06 무기 소개",
        "id": 4001140,
        "alias": "Contents.Quest.Cutscene.1140",
        "text": "(Здесь больше разнообразия, чем я думал. Давайте попробуем и выберем тот, который вам подходит)"
    },
    "4001141": {
        "deprecated": false,
        "Dev_Desc": "E_SW_BD03_가짜 진실의 검",
        "id": 4001141,
        "alias": "Contents.Quest.Cutscene.1141",
        "text": "Это меч истины, который можно предложить боссу."
    },
    "4001142": {
        "deprecated": false,
        "Dev_Desc": "E_HW_TR02_에레다 단원의 습격",
        "id": 4001142,
        "alias": "Contents.Quest.Cutscene.1142",
        "text": "Какие?!"
    },
    "4001143": {
        "deprecated": false,
        "Dev_Desc": "E_HW_TR06_파사의 말을 듣고 충격 받은 PC",
        "id": 4001143,
        "alias": "Contents.Quest.Cutscene.1143",
        "text": "А ... нет ... я не могу ...!"
    },
    "4001144": {
        "deprecated": false,
        "Dev_Desc": "E_HW_TR07_좌절하는 PC",
        "id": 4001144,
        "alias": "Contents.Quest.Cutscene.1144",
        "text": "Ах ..."
    },
    "4001145": {
        "deprecated": false,
        "Dev_Desc": "인게임 컷신 #9\n균열과 검은 그림자",
        "id": 4001145,
        "alias": "Contents.Quest.Cutscene.1145",
        "text": "Ха ... ха-ха!"
    },
    "4001146": {
        "deprecated": false,
        "Dev_Desc": "인게임 컷신 #9\n균열과 검은 그림자",
        "id": 4001146,
        "alias": "Contents.Quest.Cutscene.1146",
        "text": "Давай, пойдем еще раз!"
    },
    "4001147": {
        "deprecated": false,
        "Dev_Desc": "인게임 컷신 #9\n균열과 검은 그림자",
        "id": 4001147,
        "alias": "Contents.Quest.Cutscene.1147",
        "text": "Аааааааааааааааааааааааааааааааааааа!"
    }
}