{
    "1099005": "Fortified Artisan",
    "1099006": "Fortified Artisan",
    "1099007": "General Merchant",
    "1099008": "Apprentice General Merchant",
    "1099009": "General Merchant",
    "1099010": "General Merchant",
    "1099011": "General Merchant",
    "1099012": "Costume Merchant",
    "1099013": "Craftsmanship",
    "1099014": "Limited Merchant",
    "1099015": "Special Equipment Vendor",
    "1099016": "Special Vendor",
    "1099037": "Healer",
    "1099038": "Healer",
    "1099039": "Healer",
    "1099040": "Healer",
    "1099041": "Healer",
    "1099045": "The Clan Overseer",
    "1099049": "Logistics Manager",
    "1099050": "Logistics Manager",
    "1099051": "Logistics Manager",
    "1099052": "Logistics Manager",
    "1099053": "Logistics Manager",
    "1099054": "Costume Merchant",
    "1099055": "Costume Merchant",
    "1099056": "Clothing Merchant",
    "1099057": "beginner arms dealer",
    "1099058": "Non-Advanced Exchanger",
    "1099059": "Honor Coin Exchanger",
    "1099060": "Swordsmith's Secret Vendor",
    "1099061": "Kwonbeopseo Merchant",
    "1099062": "Qigong Secretary Merchant",
    "1099063": "Business Arcane Merchant",
    "1099064": "Archery Even Trader",
    "1099065": "Swordsmith Grade Vendor",
    "1099066": "Kwonbeopseo Merchant",
    "1099067": "Qigong Secretary Merchant",
    "1099068": "Arcane Vendor",
    "1099069": "Archer Even Trader",
    "1099070": "Choryeong Jade Merchant",
    "1099071": "Function Exchanger",
    "1099072": "Token Exchanger",
    "1099073": "Scourge Vendor",
    "1099074": "The House Trader",
    "1099075": "Munpa Short-Term Buff Vendor",
    "1099076": "Warehouse Keeper",
    "1099077": "Healer",
    "1099078": "Raid Trader",
    "1099079": "Passive Freelance Trader",
    "1099080": "General Merchant",
    "1099081": "Buying Merchant",
    "1099082": "Active Unarmed Trader",
    "1099083": "Costume Merchant",
    "1099255": "Geumgyeongcheolmun",
    "1099256": "Daehwasangjeon",
    "1099257": "Cloth of Heaven",
    "1099258": "Geumgyeongcheolmun",
    "1099259": "Holy Palace",
    "1099260": "Holy Palace",
    "1099261": "Dohwasangjeon",
    "1099262": "Dohwasangjeon",
    "1099263": "Younggyowon",
    "1099264": "Yoo Shi Yeon Wa",
    "1099265": "Insamun",
    "1099266": "Dohwasangjeon",
    "1099267": "Dohwasangjeon",
    "1099268": "Younggyowon",
    "1099269": "Geumgyeongcheolmun",
    "1099275": "Dohwasangjeon",
    "1099276": "Dohwasangjeon",
    "1099277": "Dohwasangjeon",
    "1099278": "Younggyowon",
    "1099279": "Dohwasangjeon",
    "1099280": "Moonpa Raid Merchant",
    "1099281": "Dohwasangjeon",
    "1099282": "Daehwasangjeon",
    "1099283": "Daehwasangjeon",
    "1099084": "Songpyeon Merchant",
    "1099085": "Merchant"
}