{
    "17200000": "Explore the innermost device",
    "17200001": "Explore the innermost device",
    "17200002": "Explore the innermost device",
    "17200003": "Explore the innermost device",
    "17200004": "Explore the innermost device",
    "17200005": "Investigating seawater traces",
    "17200006": "Defeat Sharp Thorn Wangfu",
    "17200007": "Investigating seawater traces",
    "17200008": "Defeat Sharp Armor Bautan",
    "17200009": "Investigating seawater traces",
    "17200010": "Defeat the Mutant Giant Spider",
    "17200011": "Investigating seawater traces",
    "17200012": "Defeat Wu-Fu the Wild Black Bear",
    "17200013": "Investigating seawater traces",
    "17200014": "Defeat the Corroded Bladed Signet",
    "17200015": "Investigating seawater traces",
    "17200016": "Defeat the Burning Red King of Annunciation",
    "17200017": "Investigating seawater traces",
    "17200018": "Defeat the Black Cat with the Blade of Explosion",
    "17200019": "Investigating seawater traces",
    "17200020": "Strike-Break Ironclaw Killed",
    "17200021": "Investigating seawater traces",
    "17200022": "Defeat the Heretic Catastrophe Monkeys",
    "17200023": "Investigating seawater traces",
    "17200024": "Defeat the ancient tree spirit old tree",
    "17200025": "Explore the innermost device",
    "17200026": "Explore the innermost device",
    "17200027": "Explore the innermost device",
    "17200028": "Explore the innermost device",
    "17200029": "Explore the innermost device",
    "17200030": "Explore the innermost device",
    "17200031": "Explore the innermost device",
    "17200032": "Explore the innermost device",
    "17200033": "Explore the innermost device",
    "17200034": "Explore the innermost device",
    "17200035": "Explore the innermost device",
    "17200036": "Explore the innermost device",
    "17200037": "Explore the innermost device",
    "17200038": "Explore the innermost device",
    "17200039": "Investigating seawater traces",
    "17200040": "Defeat Hwang Ung the Dire Feet",
    "17200041": "Investigating seawater traces",
    "17200042": "Defeat Hanzo Ornate Feather",
    "17200043": "Investigating seawater traces",
    "17200044": "Defeat the Lonely Dark Blood Horse",
    "17200045": "Investigating seawater traces",
    "17200046": "Vengeful Blades East and West slain",
    "17200047": "Investigating seawater traces",
    "17200048": "Defeat the Sharp Thorn Crown",
    "17200049": "Talk to Harvest God",
    "17200050": "Watch the Seawater Expedition"
}