{
    "40035000": "(Oh my God... I can see why this road is called\n<textColor=[110:216:175:255]>Spider Forest Road</>)",
    "40035001": "(After all, <textColor=[110:216:175:255]>Half Moon Lake</>\nIs it a different atmosphere?\nShall we find the next exploration target)",
    "40035002": "(<textColor=[110:216:175:255]>Ecological forest</> is...\nI hope that <textColor=[215:94:94:255]>Verginal verse</> Is it because?\nLet's take a closer look!)",
    "40035003": "(<textColor=[215:94:94:255]>Erosted Ancient Myomyeon</>... \n<textColor=[110:216:175:255]>Sea Moon Continent</> >not even <textColor=[255:204:102:255]>cracks</> seem \nsafe)",
    "40035004": "(A very menacing horn.\nThe target for this expedition is\n<textColor=[215:94:94:255]>Antler</>)",
    "40035005": "(<textColor=[110:216:175:255]>Green Horn Forest</>\nI think I've looked around enough)",
    "40035006": "(This is almost a <textColor=[215:94:94:255]>mandala flower</> field.\nThen this expedition is!)",
    "40035007": "(Yongkedo <textColor=[215:94:94:255]>Mandalas</>'s scream\nYou are living...)",
    "40035008": "(Oh, the water is shallow enough \nYou can cross it? \nLet's check the other side of the beach too!)",
    "40035009": "((Similar beach to \n<textColor=[110:216:175:255]>fine sand estuary</>)",
    "40035010": "(<textColor=[110:216:175:255]>Are you here to inspect\nthe abandoned watchtower</>?)",
    "40035011": "(These are the first ones I've seen. \nIt would be a good target for exploration)",
    "40035012": "(Huh, he was such a creepy guy that I really got goosebumps)",
    "40035013": "(<textColor=[215:94:94:255]>crocodiles</> and \n<textColor=[215:94:94:255]>hermit crab</> live on this shore) ",
    "40035014": "(The ship broke, and the <textColor=[215:94:94:255]>spears</>\nhave lost their way?)",
    "40035015": "(Hmm? <textColor=[215:94:94:255]>Poems</> here too!)",
    "40035016": "(<textColor=[215:94:94:255]>Soldiers</> who came with you.\nMay everyone sleep peacefully...)",
    "40035017": "(Huh? <textColor=[215:94:94:255]>gnats</>?\nYou better do some research)",
    "40035018": "(<textColor=[110:216:175:255]>Just before the base</> <textColor=[215:94:94:255]>Burn</>>.\nPay attention to defense I'll write it)",
    "40035019": "(<textColor=[215:94:94:255]>Bloodplate</>la...\n<textColor=[215:94:94:255]>Blue Man</> gang.\nLet's examine it in detail)",
    "40035020": "(The other half of the forest was occupied by \n<textColor=[215:94:94:255]>Wolf</>)",
    "40035021": "(Oh my God! <textColor=[215:94:94:255]>Moonlight</>, isn't it?\nYou seem to have found the target for this exploration\n)",
    "40035022": "(Whew, I would have been very embarrassed if I didn't know it was <textColor=[215:94:94:255]>Welcome</>)",
    "40035023": "(This is \nthis is what <textColor=[215:94:94:255]>Illustrated Human Insect</> really looks like? \nOkay, let's start exploring!)",
    "40035024": "(Phew, <textColor=[110:216:175:255]>Drying Swamp</>\nI think I've looked around enough)",
    "40035025": "(This <textColor=[110:216:175:255]>Club</> has been \noccupied by the <textColor=[215:94:94:255]>Westerns</>. \nLet's start exploring)",
    "40035026": "(Wow! They really are all\n<textColor=[215:94:94:255]>Dangerous plants</>)",
    "40035027": "(How did <textColor=[215:94:94:255]>Blood Plaque</> get to \n<textColor=[110:216:175:255]>Cemetery</>? )",
    "40035028": "(...this is where \n<textColor=[78:148:215:255]>the early pioneers</> are buried\n<textColor=[110:216:175:255]>The Spirit Cemetery</>Logguna)",
    "40035029": "(These are <textColor=[215:94:94:255]>Weeping</>?\nWhat are you doing here?)",
    "40035030": "(<textColor=[110:216:175:255]>Note Forest</> Exploration \nthis is enough)",
    "40035031": "(Walking... plants?\nThis expedition would be\n<textColor=[215:94:94:255]>Honeywort</>)",
    "40035032": "(<textColor=[110:216:175:255]>Sun and Moon Continent</> has quite a few ancient\nremains)",
    "40035033": "(<textColor=[215:94:94:255]>Paradise</>Hey!\nThis expedition is perfect)",
    "40035034": "(The reason we live together by the creek is because \n<textColor=[215:94:94:255]>Paradise Daeseong</> haunts on the hills, right?)",
    "40035035": "(Oh, there are a lot of cute guys on this beach)",
    "40035036": "(<textColor=[215:94:94:255]>Dim</> is <textColor=[110:216:175:255]>Half Moon Lake</>\n<textColor=[ 215:94:94:255]>looks like a goblin</>)",
    "40035037": "(Oh, <textColor=[215:94:94:255]>turtle</> here too?\n<textColor=[215:94:94:255]>beach turtle</> is different)",
    "40035038": "(This <textColor=[110:216:175:255]>Mudlands</>\nThere are many menacing creatures)",
    "40035039": "(<textColor=[110:216:175:255]>Sunrise Ramp</> seems to be the domain of \n<textColor=[215:94:94:255]>Myomyeon</>. \nLet's take a look around)",
    "40035040": "(<textColor=[215:94:94:255]>Myomyeon</> are wary and hostile to humans...)",
    "40035041": "(Ugh... <textColor=[215:94:94:255]>Since the verse</>, \nnot smelling grass, but rather a rotten smell \nvibrating)",
    "40035042": "(Creatures from hillside have gathered to avoid\n<textColor=[215:94:94:255]>Essay</>)",
    "40035043": "(Surprising! \nThat's a really huge <textColor=[215:94:94:255]>Samyojeong</>!)",
    "40035044": "(Isn't that <textColor=[215:94:94:255]>Metallurgy</> on the waterside?\nIt looks a little different)",
    "40035045": "(Strong and violent. \nI think that's enough for <textColor=[110:216:175:255]>The Forest South of the Falls</>\nI've looked around enough)",
    "40035046": "(Dark mist is\nmystical <textColor=[110:216:175:255]>Highland</>.\nLet's take a look around)",
    "40035047": "(For what purpose did you come to\n<textColor=[110:216:175:255]>Highlands</>?)",
    "40035048": "(If this is enough, I think I've looked around at <textColor=[110:216:175:255]>Taerokrim</>\nat a glance)",
    "40035049": "(<textColor=[110:216:175:255]>Northern of Mistshadewood</>even\n<textColor=[215:94:94:255]>Welcome</>) ",
    "40035050": "(It was a dark and damp swamp\nto a thick fog...\nIt was a shady forest)",
    "40035051": "(Oh, definitely different from <textColor=[110:216:175:255]>Soowol Plains</>\n<textColor=[215:94:94:255]>Wolf</> Yes.\nLet's take a closer look!)",
    "40035052": "(Wow, there was a nice beach like this here.\nShall we start exploring?)",
    "40035053": "(You attack living beings \nindiscriminately. \nLet's go up the hill as well)",
    "40035054": "(<textColor=[215:94:94:255]>Neighboring creatures</>Would you like to look\nmore?)",
    "40035055": "(If you look at it from a distance,\nIt looks like a kite swaying in the wind)",
    "40035056": "(Hmm?! What are those <textColor=[215:94:94:255]>thieves</>?)",
    "40035057": "(<textColor=[215:94:94:255]>You're Dark</>\nYou're so playful. Huh? Over there!)",
    "40035058": "(Wait! That's <textColor=[215:94:94:255]>Spears</>?)",
    "40035059": "(...I was a sailor on a wrecked ship.\nThen those <textColor=[215:94:94:255]>Witches</>...)",
    "40035060": "(Phew, they are smart guys.\nOh my gosh! Over there <textColor=[215:94:94:255]>Burn up</>, right?!)",
    "40035061": "(<textColor=[215:94:94:255]>Blood Plague</> seems to have \nmade this forest their home)",
    "40035062": "(<textColor=[215:94:94:255]>Red plum</> and <textColor=[215:94:94:255]>Ho-Ryong Kwak</>? \n<textColor=[215 :94:94:255]>Let's investigate\nwith the surrounding creatures</>)",
    "40035063": "(...<textColor=[215:94:94:255]>Welcome Human Insect</>I hope you don't \nImitate this day.\nShall we look around a bit more?)",
    "40035064": "(Those weird things...\nAre they supposed to be plants?)",
    "40035065": "(Are you sure you're not trying to \nrob <textColor=[110:216:175:255]>Soul Graveyard</>...?\nLet's go inside)",
    "40035066": "(Abandoning the mission\nSaving self-interest...)",
    "40035067": "(Phew, it was hard.\nSometimes I see <textColor=[215:94:94:255]>Myomyeon</>)",
    "40035068": "(There are various creatures living along the creek next to the hill. \nShall we take a look around?)",
    "40035069": "(Your cute looks \nIf you're vigilant, you'll get in trouble)",
    "40035070": "(The road is complicated and dark\nThere must be a lot of people wandering...)",
    "40035071": "(Oh! There's also a <textColor=[215:94:94:255]>Myomyeon</> with a bow and \nshield over there!)",
    "40035072": "(It seems to have improved a bit.\nLet's take a look inside too)",
    "40035073": "(Even in this forest, there is <textColor=[215:94:94:255]>verse </>...\nI knew that pioneering took a lot of sacrifice\nbut I knew...)",
    "40035074": "(Ummm?! They're \n<textColor=[215:94:94:255]>Black Dawn</>?\nLet's take a closer look!)",
    "40035075": "(That <textColor=[215:94:94:255]>crocodile</> is really huge.\nLook carefully!)",
    "40035076": "(<textColor=[110:216:175:255]>Go down the hill</>\nWould you like to find the next destination?)",
    "40035077": "(Those guys look very\nhard?\nLet's take a closer look)"
}