{
    "10000900": "The Beginning of The Journey",
    "10000901": "Intensive Training of Poison Thing",
    "10000902": "The Final Task of the Poisonous Death",
    "10000903": "The Trial of Poisoning",
    "10000904": "The Trial of Poisoning",
    "10000905": "Chapter 1",
    "10000906": "Chapter 2",
    "10000907": "Chapter 3",
    "10000908": "Chapter 4",
    "10000909": "Chapter 5",
    "10001000": "the starting point of black and white",
    "10001001": "Master of Dawn",
    "10001002": "Prelude",
    "10001003": "Act 1",
    "10001100": "Ready for Battle",
    "10001101": "Finals",
    "10001102": "mark of innocence",
    "10001103": "four tigers",
    "10001104": "Suspicious Gunshot",
    "10001105": "Deeping Doubt",
    "10001106": "Mysterious Drink",
    "10001107": "Another task",
    "10001108": "Corridor of Awakening",
    "10001109": "Remains Revealed",
    "10001110": "Void Pit",
    "10001111": "fertility and memory",
    "10001112": "Conspiracy Uncovered",
    "10001113": "The Fallen Bullet",
    "10001114": "The follow-up",
    "10001115": "a terrible plan",
    "10001116": "Prepare for departure",
    "10001200": "Chapter 2",
    "10001201": "Chapter 3",
    "10001202": "Chapter 1",
    "10001203": "Chapter 2",
    "10001204": "Chapter 3",
    "10001205": "Chapter 4",
    "10001206": "Chapter 5",
    "10001207": "Chapter 6",
    "10001208": "Chapter 7",
    "10001209": "Chapter 8",
    "10001210": "Chapter 9",
    "10001211": "Chapter 10",
    "10001212": "Chapter 11",
    "10001213": "Chapter 12",
    "10001214": "Chapter 13",
    "10001215": "Chapter 14",
    "10001216": "Chapter 15",
    "10015000": "[Lv.6]>Exploration (Rotten Logging)",
    "10015001": "[Lv.6]>Exploration (Rotten Logging)",
    "10015002": "[Lv.7]>Exploration (Shallow Lake)",
    "10015003": "[Lv.7]>Exploration (Shallow Lake)",
    "10015004": "[Lv.7]>Exploration (Shallow Lake)",
    "10015005": "[Lv.7]>Exploration (Turtle)",
    "10015006": "[Lv.8]>Exploration (Remains Revealed)",
    "10015007": "[Lv.8]>Exploration (Remains Revealed)",
    "10015008": "[Lv.14]>Exploration (Blade Base)",
    "10015009": "[Lv.14]>Exploration (Brewmaster's Base)",
    "10015010": "[Lv.15]>Exploration (Old City Forest Road)",
    "10015011": "[Lv.15]>Exploration (Old City Forest Road)",
    "10015012": "[Lv.16]>Exploration (Spearman's Lair)",
    "10015013": "[Lv.16]>Exploration (Spearman's Lair)",
    "10015014": "[Lv.18]>Exploration (Deep Grave Forest)",
    "10015015": "[Lv.18]>Exploration (Deep Cemetery Forest)",
    "10015016": "[Lv.18]>Exploration (Deep Grave Forest)",
    "10015017": "[Lv.21]>Exploration (Sunset Pasture)",
    "10015018": "[Lv.21]>Exploration (Sunset Pasture)",
    "10015019": "[Lv.21]>Exploration (Sunset Pasture)",
    "10015020": "[Lv.23]>Exploration (Stone Hill Hills)",
    "10015021": "[Lv.23]>Exploration (Stone Hill Hills)",
    "10015022": "[Lv.23]>Exploration (Stone Hill Hills)",
    "10015023": "[Lv.26]>Exploration (Destroyed Suwa...)",
    "10015024": "[Lv.26]>Exploration (Destroyed Suwa...)",
    "10015025": "[Lv.30]>Exploration (Void Pit)",
    "10015026": "[Lv.30]>Exploration (Void Pit)",
    "17000000": "Investigate the Corridor of Awakening",
    "17000001": "Investigate the Awakening Corridor",
    "17000002": "Investigate the Awakening Corridor",
    "17000003": "Investigate the Corridor of Awakening",
    "17000004": "Investigate the Awakening Corridor",
    "17000005": "Investigate the Awakening Corridor",
    "17000006": "Investigate the Corridor of Awakening",
    "17000007": "Investigate the Corridor of Awakening",
    "17000008": "Investigate the Awakening Corridor",
    "17000009": "Investigate the Awakening Corridor",
    "17000010": "Investigate the Awakening Corridor",
    "17000011": "Investigate the Awakening Corridor",
    "17000012": "Investigate the Awakening Corridor",
    "17000013": "Investigate the Corridor of Awakening",
    "17000014": "Investigate the Awakening Corridor",
    "17000015": "Investigate the Corridor of Awakening",
    "17000016": "Investigate the Awakening Corridor",
    "17000017": "Investigate the Corridor of Awakening",
    "17000018": "Investigate the Corridor of Awakening",
    "18000000": "[Lv.7]>A delicacy among delicacies",
    "18000001": "[Lv.7]>Tochidochi Uproar",
    "18000002": "[Lv.7]>Dochi's hidden glitter!",
    "18000003": "[Lv.7]>In the swaying lotus leaf...",
    "18000004": "[Lv.7]>Moving Lotus Leaf",
    "18000005": "[Lv.7]>I can make an umbrella",
    "18000006": "[Lv.6]>Masters of the gutter",
    "18000007": "[Lv.6]>Cause of Smell",
    "18000008": "[Lv.6]>Westin Weapon Research",
    "18000009": "[Lv.7]>Hard shells are useful",
    "18000010": "[Lv.7]>Turtles are innocent!",
    "18000011": "[Lv.7]>Tortoise is guilty",
    "18000012": "[Lv.8]>Protect the ruins!",
    "18000013": "[Lv.8]>Like a moving rock!",
    "18000014": "[Lv.8]>Mystic Debris",
    "18000015": "[Lv.30]>Bulma Existence",
    "18000016": "[Lv.30]>Powerful Enemy",
    "18000017": "[Lv.30]>Traces of Cracks",
    "18000018": "[Lv.21]>Trouble in the Pasture",
    "18000019": "[Lv.21]>Natural Medicine, First",
    "18000020": "[Lv.21]>Natural Medicine, Second",
    "18000021": "[Lv.21]>I need red dye",
    "18000022": "[Lv.21]>I need golden dye",
    "18000023": "[Lv.21]>Lost Secret Book",
    "18000024": "[Lv.16]>Blood Vengeance",
    "18000025": "[Lv.16]>Unique Weapon of the Swordsman",
    "18000026": "[Lv.16]>Unexpected Fashion",
    "18000027": "[Lv.16]>Defeat the bandits",
    "18000028": "[Lv.23]>Threats of wild beasts",
    "18000029": "[Lv.23]>Get me the leather",
    "18000030": "[Lv.23]>Lost Luggage",
    "18000031": "[Lv.15]>Pedestrian Protection Mission",
    "18000032": "[Lv.15]>Spilled Bots",
    "18000033": "[Lv.15]>Proper Medicine",
    "18000034": "[Lv.15]>Spirit, Branch, No...",
    "18000035": "[Lv.14]>Stop the Fighters",
    "18000036": "[Lv.14]>For the rest of the animals",
    "18000037": "[Lv.18]>Precious Doll",
    "18000038": "[Lv.18]>I need to appease a ghost",
    "18000039": "[Lv.18]>Me, Seobang Kim, no.",
    "18000040": "[Lv.26]>slightly different creatures",
    "18000041": "[Lv.26]>Items left behind",
    "18000042": "[Lv.26]>Suwa Village Reconstruction Project",
    "18000043": "[Lv.26]>Erosioned Being",
    "18000044": "[Lv. - ]>Training Specialist",
    "18000045": "[Lv. - ]>Ereda Accompaniment Specialist",
    "18000046": "[Lv. - ]>Combination Expert",
    "18000047": "[Lv. - ]>Young Gyowon Collaboration Specialist",
    "18000048": "[Lv. - ]>Geumgyeongcheolmun Collaboration Specialist",
    "18000049": "[Lv. - ]>Coordination Specialist in Daeeobang",
    "18000050": "[Lv. - ]>Villagers' Solver",
    "18001000": "[Lv.30]>Oily Paw",
    "18001001": "[Lv.30]>Cobweb Research",
    "18001002": "[Lv.31]>Ecosystem Restoration",
    "18001003": "[Lv.31]>The secret recipe that keeps disappearing",
    "18001004": "[Lv.32]>Build a Defense Line",
    "18001005": "[Lv.32]>group of wolves",
    "18001006": "[Lv.32]>New Dye Development",
    "18001007": "[Lv.33]>Mandala noise problem",
    "18001008": "[Lv.34]>Delicacy of artisans!",
    "18001009": "[Lv.34]>Gathering Turtle Eggs",
    "18001010": "[Lv.35]>Coastal Turtle Shell",
    "18001011": "[Lv.35]>Defeat Darkness",
    "18001012": "[Lv.37]>Kill Man-eating Crocodiles",
    "18001013": "[Lv.40]>Stem of a Hard Plant",
    "18001014": "[Lv.40]>Find the lost luggage",
    "18001015": "[Lv.41]>Expulsion of the Blood Plaque",
    "18001016": "[Lv.41]>Burn the Blood Rifle Hood",
    "18001017": "[Lv.42]>Moonlight's Honor",
    "18001018": "[Lv.42]>Tobacco Research",
    "18001019": "[Lv.42]>Kwak Ho-ryong's prestige",
    "18001020": "[Lv.43]>Road to Frontier",
    "18001021": "[Lv.43]>Sudden Danger",
    "18001022": "[Lv.44]>Snake Mushroom Antidote",
    "18001023": "[Lv.45]>Secure the security near the graveyard",
    "18001024": "[Lv.45]>Defeat the Blood Plaque in the Graveyard",
    "18001025": "[Lv.46]>Potion Development",
    "18001026": "[Lv.47]>Ancient Myomyeon's Weapon",
    "18001027": "[Lv.47]>New research on ginseng",
    "18001028": "[Lv.47]>Raider Paradise",
    "18001029": "[Lv.47]>Making an umbrella with lotus leaves",
    "18001030": "[Lv.48]>Hill Management",
    "18001031": "[Lv.48]>Drive out the Myojung",
    "18001032": "[Lv.49]>Tricolor Oil",
    "18001033": "[Lv.49]>Taerokrim Suwon Management",
    "18001034": "[Lv.49]>Making a good brush",
    "18001035": "[Lv.51]>Myomyeon Defense",
    "18001036": "[Lv.51]>Tourist Protection Mission",
    "18001037": "[Lv.50]>Worker Protection Mission",
    "18001038": "Get [Lv.50]>Hard Hide",
    "18001039": "[Lv.49]>Darkness of the Beach",
    "18001040": "[Lv.49]>Delicacy, turtle eggs!",
    "18001041": "[Lv.35]>Herbs from nature",
    "18001042": "[Lv. - ]>Ereda Accompaniment Specialist",
    "18001043": "[Lv. - ]>Geumgyeongcheolmun Collaboration Specialist",
    "18001044": "[Lv. - ]>Combination Expert",
    "18001045": "[Lv. - ]>Training Specialist",
    "18001046": "[Lv. - ]>Young Gyowon Collaboration Specialist",
    "18001047": "[Lv. - ]>Myunghyedan Collaboration Specialist",
    "18001048": "[Lv. - ]>Villagers' Solver",
    "18002000": "[Lv.50]>Clean up the camp site",
    "18002001": "[Lv.50]>Mandala Noise",
    "18002002": "[Lv.53]>Trainee Protection",
    "18002003": "[Lv.52]>Scorpion Poison",
    "18002004": "[Lv.53]>Field Garbage Collection",
    "18002005": "[Lv.54]>Making a good brush",
    "18002006": "[Lv.54]>Protection of local residents",
    "18002007": "[Lv.54]>Protect me!",
    "18002008": "[Lv.51]>Another new dye development",
    "18002009": "[Lv.55]>I'm looking for a tiger skin",
    "18002010": "[Lv.55]>Eternal Rest",
    "18002011": "[Lv.55]>Crack Research Data",
    "18002012": "[Lv.60]>Metallurgy Metallurgy Metallurgy!",
    "18002013": "[Lv.60]>Finding good herbs",
    "18002014": "[Lv.56]>Value of Red Horn",
    "18002015": "[Lv.56]>Jellyfish in the Sky",
    "18002016": "[Lv.56]>Escape the Thunderbolt",
    "18002017": "[Lv.56]>New dye development",
    "18002018": "[Lv.56]>Value of Fireweed",
    "18002019": "[Lv.56]>Venomous Venom Shell",
    "18002020": "[Lv.56]>Uses of weeds",
    "18002021": "[Lv.57]>Good Quality Stone",
    "18002022": "[Lv.57]>Parchment Material",
    "18002023": "[Lv.56]>Quarry's Tool",
    "18002024": "[Lv.59]>Eliminate the Swordsman",
    "18002025": "[Lv.51]>Escape the Red Don",
    "18002026": "[Lv.59]>Swordsman Equipment Collection",
    "18002027": "[Lv.58]>mission to eradicate blue men",
    "18002028": "[Lv. - ]>Pungbaekmun Collaboration Specialist",
    "18002029": "[Lv. - ]>Geumgyeongcheolmun Collaboration Specialist",
    "18002030": "[Lv. - ]>Combination Expert",
    "18002031": "[Lv. - ]>Training Specialist",
    "18002032": "[Lv. - ]>Young Gyowon Collaboration Specialist",
    "18002033": "[Lv. - ]>Myunghyedan Collaboration Specialist",
    "18002034": "[Lv. - ]>Villagers' Solver",
    "19000001": "The lotus man covering the lake",
    "19000002": "Population Control",
    "19000003": "The Obstructor of the Fishing Ground",
    "19000004": "Investigation of the ruins",
    "19000005": "Investigate Historic Sites (Advanced)",
    "19000006": "Honglin, Guardian of the Ruins",
    "19000007": "Desolated Pastures",
    "19000008": "Desolated Pastures (Advanced)",
    "19000009": "Sweep the spear gang",
    "19000010": "Spear Sweep (Advanced)",
    "19000011": "Waryun, Captain of the Spear Team",
    "19000012": "Wild Animals in the Woods",
    "19000013": "Wild Animals in the Woods (Advanced)",
    "19000014": "The Transformed Divine Tree",
    "19000015": "Sweep the Barrows",
    "19000016": "Sweep the Blades (Advanced)",
    "19000017": "Chaerangrang, Captain of the Fighters",
    "19000018": "Investigate the Pit",
    "19000019": "Block Rift (Normal)",
    "19000020": "Block Rift (Advanced)",
    "19000021": "The Deep Cemetery Forest Threat",
    "19000022": "A small spark once again (Advanced)",
    "19000023": "Unusual giant spider",
    "19000024": "top predator",
    "19000025": "Top Predator (Advanced)",
    "19000026": "Ready to recover",
    "19000027": "Ready for recovery (advanced)",
    "19000028": "Corroded Westin Captain Westinsign",
    "19000029": "terrible ringing",
    "19000030": "Material protection",
    "19000031": "Neutralize the Red Don faction",
    "19000032": "Ecotopic",
    "19000033": "strange riddle",
    "19000034": "Remnant of the Black Dawn",
    "19000035": "Ingredients for Trade",
    "19000036": "a dilemma",
    "19000037": "The dead forest",
    "19000038": "The Great Threat",
    "19000039": "rest to life",
    "19000040": "a fight made by horns",
    "19000041": "The ominous energy of the canyon",
    "19000042": "Establish a stronghold",
    "19000043": "Forest Purification",
    "19000044": "Nightmare Forest",
    "19000045": "harder than rock",
    "19000046": "Dangerous Ramp",
    "19000047": "The Road to the Desert",
    "19000048": "Endless Greed",
    "19000049": "Gathering Spider",
    "19000050": "endemic cure",
    "19000051": "The best defense is attack",
    "19000052": "Causes of noise pollution",
    "19000053": "Catch the Fruit Thief",
    "19000054": "Moonlight Mischiefs",
    "19000055": "Keep the Rumor",
    "19000056": "I saw with my own two eyes",
    "19000057": "Flock of Wild",
    "19000058": "The Thieves in the Woods",
    "19000059": "After the rain, the ground is hardened",
    "19000060": "In the Deep Swamp Mist",
    "19000061": "Snake-like mushroom",
    "19000062": "In honor of the dead",
    "19000063": "Create an example",
    "19000064": "Terrible Hybrid",
    "19000065": "Not with cute face",
    "19000066": "Secure the Beach",
    "19000067": "Black Land",
    "19000068": "Those who build ivory towers",
    "19000069": "Even though the sun has risen today",
    "19000070": "The Animals of the Alpine",
    "15000001": "Shallow Lake",
    "15000002": "Rotten Logging",
    "15000003": "Subdue Turtle",
    "15000004": "Revealed Ruins",
    "15000005": "Sunset Pasture",
    "15000006": "The Lair of the Spears",
    "15000007": "The Old City Forest Road",
    "15000008": "Bloodhold Fortress",
    "15000009": "Stone Hill Hills",
    "15000010": "Void Pit",
    "15000011": "Deep Cemetery Forest",
    "15000012": "Destroyed Suwa Village",
    "15000013": "Red Slope Clearance",
    "15000014": "Red Forest Clearance",
    "15000015": "Reorganize the autumn leaves sunset valley",
    "15000016": "Clearing the Riddle Fields",
    "15000017": "Hill of Mononoke Theorem",
    "15000018": "clearing clearing",
    "15000019": "Clearing the Veil of the Forest",
    "15000020": "Clean Up Ashen Jungle",
    "15000021": "Clearing Fertile Ruins",
    "15000022": "Cleaning the Hideout of Disaster",
    "15000023": "Red Horn Road Clearance",
    "15000024": "Tarnish Canyon Clearance",
    "15000025": "Clean up the Dragon Head Cape",
    "15000026": "Cleaning up the forest of Samyojeong",
    "15000027": "Clean up the Dream Forest",
    "15000028": "Sutreulbawi Mountain Cleanup",
    "15000029": "Clean up the ramp of Sotulrock",
    "15000030": "Clean up the applause of waves",
    "15000031": "Clean up the fertility dig",
    "15000032": "clearing the spider forest path",
    "15000033": "Eastern Ecological Forest Clearance",
    "15000034": "Clearing the Green Horn Forest",
    "15000035": "Clean up in front of Mandala Falls",
    "15000036": "Clearing Abandoned Watchtowers",
    "15000037": "Cleaning up the wreckage of a wreck",
    "15000038": "footprint free shore clearance",
    "15000039": "Clean up the wreck's grave",
    "15000040": "Valley Windway Clearance",
    "15000041": "Clean up the Blood Forest",
    "15000042": "Clean Up South of Mistshade Forest",
    "15000043": "Clean up the withered swamp",
    "15000044": "Snake mushroom colony clearance",
    "15000045": "Clearing the Pioneer Memorial Cemetery",
    "15000046": "Reference Forest Clearance",
    "15000047": "Cleaning up damselfly marsh",
    "15000048": "Paradise Hill Clearance",
    "15000049": "Goblin Beach Cleanup",
    "15000050": "Clear the Black Mud",
    "15000051": "Clean up the grassy hill road",
    "15000052": "Sunrise Slope Clearance",
    "15000053": "Clean up the forest south of the Falls",
    "15000054": "Waterfog Plateau Clearance",
    "15000055": "Clean up the Northern Mistshade Forest",
    "15000056": "Clearing the Hill Forest",
    "15000057": "fine sand estuary clearance",
    "11000005": "Seawater trail!",
    "11000006": "Seawater trail!",
    "11000007": "Seawater trail!",
    "11000008": "Seawater trail!",
    "11000009": "Seawater trail!",
    "11000010": "Seawater trail!",
    "11000011": "Seawater trail!",
    "11000012": "Seawater trail!",
    "11000013": "Seawater trail!",
    "11000014": "Seawater trail!",
    "11000030": "Seawater trail!",
    "11000031": "Seawater trail!",
    "11000032": "Seawater trail!",
    "11000033": "Seawater trail!",
    "11000034": "Seawater trail!",
    "10010000": "The strongest spear and shield",
    "10010001": "Steel Faceguard",
    "10010002": "Gyu-Neun Kim, a crack maniac",
    "10010003": "How to get the perfect sample",
    "10010004": "Jojoon Jo, I'm a Jojo fanatic",
    "10010005": "Are there people like this...?",
    "10010006": "voyage log",
    "10010007": "Old Blue Man",
    "10010008": "The Woodcutter's Anxiety",
    "10010009": "Legend of the Twisted Divine Tree",
    "10010010": "everything in this bastard",
    "10010011": "Talking Spirit",
    "10010012": "Cursed Stone",
    "10010013": "The Lost Fleet",
    "10010014": "The Path of Medicine",
    "10010015": "Wild Conservation Movement",
    "10010016": "We are a pioneering barongdan!",
    "10010017": "Opening is full of temptations!",
    "10010018": "The pioneering is full of trials!",
    "10010019": "Destroyed Labyrinth",
    "10010020": "Appeared! Seawater Hunter!",
    "10010021": "Where did you hide?",
    "10010022": "Sorry goodbye",
    "10010023": "Crisis into opportunity!",
    "10010024": "You are the culprit!",
    "10010025": "leaving home",
    "10010026": "The Predator of the Old City Forest Road",
    "10010027": "Wild Wind",
    "10010028": "The Last Road",
    "10010029": "I want to go back!",
    "10010030": "It keeps doing this strangely",
    "10010031": "Mowasu with wisdom!",
    "10010032": "How to swim in the air",
    "10010033": "How to glide on the ground",
    "10005000": "Peaceful Half Moon Ranch",
    "10005001": "True Peaceful Vandal Ranch",
    "10005002": "Bought Rogue",
    "10005003": "Can I join?",
    "10005004": "Sword of Real Fake Truth",
    "10005005": "The Cursed Village",
    "10005006": "The Secret of the Forest",
    "10005007": "The Secret Revealed",
    "10005008": "a painful reality",
    "10005009": "Destroyed Suwa Village",
    "10005010": "Operation to Retake the Village",
    "10005011": "a monster that lives in the valley",
    "10005012": "The Fallen Bullet",
    "10005013": "Conspiracy Uncovered",
    "10025000": "Retired Recruiter",
    "10025001": "Establishing the morale of artisans",
    "10025002": "Saho's Migration Policy",
    "10025003": "Development of specialties",
    "10025004": "Difficulty in developing specialties",
    "10025005": "Misunderstanding of Discipline and Saho",
    "10025006": "Restoring Relationships",
    "10025007": "New Exploration",
    "10025008": "Exploring the Tomb of the Shipwreck",
    "10025200": "Poison in the valley water?",
    "10025201": "The value of mud",
    "10025202": "Safety on the slopes",
    "10025203": "People's Misunderstanding",
    "10025204": "The situation in the valley",
    "10030000": "Find the dog",
    "10030001": "Operator Needs Help",
    "10030002": "Extended antler",
    "10030003": "Collecting Farm Equipment Materials",
    "10030004": "abnormal reproduction of living things",
    "10030005": "Dangerous Beaches",
    "10030100": "Snake mushroom remedy",
    "10030101": "Manage the graveyard of spirits",
    "10030102": "Wreath",
    "10030103": "Location of bandits",
    "10030104": "Swamp Soil",
    "10030105": "The Withering Swamp",
    "10030106": "Wonderful sense of direction",
    "10030107": "an enemy of concern",
    "10030200": "safe waterfall",
    "10030201": "The feeling of paradise",
    "10030202": "Weeding? Combat Pesticide!",
    "10030203": "Dangerous Mud Zone",
    "10030204": "Precious Moss",
    "10045000": "Commercial value of fertile land",
    "10045001": "a difficult situation",
    "10045002": "Last Chance",
    "10045003": "Creating New Opportunities",
    "10045004": "Failure for Success",
    "10045100": "Good stone",
    "10045101": "Plum Blossom Expedition",
    "10045102": "Last Exploration",
    "10045103": "The Future of Drawing Wars",
    "10050000": "training like in real life",
    "10050001": "don't use anything",
    "10050002": "Where calamity dwells",
    "10050003": "The Pioneer Barongdan has arrived!!",
    "10050004": "Firstborn of the former Munju",
    "10050005": "Investigation of Red Don's Weapons",
    "10050006": "Scorpion Weapon",
    "10050007": "Handling noise issues",
    "10050008": "Scary Petroglyph",
    "10050009": "The best weapon of the Westerners",
    "10050100": "Adaptability of creatures",
    "10050101": "Mysterious and dangerous creatures",
    "10050102": "Evidence of the rise of the earth",
    "10050103": "Crystalizing Plague",
    "10050104": "Development of therapeutics",
    "10050105": "Researcher's first errand",
    "10050106": "Samyojeong's Mushroom",
    "18500000": "[Lv.7]>Sprout-Eating Thieves",
    "18500001": "[Lv.7]>Lake Hermit Crab",
    "18500002": "[Lv.7]>Troublesome Thieves",
    "18500003": "[Lv.7]>Poisonous Mushroom",
    "18500004": "[Lv.7]>Shallow Lake Lotus Leaf Man",
    "18500005": "[Lv.7]>Blue Crab Thief",
    "18500006": "[Lv.7]>Remove obstructions",
    "18500007": "[Lv.7]>Bad Fox",
    "18500008": "[Lv.6]>Saving Lumberjack",
    "18500009": "[Lv.6]>Cause of disease",
    "18500010": "[Lv.6]>Brutal Westin",
    "18500011": "[Lv.7]>Turtle Farm",
    "18500012": "[Lv.7]>Lakeside Turtle",
    "18500013": "[Lv.8]>Guardian with a sword",
    "18500014": "[Lv.8]>Artillery Guard",
    "18500015": "[Lv.8]>Eliminate Potential Hazards",
    "18500016": "[Lv.8]>Guardian of the Ruins",
    "18500017": "[Lv.16]>Mean Swordsman",
    "18500018": "[Lv.16]>Packed with bandits",
    "18500019": "[Lv.16]>Extermination of bandits",
    "18500020": "[Lv.15]>Old Spirit",
    "18500022": "[Lv.15]>Defeat the Predator",
    "18500023": "[Lv.15]>Forest Spirit",
    "18500024": "[Lv.14]>For the sake of medicine",
    "18500025": "[Lv.14]>Great Offensive of the Fighters",
    "18500026": "[Lv.14]>Vicious Fighters",
    "18500027": "[Lv.14]>Fighting Team Attack",
    "18500028": "[Lv.18]>Spider's Graveyard",
    "18500029": "[Lv.18]>Souls of the Graveyard",
    "18500030": "[Lv.18]>Graveyard Goblin",
    "18500031": "[Lv.21]>Fear of Livestock",
    "18500032": "[Lv.21]>Protecting Pastures",
    "18500033": "[Lv.21]>Shining Leaf",
    "18500034": "[Lv.23]>Wild Bear in the Hills",
    "18500035": "[Lv.23]>Hungry Tiger",
    "18500036": "[Lv.23]>Den of Beasts",
    "18500037": "[Lv.26]>Contamination Block",
    "18500038": "[Lv.26]>For safety",
    "18500039": "[Lv.26]>Help the Suwa",
    "18500040": "[Lv.27]>Helping Fishing",
    "18500041": "[Lv.28]>Spooky Crocodiles",
    "18500042": "[Lv.30]>Uninhabitable Land",
    "18500043": "[Lv.30]>only shell left",
    "18500044": "[Lv.30]>Pit of Despair",
    "18500501": "[Lv.30]>Remove Poisonous Mushroom",
    "18500502": "[Lv.30]>Scary Spider",
    "18500503": "[Lv.30]>Secure Forest Path",
    "18500504": "[Lv.31]>Attack without cause",
    "18500505": "[Lv.31]>Suspicious Myomyeon",
    "18500506": "[Lv.31]>Successive attacks",
    "18500507": "[Lv.33]>Dissonance",
    "18500508": "[Lv.33]>as noisy as a waterfall",
    "18500509": "[Lv.33]>Annoying Noise",
    "18500510": "[Lv.32]>Fearful Wolf",
    "18500511": "[Lv.32]>Haunting Danger",
    "18500512": "[Lv.32]>False Rumors",
    "18500513": "[Lv.34]>Saving Indigo Leaves",
    "18500514": "[Lv.34]>Small Dock",
    "18500515": "[Lv.34]>Suspicious",
    "18500516": "[Lv.35]>Wraith of the Shipwreck",
    "18500517": "[Lv.35]>Intruders on the shore",
    "18500518": "[Lv.35]>Goblin Prank",
    "18500519": "[Lv.37]>For Migrants",
    "18500520": "[Lv.39]>Dread Shipwreck",
    "18500521": "[Lv.37]>Coastal Thief",
    "18500522": "[Lv.40]>Ominous Omen",
    "18500523": "[Lv.40]>Petroglyph's Weapon",
    "18500524": "[Lv.40]>Savage Bear",
    "18500525": "[Lv.49]>Precious Clam",
    "18500526": "[Lv.49]>Coming Outbreak",
    "18500527": "[Lv.49]>Missing Tool",
    "18500528": "[Lv.49]>Beach Jewel",
    "18500529": "[Lv.41]>Stop Wolf Training",
    "18500530": "[Lv.41]>Vicious Thief",
    "18500531": "[Lv.41]>Red Mask",
    "18500532": "[Lv.42]>Aggressive Smoker",
    "18500533": "[Lv.42]>Illusion of the Moonlight",
    "18500534": "[Lv.42]>Illusion of Presence",
    "18500535": "[Lv.42]>Eliminate Danger",
    "18500536": "[Lv.43]>Dying Land",
    "18500537": "[Lv.43]>Dreadful Beast",
    "18500538": "[Lv.43]>Cause of Illusion",
    "18500539": "[Lv.43]>Plum Blossom and Illusion",
    "18500540": "[Lv.44]>Dangerous Mushroom",
    "18500541": "[Lv.44]>First Strike",
    "18500542": "[Lv.44]>Dangerous Safety",
    "18500543": "[Lv.45]>For the pioneer",
    "18500544": "[Lv.45]>Rest of the Dead",
    "18500545": "[Lv.46]>Request for Support",
    "18500546": "[Lv.46]>Sharp Turtle",
    "18500547": "[Lv.47]>Dazzling Swallowtail",
    "18500548": "[Lv.47]>Attack of the Myomyeon",
    "18500549": "[Lv.47]>Cannibal Plant",
    "18500550": "[Lv.47]>Paradise Attack",
    "18500551": "[Lv.47]>Endemic Effect",
    "18500552": "[Lv.47]>Paradise Waterfall",
    "18500553": "[Lv.48]>Verse of the Hill Road",
    "18500554": "[Lv.48]>Specialties Development",
    "18500555": "[Lv.48]>Hungry Spider",
    "18500556": "[Lv.48]>Food Investigation",
    "18500557": "[Lv.49]>Pillager of the Highlands",
    "18500558": "[Lv.49]>Herbalist Tricolor",
    "18500559": "[Lv.49]>Unstable Poem",
    "18500560": "[Lv.51]>Wacky Myomyeon",
    "18500561": "[Lv.51]>Soft Leather",
    "18500562": "[Lv.51]>Herbalist's Anxiety",
    "18500563": "[Lv.50]>Crocodile in the Dark",
    "18500564": "[Lv.50]>Reduce Victims",
    "18500565": "[Lv.50]>Clear Mud Spider",
    "18501001": "[Lv.50]>Menacing Red Don",
    "18501002": "[Lv.50]>Luxury Toy",
    "18501003": "[Lv.51]>Ferocious Wolf",
    "18501004": "[Lv.51]>Endemic Treatment",
    "18501005": "[Lv.51]>Drive out the Red Don",
    "18501006": "[Lv.51]>Neutralize the Red Don",
    "18501007": "[Lv.51]>Food for the Red Don",
    "18501008": "[Lv.52]>Breaker",
    "18501009": "[Lv.52]>Medicine if used well",
    "18501010": "[Lv.52]>Vengeful Spirit",
    "18501011": "[Lv.53]>Unfair play",
    "18501012": "[Lv.53]>Darkness of the Field",
    "18501013": "[Lv.53]>Severed Tree",
    "18501014": "[Lv.54]>Night Raider",
    "18501015": "[Lv.54]>Noisemaker",
    "18501016": "[Lv.54]>Stem Research",
    "18501017": "[Lv.54]>Frontline Protection",
    "18501018": "[Lv.54]>Blocking rumors",
    "18501019": "[Lv.54]>Forest Hazards",
    "18501020": "[Lv.54]>Pungbaekmun support",
    "18501021": "[Lv.54]>Weakening the Black Dawn",
    "18501022": "[Lv.54]>Shaman and Poisoner",
    "18501023": "[Lv.55]>Transformed Tiger",
    "18501024": "[Lv.55]>Fertility Research Specimen",
    "18501025": "[Lv.55]>Red-Eyes Westin",
    "18501026": "[Lv.55]>People who lost their souls",
    "18501027": "[Lv.55]>Burnout of Ruins",
    "18501028": "[Lv.55]>Burnout Research",
    "18501029": "[Lv.55]>From the Abyss",
    "18501030": "[Lv.55]>Fertility Powder",
    "18501031": "[Lv.55]>Traces of the Past",
    "18501032": "[Lv.60]>Wandering Ghost",
    "18501033": "[Lv.60]>Something that should not be delayed",
    "18501034": "[Lv.60]>Master of Hunting",
    "18501035": "[Lv.56]>The perfect cure",
    "18501036": "[Lv.56]>Deer Predator",
    "18501037": "[Lv.56]>Unscrupulous Poachers",
    "18501038": "[Lv.56]>Interfering with rest",
    "18501039": "[Lv.56]>Man-chasing Bird",
    "18501040": "[Lv.56]>Gorgeous Feather",
    "18501041": "[Lv.56]>Tobacco Research",
    "18501042": "[Lv.56]>Influence of taffy",
    "18501043": "[Lv.56]>Dangerous Forest",
    "18501044": "[Lv.56]>Wandering ginseng",
    "18501045": "[Lv.56]>Fire Plant",
    "18501046": "[Lv.56]>larva with germs",
    "18501047": "[Lv.57]>Food Supply",
    "18501048": "[Lv.57]>Bizarre",
    "18501049": "[Lv.57]>Identity Verification",
    "18501050": "[Lv.56]>Specialty Competition",
    "18501051": "[Lv.56]>Impossible to move",
    "18501052": "[Lv.59]>Blue Bandits",
    "18501053": "[Lv.59]>Buying Time",
    "18501054": "[Lv.58]>Clues Gathering",
    "18501055": "[Lv.58]>Armed Blue Man",
    "10035000": "[Lv.30]>Exploration (Spider Forest Path)",
    "10035001": "[Lv.30]>Exploration (Spider Forest Path)",
    "10035002": "[Lv.31]>Exploration (Eastern Ecology Group...)",
    "10035003": "[Lv.31]>Exploration (Eastern Ecology Group...)",
    "10035004": "[Lv.32]>Exploration (Green Horn Forest)",
    "10035005": "[Lv.32]>Exploration (Green Horn Forest)",
    "10035006": "[Lv.33]>Exploration (in front of Mandala Falls)",
    "10035007": "[Lv.33]>Exploration (in front of Mandala Falls)",
    "10035008": "[Lv.34]>Exploration (fine sand estuary)",
    "10035009": "[Lv.34]>Exploration (Abandoned Watchtower)",
    "10035010": "[Lv.34]>Exploration (Abandoned Watchtower)",
    "10035011": "[Lv.35]>Exploration (Wreck of a Shipwreck)",
    "10035012": "[Lv.35]>Exploration (Wreck of a Shipwreck)",
    "10035013": "[Lv.37]>Exploration (without footprints...)",
    "10035014": "[Lv.37]>Exploration (without footprints...)",
    "10035015": "[Lv.39]>Exploration (Wreck's Grave)",
    "10035016": "[Lv.39]>Exploration (Wreck's Grave)",
    "10035017": "[Lv.40]>Exploration (Valley Wind Road)",
    "10035018": "[Lv.40]>Exploration (Valley Wind Road)",
    "10035019": "[Lv.41]>Exploration (Blood Forest)",
    "10035020": "[Lv.41]>Exploration (Blood Rain Forest)",
    "10035021": "[Lv.42]>Exploration (South of Shadow Forest)",
    "10035022": "[Lv.42]>Exploration (South of Shadow Forest)",
    "10035023": "[Lv.43]>Exploration (going dry...)",
    "10035024": "[Lv.43]>Exploration (Going dry...)",
    "10035025": "[Lv.44]>Exploration (Snake Mushroom Colony)",
    "10035026": "[Lv.44]>Exploration (Snake Mushroom Colony)",
    "10035027": "[Lv.45]>Exploration (Pioneer Spirit...)",
    "10035028": "[Lv.45]>Exploration (Pioneer Spirit...)",
    "10035029": "[Lv.46]>Exploration (Reference Forest)",
    "10035030": "[Lv.46]>Exploration (Reference Forest)",
    "10035031": "[Lv.47]>Exploration (Cinnamon Reef Marsh)",
    "10035032": "[Lv.47]>Exploration (Cinnamon Reef Marsh)",
    "10035033": "[Lv.47]>Exploration (Paradise Hills)",
    "10035034": "[Lv.47]>Exploration (Paradise Hills)",
    "10035035": "[Lv.49]>Exploration (Goblin Beach)",
    "10035036": "[Lv.49]>Exploration (Goblin Beach)",
    "10035037": "[Lv.50]>Exploration (Black Mud Zone)",
    "10035038": "[Lv.50]>Exploration (Black Mud Zone)",
    "10035039": "[Lv.51]>Exploration (Sunrise Slope)",
    "10035040": "[Lv.51]>Exploration (Sunrise Slope)",
    "10035041": "[Lv.48]>Exploration (Grass Smell Hill Road)",
    "10035042": "[Lv.48]>Exploration (Grass Smell Hill Road)",
    "10035043": "[Lv.49]>Exploration (Forest South of Waterfall)",
    "10035044": "[Lv.49]>Exploration (Forest South of Waterfall)",
    "10035045": "[Lv.49]>Exploration (Forest South of Waterfall)",
    "10035046": "[Lv.49]>Exploration (Waterfog Plateau)",
    "10035047": "[Lv.49]>Exploration (Waterfog Plateau)",
    "10035048": "[Lv.42]>Exploration (Northern Shadow Forest)",
    "10035049": "[Lv.42]>Exploration (Northern Shadow Forest)",
    "10035050": "[Lv.32]>Exploration (Hill Forest)",
    "10035051": "[Lv.34]>Exploration (fine sand estuary)",
    "10055000": "[Lv.50]>Exploration (Red Slope)",
    "10055001": "[Lv.50]>Exploration (Red Slope)",
    "10055002": "[Lv.51]>Exploration (Red Forest Road)",
    "10055003": "[Lv.51]>Exploration (Red Forest Road)",
    "10055004": "[Lv.54]>Exploration (Hill of Mononoke)",
    "10055005": "[Lv.54]>Exploration (Hill of Mononoke)",
    "10055006": "[Lv.52]>Exploration (Autumn leaves sunset goal...)",
    "10055007": "[Lv.52]>Exploration (Autumn leaves sunset goal...)",
    "10055008": "[Lv.53]>Exploration (Enigma Field)",
    "10055009": "[Lv.54]>Exploration (Lumberjack)",
    "10055010": "[Lv.54]>Exploration (Lumberjack)",
    "10055011": "[Lv.54]>Exploration (Forest Veil)",
    "10055012": "[Lv.55]>Exploration (Ashen Jungle)",
    "10055013": "[Lv.55]>Exploration (Ashen Jungle)",
    "10055014": "[Lv.55]>Exploration (Fertile Ruins)",
    "10055015": "[Lv.55]>Exploration (Fertility Ruins)",
    "10055016": "[Lv.55]>Exploration (Fertility Dig)",
    "10055017": "[Lv.55]>Exploration (Fertility Dig)",
    "10055018": "[Lv.56]>Exploration (Red Horn Road)",
    "10055019": "[Lv.56]>Exploration (Red Horn Road)",
    "10055020": "[Lv.56]>Exploration (Forest of Dreams)",
    "10055021": "[Lv.56]>Exploration (Forest of Dreams)",
    "10055022": "[Lv.56]>Exploration (Applause of Wave Stone)",
    "10055023": "[Lv.56]>Exploration (Applause of Wave Stone)",
    "10055024": "[Lv.56]>Exploration (Rampage of Applause)",
    "10055025": "[Lv.56]>Exploration (Sotulbawi Mountain)",
    "10055026": "[Lv.56]>Exploration (Sotulbawi Mountain)",
    "10055027": "[Lv.56]>Exploration (Samyojeong Forest)",
    "10055028": "[Lv.56]>Exploration (Samyojeong Forest)",
    "10055029": "[Lv.57]>Exploration (Sir Sutulbawi...)",
    "10055030": "[Lv.57]>Exploration (Sir Sutulbawi...)",
    "10055031": "[Lv.58]>Exploration (Tartrite Canyon)",
    "10055032": "[Lv.58]>Exploration (Tericite Canyon)",
    "10055033": "[Lv.58]>Exploration (Tericite Canyon)",
    "10055034": "[Lv.59]>Exploration (Dragon Head Cape)",
    "10055035": "[Lv.59]>Exploration (Dragon Head Cape)",
    "10055036": "[Lv.59]>Exploration (Dragon Head Cape)",
    "10055037": "[Lv.60]>Exploration (Hideout of Disaster)",
    "10055038": "[Lv.60]>Exploration (Hideout of Disaster)",
    "10040000": "The Betrayed Red Don",
    "10040001": "The Servants of Darkness",
    "10040002": "Pungbaek's sore finger",
    "10040003": "open a rift",
    "10040005": "Chapter 1",
    "10040006": "Chapter 2",
    "10040007": "Chapter 3",
    "10040008": "Chapter 4",
    "10040009": "Act 3",
    "10040010": "Where the shadows passed",
    "10040011": "Act 4",
    "10040012": "Chapter 1",
    "10040013": "determination",
    "10040014": "a gift for a teacher",
    "10020000": "The Ereda Question",
    "10020001": "Preparation for sacrifice",
    "10020002": "a bell that calls the way",
    "10020003": "The President of Young Gyowon",
    "10020004": "Cheonshin Jerye",
    "10020006": "Moonlight Forest",
    "10020007": "To Pungbaekmun",
    "10020008": "Chapter 1",
    "10020009": "Chapter 2",
    "10020010": "Chapter 3",
    "10020011": "Chapter 4",
    "10020012": "Chapter 5",
    "10020014": "Chapter 6",
    "10020015": "Chapter 7",
    "10020016": "Act 2",
    "10020017": "one who opens the way",
    "10020018": "Chapter 8",
    "10020019": "Chapter 9",
    "10020020": "the sword that makes the way",
    "10020021": "A mirror that illuminates the way",
    "11000051": "[Seawater]>Black Bear Woofu[Lv.12]",
    "11000052": "[Seawater]>Giant Spider [Lv.23]",
    "11000053": "[Seawater]>Cactus [Lv.16]",
    "11000054": "[Seawater]>Tochi Wangfu[Lv.30]",
    "11000055": "[Seawater]Bautan[Lv.26]",
    "11000056": "[Seawater]>Mad Hwang Woong [Lv.32]",
    "11000057": "[Seawater]>Blood Horse [Lv.43]",
    "11000058": "[Seawater]>Westin East West[Lv.48]",
    "11000059": "[Seawater]>Dochi Wangdu [Lv.52]",
    "11000060": "[Seawater]>Hanzo [Lv.54]",
    "11000061": "[Seawater]>Old Spirit Tree [Lv.51]",
    "11000062": "[Seawater]>King of monstrosities [Lv.51]",
    "11000063": "[Seawater]>Explosive Black Cat [Lv.56]",
    "11000064": "[Seawater]>Iron Claw[Lv.56]",
    "11000065": "[Seawater]>Heretic [Lv.64]",
    "11000066": "Reunion with [Seawater]>Harvest God",
    "11000067": "[Seawater]>Reunited Seawater Expedition",
    "18500566": "[Lv.30]>Secure Forest Path",
    "18500567": "[Lv.31]>Stop Looting",
    "18500568": "[Lv.33]>Carrier Protection",
    "18500569": "[Lv.33]>Effect of Rift",
    "18500570": "[Lv.34]>Urgent Notice",
    "18500571": "[Lv.39]>For the people",
    "18500572": "[Lv.39]>Tricky Quest",
    "18500573": "[Lv.39]>Myunghye member's request",
    "18500574": "[Lv.39]>Suggestion of pictorial",
    "18500575": "[Lv.39]>Mysterious Poem",
    "18500576": "[Lv.37]>Exploring the Spear Group",
    "18500577": "[Lv.37]>Counterattack at the top",
    "18500578": "[Lv.37]>Aftermath of the Rift",
    "11000068": "[Lv.27]>Incorruptible Shipwreck",
    "11000069": "[Lv.27]>Hermit Crab Poison",
    "11000070": "[Lv.27]>A precious nourishing food",
    "11000071": "[Lv.27]>Investigate the wrecked ship",
    "11000072": "[Lv.27]>Get me a half moon candle!",
    "11000073": "[Lv.28]>Best Ingredients",
    "11000074": "[Lv.28]>A fish that lives in mud",
    "11000075": "I need [Lv.28]>Crocodile Skin",
    "11000076": "[Lv.28]>Special Meals for Discipline",
    "11000077": "[Lv.28]>Flowers blooming in the swamp",
    "18002035": "[Lv.50]>Mandala Weapon",
    "18002036": "[Lv.50]>Shadowtusk for dessert?",
    "18002037": "[Lv.52]>Tree Spirit's Moss",
    "18002038": "[Lv.52]>Toxic component of snake mushroom",
    "18002039": "[Lv.53]>It's burdensome for newbies",
    "18002040": "[Lv.57]>Rescue from the devil",
    "18002041": "[Lv.58]>Break through a solid defense line",
    "18002042": "[Lv.58]>Recycling Blue Man Weapons",
    "18002043": "[Lv.58]>Strange Weapon",
    "18002044": "[Lv.59]>Recycling of Spears' Weapons",
    "18002045": "[Lv.59]>Solving the Myunghye member crisis",
    "18002046": "[Lv.60]>Eliminate Stealth Spider",
    "18500579": "[Lv.41]>Reconnaissance of the Blood Plaque",
    "18500580": "[Lv.41]>Suspicious Movement",
    "18500581": "[Lv.45]>Reclaiming the place of fame",
    "18500582": "[Lv.45]>Thief in the Graveyard",
    "18500583": "[Lv.46]>Damaged Pride",
    "18500584": "[Lv.46]>Fidelity of Dohwasangjeon",
    "18500585": "[Lv.46]>Disgrace of Discipline",
    "18500586": "[Lv.50]>Possibility of Mud",
    "18500587": "[Lv.50]>Myunghyedan's plan",
    "18500588": "[Lv.50]>Danger Area",
    "18500589": "[Lv.50]>Uneasy change",
    "10030006": "Trap, we need a trap",
    "10030108": "Welcome Showdown",
    "10030109": "Take care of the herbalist",
    "10030110": "Reckless poaching, stop!",
    "10030205": "What you need for research",
    "10030206": "Preparing for the Sunrise",
    "10030207": "The Servant of Darkness",
    "10050200": "Reporting activities of Hyedan Myung",
    "10050201": "The Adventures of Little Detective Doi",
    "10050202": "The Suspicious Dungeon",
    "10050203": "The Tragedy of Fertilizer Mining",
    "10050204": "Tracking Illegal Poaching",
    "10050205": "Heat Stroke Remedy",
    "10050206": "The Dizzy Honeymoon",
    "10050207": "to the rift in the abyss",
    "10018001": "The 1st Half Moon Dance Festival",
    "10018002": "Vandal Dance Challenge -2-",
    "10018003": "Half Moon Ballroom Challenge -3-",
    "10018004": "Half-moon dance challenge -4-",
    "10018005": "Vandal Dance Challenge -5",
    "10018006": "Vandal Dance Challenge -6",
    "10018007": "Vandal Dance Challenge -7-",
    "10018008": "Vandal Dance Challenge -8-",
    "10018009": "Vandal Dance Challenge -9-",
    "10018010": "Vandal Dance Challenge -10-",
    "10045104": "the lost harem",
    "10045105": "Harem's whereabouts",
    "10045106": "revived harum"
}