{
    "95000064": "Accuracy is increased by 100%.",
    "95000065": "Critical rate is increased by 100%.",
    "95000066": "Increases your agility by 10000.",
    "95000067": "Increases Soul Activation Rate by 100%.",
    "95000068": "Protection is increased by 10000.",
    "95000069": "Increases bounce chance by 100%.",
    "95000070": "Suppression is increased by 10000.",
    "95000071": "Your control chance is increased by 100%.",
    "95000072": "Base attack speed is increased by 10%.",
    "95000073": "Base attack speed is increased by 20%.",
    "95000074": "Base attack speed is increased by 30%.",
    "95000075": "Base attack speed is increased by 40%.",
    "95000076": "Base attack speed is increased by 50%.",
    "95000077": "Base attack speed is increased by 60%.",
    "95000078": "Base attack speed is increased by 70%.",
    "95000079": "Base attack speed is increased by 80%.",
    "95000080": "Base attack speed is increased by 90%.",
    "95000081": "Base attack speed is increased by 100%.",
    "95000082": "Base attack speed is increased by 110%.",
    "95000083": "Base attack speed is increased by 120%.",
    "95000084": "Base attack speed is increased by 130%.",
    "95000085": "Base attack speed is increased by 140%.",
    "95000086": "Base attack speed is increased by 150%.",
    "95000087": "Base attack speed is increased by 160%.",
    "95000088": "Base attack speed is increased by 170%.",
    "95000089": "Base attack speed is increased by 180%.",
    "95000090": "Base attack speed is increased by 190%.",
    "95000091": "Base attack speed is increased by 200%.",
    "95000092": "Base attack speed is increased by 210%.",
    "95000093": "Base attack speed is increased by 220%.",
    "95000094": "Base attack speed is increased by 230%.",
    "95000095": "Base attack speed is increased by 240%.",
    "95000096": "Base attack speed is increased by 250%.",
    "95000097": "Base attack speed is increased by 260%.",
    "95000098": "Base attack speed is increased by 270%.",
    "95000099": "Base attack speed is increased by 280%.",
    "95000100": "Base attack speed is increased by 290%.",
    "95000101": "Base attack speed is increased by 300%.",
    "95000127": "Additional increase in health increase rate from +3<br/>Additional increase in all self-defense from +6",
    "95000128": "Additional increase in critical strike damage from +3<br/>Additional increase in attack power increase from +6",
    "95000132": "Additional increase in critical defense rate from +3<br/>Additional increase in skill damage amplification from +6",
    "95000133": "This is a gift for adventurers who have participated in pre-orders.",
    "95000277": "This is a present for adventurers who have participated in pre-orders.",
    "95000278": "Increases attack speed without attack by 10%.",
    "95000279": "Increases attack speed without attack by 20%.",
    "95000280": "Increases attack speed without attack by 30%.",
    "95000281": "Increases attack speed without attack by 40%.",
    "95000282": "Increases attack speed by 50%.",
    "95000283": "Increases attack speed by 60%.",
    "95000284": "Increases attack speed without attack by 70%.",
    "95000285": "Increases attack speed without attack by 80%.",
    "95000286": "Non-air attack speed is increased by 90%.",
    "95000287": "Increases attack speed without attack by 100%.",
    "95000288": "Increases attack speed without attack by 110%.",
    "95000289": "Increases attack speed without attack by 120%.",
    "95000290": "Increases attack speed without attack by 130%.",
    "95000291": "Increases attack speed without attack by 140%.",
    "95000292": "Increases attack speed without attack by 150%.",
    "95000293": "Increases attack speed by 160%.",
    "95000294": "Increases attack speed without attack by 170%.",
    "95000295": "Increases attack speed without attack by 180%.",
    "95000296": "Increases attack speed without attack by 190%.",
    "95000297": "Increases attack speed without attack by 200%.",
    "95000298": "Increases attack speed without attack by 210%.",
    "95000299": "Increases attack speed without attack by 220%.",
    "95000300": "Increases attack speed without attack by 230%.",
    "95000301": "Increases attack speed without attack by 240%.",
    "95000302": "Increases attack speed without attack by 250%.",
    "95000303": "Non-air attack speed is increased by 260%.",
    "95000304": "Increases attack speed without attack by 270%.",
    "95000305": "Non-air attack speed is increased by 280%.",
    "95000306": "Non-air attack speed is increased by 290%.",
    "95000307": "Increases attack speed without attack by 300%.",
    "95000308": "Health regeneration is increased by 5.",
    "95000309": "Health regeneration is increased by 10.",
    "95000310": "Health regeneration is increased by 20.",
    "95000311": "Health regeneration is increased by 30.",
    "95000312": "Increases Soul Activation Rate by 5%.",
    "95000313": "Increases Soul Activation Rate by 10%.",
    "95000314": "Increases Soul Activation Rate by 15%.",
    "95000315": "Increases Soul Activation Rate by 20%.",
    "95000316": "Increases Soul Activation Rate by 25%.",
    "95000317": "Increases Soul Activation Rate by 30%.",
    "95000318": "Increases Soul Activation Rate by 35%.",
    "95000319": "Increases Soul Activation Rate by 40%.",
    "95000320": "Increases Soul Activation Rate by 45%.",
    "95000321": "Increases Soul Activation Rate by 50%.",
    "95000322": "Increases critical strike chance correction by 5%.",
    "95000323": "Increases critical strike chance correction by 10%.",
    "95000324": "Increases critical strike chance correction by 15%.",
    "95000325": "Increases critical strike chance correction by 20%.",
    "95000326": "Increases critical strike chance correction by 25%.",
    "95000327": "Increases critical strike chance correction by 30%.",
    "95000328": "Increases critical strike chance correction by 35%.",
    "95000329": "Increases critical strike chance correction by 40%.",
    "95000330": "Increases critical strike chance correction by 45%.",
    "95000331": "Increases critical strike chance correction by 50%.",
    "95000332": "Additional increase in strength regeneration when strengthening +3<br/>Additional skill when strengthening to +5<br/>Additional increase in soul activation rate when strengthening to +7",
    "95000333": "Additional fortitude when strengthening +4<br/>Additional increase in critical resistance when strengthening to +6<br/>Additional increase in self-defense when strengthening to +8",
    "95000337": "Increases the damage amplification of part destruction by 10%.",
    "95000338": "Increases the damage amplification of part destruction by 20%.",
    "95000339": "Increases the damage amplification of part destruction by 30%.",
    "95000340": "Increases the damage amplification of part destruction by 40%.",
    "95000341": "Increases Segment Damage Amplification by 50%.",
    "95000342": "Increases Segment Damage Amplification by 60%.",
    "95000343": "Increases Segment Damage Amplification by 70%.",
    "95000344": "Increases Segment Damage Amplification by 80%.",
    "95000345": "Increases Segment Damage Amplification by 90%.",
    "95000346": "Increases Segment Damage Amplification by 100%.",
    "95000347": "Increased damage amplification by 110%.",
    "95000348": "Increases Segment Damage Amplification by 120%.",
    "95000349": "Increases the damage amplification of part destruction by 130%.",
    "95000350": "Increases Segment Damage Amplification by 140%.",
    "95000351": "Breaking damage amplification is increased by 150%.",
    "95000352": "Breaking damage amplification is increased by 160%.",
    "95000353": "Breaking damage amplification is increased by 170%.",
    "95000354": "Increases Segment Damage Amplification by 180%.",
    "95000355": "Increased damage amplification by 190%.",
    "95000356": "Increased damage amplification by 200%.",
    "95000357": "Control damage amplification is increased by 10%.",
    "95000358": "Increases Control Damage Amplification by 20%.",
    "95000359": "Control damage amplification is increased by 30%.",
    "95000360": "Increases control damage amplification by 40%.",
    "95000361": "Control damage amplification is increased by 50%.",
    "95000362": "Control damage amplification is increased by 60%.",
    "95000363": "Control damage amplification is increased by 70%.",
    "95000364": "Control damage amplification is increased by 80%.",
    "95000365": "Control damage amplification is increased by 90%.",
    "95000366": "Control damage amplification is increased by 100%.",
    "95000367": "Control damage amplification is increased by 110%.",
    "95000368": "Control damage amplification is increased by 120%.",
    "95000369": "Control damage amplification is increased by 130%.",
    "95000370": "Control damage amplification is increased by 140%.",
    "95000371": "Control damage amplification is increased by 150%.",
    "95000372": "Control damage amplification is increased by 160%.",
    "95000373": "Increases control damage amplification by 170%.",
    "95000374": "Control damage amplification is increased by 180%.",
    "95000375": "Control damage amplification is increased by 190%.",
    "95000376": "Control damage amplification is increased by 200%.",
    "95000377": "Base attack speed is increased by 72%.",
    "95301001": "Additional increase in self-defense from +3\nAdditional increase in soul resistance from +5\nadditional increase in control resistance from +6",
    "95301002": "Additional increase in attack power from +3\nadditional increase in fatality rate from +5\nadditional increase in attack damage amplification from +6",
    "95304001": "Additional increase in weapon attack power from +3\nAdditional increase in control hit rate from +5\nAdditional increase in basic attack speed from +6",
    "95304002": "Additional increase in defense from +3\nadditional increase in non-attack resistance from +5\nadditional increase in control resistance from +6",
    "95307001": "When enhancing, potion recovery increases by 1, and potion recovery rate increases by 2%\n\nAdditional evasion increase from +3 \nadditional critical resistance increase from +5",
    "95103001": "Additional increase in wood damage resistance when +3 strengthening\nAdditional increase in wood damage resistance when strengthening +5\nAdditional increase in wood damage resistance when strengthening +7",
    "95103002": "+3 additional increase in fire damage resistance when enhanced\n+5 additional increase in fire damage resistance when enhanced\n+7 additional increase in fire damage resistance when enhanced",
    "95103003": "Additional increase in water damage resistance when strengthening +3\nadditional increase in water damage resistance when strengthening by 5\n+7 additional increase in water damage resistance when strengthening",
    "95103004": "Additional increase in metal damage resistance when strengthening +3\nAdditional increase in resistance to metal damage when strengthening by +5\nAdditional increase in resistance to metal damage when strengthening by +7",
    "95103005": "Additional increase in brain damage resistance when strengthening +3\nAdditional increase in brain damage resistance when strengthening by +5\nAdditional increase in brain damage resistance when strengthening by +7",
    "95103006": "Additional increase in wind property damage resistance when +3 enhancement\nAdditional increase in wind damage resistance when +5 enhancement\nadditional increase in wind damage resistance when strengthening +7",
    "95103201": "Additional increase in wind damage resistance when strengthening +3\nAdditional increase in wind damage resistance when strengthening by +5\nAdditional increase in wind damage resistance when strengthening by +7",
    "95103202": "Additional increase in brain damage resistance when strengthening +3\nAdditional increase in brain damage resistance when strengthening by +5\nAdditional increase in brain damage resistance when strengthening by +7",
    "95103204": "Additional increase in wood property damage resistance when strengthening +3\nAdditional increase in wood damage resistance when strengthening +5\nAdditional increase in wood damage resistance when strengthening +7",
    "95103205": "Additional increase in metal damage resistance when strengthening +3\nAdditional increase in resistance to metal damage when enhancing by +5\nAdditional increase in resistance to metal damage when strengthening by +7",
    "95103207": "+3 additional increase in fire damage resistance when enhanced\n+5 additional increase in fire damage resistance when enhanced\n+7 additional increase in fire damage resistance when enhanced",
    "95103208": "Additional increase in water property damage resistance when strengthening +3\nadditional increase in water damage resistance when strengthening by 5\n+7 additional increase in water damage resistance when strengthening",
    "95103401": "Additional increase in cancer damage resistance when strengthening +3\nAdditional increase in resistance to cancer damage when strengthening by +5\nAdditional increase in resistance to cancer damage when strengthening by +7",
    "95103404": "Additional increase in light damage resistance when +3 enhancement\nAdditional increase in light damage resistance when +5 enhancement\n+7 additional increase in light damage resistance when strengthening",
    "95201001": "Can be obtained from [Collaboration], [Imprinted Equipment Box].",
    "95201002": "Can be obtained by [Crafting].",
    "95201003": "Can be obtained from [Imprinted Equipment Box].",
    "95201201": "Can be obtained from [Collaboration].",
    "95201202": "Can be obtained through [Imprinted Equipment]>or [Crafting].",
    "95201203": "Can be obtained through [Imprinted Equipment]>or [Crafting].",
    "95201401": "Can be obtained through [Collaboration]>or [Crafting].",
    "95202001": "Can be obtained from [Collaboration].",
    "95202003": "Can be obtained from [Imprinted Equipment].",
    "95202004": "Can be obtained by [Crafting].",
    "95202005": "Can be obtained from [Imprinted Equipment Box].",
    "95202201": "Can be obtained from [Collaboration].",
    "95202202": "Can be obtained by [Crafting].",
    "95202203": "Can be obtained from [Imprinted Equipment]>or [Crafted].",
    "95202205": "Can be obtained from [Imprinted Equipment].",
    "95202206": "Can be obtained by [Crafting].",
    "95202401": "Can be obtained from [Collaboration].",
    "95202402": "Can be obtained by [Crafting].",
    "95202403": "Can be obtained from [Imprinted Equipment].",
    "95203001": "Can be obtained from [Collaboration].\n\nAdditional increase in wood property damage resistance when +3 strengthening\nAdditional increase in wood damage resistance when strengthening +5\n+7 wood damage resistance when strengthening additional rise",
    "95203002": "Can be obtained through [Crafting].\n\n+3 additional increase in fire damage resistance when enhanced\n+5 additional increase in fire damage resistance when enhanced\n+7 additional increase in fire damage resistance when enhanced additional rise",
    "95203003": "Can be obtained from [Imprinted Equipment Box].\n\nAdditional increase in water property damage resistance when +3 strengthening\n+5 additional increase in water damage resistance when strengthening\n+7 water property when strengthening Additional increase in damage resistance",
    "95203004": "Additional increase in metal damage resistance when strengthening +3\nAdditional increase in resistance to metal damage when strengthening by +5\nAdditional increase in resistance to metal damage when strengthening by +7",
    "95203005": "Can be obtained from [Imprinted Equipment Box].\n\nAdditional increase in brain damage resistance when +3 enhancement\nAdditional increase in brain damage resistance when +5 enhancement\n+7 enhancement in brain property Additional increase in damage resistance",
    "95203006": "Additional increase in wind property damage resistance when strengthening +3\nAdditional increase in wind damage resistance when strengthening by +5\nAdditional increase in wind damage resistance when strengthening by +7",
    "95203201": "Can be obtained from [Collaboration].\n\nAdditional increase in wind property damage resistance when +3 strengthening\nAdditional increase in wind damage resistance when +5 enhancement\n+7 wind damage resistance when strengthening additional rise",
    "95203202": "Additional increase in brain damage resistance when strengthening +3\nAdditional increase in brain damage resistance when strengthening by +5\nAdditional increase in brain damage resistance when strengthening by +7",
    "95203203": "Can be obtained from [Engraving Equipment]>or [Crafting].",
    "95203204": "Additional increase in wood damage resistance when strengthening +3\nAdditional increase in wood damage resistance when strengthening by +5\nAdditional increase in wood damage resistance when strengthening +7",
    "95203205": "Additional increase in metal damage resistance when strengthening +3\nAdditional increase in resistance to metal damage when strengthening by +5\nAdditional increase in resistance to metal damage when strengthening by +7",
    "95203206": "Can be obtained by [Crafting].",
    "95203207": "+3 additional increase in fire damage resistance when enhanced\n+5 additional increase in fire damage resistance when enhanced\n+7 additional increase in fire damage resistance when enhanced",
    "95203208": "Can be obtained from [Engraving Equipment Box].\n\nAdditional increase in water property damage resistance when +3 enhancement\n+5 additional increase in water property damage resistance when strengthening\n+7 water property when enhancement Additional increase in damage resistance",
    "95203401": "Can be obtained from [Collaboration].\n\nAdditional increase in cancer damage resistance when +3 enhancement\nAdditional increase in cancer damage resistance when +5 enhancement\n+7 enhancement in cancer damage resistance additional rise",
    "95203403": "Can be obtained from [Imprinted Equipment Box].",
    "95203404": "Can be obtained through [Crafting].\n\nAdditional increase in light damage resistance when +3 enhancement\n+5 additional increase in light damage resistance when strengthening\n+7 increase in light damage resistance when strengthening additional rise",
    "95204001": "Can be obtained from [Collaboration], [Imprinted Equipment Box].",
    "95204002": "Can be obtained by [Crafting].",
    "95204003": "Can be obtained from [Engraving Box].",
    "95204201": "Can be obtained from [Collaboration].",
    "95204202": "Can be obtained from [Imprinted Equipment]>or [Crafted].",
    "95204203": "Can be obtained from [Imprinted Equipment]>or [Crafted].",
    "95204401": "Can be obtained through [Collaboration]>or [Crafting].",
    "95205001": "Can be obtained from [Collaboration].",
    "95205002": "Can be obtained by [Crafting].",
    "95205003": "Can be obtained from [Imprinted Equipment].",
    "95205005": "Can be obtained from [Imprinted Equipment].",
    "95205201": "Can be obtained from [Collaboration].",
    "95205203": "Can be obtained from [Imprinted Equipment Box].",
    "95205204": "Can be obtained by [Crafting].",
    "95205205": "Can be obtained from [Imprinted Equipment].",
    "95205206": "Can be obtained by [Crafting].",
    "95205401": "Can be obtained from [Collaboration].",
    "95205402": "Can be obtained by [Crafting]>in [Imprinted Equipment].",
    "95000037": "<br/><br/><fontStyle=[TestStyleB]>Where to get it</><br/><img src=[Texture2D'/Game/UI/Resource/Img/Texture/Itemicon/Icon_Test_TextForm_002.Icon_Test_TextForm_002']>width=[20]>height=[20]/>lotus man<br/><img src=[Texture2D'/Game/UI/Resource/Img/Texture/Itemicon/Icon_Test_TextForm_002.Icon_Test_TextForm_002']>width=[20]>height=[20]/>thief<br/><img src=[Texture2D'/Game/UI/Resource/Img/Texture/Itemicon/Icon_Test_TextForm_002.Icon_Test_TextForm_002']>width=[20]>height=[20]/>big dagger<br/><img src=[Texture2D'/Game/UI/Resource/Img/Texture/Itemicon/Icon_Test_TextForm_002.Icon_Test_TextForm_002']>width=[20]>height=[20]/>giant mushroom<br/><img src=[Texture2D'/Game/UI/Resource/Img/Texture/Itemicon/Icon_Test_TextForm_002.Icon_Test_TextForm_002']>width=[20]>height=[20]/>blue hermit crab",
    "95000038": "<br/><br/><fontStyle=[TestStyleB]>Where to get it</><br/><img src=[Texture2D'/Game/UI/Resource/Img/Texture/Itemicon/Icon_Test_TextForm_002.Icon_Test_TextForm_002']>width=[20]>height=[20]/>western people<br/><img src=[Texture2D'/Game/UI/Resource/Img/Texture/Itemicon/Icon_Test_TextForm_002.Icon_Test_TextForm_002']>width=[20]>height=[20]/>cactus<br/><img src=[Texture2D'/Game/UI/Resource/Img/Texture/Itemicon/Icon_Test_TextForm_002.Icon_Test_TextForm_002']>width=[20]>height=[20]/>eroded western people",
    "95000039": "<br/><br/><fontStyle=[TestStyleB]>Where to get it</><br/><img src=[Texture2D'/Game/UI/Resource/Img/Texture/Itemicon/Icon_Test_TextForm_002.Icon_Test_TextForm_002']>width=[20]>height=[20]/>lake turtle<br/><img src=[Texture2D'/Game/UI/Resource/Img/Texture/Itemicon/Icon_Test_TextForm_002.Icon_Test_TextForm_002']>width=[20]>height=[20]/>bautan<br/><img src=[Texture2D'/Game/UI/Resource/Img/Texture/Itemicon/Icon_Test_TextForm_002.Icon_Test_TextForm_002']>width=[20]>height=[20]/>deer",
    "95000102": "<br/><br/><fontStyle=[TestStyleB]>Where to get it</><br/><img src=[Texture2D'/Game/UI/Resource/Img/Texture/Itemicon/Icon_Test_TextForm_002.Icon_Test_TextForm_002']>width=[20]>height=[20]/>giant spider<br/><img src=[Texture2D'/Game/UI/Resource/Img/Texture/Itemicon/Icon_Test_TextForm_002.Icon_Test_TextForm_002']>width=[20]>height=[20]/>Spider<br/><img src=[Texture2D'/Game/UI/Resource/Img/Texture/Itemicon/Icon_Test_TextForm_002.Icon_Test_TextForm_002']>width=[20]>height=[20]/>wisp",
    "95000103": "<br/><br/><fontStyle=[TestStyleB]>Where to get it</><br/><img src=[Texture2D'/Game/UI/Resource/Img/Texture/Itemicon/Icon_Test_TextForm_002.Icon_Test_TextForm_002']>width=[20]>height=[20]/>deer<br/><img src=[Texture2D'/Game/UI/Resource/Img/Texture/Itemicon/Icon_Test_TextForm_002.Icon_Test_TextForm_002']>width=[20]>height=[20]/>A wolf<br/><img src=[Texture2D'/Game/UI/Resource/Img/Texture/Itemicon/Icon_Test_TextForm_002.Icon_Test_TextForm_002']>width=[20]>height=[20]/swamp crocodile<br/><img src=[Texture2D'/Game/UI/Resource/Img/Texture/Itemicon/Icon_Test_TextForm_002.Icon_Test_TextForm_002']>width=[20]>height=[20]/>eroded swamp crocodile<br/><img src=[Texture2D'/Game/UI/Resource/Img/Texture/Itemicon/Icon_Test_TextForm_002.Icon_Test_TextForm_002']>width=[20]>height=[20]/>eroded scorpion",
    "95000104": "<br/><br/><fontStyle=[TestStyleB]>Where to get it</><br/><img src=[Texture2D'/Game/UI/Resource/Img/Texture/Itemicon/Icon_Test_TextForm_002.Icon_Test_TextForm_002']>width=[20]>height=[20]/>paradoxical<br/><img src=[Texture2D'/Game/UI/Resource/Img/Texture/Itemicon/Icon_Test_TextForm_002.Icon_Test_TextForm_002']>width=[20]>height=[20]/>Choryeongmok<br/><img src=[Texture2D'/Game/UI/Resource/Img/Texture/Itemicon/Icon_Test_TextForm_002.Icon_Test_TextForm_002']>width=[20]>height=[20]/>steel music",
    "95000105": "<br/><br/><fontStyle=[TestStyleB]>Where to get it</><br/><img src=[Texture2D'/Game/UI/Resource/Img/Texture/Itemicon/Icon_Test_TextForm_002.Icon_Test_TextForm_002']>width=[20]>height=[20]/>Choryeongmok<br/><img src=[Texture2D'/Game/UI/Resource/Img/Texture/Itemicon/Icon_Test_TextForm_002.Icon_Test_TextForm_002']>width=[20]>height=[20]/>paradoxical",
    "95000106": "<br/><br/><fontStyle=[TestStyleB]>Where to get it</><br/><img src=[Texture2D'/Game/UI/Resource/Img/Texture/Itemicon/Icon_Test_TextForm_002.Icon_Test_TextForm_002']>width=[20]>height=[20]/>Choryeongmok<br/><img src=[Texture2D'/Game/UI/Resource/Img/Texture/Itemicon/Icon_Test_TextForm_002.Icon_Test_TextForm_002']>width=[20]>height=[20]/>Choryeongmok",
    "95000107": "<br/><br/><fontStyle=[TestStyleB]>Where to get it</><br/><img src=[Texture2D'/Game/UI/Resource/Img/Texture/Itemicon/Icon_Test_TextForm_002.Icon_Test_TextForm_002']>width=[20]>height=[20]/>Choryeongmok<br/><img src=[Texture2D'/Game/UI/Resource/Img/Texture/Itemicon/Icon_Test_TextForm_002.Icon_Test_TextForm_002']>width=[20]>height=[20]/>Choryeongmok",
    "95000110": "<br/><br/><fontStyle=[TestStyleB]>Where to get it</><br/><img src=[Texture2D'/Game/UI/Resource/Img/Texture/Itemicon/Icon_Test_TextForm_002.Icon_Test_TextForm_002']>width=[20]>height=[20]/>giant spider<br/><img src=[Texture2D'/Game/UI/Resource/Img/Texture/Itemicon/Icon_Test_TextForm_002.Icon_Test_TextForm_002']>width=[20]>height=[20]/>Spider<br/><img src=[Texture2D'/Game/UI/Resource/Img/Texture/Itemicon/Icon_Test_TextForm_002.Icon_Test_TextForm_002']>width=[20]>height=[20]/>wisp",
    "95000111": "<br/><br/><fontStyle=[TestStyleB]>Where to get it</><br/><img src=[Texture2D'/Game/UI/Resource/Img/Texture/Itemicon/Icon_Test_TextForm_002.Icon_Test_TextForm_002']>width=[20]>height=[20]/>deer<br/><img src=[Texture2D'/Game/UI/Resource/Img/Texture/Itemicon/Icon_Test_TextForm_002.Icon_Test_TextForm_002']>width=[20]>height=[20]/>A wolf<br/><img src=[Texture2D'/Game/UI/Resource/Img/Texture/Itemicon/Icon_Test_TextForm_002.Icon_Test_TextForm_002']>width=[20]>height=[20]/>Swamp Crocodile<br/><img src=[Texture2D'/Game/UI/Resource/Img/Texture/Itemicon/Icon_Test_TextForm_002.Icon_Test_TextForm_002']>width=[20]>height=[20]/>eroded swamp crocodile<br/><img src=[Texture2D'/Game/UI/Resource/Img/Texture/Itemicon/Icon_Test_TextForm_002.Icon_Test_TextForm_002']>width=[20]>height=[20]/>eroded scorpion",
    "95000112": "<br/><br/><fontStyle=[TestStyleB]>Where to get it</><br/><img src=[Texture2D'/Game/UI/Resource/Img/Texture/Itemicon/Icon_Test_TextForm_002.Icon_Test_TextForm_002']>width=[20]>height=[20]/>paradoxical<br/><img src=[Texture2D'/Game/UI/Resource/Img/Texture/Itemicon/Icon_Test_TextForm_002.Icon_Test_TextForm_002']>width=[20]>height=[20]/>Choryeongmok<br/><img src=[Texture2D'/Game/UI/Resource/Img/Texture/Itemicon/Icon_Test_TextForm_002.Icon_Test_TextForm_002']>width=[20]>height=[20]/>steel music",
    "95000113": "<br/><br/><fontStyle=[TestStyleB]>Where to get it</><br/><img src=[Texture2D'/Game/UI/Resource/Img/Texture/Itemicon/Icon_Test_TextForm_002.Icon_Test_TextForm_002']>width=[20]>height=[20]/>Choryeongmok<br/><img src=[Texture2D'/Game/UI/Resource/Img/Texture/Itemicon/Icon_Test_TextForm_002.Icon_Test_TextForm_002']>width=[20]>height=[20]/>paradoxical",
    "95000114": "<br/><br/><fontStyle=[TestStyleB]>Where to get it</><br/><img src=[Texture2D'/Game/UI/Resource/Img/Texture/Itemicon/Icon_Test_TextForm_002.Icon_Test_TextForm_002']>width=[20]>height=[20]/>Choryeongmok<br/><img src=[Texture2D'/Game/UI/Resource/Img/Texture/Itemicon/Icon_Test_TextForm_002.Icon_Test_TextForm_002']>width=[20]>height=[20]/>Choryeongmok",
    "95000115": "<br/><br/><fontStyle=[TestStyleB]>Where to get it</><br/><img src=[Texture2D'/Game/UI/Resource/Img/Texture/Itemicon/Icon_Test_TextForm_002.Icon_Test_TextForm_002']>width=[20]>height=[20]/>Choryeongmok<br/><img src=[Texture2D'/Game/UI/Resource/Img/Texture/Itemicon/Icon_Test_TextForm_002.Icon_Test_TextForm_002']>width=[20]>height=[20]/>Choryeongmok",
    "95000118": "<br/><br/><fontStyle=[TestStyleB]>Where to get it</><br/><img src=[Texture2D'/Game/UI/Resource/Img/Texture/Itemicon/Icon_Test_TextForm_002.Icon_Test_TextForm_002']>width=[20]>height=[20]/>giant spider<br/><img src=[Texture2D'/Game/UI/Resource/Img/Texture/Itemicon/Icon_Test_TextForm_002.Icon_Test_TextForm_002']>width=[20]>height=[20]/>Spider<br/><img src=[Texture2D'/Game/UI/Resource/Img/Texture/Itemicon/Icon_Test_TextForm_002.Icon_Test_TextForm_002']>width=[20]>height=[20]/>wisp",
    "95000119": "<br/><br/><fontStyle=[TestStyleB]>Where to get it</><br/><img src=[Texture2D'/Game/UI/Resource/Img/Texture/Itemicon/Icon_Test_TextForm_002.Icon_Test_TextForm_002']>width=[20]>height=[20]/>deer<br/><img src=[Texture2D'/Game/UI/Resource/Img/Texture/Itemicon/Icon_Test_TextForm_002.Icon_Test_TextForm_002']>width=[20]>height=[20]/>A wolf<br/><img src=[Texture2D'/Game/UI/Resource/Img/Texture/Itemicon/Icon_Test_TextForm_002.Icon_Test_TextForm_002']>width=[20]>height=[20]/>swamp crocodile<br/><img src=[Texture2D'/Game/UI/Resource/Img/Texture/Itemicon/Icon_Test_TextForm_002.Icon_Test_TextForm_002']>width=[20]>height=[20]/>eroded swamp crocodile<br/><img src=[Texture2D'/Game/UI/Resource/Img/Texture/Itemicon/Icon_Test_TextForm_002.Icon_Test_TextForm_002']>width=[20]>height=[20]/>eroded scorpion",
    "95000120": "<br/><br/><fontStyle=[TestStyleB]>Where to get it</><br/><img src=[Texture2D'/Game/UI/Resource/Img/Texture/Itemicon/Icon_Test_TextForm_002.Icon_Test_TextForm_002']>width=[20]>height=[20]/>steel music",
    "95000121": "Each time he released the leash from his hand, he ripped to pieces the enemies that threatened his master. <br/><br/><fontStyle=[TestStyleB]>Where to get it</><br/><img src=[Texture2D'/Game/UI/Resource/Img/Texture/Itemicon/Icon_Test_TextForm_002.Icon_Test_TextForm_002']>width=[20]>height=[20]/>goosebumps",
    "95000129": "<br/><br/><fontStyle=[TestStyleB]>Where to get it</><br/><img src=[Texture2D'/Game/UI/Resource/Img/Texture/Itemicon/Icon_Test_TextForm_002.Icon_Test_TextForm_002']>width=[20]>height=[20]/>steel music<br/><img src=[Texture2D'/Game/UI/Resource/Img/Texture/Itemicon/Icon_Test_TextForm_002.Icon_Test_TextForm_002']>width=[20]>height=[20]/>steel music",
    "95000179": "Additional strength when +5 reinforcement<br/>Additional strength regeneration when +5 reinforcement"
}