{
    "1001000": "Sudden Cloud",
    "1001001": "Hareum",
    "1001002": "Hareum",
    "1001003": "Arang",
    "1001004": "Ascent",
    "1001005": "General Operator",
    "1001006": "General Operator",
    "1001007": "General Operator",
    "1001008": "General Operator",
    "1001009": "General Operator",
    "1001010": "General Operator",
    "1001011": "Hareum",
    "1001012": "Ascent",
    "1001013": "General Operator",
    "1001014": "General Operator",
    "1001015": "General Operator",
    "1001016": "General Operator",
    "1001017": "General Operator",
    "1001018": "General Operator",
    "1001019": "Dongdong",
    "1001020": "Doha",
    "1001021": "General Operator",
    "1001022": "General Operator",
    "1001023": "General Operator",
    "1001024": "Arang",
    "1001025": "Dongdong",
    "1001026": "Double",
    "1001027": "Vandal Lake Resident",
    "1001028": "Arang",
    "1001029": "Perong Perong",
    "1001030": "Red plum",
    "1001031": "Kwak Ho-ryong",
    "1001032": "Moonlight",
    "1001033": "Lingling",
    "1001034": "Arang",
    "1001035": "Arang",
    "1001036": "The Herbalist",
    "1001037": "The Herbalist",
    "1001038": "The Herbalist",
    "1001039": "Lingling",
    "1001040": "Arang",
    "1001041": "escort",
    "1001042": "escort",
    "1001043": "Vandal Lake Resident",
    "1001044": "Vandal Lake Resident",
    "1001045": "Vandal Lake Resident",
    "1001046": "Perong Perong",
    "1001047": "Arang",
    "1001048": "Lim Yeon-soo",
    "1001049": "Worker",
    "1001050": "Worker",
    "1001051": "Logistics",
    "1001052": "Blacksmith",
    "1001053": "Shim Ha-yeon",
    "1001054": "Arang",
    "1001055": "Arang",
    "1001056": "Shim Ha-yeon",
    "1001057": "Arang",
    "1001058": "Arang",
    "1001061": "Arang",
    "1001062": "Shim Ha-yeon",
    "1001063": "Arang",
    "1001064": "Kwak Yu-ok",
    "1001065": "Arang",
    "1001066": "Arang",
    "1001067": "Minimum",
    "1001068": "Arang",
    "1001069": "Arang",
    "1001070": "Super Small",
    "1001071": "Arang",
    "1001072": "Super Small",
    "1001073": "Arang",
    "1001074": "Steelfist",
    "1001075": "Arang",
    "1001076": "Employee",
    "1001077": "Arang",
    "1001078": "Employee",
    "1001079": "Employee",
    "1001080": "Employee",
    "1001081": "Arang",
    "1001082": "Arang",
    "1001083": "Hidden Rat",
    "1001084": "Arang",
    "1001085": "Arang",
    "1001086": "Arang",
    "1001087": "Hareum",
    "1001088": "Oreum",
    "1001089": "Arang",
    "1001090": "Hareum",
    "1001091": "Arang",
    "1001094": "Arang",
    "1001095": "Arang",
    "1001096": "Arang",
    "1001097": "Rise",
    "1001098": "Hareum",
    "1001099": "Hareum",
    "1001100": "Hareum",
    "1001101": "Arang",
    "1001102": "Arang",
    "1001103": "two seas",
    "1001104": "Arang",
    "1001105": "Arang",
    "1001106": "Kwak Yu-ok",
    "1001107": "Aww my eyes",
    "1001108": "Arang",
    "1001110": "Jojoon Jo",
    "1001111": "Vandal Lake Resident",
    "1001112": "Vandal Lake Resident",
    "1001113": "Vandal Lake Resident",
    "1001114": "Vandal Lake Resident",
    "1001115": "Vandal Lake Resident",
    "1001116": "Vandal Lake Resident",
    "1001117": "Arang",
    "1001137": "Arang",
    "1001138": "Arang",
    "1001139": "Arang",
    "1001140": "Yoo Ae-rin",
    "1001141": "Doha",
    "1001142": "Cumming Cloud",
    "1001143": "Arang",
    "1001145": "Shim Ha-yeon",
    "1001146": "Lim Yeon-soo",
    "1001147": "Lim Yeon-soo",
    "1001148": "Lim Yeon-soo",
    "1001149": "Shim Ha-yeon",
    "1001150": "Red plum",
    "1001151": "Kwak Ho-ryong",
    "1001152": "Moonlight",
    "1001153": "Lim Yeon-soo",
    "1101000": "Moderator",
    "1101001": "Ereda Moonwave",
    "1101002": "Ereda Moonwave",
    "1101004": "Ereda",
    "1101005": "Ereda",
    "1101006": "Ereda",
    "1101007": "Ereda",
    "1101008": "Ereda",
    "1101009": "Ereda",
    "1101010": "Ereda",
    "1101011": "Ereda Moonwave",
    "1101012": "Ereda",
    "1101013": "Ereda",
    "1101014": "Ereda",
    "1101015": "Ereda",
    "1101016": "Ereda",
    "1101017": "Ereda",
    "1101018": "Ereda",
    "1101019": "Younggyowon",
    "1101020": "Ereda",
    "1101021": "Ereda",
    "1101022": "Ereda",
    "1101023": "Ereda",
    "1101025": "Younggyowon",
    "1101026": "Younggyowon",
    "1101029": "President Young Gyowon",
    "1101030": "Director of the plum blossoms",
    "1101031": "Dohwasangjeon Sangjeonju ",
    "1101032": "Geumgyeongcheolmun Gate",
    "1101033": "Younggyowon",
    "1101036": "Younggyowon",
    "1101037": "Younggyowon",
    "1101038": "Youngkyowon",
    "1101039": "Younggyowon",
    "1101041": "Ereda",
    "1101042": "Ereda",
    "1101046": "The President of Young Gyowon",
    "1101048": "Daeeobang shotgun",
    "1101049": "Suwol Port ",
    "1101050": "Suwol Port ",
    "1101051": "Dohwasangjeon ",
    "1101052": "Geumgyeongcheolmun",
    "1101053": "Plum flower bed ",
    "1101056": "Plum Blossom",
    "1101062": "plum flower bed ",
    "1101064": "Daehwasangjeon",
    "1101067": "Daeeobang vigilante ",
    "1101070": "Daeeobang Vigilante ",
    "1101072": "Daeeobang vigilante ",
    "1101074": "Keumgyeongcheolmun blacksmith manager ",
    "1101076": "Half Moon Cargo Storage",
    "1101078": "Half Moon Cargo Storage",
    "1101079": "Half Moon Cargo Storage",
    "1101080": "vandal cargo storage",
    "1101083": "Suspicious Merchant",
    "1101087": "Ereda Moonwave",
    "1101088": "Ereda",
    "1101090": "Ereda Moonwave",
    "1101097": "Ereda",
    "1101098": "Ereda Moonwave",
    "1101099": "Ereda Moonwave",
    "1101100": "Ereda Moonwave",
    "1101103": "Captain of the passenger ship",
    "1101106": "Dohwasangjeon ",
    "1101107": "Memorial Plaque Collector ",
    "1101110": "The Rift Researcher",
    "1101140": "Plum Blossom",
    "1101141": "Ereda",
    "1101142": "Moderator",
    "1101145": "Maehwa Danwon",
    "1101146": "Daeeobang shotgun",
    "1101147": "Daeeobang shotgun",
    "1101148": "In maddening",
    "1101149": "Maehwa Danwon",
    "1101150": "Director of the plum blossoms",
    "1101151": "Dohwasangjeon Sangjeonju",
    "1101152": "Geumgyeongcheolmun Gate",
    "1101153": "Daeeobang shotgun",
    "1001300": "Shim Ha-yeon",
    "1001301": "Steelfist",
    "1001302": "Lingling",
    "1001303": "Kwak Yu-ok",
    "1001322": "Red plum",
    "1001323": "Kwak Ho-ryong",
    "1001324": "Moonlight",
    "1001325": "Perong Perong",
    "1001326": "Perong Perong",
    "1001327": "Kim Mail",
    "1001329": "Shim Ha-yeon",
    "1001330": "Chiyeon",
    "1001331": "dung pile",
    "1001332": "Chiyeon",
    "1001333": "Stonefist",
    "1001334": "a pair of legs",
    "1001335": "Shim Ha-yeon",
    "1001336": "Muyoung",
    "1001337": "Tinnitus",
    "1001338": "sensation",
    "1001339": "People's Boat",
    "1001340": "Taebaek",
    "1001341": "Magga",
    "1001342": "Ji-cheol",
    "1001343": "Dokgo",
    "1001344": "Dongja-ryeong",
    "1001345": "Dongja-ryeong",
    "1001346": "Dongja-ryeong",
    "1001347": "Dongja-ryeong",
    "1001348": "Dongja-ryeong",
    "1001349": "Dongja-ryeong",
    "1001350": "Dongja-ryeong",
    "1001351": "Deokgu",
    "1001352": "Chunmae",
    "1001353": "Soul of Sohyang",
    "1001354": "Looking Dangerous",
    "1001355": "Lim So-young",
    "1001356": "Kwaksa",
    "1001357": "Dokgo",
    "1001358": "Taebaek",
    "1001359": "Deokgu",
    "1001360": "Magga",
    "1001361": "Ji-cheol",
    "1001362": "Chunmae",
    "1001363": "wooden bulletin board",
    "1001364": "Wow",
    "1001365": "Wow",
    "1001366": "Daewa",
    "1001367": "The straggled Suwa",
    "1001368": "Suwa Warrior",
    "1001369": "Dong-dong",
    "1001370": "Lim Yeon-soo",
    "1001371": "Lim Yeon-soo",
    "1001372": "Red plum",
    "1001373": "Red plum",
    "1001374": "Kwak Ho-ryong",
    "1001375": "Perong Perong",
    "1001376": "Moonwind",
    "1001377": "Red plum",
    "1001378": "Perong Perong",
    "1001379": "Moonwind",
    "1001380": "Kwak Ho-ryong",
    "1001383": "Shim Ha-yeon",
    "1001384": "Chiyeon",
    "1001385": "Chiyeon",
    "1001386": "Wow",
    "1001387": "wow",
    "1001388": "Kowa",
    "1001389": "Liwa",
    "1001390": "Daewa",
    "1001391": "Daewa",
    "1001392": "Liwa",
    "1001393": "The Suwas left behind",
    "1001394": "The Suwas left behind",
    "1001396": "Stonefist",
    "1001397": "a pair of legs",
    "1101300": "Director of the plum blossoms",
    "1101301": "Geumgyeongcheolmun Moonju",
    "1101302": "The President of Young Gyowon",
    "1101303": "Dohwasangjeon Sangjeonju ",
    "1101322": "Director of the plum blossoms",
    "1101323": "Dohwasangjeon Sangjeonju",
    "1101324": "Geumgyeongcheolmun Gate",
    "1101325": "The President of Young Gyowon",
    "1101326": "The President of Young Gyowon",
    "1101327": "Half Moon Rancher",
    "1101329": "Plum Blossom",
    "1101330": "Purchased Spears",
    "1101332": "Purchased Spears",
    "1101333": "Chief of Spears",
    "1101334": "Spear Guard Staff",
    "1101335": "Plum Blossom",
    "1101336": "Plum Blossom",
    "1101337": "Plum Blossom",
    "1101338": "Soho Village Residents",
    "1101339": "Soho Village Chief",
    "1101340": "Soho Village residents",
    "1101341": "Soho Village residents",
    "1101342": "Soho Village residents",
    "1101343": "Soho Village Ai",
    "1101344": "The Enigma Guide",
    "1101345": "The Mystery Pathfinder",
    "1101346": "The Enigma Guide",
    "1101347": "The Enigma Guide",
    "1101348": "The Enigma Guide",
    "1101349": "The Enigma Guide",
    "1101350": "The Mystery Pathfinder",
    "1101351": "Soho Village Ai",
    "1101352": "Soho Village Ai",
    "1101353": "Soho Village Ai",
    "1101355": "Sohyang's mother",
    "1101356": "Father of Sohyang",
    "1101357": "Sohyang's younger brother",
    "1101358": "Soho Village Resident",
    "1101359": "Soho Village Ai",
    "1101360": "Soho Village residents",
    "1101361": "Soho Village Residents",
    "1101362": "Soho Village Ai",
    "1101364": "Suwa",
    "1101365": "Suwa",
    "1101366": "Suwa Chief",
    "1101369": "Younggyowon",
    "1101370": "Fugitive",
    "1101371": "Fugitive",
    "1101372": "Plum Blossom Director",
    "1101373": "Plum Blossom Director",
    "1101374": "Dohwasangjeon Sangjeonju",
    "1101375": "The President of Young Gyowon",
    "1101376": "Geumgyeongcheolmun Gate",
    "1101377": "Plum Blossom Director",
    "1101378": "The President of Young Gyowon",
    "1101379": "Geumgyeongcheolmun Gate",
    "1101380": "Dohwasangjeon Sangjeonju",
    "1101383": "Plum Blossom",
    "1101384": "Purchased Spears",
    "1101385": "Purchased Spears",
    "1101386": "Suwa",
    "1101387": "Suwa",
    "1101388": "Suwa Warrior",
    "1101389": "Suwa Warrior",
    "1101390": "Suwa Chief",
    "1101391": "Suwa Chief",
    "1101392": "Suwa Warrior",
    "1101396": "Chief of Spears",
    "1101397": "Spearman's Staff",
    "1001700": "The Strongest Spear",
    "1001701": "neighborhood kid",
    "1001702": "The talkative artisan",
    "1001703": "Confident Craftsman",
    "1001704": "Kim Gyu-neung",
    "1001706": "The Gossiping Thief",
    "1001707": "A rogue thief",
    "1001708": "Worried Woodcutter",
    "1001709": "Lumberjack's Mineral",
    "1001710": "The talkative old man",
    "1001711": "Worried Man",
    "1001712": "Little Child",
    "1001713": "Trouble Tree Spirit",
    "1001714": "Trouble Tree Spirit",
    "1001715": "Nyanyan",
    "1001716": "Punnyang",
    "1001717": "I'm excited",
    "1001718": "Pyongyang's companion dog",
    "1001719": "Nyanyan",
    "1001720": "Punnyang",
    "1001721": "I'm excited",
    "1001722": "janitor",
    "1001723": "The mysterious man",
    "1001724": "Ashenwind",
    "1001725": "I'm excited",
    "1001726": "Punnyang",
    "1001727": "I'm excited",
    "1001728": "Pungnyang",
    "1001729": "I'm excited",
    "1001730": "Punnyang",
    "1001731": "Jimmy God",
    "1001732": "Odol",
    "1001733": "Chadol",
    "1001734": "Jimmy God",
    "1001735": "Odol",
    "1001736": "Chadol",
    "1001737": "Hungry Nyang",
    "1001738": "Punnyang",
    "1001739": "Golden Soy",
    "1001740": "Reaching Material",
    "1001741": "Red plum",
    "1001742": "Nyanyan",
    "1001743": "The mysterious man",
    "1001744": "The mysterious man",
    "1001745": "Min Kyung-han",
    "1001746": "Min Kyung-han",
    "1001747": "Affiliate Custodian",
    "1001748": "Maparam",
    "1001749": "Lim So-young",
    "1001750": "Goblin",
    "1001751": "immature",
    "1001752": "Goblin",
    "1001753": "sneeze",
    "1001754": "Mowa",
    "1001755": "Kwaksa",
    "1001756": "Dokgo",
    "1001757": "The Breeze",
    "1001759": "Yoo Ae-rin",
    "1101701": "Strongest Shield",
    "1101702": "Geumgyeongcheolmun",
    "1101703": "Geumgyeongcheolmun",
    "1101704": "The Rift Researcher",
    "1101706": "spear gang",
    "1101707": "spear gang",
    "1101715": "The Pioneer Barongdan",
    "1101716": "The Pioneer Barongdan",
    "1101717": "The Pioneer Barongdan",
    "1101718": "The Pioneer Barongdan",
    "1101719": "The Pioneer Barongdan",
    "1101720": "The Pioneer Barongdan",
    "1101721": "The Pioneer Barongdan",
    "1101722": "Dohwasangjeon",
    "1101724": "President of the Wildlife Conservation Society",
    "1101725": "The Pioneer Barongdan",
    "1101726": "The Pioneer Barongdan",
    "1101727": "The Pioneer Barongdan",
    "1101728": "The Pioneer Barongdan",
    "1101729": "The Pioneer Barongdan",
    "1101730": "The Pioneer Barongdan",
    "1101731": "Seawater Hunter",
    "1101732": "Seawater Hunter",
    "1101733": "Seawater Hunter",
    "1101734": "Seawater Hunter",
    "1101735": "Seawater Hunter",
    "1101736": "Seawater Hunter",
    "1101737": "The Pioneer Barongdan",
    "1101738": "The Pioneer Barongdan",
    "1101739": "Plum Blossom",
    "1101740": "Plum Blossom",
    "1101741": "Plum Blossom",
    "1101742": "The Pioneer Barongdan",
    "1101745": "Dan Myunghye",
    "1101746": "Myunghye Danwon",
    "1101747": "Insamun",
    "1101748": "Wild Conservation Society Action Squad",
    "1101749": "Sohyang's mother",
    "1101750": "strange",
    "1101751": "Soho Village residents",
    "1101752": "naughty",
    "1101753": "Vandal Ranch Worker",
    "1101754": "Suwa Blacksmith",
    "1101755": "Sohyang's father",
    "1101756": "Sohyang's younger brother",
    "1101757": "Wild Conservation Society Rescue Team",
    "1101759": "Plum Blossom"
}