{
    "40005000": "(Let's ask the rancher \nwhat's going on)",
    "40005001": "(There are more things to do than you think.\nLet's move quickly)",
    "40005002": "(Some hay left, let's put it in the <textColor=[110:216:175:255]>Storage</>)",
    "40005003": "(The leaves of Samyojeong\nYou only need this)",
    "40005004": "(Hay batch seems\ncompleted)",
    "40005005": "(There are other <textColor=[255:204:102:255]>sheep corpses</>)",
    "40005006": "(Let's follow the <textColor=[255:204:102:255]>Sheep corpses</>)",
    "40005007": "Do not come close!!!",
    "40005008": "(The identities of these are questionable.\nLet's follow the <textColor=[255:204:102:255]>Sheep corpses</> again)",
    "40005009": "Do not approach!!!",
    "40005010": "(I think the culprit\nwho killed the ranch animal was <textColor=[215:94:94:255]>Bubbles</>)",
    "40005011": "(Let's punish\nthe criminals who did terrible things!)",
    "40005012": "(Let's go back to <textColor=[78:148:215:255]>Kimmail</>\nLet's explain what we did)",
    "40005013": "(Oh, what is this?\n<textColor=[215:94:94:255]>Lim Yeonsu</>'s seal\n<textColor=[255:204:102:255]>Pocket bag </> found)",
    "40005014": "(Maybe it means that <textColor=[215:94:94:255]>Lim Yeon-soo</> had \n<textColor=[78:148:215:255]>Bubble wing</> also communicated? ?",
    "40005015": "(Let's go \nto the abandoned tile house</> that Shim Ha-yeon said\n<textColor=[110:216:175:255]>\n)",
    "40005016": "(A blue man \nruns quickly)",
    "40005017": "(Is the author \nthe buyer of <textColor=[78:148:215:255]>Saho</>? \nLet's go and ask if that's true)",
    "40005018": "Where can I see your skills?",
    "40005019": "Stop, stop!\nThat's enough.",
    "40005020": "That <textColor=[215:94:94:255]>monster</> is\nup from our base.",
    "40005021": "This way!",
    "40005022": "(I can't help it...\nI have no choice but to investigate that...)",
    "40005023": "(There seems to be \nthat monster inside this place)",
    "40005024": "(Hurry up \nLet's \nkill the giant frog monster)",
    "40005025": "(Because I didn't forget \nthe head of the dog and took it)",
    "40005026": "(<textColor=[110:216:175:255]>Go to the spearhead's tent</>\nlet's sacrifice the monster's head)",
    "40005027": "(I asked for a solo\n<textColor=[215:94:94:255]>stone fist</>and got angry \nfor being cocky)",
    "40005028": "(Let's go back to <textColor=[78:148:215:255]>Chiyeon</>\nand ask if there is a way)",
    "40005029": "(<textColor=[215:94:94:255]>I think I'll have to give you a present to win the favor of Stonefist</>)",
    "40005030": "(As Chi-Yeon said, \n<textColor=[215:94:94:255]>Go to the boulder base</>\n<textColor=[255:204:102:255]>Truth Let's find the sword</>)",
    "40005031": "(<textColor=[110:216:175:255]>The troop leader's tent</> seems to be over there\n)",
    "40005032": "(found an expensive looking\n<textColor=[255:204:102:255]>sword</> in a chest)",
    "40005033": "(This seems to be \n<textColor=[255:204:102:255]>Sword of Truth</>.\nLet's get it and go back)",
    "40005034": "(Um... I guess I was just scared\nI got drunk...?)",
    "40005035": "(Anyway, the opportunity seems to have arrived\nLet's investigate the boss's tent)",
    "40005036": "(Ah, I found out! I have no choice but to escape\nI have to kill you)",
    "40005037": "(I don't seem to have found anything that stands out\n)",
    "40005038": "(I took the evidence.\nLet's bring it to <textColor=[78:148:215:255]>Shim Ha-yeon</>)",
    "40005039": "You, what are you doing now!!\nYou are an intruder! You are an intruder!!",
    "40005040": "(…Certain damage required...\n -Punch <textColor=[215:94:94:255]>Buckets</>)",
    "40005041": "(Let's go to <textColor=[110:216:175:255]>Abandoned tile house</> to meet <textColor=[255:204:102:255]>Chiyeon</>)",
    "40005042": "Shh! This way!",
    "40005043": "(Let's go to the \n<textColor=[110:216:175:255]>Abandoned Tile House</> where we first met Chi-yeon)",
    "40005044": "(Is this what it is?\nI can't help but hope so)",
    "40005045": "(<textColor=[110:216:175:255]>Near Deep Cemetery Forest</> and\nCheck <textColor=[110:216:175:255]>Shady Swamp</> )",
    "40005046": "(Let's start with the Shade Swamp)",
    "40005047": "(I think I've seen enough.\nNow let's go to the forest)",
    "40005048": "(Children seem to have been dragged\nto the forest by someone)",
    "40005049": "(I think I'll have to go into the forest\ncheck it)",
    "40005050": "(The surrounding area seems to have been cleaned up.\nLet's find <textColor=[255:204:102:255]>Dongja-ryeong</>)",
    "40005051": "(<textColor=[255:204:102:255]>Dongja-ryeong</> disappeared in front of my eyes.\nLet's clean up the area and look for it again!)",
    "40005052": "(The surrounding area seems to have been cleaned up.\nLet's find <textColor=[255:204:102:255]>Dongja-ryeong</>)",
    "40005053": "(That <textColor=[255:204:102:255]>Dongja-ryeong</> seems to tell \nthe location of the children \n)",
    "40005054": "(Let's continue\nfollow that <textColor=[255:204:102:255]>Dongja-ryeong</>)",
    "40005055": "(<textColor=[255:204:102:255]>Dongja-ryeong</> disappeared in front of you,\nAfter cleaning up the area,\nLet's look for it again!)",
    "40005056": "(The surroundings seem to have been cleaned up.\nLet's look for <textColor=[255:204:102:255]>Dongja-ryeong</>)",
    "40005057": "(The surrounding area seems to have been cleaned up.\nLet's find <textColor=[255:204:102:255]>Dongja-ryeong</>)",
    "40005058": "(<textColor=[255:204:102:255]>Dongja-ryeong</> disappeared before my eyes.\nLet's go a little further)",
    "40005059": "(You can see Dongja-ryeong over there.\nLet's chase it before it disappears)",
    "40005060": "(The disappeared <textColor=[255:204:102:255]>Dongja-ryeong</>\nappeared again)",
    "40005061": "(I thought I heard it around here...\nDid I hear it wrong?)",
    "40005062": "Is there no one?! Aigoo~\nI can't wait to die!!",
    "40005063": "(Dispose of the eroded monsters, \nlet's go to the <textColor=[110:216:175:255]>Suwa temporary base</>)",
    "40005064": "(<textColor=[78:148:215:255]>Let's go back to the Suwa chief</>)",
    "40005065": "I got lost...\nThank you!!",
    "40005066": "Ugh! No!!\n<textColor=[215:94:94:255]>Big Mountain</>!! Even you!!!!",
    "40005067": "<textColor=[255:204:102:255]><myHero.name/></>, \nLook at me for a second.",
    "40005068": "(Let's catch <textColor=[215:94:94:255]>Lim Yeonsu</> before you run away)",
    "40005069": "(That barong seems to be the same\ndongdong I saw before)",
    "40005070": "(Let's go find <textColor=[78:148:215:255]>Lim Yeonsu</>)",
    "40005071": "(The demons of \n<textColor=[78:148:215:255]>Lim Yeonsu</> that were cast on Lake Vandal are \nall removed!)",
    "40005072": "(I don't think I can delay any longer. \nShould I take a boat to the <textColor=[110:216:175:255]>Sun Moon Continent</>?)",
    "40005073": "(<textColor=[110:216:175:255]>Let's go\nto the new Daeeobang Gunta</>!)",
    "40005074": "The Mysterious Flock",
    "40005075": "Purchased Spear Team Chiyeon",
    "40005076": "Fugitive Lim Yeonsu",
    "40005077": "Red plum, the leader of the plum flower group",
    "40005078": "Younggyowon Dong-dong",
    "40005079": "(<textColor=[110:216:175:255]>Go to Suwol Port Shipyard</>)",
    "40005080": "The village chief will be \nin the house up there!",
    "40005081": "(It looks like Kwak Sa's here,\nThere is no one here)",
    "40005082": "(It looks like you went out \nto find the child)",
    "40005083": "(Let's find the <textColor=[255:204:102:255]>Sword of Truth</> \nwhile dealing with the obstructive swordsmen)",
    "40005084": "(Where did the \n<textColor=[255:204:102:255]>Dongja-ryeong</> you just seen go?)",
    "40005085": "(The field of view is not secured\nLet's try to find it while tidying up the surroundings)",
    "40005086": "Spear Guard Staff Pair",
    "40005087": "The Suwas left behind",
    "40005088": "Suwa Wah",
    "40005089": "(Let's go and report to <textColor=[78:148:215:255]>Chiyeon</>)",
    "40005090": "(Let's use the \n<textColor=[255:204:102:255]>Signature</> given by Chi-Yeon here)",
    "40005091": "(<textColor=[78:148:215:255]>Let's wait for Deep Hayeon</>)",
    "40005092": "(<textColor=[78:148:215:255]>It's Deep Ha Yeon</>!)",
    "40005093": "(Now there seems to be no more lost Suwas\n)",
    "40005094": "(The leaves of the bald lice are\nall you need)",
    "40005095": "Is this fake?!\nWhere is he!!!",
    "40005096": "Here! Hang on a minute!\nI have something to tell you!",
    "40005097": "I almost got lost all day.\nThank you so much!!",
    "40005098": "Go over there?\nThank you!",
    "40005099": "(Good hay is ready\nLet's put it on the ranch)",
    "40005100": "(Ask what you did with the child)",
    "40005101": "Sheesh, you don't know!",
    "40005102": "Looking Dangerous",
    "40005103": "(Catch <textColor=[215:94:94:255]>Tiger</>\nLet's get <textColor=[255:204:102:255]>Leather</>)",
    "40005104": "(Is this enough?\nLet's go back to <textColor=[215:94:94:255]>Stonefist</>)",
    "40005105": "(I found a sword in a chest.\n<textColor=[255:204:102:255]>I think it's a sword of truth</>)",
    "40005106": "(Before returning,\nLet's get <textColor=[255:204:102:255]>Tiger skin</> first, which Chiyeon told me to take)",
    "40005107": "(Dong Ja-ryeong disappeared again.\nLooking around...)",
    "40005108": "(I see another child!\nLet's approach it quickly)",
    "40005109": "No one is there!!\nSoo and save Sue!!!",
    "40005110": "(Um? I think I heard something\nWhich one? That one?)",
    "40005111": "(That's obvious!)"
}