{
    "120010000": "Listen to children's conversations",
    "120010001": "Collect useful trees",
    "120010002": "Conversation with the Geumgyeongcheolmun Master",
    "120010003": "Conversation with children",
    "120010004": "Listening to the conversations of the artisans of the Geumgyeongcheolmun",
    "120010005": "The Thief's Apple Collection",
    "120010006": "The Rift Researcher moved to the encampment",
    "120010007": "Conversation with Gyu-Neung Kim",
    "120010008": "Sampling the Bulwark",
    "120010009": "Move to Gyu-Neong Kim's camp",
    "120010010": "Special sampling",
    "120010011": "Submit a sample to Gyu-Neong Kim",
    "120010012": "Go to the Void Pit",
    "120010013": "Elite Bulwark Killed",
    "120010014": "Submit a sample to Gyu-Neung Kim",
    "120010015": "Conversation with Gyu-Neung Kim",
    "120010016": "Explore the Void Pit",
    "120010017": "Conversation with Jo Hoon",
    "120010018": "Trace Trace",
    "120010019": "Search inside the canyon",
    "120010020": "Investigate the crate",
    "120010021": "Check the sealed log",
    "120010022": "Eavesdropping on Blue People's Conversation",
    "120010023": "Lumberjack's mineral check",
    "120010024": "Defeat the Enraged Tree Spirit",
    "120010025": "Report to the Woodcutter",
    "120010026": "Confirm the Legend of the Divine Tree",
    "120010027": "Conversation with a worried man",
    "120010028": "Investigation of the Old City Forest Road",
    "120010029": "Speak with the Arboretum",
    "120010030": "Helping the arboreal spirits rest",
    "120010031": "Speak with the Arboretum",
    "120010032": "Investigate shiny objects",
    "120010033": "Question about the identity of the thing",
    "120010034": "Speak again with Ne-Nyan",
    "120010035": "Defeat the Runaway Guard",
    "120010036": "Defeat the Awakened Runaway Guard",
    "120010037": "Conversation with Ne-Nyan",
    "120010038": "Investigate shiny objects",
    "120010039": "Conversation with Yoo Ae-rin",
    "120010040": "Conversation with the mysterious man",
    "120010041": "Confirm collaborating headings",
    "120010042": "Visit the Wildlife Conservation Society",
    "120010043": "Talk to the Ashenwind",
    "120010044": "Help the Wildlife Conservation Society",
    "120010045": "Talk to Ashenwind",
    "120010046": "Search for Pioneer Barongdan Members",
    "120010047": "Conversation with Pyeongyang",
    "120010048": "Finding the fun",
    "120010049": "Guardian Killed",
    "120010050": "Conversation with Heung-Nyang",
    "120010051": "Conversation with Neyan",
    "120010052": "Conversation with Heung-Nyang",
    "120010053": "Gathering Barong Grass",
    "120010054": "Conversation with Heung-Nyang",
    "120010055": "Conversation with Pyeongyang",
    "120010056": "Collecting the fur of wild animals",
    "120010057": "Conversation with Pyeongyang",
    "120010058": "Conversation with Pioneer Barongdan",
    "120010059": "Talk to Jimmy God",
    "120010060": "Proof of Proficiency",
    "120010061": "Talk to Jimmy God",
    "120010062": "Trace traces of seawater",
    "120010063": "Avoid disturbing wildlife",
    "120010064": "Investigate traces of seawater",
    "120010065": "Trace traces of seawater",
    "120010066": "Avoid disturbing wildlife",
    "120010067": "Investigate traces of seawater",
    "120010068": "discover the habitation of seawater",
    "120010069": "Talk to Jimmy God",
    "120010070": "Listen to the conversation of the Pioneer Barongdan",
    "120010071": "Speak with Neyan",
    "120010072": "Conversation with Red Plum",
    "120010073": "Help anglers",
    "120010074": "Conversation with Red Plum",
    "120010075": "Pass the permit to the plum blossoms",
    "120010076": "Speak with Ney Nyan",
    "120010077": "Move to Suwol Port",
    "120010078": "Speak with Ney Nyan",
    "120010079": "Go to Yeongkyowon",
    "120010080": "Check under the Younggyowon tree",
    "120010081": "Confirm Neyan's Gift",
    "120010082": "Conversation with Min Kyung-han",
    "120010083": "Check the status of Yahwa",
    "120010084": "Chasing the mysterious man",
    "120010085": "Battle with a mysterious man",
    "120010086": "Conversation with a mysterious man",
    "120010087": "Check the status of other tombstones",
    "120010088": "Collect more useful trees",
    "120010089": "Enhance the security of Vandal Lake",
    "120010090": "Tiger Kill",
    "120010091": "Talk with the Breeze",
    "120010092": "Attack on the Buffalo Base",
    "120010093": "Talk to Mapparam",
    "120010096": "Correct the Goblin",
    "120010097": "Conversation with the Goblin",
    "120010098": "Conversation with villager fool",
    "120010099": "Destroy Outbreak",
    "120010100": "Speak with the sneeze",
    "120010101": "Collect Weapon Crafting Materials",
    "120010102": "Conversation with Mowa",
    "120010103": "The Blue Hermit Crab Cleanup",
    "120010104": "Ask Neyan",
    "120010105": "Subdue Spiders in the Graveyard Forest",
    "120010106": "Find Heung-Nyang's Basket",
    "120010107": "Entry to the corridor of awakening",
    "120010108": "Enter inside the corridor",
    "120010109": "Find the corridor exit",
    "120010110": "Move out of the corridor",
    "120010111": "Entry to the corridor of awakening",
    "120010112": "Enter inside the corridor",
    "120010113": "Find the corridor exit",
    "120010114": "Move out of the corridor",
    "120010115": "Find a Night Story",
    "120010116": "Explore the Void Pit",
    "120010117": "Find a Night Story",
    "120010118": "Defeat the entrance guard",
    "120010119": "Defeat the Underground Guard",
    "120010120": "Elite Guard Kill",
    "120010121": "Move along the road",
    "120010122": "Go up the stairs",
    "120010123": "Manipulating Suspicious Device",
    "120010124": "Guardian Killed",
    "120010125": "Move over the cliff",
    "120010126": "Guardian Killed",
    "120010127": "Elite Guard Kill",
    "120010128": "Move inward",
    "120010129": "Manipulating Mysterious Device",
    "120010130": "Move along the road",
    "120010131": "Defeat Guardians in One Strike",
    "120010132": "Move to the other side",
    "120010133": "chasing after the mysterious man again",
    "120010134": "move forward",
    "120010135": "Check the night story"
}