{
    "1501008": "eroded wild crocodile",
    "1501009": "Goblin",
    "1500000": "Arang",
    "1500001": "Fishman Swordsman",
    "1500002": "Steel Evil",
    "1500003": "Rogue",
    "1500004": "Arang",
    "1500005": "Elite Human Swordsman",
    "1500006": "Elite Human Swordsman",
    "1500007": "Elite Human Archer",
    "1500008": "Human Elite Technician",
    "1500009": "Human Elite History",
    "1500010": "Wind God",
    "1500011": "Thunder God",
    "1500012": "Charging Whirlwind",
    "1500013": "Thunderstorm",
    "1500014": "Sphere of Lightning",
    "1500015": "Whipping",
    "1500016": "Flag",
    "1500017": "Lava Armor",
    "1500018": "Liorino",
    "1500019": "Cheong",
    "1500020": "Three-color gowa",
    "1500021": "Red Hand",
    "1500022": "Coldworm",
    "1500023": "Money",
    "1500024": "Tarit",
    "1500025": "tentacle",
    "1500026": "Tarit's Pet Crab",
    "1500027": "Tarit's Pet Crab",
    "1500028": "Fishman Swordsman",
    "1500029": "Fishman Spearman",
    "1500030": "Hongdonpal",
    "1500031": "Hongju",
    "1500032": "Boss Branch Manager",
    "1500033": "Silver Hermit Crab",
    "1500034": "Lake Hermit Crab",
    "1500035": "lake crab",
    "1500036": "Water Crab",
    "1500037": "Cleaning Crab",
    "1500038": "Mossy Lake Crab",
    "1500039": "Lake Hermit Crab",
    "1500040": "Mossy Hermit Crab",
    "1500041": "Rogue",
    "1500042": "Rogue",
    "1500043": "Rogue",
    "1500044": "Rogue",
    "1500045": "lake monster",
    "1500046": "Chief Hong Donpal",
    "1500047": "The banter kicked out",
    "1500048": "Workman with a stick",
    "1500049": "Aris",
    "1500050": "Steel Evil",
    "1500051": "Steel Evil",
    "1500052": "Steel Evil",
    "1500053": "Steel Evil",
    "1500054": "crystallized blue man",
    "1500055": "crystallized blue man size",
    "1500056": "crystallized blue man",
    "1500057": "Fire Jellyfish",
    "1500058": "Fire Jellyfish",
    "1500059": "crystallized blue man size",
    "1500060": "saturated eggs",
    "1500061": "Nari",
    "1500062": "soothe",
    "1500063": "Corridor Guardian",
    "1500064": "Corridor Guardian",
    "1500065": "Corridor Guardian",
    "1500066": "Corridor Guardian",
    "1500067": "Guardian",
    "1500068": "Saturated Egg",
    "1500069": "Nari",
    "1500070": "soothe",
    "1500071": "East Fishman Mercenary",
    "1500072": "Fishman Northern Mercenary",
    "1500073": "Fishman Southern Mercenary",
    "1500074": "God of God",
    "1500075": "Kokeshi doll pre-work",
    "1500076": "Kokeshi Doll Biseongong",
    "1500077": "Attack Fishman 20_22",
    "1500078": "Help Suwa A 21_22",
    "1500079": "Suwa B 22_None",
    "1500080": "fishman pullstate0",
    "1500081": "All fishman pullstate1 possible",
    "1500082": "fishman B pullstate1_rear only",
    "1500083": "Roaming Kokeshi",
    "1500084": "Assault Whirlwind",
    "1500085": "Exploding Lightning Sphere",
    "1500086": "Fishman Axeman",
    "1500087": "Axian blunt cavalry",
    "1500088": "Evil Swordsman",
    "1500089": "Peony Tree",
    "1500090": "Limestone Golem",
    "1500091": "Ice Golem",
    "1500092": "Jun-oh",
    "1500093": "Arang",
    "1500094": "floating jellyfish",
    "1500095": "body fluids",
    "1500096": "floating jellyfish",
    "1500097": "Descent",
    "1500098": "floating jellyfish",
    "1500099": "Fire",
    "1500100": "Crystal Sacred Heart",
    "1500101": "Small Hermit Crab",
    "1500102": "crystallized blue man",
    "1500103": "Assault",
    "1500104": "crystallized blue man",
    "1500105": "Raid",
    "1500106": "crystallized blue man",
    "1500107": "Organic",
    "1500108": "Chief of the Blue Wave",
    "1500109": "Cave Fishman Axeman",
    "1500110": "Fishman Scout",
    "1500111": "Fishman Soldier",
    "1500112": "Smuggler",
    "1500113": "Cave Fishman Spearmen",
    "1500114": "Shadow Outbreak",
    "1500115": "Suwa Fire Shaman",
    "1500116": "Suwa Fire Shaman",
    "1500117": "Suwa Frost Shaman",
    "1500118": "Suwa Electric Shaman",
    "1500119": "Suwa Defender",
    "1500120": "Suwa Defender",
    "1500121": "Suwa Defender",
    "1500122": "Suwa Defender",
    "1500123": "Suwa Defender",
    "1500124": "Suwa Defender",
    "1500125": "Turtle",
    "1500126": "The Trail Wolf",
    "1500127": "Kokeshi",
    "1500128": "for training",
    "1500129": "Samyojeong Lake",
    "1500130": "Blue Turtle",
    "1500131": "red paw",
    "1500132": "Lake Goat",
    "1500133": "Golden Outbreak",
    "1500134": "Hill Road Rogue",
    "1500135": "crystallized blue man",
    "1500136": "crystallized blue man size",
    "1500137": "crystallized blue man",
    "1500138": "Guardian",
    "1500139": "crystallized blue man size",
    "1500140": "Gangsi",
    "1500141": "Cheonryeonggangsi",
    "1500142": "Glowworm",
    "1500143": "The Plague",
    "1500144": "Jar Merchant",
    "1500145": "Jar of Axes",
    "1500146": "Jar Sheep Jar",
    "1500147": "Jars Dual Swordsman",
    "1500148": "Jardan Big-Headed Dual Swordsman",
    "1500149": "Spider",
    "1500150": "sheep",
    "1500151": "lake monster",
    "1500152": "Strong Paradise",
    "1500153": "Scorpion",
    "1500154": "bear",
    "1500155": "Suwa Axeman",
    "1500156": "Suwa Fire Shaman",
    "1500157": "Suwa Lightning Wizard",
    "1500158": "Suwa size",
    "1500159": "Suwa Blunt Trooper",
    "1500160": "Suwa Swordsman",
    "1500161": "Suwa Water Shaman",
    "1500162": "Blocking Tornado",
    "1500163": "Corridor Guardian",
    "1500164": "Guardian_Test_No.1_4 hits",
    "1500165": "Baekhwaryeom",
    "1500166": "Super Sword",
    "1500167": "The Predator",
    "1500168": "The Predator",
    "1500169": "The Predator",
    "1500170": "The Predator",
    "1500171": "The Predator",
    "1500172": "The Predator",
    "1500173": "The Predator",
    "1500174": "Quake Paradise",
    "1500175": "Samyojeong",
    "1500176": "Rock Golem",
    "1500177": "Hongdon Spearmen",
    "1500178": "The size of the Red Don",
    "1500179": "Hongdon Rifleman",
    "1500180": "Hongdon Spearmen",
    "1500181": "Mushroom",
    "1500182": "Poison Mushroom",
    "1500183": "Kokeshi Doll",
    "1500184": "saturated egg_test",
    "1500185": "Nari_Test",
    "1500186": "soothe_test",
    "1500187": "Kokeshi_Battle Room",
    "1500188": "for training",
    "1500189": "Juno Egg",
    "1500190": "Turtle",
    "1500191": "Snake Mushroom",
    "1500192": "Shadow Outbreak",
    "1500193": "Fox",
    "1500194": "Lantern Dragon",
    "1500195": "Oops Stingray",
    "1500196": "deer",
    "1500197": "Labyrinth_ Fishman Spearmen",
    "1500198": "Labyrinth_Limestone Golem",
    "1500199": "Labyrinth_Ice Golem",
    "1500200": "Labyrinth_Gangsi",
    "1500201": "Labyrinth_Jars Dual Swordsman",
    "1500202": "Labyrinth_Suwa Axeman",
    "1500203": "Labyrinth_Suwa Fire Shaman",
    "1500204": "Labyrinth_Suwa Blunt Trooper",
    "1500205": "Labyrinth Rot Paw",
    "1500206": "Labyrinth_Black Dawn Plague Doctor",
    "1500207": "Labyrinth Fox",
    "1500208": "Labyrinth Wolf",
    "1500209": "Arang B, a participant in a good harvest festival",
    "1500210": "Burn",
    "1500211": "As soon as it burns",
    "1500212": "Bulma with a Rift Core",
    "1500213": "The Predator",
    "1500214": "The Predator",
    "1500215": "The Predator",
    "1500216": "The Predator",
    "1500217": "The Predator",
    "1500218": "Burn",
    "1500219": "Burn",
    "1500220": "Bulma with a Rift Core",
    "1500221": "Delfino",
    "1500222": "Tula",
    "1500223": "Ario",
    "1500224": "Susa",
    "1500225": "Rodrigo",
    "1500226": "Luisa",
    "1500227": "Lumberjack Fermin",
    "1500228": "Illiana the Shepherd",
    "1500229": "Grass Blacksmith Blade",
    "1500230": "The Barber Gonzalo",
    "1500231": "The Predator",
    "1500232": "The Predator",
    "1500233": "The Predator",
    "1500234": "The Predator",
    "1500235": "The Predator",
    "1500236": "Purify",
    "1500237": "wolf",
    "1500238": "Vale Wraith Wizard",
    "1500239": "Trap Tentacles",
    "1500240": "Trap Tentacles",
    "1500241": "Trap Tentacles",
    "1500242": "Evil Shaman",
    "1500243": "Wolf",
    "1500244": "Wolves of the Horde",
    "1500245": "Porcelain Artillery",
    "1500246": "crab",
    "1500247": "Porcelain Axeman",
    "1500248": "Kokeshi",
    "1500249": "for training",
    "1500250": "Freig's henchmen",
    "1500251": "Freig's henchmen",
    "1500252": "Freig's henchmen",
    "1500253": "Freig's henchmen",
    "1500254": "Freig's henchmen",
    "1500255": "Freig's henchmen",
    "1500256": "Freig's henchmen",
    "1500257": "Freig's henchmen",
    "1500258": "Freig's henchmen",
    "1500259": "Freig's henchmen",
    "1500260": "Freig's henchmen",
    "1500261": "Freig's henchmen",
    "1500262": "Freig's henchmen",
    "1500263": "Freig's henchmen",
    "1500264": "Freig's henchmen",
    "1500265": "Freig's henchmen",
    "1500266": "Raid Squadron",
    "1500267": "Raid Archer",
    "1500268": "Raid Squadron",
    "1500269": "Raid Archer",
    "1500270": "Raid Wizard",
    "1500271": "Guard Inspection",
    "1500272": "Guard Archer",
    "1500273": "Burnman Warrior",
    "1500274": "Burnman Archer",
    "1500275": "isser",
    "1500276": "Excited Soldier",
    "1500277": "Grunt",
    "1500278": "Excited Soldier",
    "1500279": "Artos",
    "1500280": "Excited Soldier",
    "1500281": "Pierna",
    "1500282": "Actaion Skirmisher Allion",
    "1500283": "Actaion Skirt Rebe",
    "1500284": "Actaion Skirmisher Arik",
    "1500285": "Actaion Skirmisher Sigiwald",
    "1500286": "Actaion Skirt Melene",
    "1500287": "The Plague",
    "1500288": "Spectre",
    "1500289": "Olexa the Masked Man",
    "1500290": "Criminal Roach",
    "1500291": "Criminal Roach",
    "1500292": "Angry Blue Tenotaf",
    "1500293": "Blue Scout Tecotito",
    "1500294": "Burst of Black Sea Pippentu",
    "1500295": "Burst Pippentu of the Black Crab",
    "1500296": "Blue Brawler Pulitu",
    "1500297": "Blue Man Brawler Campero",
    "1500298": "Breezy Piento of the Black Crab",
    "1500299": "Gthunberg the Criminal",
    "1500300": "Criminal Qimar",
    "1500301": "Glyph Paper Goat",
    "1500302": "Guardian Golem",
    "1500303": "Noi Glyph Guardian Golem",
    "1500304": "Stone Golem",
    "1500305": "Defense Inspector",
    "1500306": "Defense Archer",
    "1500307": "The Plague",
    "1500308": "Giant Cannibal Plant",
    "1500309": "Wandering cannibals",
    "1500310": "dry paw",
    "1500311": "Dry Samyojeong",
    "1500312": "Waterfall Crystal Turtle",
    "1500313": "Lab Warlock",
    "1500314": "Experimental Team Plague Doctor",
    "1500315": "Revenant Swordsman",
    "1500316": "Revenant Archer",
    "1500317": "Revenant Slavemen",
    "1500318": "Wraith Wizard",
    "1500319": "Soul Harvester",
    "1500320": "mossy fox",
    "1500321": "Spirit Ent",
    "1500322": "Blood_Test_180",
    "1500323": "Burn-in_Test_300",
    "1500324": "Valley Wraith",
    "1500325": "Flower Garden Glowworm",
    "1500326": "Meadow ent",
    "1500327": "Nitra Wolf",
    "1500328": "Nitra Thief Invert",
    "1500329": "Redberry Treant",
    "1500330": "Swordsman of the Black Dawn",
    "1500331": "Blackdawn Archer",
    "1500332": "Blackdawn Wizard",
    "1500333": "The Marauder Archer",
    "1500334": "Scourge of the Marauders",
    "1500335": "Predator Assassin",
    "1500336": "The Marauder Technician",
    "1500337": "The History of the Marauders",
    "1500338": "Richland Glowworm",
    "1500339": "Peony Tree",
    "1500340": "fox",
    "1500341": "Lake Wolf",
    "1500342": "Vine Cannibals",
    "1500343": "Land Glowworm",
    "1500344": "Inspecting the Pirate Revenant",
    "1500345": "Pirate Revenant Archer",
    "1500346": "Captain the Pirate Revenant",
    "1500347": "The Marauder Archer",
    "1500348": "Predator Prosecutor",
    "1500349": "Predator Assassin",
    "1500350": "The Marauder Technician",
    "1500351": "The History of the Marauders",
    "1500352": "Sabua Thief Dochi",
    "1500353": "Forest Nightworm",
    "1500354": "tamed wolf",
    "1500355": "Water Blue Hermit Crab",
    "1500356": "The roaming giant shark",
    "1500357": "Mabria Melee Bulger",
    "1500358": "Mabria Ranged Bulger",
    "1500359": "Mabria Rift Boss Bulma",
    "1500360": "Less Mage of the Black Dawn",
    "1500361": "Security Inspection",
    "1500362": "Guard Archer",
    "1500363": "Highland Cockatrice",
    "1500364": "Highland Wolf",
    "1500365": "gray pug",
    "1500366": "Burnout",
    "1500367": "Burn",
    "1500368": "isser",
    "1500369": "Blue Pirates",
    "1500370": "Blue Pirates",
    "1500371": "The size of the Blue Pirates",
    "1500372": "Blue Man Bandits",
    "1500373": "Blue Man Bandits",
    "1500374": "The size of a blue man bandit",
    "1500375": "Wendigo",
    "1500376": "Defense Mage",
    "1500377": "member of the shipowner's association",
    "1500378": "member of the shipowners' association",
    "1500379": "member of the shipowner's association",
    "1500380": "member of the shipowner's association",
    "1500381": "member of the shipowners' association",
    "1500382": "member of the shipowner's association",
    "1500383": "member of the shipowner's association",
    "1500384": "member of the shipowner's association",
    "1500385": "member of the shipowners' association",
    "1500386": "member of the shipowner's association",
    "1500387": "member of the shipowners' association",
    "1500388": "member of the shipowners' association",
    "1500389": "member of the shipowners' association",
    "1500390": "member of the shipowner's association",
    "1500391": "member of the shipowners' association",
    "1500392": "member of the shipowners' association",
    "1500393": "member of the shipowners' association",
    "1500394": "member of the shipowner's association",
    "1500395": "member of the shipowners' association",
    "1500396": "member of the shipowners' association",
    "1500397": "member of the shipowner's association",
    "1500398": "member of the shipowners' association",
    "1500399": "Raid Wizard",
    "1500400": "Defense Mage",
    "1500401": "Defense Mage",
    "1500402": "Defense Mage",
    "1500403": "Wraith Wizard",
    "1500404": "Wraith Wizard",
    "1500405": "Wraith Wizard",
    "1500406": "The Suspicious Man",
    "1500407": "Shinto",
    "1500408": "Shinto",
    "1500409": "Shinto",
    "1500410": "Shinto",
    "1500411": "The Predator",
    "1500412": "The Predator",
    "1500413": "The Predator",
    "1500414": "The Predator",
    "1500415": "The Predator",
    "1500416": "Encio",
    "1500417": "Kalos' minion",
    "1500418": "Kalos' minion",
    "1500419": "Kalos' minion",
    "1500420": "Private Mercenary",
    "1500421": "Private Mercenary",
    "1500422": "Private Mercenary",
    "1500423": "Private Mercenary",
    "1500424": "Private Mercenary",
    "1500425": "Private Mercenary",
    "1500426": "Private Mercenary",
    "1500427": "Private Mercenary",
    "1500428": "Private Mercenary",
    "1500429": "Private Mercenary",
    "1500430": "Shipowner's Association",
    "1500431": "Avir Karnien",
    "1500432": "Theon's Weapon",
    "1500433": "Hideout Checker",
    "1500434": "Hideout Archer",
    "1500435": "Hideout Wizard",
    "1500436": "Hideout Wizard",
    "1500437": "Hideout Wizard",
    "1500438": "Hideout Wizard",
    "1500439": "Hideout Warlock",
    "1500440": "Hideout Plague Doctor",
    "1500441": "Knights of Duran",
    "1500442": "Theon the Runaway Engineer",
    "1500443": "Knights of Duran",
    "1500444": "Knights of Duran",
    "1500445": "blue paw",
    "1500446": "Mist Moss Spider",
    "1500447": "Crystal Glowworm",
    "1500448": "blue ent",
    "1500449": "Boss Wolf",
    "1500450": "wolf",
    "1500451": "Sand Beach Turtle",
    "1500452": "Palm Crab",
    "1500453": "thief thief",
    "1500454": "puddle crab",
    "1500455": "puddle monster",
    "1500456": "Ravenous Archer",
    "1500457": "Predator Prosecutor",
    "1500458": "Predator Assassin",
    "1500459": "The Marauder Technician",
    "1500460": "History of the Marauders",
    "1500461": "Ravenous Archer",
    "1500462": "Predator Prosecutor",
    "1500463": "Predator Assassin",
    "1500464": "The Marauder Technician",
    "1500465": "The History of the Marauders",
    "1500466": "Ravenous Archer",
    "1500467": "Predator Prosecutor",
    "1500468": "Predator Assassin",
    "1500469": "The Marauder Technician",
    "1500470": "The History of the Marauders",
    "1500471": "Burn",
    "1500472": "Burn",
    "1500473": "isser",
    "1500474": "A follower of Freig",
    "1500475": "A follower of Freig",
    "1500476": "Freig's Follower",
    "1500477": "A follower of Freig",
    "1500478": "Burn",
    "1500479": "Burnout",
    "1500480": "Burn",
    "1500481": "Burn",
    "1500482": "isser",
    "1500483": "Talking Bulger",
    "1500484": "Burn",
    "1500485": "Burnout",
    "1500486": "isser",
    "1500487": "Burn",
    "1500488": "Burnout",
    "1500489": "isser",
    "1500490": "Fermin",
    "1500491": "Illiana",
    "1500492": "Naldo",
    "1500493": "Gonzalo",
    "1500494": "Purify",
    "1500495": "Theon",
    "1500496": "clown",
    "1500497": "Wraith Wizard",
    "1500498": "Specter Wizard",
    "1500499": "Wraith Wizard",
    "1500500": "Wraith Wizard",
    "1500501": "Spectre",
    "1500502": "Forest Spider",
    "1500503": "Field Tiger",
    "1500504": "Field Outbreak",
    "1500505": "Wraith Wizard",
    "1500506": "Wraith Wizard",
    "1500507": "Wraith Wizard",
    "1500508": "Wraith Wizard",
    "1500509": "The Specter Stalker",
    "1500510": "fox",
    "1500511": "Revenant Swordsman",
    "1500512": "Revenant Archer",
    "1500513": "Captain Revenant",
    "1500514": "Mabria Melee Bulger",
    "1500515": "Mabria Ranged Bulger",
    "1500516": "isser",
    "1500517": "Antropa",
    "1500518": "Wharf Worker",
    "1500519": "Wharf Worker",
    "1500520": "Wharf Worker with Arms",
    "1500521": "Wharf Worker with Arms",
    "1500522": "Freig's henchmen",
    "1500523": "Freig's henchmen",
    "1500524": "Freig's henchmen",
    "1500525": "Freig's henchmen",
    "1500526": "Freig's henchmen",
    "1500527": "Freig's henchmen",
    "1500528": "Freig's henchmen",
    "1500529": "Freig's henchmen",
    "1500530": "Freig's henchmen",
    "1500531": "Freig's henchmen",
    "1500532": "Freig's henchmen",
    "1500533": "Freig's henchmen",
    "1500534": "Freig's henchmen",
    "1500535": "Freig's henchmen",
    "1500536": "Freig's henchmen",
    "1500537": "Freig's henchmen",
    "1500538": "gray pug",
    "1500539": "Theon's Weapon",
    "1500540": "Skull Soldier",
    "1500541": "Skull Soldier",
    "1500542": "Inspired Marauder",
    "1500543": "Inspired Marauder",
    "1500544": "Inspired Marauder",
    "1500545": "Inspired Marauder",
    "1500546": "Inspired Marauder",
    "1500547": "Inspired Marauder",
    "1500548": "Inspired Marauder",
    "1500549": "Marauder Captain Svein",
    "1500550": "Ravenous Archer",
    "1500551": "Predator Prosecutor",
    "1500552": "Predator Assassin",
    "1500553": "The Marauder Technician",
    "1500554": "The History of the Marauders",
    "1500555": "Wolf",
    "1500556": "Angry Blue Tenotaf (using Citizen Appearance)",
    "1500557": "Blue Scout Tekotito (using Citizen Appearance)",
    "1500558": "Pippentu of Black Crab (using Citizen Appearance)",
    "1500559": "Pippentu of Black Crab (using Citizen Appearance)",
    "1500560": "Blue Brawler Pulitu",
    "1500561": "Blue Man Brawler Campero",
    "1500562": "Breezy Piento of Black Crab (using Citizen Appearance)",
    "1500563": "Goblin Warrior",
    "1500564": "Goblin Club",
    "1500565": "Goblin Archer",
    "1500566": "Goblin Warrior",
    "1500567": "Plain Wolf",
    "1500568": "Cyclops",
    "1500569": "Thornmaul Cyclops",
    "1500570": "horned cyclops",
    "1500571": "Cockatrice",
    "1500572": "ent",
    "1500573": "Glowworm",
    "1500574": "Flower Garden Glowworm",
    "1500575": "Meadow ent",
    "1500576": "Nitra Wolf",
    "1500577": "Nitra Thief Invert",
    "1500578": "Redberry Treant",
    "1500579": "Rigland Glowworm",
    "1500580": "Peony Tree",
    "1500581": "Lake Wolf",
    "1500582": "Vine Cannibals",
    "1500583": "Land Glowworm",
    "1500584": "Sabua Thief Dochi",
    "1500585": "Forest Nightworm",
    "1500586": "tamed wolf",
    "1500587": "The roaming giant shark",
    "1500588": "Forest Deer",
    "1500589": "Rock Hill Sheep",
    "1500590": "Rockhill Sheep",
    "1500591": "Rock Spirit",
    "1500592": "Mine Golem",
    "1500593": "Damir Balbali",
    "1500594": "tendon attached to the nucleus",
    "1500595": "tendon attached to the nucleus",
    "1500596": "tendon attached to the nucleus",
    "1500597": "member of the shipowner's association",
    "1500598": "member of the shipowners' association",
    "1500599": "member of the shipowner's association",
    "1500600": "member of the shipowner's association",
    "1500601": "member of the shipowner's association",
    "1500602": "member of the shipowner's association",
    "1500603": "member of the shipowners' association",
    "1500604": "member of the shipowner's association",
    "1500605": "member of the shipowner's association",
    "1500606": "member of the shipowner's association",
    "1500607": "Burnout",
    "1500608": "Burn",
    "1500609": "isser",
    "1500610": "Burn",
    "1500611": "Burn",
    "1500612": "isser",
    "1500613": "Burnout",
    "1500614": "Burn",
    "1500615": "isser",
    "1500616": "Burn",
    "1500617": "Burn",
    "1500618": "isser",
    "1500619": "Samyojeong of the Pasture",
    "1500620": "Giant Field Outbreak",
    "1500621": "Cunning Forest Spider",
    "1500622": "Strong and dry sagebrush",
    "1500623": "isser",
    "1500624": "crystallized blue man",
    "1500625": "Gate",
    "1500626": "Gate",
    "1500627": "Gate",
    "1500628": "Gate",
    "1500629": "The Pasture Goat",
    "1500630": "Moloko",
    "1500631": "Macht",
    "1500632": "Uraidis",
    "1500633": "Familla",
    "1500634": "tendon attached to the nucleus",
    "1500635": "tendon attached to the nucleus",
    "1500636": "tendon attached to the nucleus",
    "1500637": "Anki",
    "1500638": "Muruk",
    "1500639": "Igas",
    "1500640": "Shooky",
    "1500641": "Rusposa",
    "1500642": "Plusnema",
    "1500643": "Maen",
    "1500644": "Ulac",
    "1500645": "Qion",
    "1500646": "Harfu",
    "1500647": "The Plains Mandate Tiger",
    "1500648": "The Mysterious Knight",
    "1500649": "hard",
    "1500650": "Progo",
    "1500651": "Ferocious Horn",
    "1500652": "Perrit",
    "1500653": "The Seed of Darkness",
    "1500654": "Taras",
    "1500655": "The Dark Prophet",
    "1500656": "Akhnos",
    "1500657": "Entangling Tongue",
    "1500658": "Nerophilus",
    "1500659": "rabies",
    "1500660": "of the forest",
    "1500661": "Mae Chief",
    "1500662": "Pampered",
    "1500663": "Windbringer",
    "1500664": "Master of Thunder",
    "1500665": "naughty",
    "1500666": "frivolous",
    "1500667": "Eyes of the Hill",
    "1500668": "giant beak",
    "1500669": "Incandescent",
    "1500670": "Stranded",
    "1500671": "Ancient Witnesses",
    "1500672": "The King of Old Trees",
    "1500673": "Call of the Cliff",
    "1500674": "pointed beak",
    "1500675": "The Abandoned Treader",
    "1500676": "Ironjaw",
    "1500677": "Hongdamui",
    "1500678": "Enforcer of the Rift",
    "1500679": "Enforcer of the Rift",
    "1500680": "Enforcer of the Rift",
    "1500681": "Enforcer of the Rift",
    "1500682": "Enforcer of the Rift",
    "1500683": "Enforcer of the Rift",
    "1500684": "Enforcer of the Labyrinth",
    "1500685": "of greed",
    "1500686": "Comic",
    "1500687": "reigning",
    "1500688": "of bondage",
    "1500689": "The Strange Lion",
    "1500690": "Sewer Spider",
    "1500691": "The Plague",
    "1500692": "crystallized blue man",
    "1500693": "crystallized blue man",
    "1500694": "self-destruct tentacles",
    "1500695": "Corridor Guardian",
    "1500696": "Corridor Guardian",
    "1500697": "Corridor Guardian",
    "1500698": "watchful",
    "1500699": "drag",
    "1500700": "rushing",
    "1500701": "Guardian Swordsman",
    "1500702": "Guardian Artillery",
    "1500703": "Guardian Swordsman",
    "1500704": "Guardian Artillery",
    "1500705": "Guardian Swordsman",
    "1500706": "Guardian Artillery",
    "1500707": "on the lookout",
    "1500708": "Corridor Guardian",
    "1500709": "Guardian Swordsman",
    "1500710": "Guardian Artillery",
    "1500711": "Qion's minion wolf",
    "1500712": "Labyrinth Doll",
    "1500713": "Labyrinth Silver Stampede",
    "1500714": "Golden Stampede",
    "1500715": "Labyrinth Tiger",
    "1500716": "Labyrinth Jar Merchant",
    "1500717": "Labyrinth Jar Jar",
    "1500718": "Labyrinth Skeleton Soldier",
    "1500719": "The Labyrinth Wraith",
    "1500720": "Labyrinth Fox",
    "1500721": "Labyrinth Wolf",
    "1500722": "Labyrinth Tiger",
    "1500723": "Labyrinth Suwa Axeman",
    "1500724": "Labyrinth Suwa Fire Shaman",
    "1500725": "Labyrinth Suwa Blunt Trooper",
    "1500726": "The Labyrinth Jar Team Dual Swordsman",
    "1500727": "Labyrinth Jar Merchant",
    "1500728": "Labyrinth Jar Jar",
    "1500729": "Labyrinth Kangxi",
    "1500730": "Labyrinth Rotten Pug",
    "1500731": "Labyrinth Skeleton Soldier",
    "1500732": "The Labyrinth Wraith",
    "1500733": "Labyrinth figurine",
    "1500734": "Labyrinth Silver Stampede",
    "1500735": "Golden Stampede",
    "1500736": "isser",
    "1500737": "Labyrinth Fox",
    "1500738": "Labyrinth Wolf",
    "1500739": "Labyrinth Tiger",
    "1500740": "Labyrinth Suwa Axeman",
    "1500741": "Labyrinth Suwa Fire Shaman",
    "1500742": "Labyrinth Suwa Blunt Trooper",
    "1500743": "Double-breeder of the Labyrinth Jar",
    "1500744": "Labyrinth Jar Merchant",
    "1500745": "Labyrinth Jar Jar",
    "1500746": "Labyrinth Kangxi",
    "1500747": "Labyrinth Rotten Pug",
    "1500748": "Labyrinth Skeleton Soldier",
    "1500749": "The Labyrinth Wraith",
    "1500750": "Labyrinth figurine",
    "1500751": "Labyrinth Silver Stampede",
    "1500752": "Golden Stampede",
    "1500753": "isser",
    "1500754": "Acolyte of the Labyrinth",
    "1500755": "Flag",
    "1500756": "Abyssal",
    "1500757": "Ferocious Bear",
    "1500758": "Plain Deer",
    "1500759": "Forest Wolf",
    "1500760": "Sand Beach Turtle",
    "1500761": "Palm Crab",
    "1500762": "puddle crab",
    "1500763": "puddle monster",
    "1500764": "Ravenous Archer",
    "1500765": "Predator Swordsman",
    "1500766": "Forest Deer",
    "1500767": "Predator Assassin",
    "1500768": "bear",
    "1500769": "Rock Hill Sheep",
    "1500770": "The Marauder Technician",
    "1500771": "The History of the Marauders",
    "1500772": "lake monster",
    "1500773": "The Thief and the Thief",
    "1500774": "Cyclops the Predator",
    "1500775": "Goblin Warrior",
    "1500776": "Plain Wolf",
    "1500777": "Cyclops",
    "1500778": "Cyclops",
    "1500779": "horned cyclops",
    "1500780": "ent",
    "1500781": "Glowworm",
    "1500782": "cockatrice",
    "1500783": "Highland Wolf",
    "1500784": "Cockatrice",
    "1500785": "Rock Spirit",
    "1500786": "Mine Golem",
    "1500787": "Stone Golem",
    "1500788": "Glyph Stone Golem",
    "1500789": "Enhanced Stone Golem",
    "1500790": "Giant Cannibal Plant",
    "1500791": "Wandering cannibals",
    "1500792": "Spirit Ent",
    "1500793": "Lumberjack",
    "1500794": "Shepherd",
    "1500795": "Forge Auxiliary",
    "1500796": "The Barber",
    "1500797": "The Engineer",
    "1500798": "Vicious Beach Turtle",
    "1500799": "Ferocious Puddle Monster",
    "1500800": "Giant Field Outbreak",
    "1500801": "Cunning Forest Spider",
    "1500802": "Rough Cockatrice",
    "1500803": "Strong and dry sagebrush",
    "1500804": "Scary Mining Golem",
    "1500805": "serious",
    "1500806": "Sturdy",
    "1500807": "Agility",
    "1500808": "Huge",
    "1500809": "sharp",
    "1500810": "soft",
    "1500811": "hard",
    "1500812": "quiet",
    "1500813": "noisy",
    "1500814": "sleek",
    "1500815": "concerned",
    "1500816": "Savage",
    "1500817": "light",
    "1500818": "heavy",
    "1500819": "sick",
    "1500820": "Fake Ereda Remnant",
    "1500821": "Fake Ereda Remnant",
    "1500822": "Fake Ereda Remnant",
    "1500823": "Fake Ereda Remnant",
    "1500824": "Vile",
    "1500825": "Savage",
    "1500826": "Evil",
    "1500827": "predator",
    "1500828": "wicked",
    "1500829": "Savage",
    "1500830": "strong",
    "1500831": "sleek",
    "1500832": "Evil",
    "1500833": "quick",
    "1500834": "Sturdy",
    "1500835": "sleek",
    "1500836": "hard",
    "1500837": "strong",
    "1500838": "hard",
    "1500839": "ferocious",
    "1500840": "heavy",
    "1500841": "Savage",
    "1500842": "Evil",
    "1500843": "giant",
    "1500844": "gigantic",
    "1500845": "heavy",
    "1500846": "Rowdy",
    "1500847": "smart",
    "1500848": "Strong",
    "1500849": "The Quiet Black Dawn ",
    "1500850": "The Swift Black Dawn",
    "1500851": "The Serious Black Dawn",
    "1500852": "Soft Black Dawn",
    "1500853": "Noisy Black Dawn",
    "1500854": "The Vicious Black Dawn",
    "1500855": "Sharp Black Dawn",
    "1500856": "Worried Black Dawn",
    "1500857": "Guardian of the Rift",
    "1500858": "Predator Assassin",
    "1500859": "Glyph Paper Goat",
    "1500860": "Defense Inspector",
    "1500861": "Defense Archer",
    "1500862": "Defense Mage",
    "1500863": "Defense Mage",
    "1500864": "Defense Mage",
    "1500865": "Defense Mage",
    "1500866": "Lab Warlock",
    "1500867": "Experimental Team Plague Doctor",
    "1500868": "Waterfall Crystal Turtle",
    "1500869": "lake monster",
    "1500870": "giant",
    "1500871": "farm crab",
    "1500872": "The Black Dawn",
    "1500873": "Puppet",
    "1500874": "Red Hand",
    "1500875": "Coldworm",
    "1500876": "Guardian",
    "1500877": "Guardian",
    "1500878": "Guardian",
    "1500879": "Avoid attack",
    "1500880": "Shield Break",
    "1500881": "Destroy the engine",
    "1500882": "Blade Axe",
    "1500883": "Swordsman Inspector",
    "1500884": "The Fighter Assassin",
    "1500885": "The Fighter Archer",
    "1500886": "Walker Technician",
    "1500887": "Blade Axe",
    "1500888": "Blue one-handed sword male",
    "1500889": "Elite male with blue one-handed sword",
    "1500890": "Blue One-Handed Sword Named Male",
    "1500891": "Double Sword Female of Blue Man",
    "1500892": "Elite female double swordsman",
    "1500893": "Blue Man Double Sword Named Female",
    "1500894": "Blue Man Anchor Man",
    "1500895": "Blue Man Anchor Elite Big Man",
    "1500896": "Blue Man Anchor Named Big Guy",
    "1500897": "Inspection of the Blades",
    "1500898": "The Fighter Assassin",
    "1500899": "The Fighter Archer",
    "1500900": "Walker Technician",
    "1500901": "Blade Axe Warrior",
    "1500902": "Check the Blades",
    "1500903": "The Fighter Assassin",
    "1500904": "Butterfly Archer",
    "1500905": "Walker Technician",
    "1500906": "Blade Axe",
    "1500907": "Swordsmanship Inspection",
    "1500908": "The Fighter Assassin",
    "1500909": "Butterfly Archer",
    "1500910": "Walker Technician",
    "1500911": "Thorn Trap",
    "1500912": "Thorn Trap",
    "1500913": "Explosive Pillar",
    "1500914": "Explosive Pillar",
    "1500915": "suicide bomber",
    "1500916": "Corridor Guardian",
    "1500917": "serious",
    "1500918": "Rapid",
    "1500919": "armed",
    "1500920": "Spearsword Swordsman",
    "1500921": "Swordsman Swordsman",
    "1500922": "Double Swordsmanship",
    "1500923": "Double Swordsmanship",
    "1500924": "spears fighter",
    "1500925": "Spears Champion",
    "1500926": "heavy",
    "1500927": "giant",
    "1500928": "Agility",
    "1500929": "lake turtle",
    "1500930": "Lake Turtle",
    "1500931": "bear",
    "1500932": "deer",
    "1500933": "bear",
    "1500934": "deer",
    "1500935": "Master Training Center",
    "1500936": "Farring King bounced back",
    "1500937": "Master Training Center",
    "1500938": "Can't Parry Attack",
    "1500939": "Master Training Center",
    "1500940": "Unblockable Attack",
    "1500941": "Master Training Center",
    "1500942": "Break through all the blocking parings",
    "1500943": "dangerous",
    "1500944": "Rotten Myojung",
    "1500945": "Abominable",
    "1500946": "intrusive",
    "1500947": "smart",
    "1500948": "plain fox",
    "1500949": "quick",
    "1500950": "Tough",
    "1500951": "perfect",
    "1500952": "red paw",
    "1500953": "Golden Outbreak",
    "1500954": "black paw",
    "1500957": "Rugged",
    "1500958": "Vicious",
    "1500959": "steel doll for practice",
    "1500960": "Wolf",
    "1500961": "wolf",
    "1500962": "Unidentified Monster",
    "1500963": "The Bullfighting Poacher",
    "1500964": "The Bullfight Poacher",
    "1500965": "Choryeongmok",
    "1500966": "Lake Outbreak",
    "1500967": "Bulky",
    "1500968": "Vegetable Spirit",
    "1500969": "dangerous",
    "1500970": "Suwol Harbor Guard",
    "1500971": "Ereda Combatant",
    "1500972": "Suwa Warrior",
    "1500973": "Angsi Warrior",
    "1500974": "Choryeong Tree's Summon",
    "1500975": "Summon of the Spirit Tree",
    "1500976": "Lotus Man",
    "1500977": "Bulky",
    "1500978": "Writhing",
    "1500979": "Hacho",
    "1500980": "blue hands",
    "1500981": "Western Warrior",
    "1500982": "sleek",
    "1500983": "Vile",
    "1500984": "Chiyeon",
    "1500985": "Purchased Spears",
    "1500986": "lake monster",
    "1500987": "Green Lake Crab",
    "1500988": "Giant Mushroom",
    "1500989": "Blue Hermit Crab",
    "1500990": "The Bullfighting Poacher",
    "1500991": "The Bullfighting Poacher",
    "1500992": "Geumsteel Fist",
    "1500993": "Elite Guard",
    "1500994": "Looking Dangerous",
    "1500995": "Arbor Spirit",
    "1500996": "Angry",
    "1500997": "Leaf Thief",
    "1500998": "quick",
    "1500999": "Powerful",
    "1501000": "Agility",
    "1501001": "wolf",
    "1501002": "Wolf",
    "1501003": "Hungry",
    "1501004": "Erosioned Westin Warrior",
    "1501005": "vigorously",
    "1501006": "Runaway Guard",
    "1501007": "Runaway Guard",
    "1501010": "Erosioned Westin Archer",
    "1501011": "Western Archer",
    "1501012": "ominous cry",
    "1501013": "eroded gully",
    "1501014": "roughly",
    "1501015": "Goblin",
    "1501016": "Annoying",
    "1501017": "terrible",
    "1501018": "Erosted Scorpion",
    "1501019": "savagely",
    "1501020": "sharp",
    "1501021": "strong",
    "1501022": "Agile",
    "1501023": "skilled",
    "1501024": "hard",
    "1501025": "Sharp",
    "1501026": "excellent",
    "1501027": "lethal",
    "1501028": "proficient",
    "1501029": "Rugged",
    "1501030": "Raging Guardian Swordsman",
    "1501031": "Raging Guardian Swordsman",
    "1501032": "Runaway Guard Artillery",
    "1501033": "Runaway Guard Artillery",
    "1501034": "ruthless",
    "1501035": "threatening",
    "1501036": "Runaway Guardian",
    "1501037": "Black Flower Guardian",
    "1501038": "Rugged",
    "1501039": "Swamp Crocodile",
    "1501040": "savagely",
    "1501041": "Erosioned Swamp Crocodile",
    "1501042": "Super Armor only for heavy attack",
    "1501043": "All Skill Super Armor",
    "1501044": "All skills up to Super Armor HIT",
    "1501045": "reliable",
    "1501046": "The Corrupted Divine Tree",
    "1501047": "Flame Ring",
    "1501050": "Ent Boss 120",
    "1501051": "Ent Boss 130",
    "1501052": "Ent Boss 140",
    "1501053": "Ent Boss 150",
    "1501054": "Runaway Guard",
    "1501055": "Historic Site",
    "1501056": "Iron Warrior",
    "1501057": "contradiction",
    "1501058": "Corrupted Mercenary",
    "1501059": "Great Mountain",
    "1501060": "Goblin",
    "1501061": "Chief Suwa",
    "1501062": "Daewa",
    "1501063": "Sharp Armor",
    "1501064": "Bautan",
    "1501065": "Heavy Branch",
    "1501066": "blue wood",
    "1501067": "A bountiful branch",
    "1501068": "red eye",
    "1501069": "Blood Spider",
    "1501070": "Waryun",
    "1501071": "Rough Black Bear",
    "1501072": "Woo-Fu",
    "1501073": "Sharp Thorns",
    "1501074": "Wangfu",
    "1501075": "Cruel Blade",
    "1501076": "Booklet",
    "1501077": "Erosioned Blade",
    "1501078": "Booklet",
    "1501079": "Paradise Guard Tree",
    "1501080": "Vegetable Spirit",
    "1501081": "Chaerangrang",
    "1501082": "Captain of Scouting Teams",
    "1501083": "The Wolf of Chaerangrang",
    "1501084": "Elite",
    "1501085": "Suwa Warrior",
    "1501086": "Kowa",
    "1501087": "Liwa",
    "1501088": "mutant",
    "1501089": "The Giant Spider",
    "1501090": "Runaway Guardian",
    "1501091": "Honglin",
    "1501092": "Practice Kokeshi",
    "1501093": "Practice Kokeshi",
    "1501094": "chicken",
    "1501095": "Overheated Runaway Guard",
    "1501096": "test_A",
    "1501097": "test_B",
    "1501100": "Debilitated Blast Warrior",
    "1501101": "Nak Spirit Stone",
    "1501102": "Runaway Guard",
    "1501103": "Awakened",
    "1501104": "Daddy Chicken",
    "1501105": "Corridor Guardian",
    "1501106": "promised",
    "1501107": "Angry",
    "1501108": "Arbor Spirit",
    "1501109": "Flame Ring",
    "1501110": "Erosted Suwa",
    "1501111": "Blackdawn Plaguemaster",
    "1501112": "Blackdawn Warrior",
    "1501113": "Geumgang Station",
    "1501114": "King of Mukjeom",
    "1501115": "Okay",
    "1501116": "Goblin Warrior",
    "1501117": "golem",
    "1501118": "Guardian Golem",
    "1501119": "Corroded Westman Dual Swords",
    "1501120": "Rock Golem",
    "1501121": "The Yeti",
    "1501122": "Wendigo",
    "1501123": "Revenant Bayonet",
    "1501124": "Nakwondaeseong",
    "1501125": "out of the yard",
    "1501126": "Inspection of the Blades",
    "1501127": "The Fighter Assassin",
    "1501128": "Inspection of the Blades",
    "1501129": "The Fighter Assassin",
    "1501130": "Swordsman Swordsman",
    "1501131": "Swordsman Swordsman",
    "1501132": "Swordsman Swordsman",
    "1501133": "Double Swordsmanship",
    "1501134": "Double Swordsmanship",
    "1501135": "Double Swordsmanship",
    "1501136": "spears fighter",
    "1501137": "The Rabbit",
    "1501138": "The Rabbit",
    "1501139": "The Rabbit",
    "1501140": "The Rabbit",
    "1501141": "Lead the Rabbit",
    "1501142": "Lead the Rabbit",
    "1501143": "Lead the Rabbit",
    "1501144": "Lead the Rabbit Team",
    "1501145": "Captain of the Rabbit",
    "1501146": "Goblin",
    "1501147": "Vile",
    "1501148": "violent",
    "1501149": "experienced",
    "1501150": "armed",
    "1501151": "Goblin Warrior",
    "1501152": "Action Leader",
    "1501153": "Ulg",
    "1501154": "boss",
    "1501155": "Volga",
    "1501156": "The Berserker Trapped in the Tower",
    "1501157": "Borg",
    "1501158": "Nakwondaeseong",
    "1501159": "Board Boss",
    "1501160": "Heuk Oh",
    "1501161": "Daejangdochi",
    "1501162": "Adu",
    "1501163": "spear robbers",
    "1501164": "Spear robbery manager",
    "1501165": "Guardian",
    "1501166": "Flood Guard Captain",
    "1501167": "Red Eye",
    "1501168": "blue wood",
    "1501169": "The Destroyer",
    "1501170": "recoverer",
    "1501171": "glamorous",
    "1501172": "Varuna Tricolor",
    "1501173": "naughty",
    "1501174": "Mandalas",
    "1501175": "Precious Flower",
    "1501176": "full moon",
    "1501177": "Welcome",
    "1501178": "Moonlight",
    "1501179": "Welcome",
    "1501180": "Kwak Ho-ryong",
    "1501181": "Dohwasangjeon Vandal Branch Manager",
    "1501183": "Guardian Bomber",
    "1501184": "The Forgotten Runaway Watcher",
    "1501185": "Welcome",
    "1501186": "Red plum",
    "1501187": "Goblin",
    "1501188": "Myomyeon Shield Warrior",
    "1501189": "Encourage Myomyeon Shield Warriors",
    "1501190": "Myomyeon's bowman",
    "1501191": "Encourage the Myomyeon clan bowman",
    "1501192": "Myomyeon Fighter",
    "1501193": "Encourage Myomyeon Fighters",
    "1501194": "Myomyeon Fighter Captain",
    "1501195": "Blackened Myomyeon Fighter",
    "1501196": "Encourage Blackened Myomyeon Fighters",
    "1501197": "Homelessness",
    "1501198": "Homelessness",
    "1501199": "Dongja-ryeong",
    "1501200": "Dongja-ryeong",
    "1501201": "Imp",
    "1501202": "Imp",
    "1501203": "Fat Goblin",
    "1501204": "Fat Goblin",
    "1501205": "Slender Goblin",
    "1501206": "Slender Goblin",
    "1501207": "Sister-in-law",
    "1501208": "Sister-in-law",
    "1501209": "Burntman Giant Warrior",
    "1501210": "Burntman Giant Warrior",
    "1501211": "Burnman Assassin",
    "1501212": "Burnman Assassin",
    "1501213": "Blood Infiltrator",
    "1501214": "Burnt Infiltrator",
    "1501215": "Corrupted Suwa Chieftain",
    "1501216": "Shining Abyss Crocodile",
    "1501217": "The Shining Westin",
    "1501218": "Elite",
    "1501219": "Corrupted Suwa Chieftain",
    "1501220": "Gulak",
    "1501221": "Shining Abyss Crocodile",
    "1501222": "The Shining Westin",
    "1501223": "Labyrinth of Greed, Little Arborist",
    "1501224": "honest",
    "1501225": "Labyrinth of Greedy Tree Spirit",
    "1501226": "giant",
    "1501227": "Labyrinth Treant Giant",
    "1501228": "Labyrinth Guard Warrior",
    "1501229": "Labyrinth Guard Artillery",
    "1501230": "upright",
    "1501231": "The Labyrinth Giant Guard",
    "1501232": "Labyrinth Guard Watcher",
    "1501233": "strong",
    "1501234": "Labyrinth Guard Warrior",
    "1501235": "of destruction",
    "1501236": "Labyrinth Guard Artillery",
    "1501237": "The Blue Thief",
    "1501238": "Blue Man Robber",
    "1501239": "Guardian Red Eye",
    "1501240": "Guardian Yellowwood",
    "1501241": "stole an apple",
    "1501242": "stole a crab",
    "1501243": "stole a fish",
    "1501244": "stealed a lotus leaf",
    "1501245": "The Thief",
    "1501246": "Snake Mushroom",
    "1501247": "Samyojeong of the Pasture",
    "1501248": "Samyojeong of the Pasture",
    "1501249": "Dry Sacred Heart",
    "1501250": "Tiger",
    "1501251": "Tiger",
    "1501252": "Forest Deer",
    "1501253": "Forest Deer",
    "1501254": "Forest Goat",
    "1501255": "Forest Goat",
    "1501256": "Forest Tiger",
    "1501257": "lantern branch",
    "1501258": "Bulky",
    "1501259": "Savage",
    "1501260": "slim",
    "1501261": "quiet",
    "1501262": "Little Dumb",
    "1501263": "mischievous",
    "1501264": "Little Dumb",
    "1501265": "Your legs are dim",
    "1501266": "Rowdy",
    "1501267": "Your legs are dim",
    "1501268": "of greed",
    "1501269": "Sang-gun Yang",
    "1501270": "Paradise Swordsman",
    "1501271": "Paradise Masterpiece",
    "1501272": "Paradise Quarry",
    "1501273": "Paradise Sharpshooter",
    "1501274": "You are slow and dim",
    "1501275": "Corrupted",
    "1501276": "Slow and dim",
    "1501277": "Reddon Scout",
    "1501278": "Red Pig Sentinel",
    "1501279": "Red Mandala",
    "1501280": "Ferocious Mandala",
    "1501281": "Redhair Wolf",
    "1501282": "Ferocious Wolf",
    "1501283": "red horned deer",
    "1501284": "Red Don Fighter",
    "1501285": "Red Don Watcher",
    "1501286": "Hongdon Onslaught Captain",
    "1501287": "Hongju",
    "1501288": "Blackfoot",
    "1501289": "red-tailed scorpion",
    "1501290": "Red Big-tailed Scorpion",
    "1501291": "Maple Spirit",
    "1501292": "Alder Maple Spirit",
    "1501293": "Dark",
    "1501294": "You're nimble",
    "1501295": "the big club is dim",
    "1501296": "quiet dim",
    "1501297": "King over the Fields",
    "1501298": "Dark Tree Spirit",
    "1501299": "Blackdawn Combatant",
    "1501300": "Blackdawn Assassin",
    "1501301": "Blackdawn Sentinel",
    "1501302": "Blackdawn Shaman",
    "1501303": "Blackdawn Poisoners",
    "1501304": "rainfall",
    "1501305": "Red Fox",
    "1501306": "Ashen Mandala",
    "1501307": "Rude Red Mandala",
    "1501308": "You are short and grayish-dark",
    "1501309": "You are an elongated, grayish-dark",
    "1501310": "You're a big ashen gray",
    "1501311": "Angry Dumb",
    "1501312": "Ashen gnat",
    "1501313": "mandala",
    "1501314": "Ashen Tiger",
    "1501315": "Furious Giant Tiger",
    "1501316": "The Wandering Fireman",
    "1501317": "Burnman Scout",
    "1501318": "Burnman Combatant",
    "1501319": "Burnman Assassin",
    "1501320": "Burn-in-the-Slaughterer",
    "1501321": "Yellow Jade",
    "1501322": "Metallurgy",
    "1501323": "Spirit",
    "1501324": "Stealth Spider",
    "1501325": "Ferocious Metallurgy",
    "1501326": "boss",
    "1501327": "The Pasture Keepers",
    "1501328": "Wraith of Another World",
    "1501329": "The Thoughts of Another World",
    "1501330": "Daeeobang Vigilante",
    "1501331": "Lim Yeonsu's mercenary",
    "1501332": "Blue Pirates",
    "1501333": "giant spider",
    "1501334": "Blood Plaque Scout",
    "1501335": "Blood Plaque Scout",
    "1501336": "Blood Assassin",
    "1501337": "Blood Assassin",
    "1501338": "Blood Destroyer",
    "1501339": "Bloodplate Greater Destroyer",
    "1501340": "Jungle Spider",
    "1501341": "Jungle Outbreak",
    "1501342": "Jungle Tiger",
    "1501343": "little antler",
    "1501344": "stupid",
    "1501345": "Coastal outbreak",
    "1501346": "Valley Antler",
    "1501347": "Valley antler",
    "1501348": "The graveyard Sanseonho",
    "1501349": "Paradise Sanseonho",
    "1501350": "Paradise Soldier",
    "1501351": "Paradise Warrior",
    "1501352": "Paradise Firing",
    "1501353": "hill outbreak",
    "1501354": "Grass Spider",
    "1501355": "Paradise Fox",
    "1501356": "Muddy Spider",
    "1501357": "goat",
    "1501358": "Howling Metallurgy",
    "1501359": "red horned deer",
    "1501360": "Ashen Red Maw",
    "1501361": "A ferocious gray hornbill",
    "1501362": "Mutated Tobacco",
    "1501363": "Mutated Myojung",
    "1501364": "mutated dreaming jellyfish",
    "1501365": "A chaotic dreamy tricolor",
    "1501366": "Giant Jellyfish",
    "1501367": "Ferocious Dreamy Tricolor",
    "1501368": "Giant Mutated Caterpillar",
    "1501369": "Dream",
    "1501370": "Rocking Rock Goat",
    "1501371": "Wandering Demon Soldier",
    "1501372": "Wandering Sigui General",
    "1501373": "Geroma Larva",
    "1501374": "Fireweed",
    "1501375": "Mutated Weed",
    "1501376": "Geroma larvae",
    "1501377": "Mutated Giant Cinnamon",
    "1501378": "Tarit Hydra",
    "1501379": "Mutated Blue Man Swordsman",
    "1501380": "Mutated Blue Man Swordsman",
    "1501381": "mutated blue fighter",
    "1501382": "Baloo",
    "1501383": "spear thief",
    "1501384": "Swordsman Assault",
    "1501385": "The size of the spears",
    "1501386": "Chief of the Spears",
    "1501387": "Named Spears",
    "1501388": "Poetry Quarry",
    "1501389": "mutated paw",
    "1501390": "Jungle Spider",
    "1501391": "Jungle Spider",
    "1501392": "Heolinjiju",
    "1501393": "Jungle Outbreak",
    "1501394": "Jungle Outbreak",
    "1501395": "Jungle Bear",
    "1501396": "Jungle Bear",
    "1501397": "Jungle Deer",
    "1501398": "jungle deer",
    "1501399": "Green",
    "1501400": "Jungle Tiger",
    "1501401": "Jungle Tiger",
    "1501402": "Antler",
    "1501403": "Antwerp",
    "1501404": "Blackbeard Great Ghost",
    "1501405": "Little antler",
    "1501406": "jungle wolf",
    "1501407": "jungle wolf",
    "1501408": "Jungle Outbreak",
    "1501409": "Jungle Outbreak",
    "1501410": "stupid",
    "1501411": "stupid",
    "1501412": "Jungle Outbreak",
    "1501413": "Jungle Outbreak",
    "1501414": "Mandalas",
    "1501415": "Mandalas",
    "1501416": "Little Mandala Flower",
    "1501417": "full moon",
    "1501418": "Coastal Turtle",
    "1501419": "Coastal Turtle",
    "1501420": "Joo Oh Hwang",
    "1501421": "Coastal outbreak",
    "1501422": "Coastal outbreak",
    "1501423": "Coastal Hermit Crab",
    "1501424": "Coastal Hermit Crab",
    "1501425": "Coastal Turtle",
    "1501426": "Coastal Turtle",
    "1501427": "Coastal outbreak",
    "1501428": "Coastal outbreak",
    "1501429": "Little Dumb",
    "1501430": "Little Dumb",
    "1501431": "Your legs are dim",
    "1501432": "Your legs are dim",
    "1501433": "King on the girder",
    "1501434": "Coastal Crocodile",
    "1501435": "Coastal Crocodile",
    "1501436": "Evil",
    "1501437": "Coastal Hermit Crab",
    "1501438": "Coastal Hermit Crab",
    "1501439": "Vale Crawfish",
    "1501440": "Vale Creeper",
    "1501441": "Valley Petroglyph",
    "1501442": "Valley Bear",
    "1501443": "Valley Bear",
    "1501444": "Baek San-woong",
    "1501445": "Forest Wolf",
    "1501446": "Forest Wolf",
    "1501447": "Blood Plaque Scout",
    "1501448": "Blood Plaque Scout",
    "1501449": "Blood Assassin",
    "1501450": "Blood Assassin",
    "1501451": "Blood Destroyer",
    "1501452": "carry",
    "1501453": "Welcome Moonlight",
    "1501454": "Welcome Moonlight",
    "1501455": "Welcome Kwak Ho-ryong",
    "1501456": "Welcome Kwak Ho-ryong",
    "1501457": "Mist Smoker",
    "1501458": "Mist Smoker",
    "1501459": "Cannibal Young Herb",
    "1501460": "Mist Crocodile",
    "1501461": "Mist Crocodile",
    "1501462": "Swamp Swamp Grass",
    "1501463": "Swamp Swamp Grass",
    "1501464": "Swamp Crocodile",
    "1501465": "Swamp Crocodile",
    "1501466": "Gangtamak",
    "1501467": "Welcome Human Insect",
    "1501468": "Welcome Human Insect",
    "1501469": "Welcome Red Plum",
    "1501470": "Welcome Red Plum",
    "1501471": "Mist Lotusman",
    "1501472": "Mist Lotusman",
    "1501473": "Hombat Swallowtail",
    "1501474": "Hombre Swallowtail",
    "1501475": "Snake Mushroom",
    "1501476": "Snake Mushroom",
    "1501477": "Mushroom Illusion Insect",
    "1501478": "Mushroom Illusion Insect",
    "1501479": "Meylodis",
    "1501480": "The Graveyard Tuyeoncho",
    "1501481": "Tuyeoncho of the Graveyard",
    "1501482": "Cemetery Sanseonho",
    "1501483": "San Seonho, Cemetery",
    "1501484": "Homeless Marriage",
    "1501485": "homeless marriage",
    "1501486": "Dreamhorn",
    "1501487": "Paradise Turtle",
    "1501488": "Paradise Turtle",
    "1501489": "Paradise Sanseonho",
    "1501490": "Shin Seon-ho",
    "1501491": "Wetland Blossom",
    "1501492": "Wetland Blossom",
    "1501493": "Cannibal Guicho",
    "1501494": "Swamp Swamp Grass",
    "1501495": "Swamp Swamp Grass",
    "1501496": "Marsh Crocodile",
    "1501497": "Marsh Crocodile",
    "1501498": "Parasite vigilante",
    "1501499": "Paradise Thrower",
    "1501500": "Paradise Thrower",
    "1501501": "Paradise Leader",
    "1501502": "Paradise Leader",
    "1501503": "Paradise Plasticity",
    "1501504": "Waterfall Outbreak",
    "1501505": "Waterfall Outbreak",
    "1501506": "Waterfall Lotus Man",
    "1501507": "Waterfall Lotus Man",
    "1501508": "hill deer",
    "1501509": "hill deer",
    "1501510": "hill outbreak",
    "1501511": "hill outbreak",
    "1501512": "Grass scented samyojeong",
    "1501513": "Grass scented samyojeong",
    "1501514": "Valentine",
    "1501515": "Grass Spider",
    "1501516": "Grass Spider",
    "1501517": "Paradise Forest Turtle",
    "1501518": "Paradise Forest Turtle",
    "1501519": "Paradise Tricolor",
    "1501520": "Paradise Tricolor",
    "1501521": "Hanzo",
    "1501522": "Paradise Mandala",
    "1501523": "Paradise Mandala",
    "1501524": "Paradise Fox",
    "1501525": "Paradise Fox",
    "1501526": "Paradise Goat",
    "1501527": "Paradise Goat",
    "1501528": "Frightened Myomyeon",
    "1501529": "Frightened Myomyeon",
    "1501530": "Qing Yamyo",
    "1501531": "Sunrise Arbor",
    "1501532": "Sunrise Arbor",
    "1501533": "Sunrise Deer",
    "1501534": "Sunrise Deer",
    "1501535": "Muddy Crocodile",
    "1501536": "Muddy Crocodile",
    "1501537": "Heuktaetoak",
    "1501538": "Muddy Turtle",
    "1501539": "Muddy Turtle",
    "1501540": "Mud Spider",
    "1501541": "Mud Spider",
    "1501542": "beach outbreak",
    "1501543": "beach outbreak",
    "1501544": "Beach Turtle",
    "1501545": "Beach Turtle",
    "1501546": "Beach Little Dumb",
    "1501547": "Beach Little Dumb",
    "1501548": "You're a bum on the beach",
    "1501549": "You're a bum on the beach",
    "1501550": "The beach is slow and dim",
    "1501551": "The beach is slow and dim",
    "1501552": "King of the Beach",
    "1501553": "marsh wolf",
    "1501554": "Marsh Wolf",
    "1501555": "Mist Outbreak",
    "1501556": "Mist Outbreak",
    "1501557": "fog deer",
    "1501558": "fog deer",
    "1501559": "Paradise Deer",
    "1501560": "Paradise Deer",
    "1501561": "Paradise Bear",
    "1501562": "Paradise Bear",
    "1501563": "The Lost Spear Swordsman",
    "1501564": "The Lost Spear Swordsman",
    "1501565": "The Lost Spear Assassin",
    "1501566": "The Lost Spear Assassin",
    "1501567": "The Lost Spears Fighter",
    "1501568": "The Lost Spears Fighter",
    "1501569": "Nokryeokdaegwi",
    "1501570": "For testing the quest of Harm",
    "1501571": "patience",
    "1501572": "sharpened",
    "1501573": "persevere",
    "1501574": "damaging",
    "1501575": "Queen Spider",
    "1501576": "Flag",
    "1501577": "Rockhill Ruler",
    "1501578": "Strong Moth",
    "1501579": "breathing poison",
    "1501580": "Venus Venom Egg",
    "1501581": "Geroma larvae",
    "1501582": "pale",
    "1501583": "familiar",
    "1501584": "Gate",
    "1501585": "reassuring",
    "1501586": "thin",
    "1501587": "Ashen Little Dumb",
    "1501588": "Ashen Little Dumb",
    "1501589": "stray",
    "1501590": "You're gray with gray legs",
    "1501591": "You're gray with gray legs",
    "1501592": "Ashen slow and dim",
    "1501593": "Ashen slow and dim",
    "1501594": "Forgotten",
    "1501595": "Raging Labyrinth Guardian",
    "1501596": "Honglin",
    "1501597": "Waterfall Myomyeonjoo",
    "1501598": "Waterfall Myomyeonjoo",
    "1501599": "Cheongmyo",
    "1501600": "Waterfall Red Bear",
    "1501601": "The History of Pungbaekmun",
    "1501602": "Inspection of Pungbaekmun",
    "1501603": "Pungbaekmun Technician",
    "1501604": "Blackdawn Combatant",
    "1501605": "Blackdawn Assassin",
    "1501606": "Blackdawn Shaman",
    "1501607": "Participant in martial arts competition",
    "1501608": "Labyrinth Runaway Guard Warrior",
    "1501609": "Labyrinth Runaway Guard Warrior",
    "1501610": "Labyrinth Runaway Guard Artillery",
    "1501611": "Labyrinth Runaway Guard Artillery",
    "1501612": "Labyrinth Runaway Guard Watcher",
    "1501613": "Labyrinth Guard Guardian",
    "1501614": "Awakened Labyrinth Little Tree Spirit",
    "1501615": "Awakened Labyrinth Tree Spirit",
    "1501616": "Labyrinth Little Ent",
    "1501617": "Angry Labyrinth Arboretum",
    "1501618": "Angry Labyrinth Giant Tree Spirit",
    "1501619": "Wrathful Labyrinth Guard Warrior",
    "1501620": "Angry Labyrinth Guard Artillery",
    "1501621": "Angry Labyrinth Runaway Guard Warrior",
    "1501622": "Rage Labyrinth Runaway Guard Artillery",
    "1501623": "Angry Labyrinth Runaway Guard Warrior",
    "1501624": "Rage Labyrinth Runaway Guard Artillery",
    "1501625": "Labyrinth Guard Guardian",
    "1501626": "Labyrinth Runaway Guard Watcher",
    "1501627": "Labyrinth Spider of Greed",
    "1501628": "Baekhwaryeom",
    "1501629": "Runaway Guardian",
    "1501630": "Ereda Moonwave",
    "1501631": "Hareum",
    "1501632": "Elite",
    "1501633": "named",
    "1501634": "Beach Terror",
    "1501635": "Ferocious Tooth",
    "1501636": "Giant Bear",
    "1501637": "Mutated Miner",
    "1501638": "Mutated Miner",
    "1501639": "Mutated Miner",
    "1501640": "Furious",
    "1501641": "Huge Bulge",
    "1501642": "Hungry Gourmet",
    "1501643": "Yejo",
    "1501644": "Platinum",
    "1501645": "Emperor",
    "1501646": "Giant Horn",
    "1501647": "Black Claw",
    "1501648": "The Spirit of Abundance",
    "1501649": "He who climbed first",
    "1501650": "Red Blood Hood",
    "1501651": "Blood Mist",
    "1501652": "Dizzy Gaze",
    "1501653": "The Luminous Ghost",
    "1501654": "receipt",
    "1501655": "Marsh Mutant",
    "1501656": "2nd man",
    "1501657": "Hill Guardian Tree",
    "1501658": "Colorful Feathers",
    "1501659": "Tekken King",
    "1501660": "born of the sea",
    "1501661": "Don Chil Hong",
    "1501662": "Hongdonpal",
    "1501663": "Arang",
    "1501664": "weakened",
    "1501665": "The Poetry Overseer",
    "1501666": "Blackdawn Combatant",
    "1501667": "Blackdawn Assassin",
    "1501668": "Blackdawn Combatant",
    "1501669": "Blackdawn Assassin",
    "1501670": "Blackdawn Watchman",
    "1501671": "Blackdawn Shaman",
    "1501672": "Blackdawn Poisoners",
    "1501673": "Beach Trio",
    "1501674": "Jungle Spider",
    "1501675": "Jungle Spider",
    "1501676": "Jungle Outbreak",
    "1501677": "Jungle Outbreak",
    "1501678": "Mandalas",
    "1501679": "Mandalas",
    "1501680": "Valley Bear",
    "1501681": "Valley Bear",
    "1501682": "Vale Antler",
    "1501683": "Vale Antler",
    "1501684": "Welcome Human Insect",
    "1501685": "Welcome Human Insect",
    "1501686": "Welcome Red Plum",
    "1501687": "Welcome Red Plum",
    "1501688": "Swamp Swamp Grass",
    "1501689": "Loyalty of Nakwondaeseong",
    "1501690": "Great King Tongs",
    "1501691": "Moguo",
    "1501692": "Geumgang Ingot",
    "1501693": "Oh Kyung-rok",
    "1501694": "Labyrinth Sealed Giant Guardian",
    "1501695": "Member of Ereda",
    "1501696": "Member of Ereda",
    "1501697": "Hareum's henchmen",
    "1501698": "Hareum's henchmen",
    "1501699": "Member of Ereda",
    "1501700": "Member of Ereda",
    "1501701": "Snake Mushroom",
    "1501702": "The Giant Snake Mushroom",
    "1501703": "Daegeum",
    "1501704": "Munju Ereda",
    "1501705": "Harum",
    "1501706": "Oreum",
    "1501707": "Third Horseman",
    "1501708": "Hareum",
    "1501709": "Alone",
    "1501710": "weakened",
    "1501711": "Forest Wolf",
    "1501712": "Myomyeon's Bowman",
    "1501713": "Myomyeon's Bowman",
    "1501714": "predator",
    "1501715": "Elite",
    "1501716": "Corrupted Discipline Rookie Adverb",
    "1501717": "Corrupted Discipline Rookie Swordsman",
    "1501718": "Corrupted Discipline Archer",
    "1501719": "Corrupted Discipline Technician",
    "1501720": "Green Tumbleweed",
    "1501721": "Toxic Tobacco",
    "1501722": "The Rift Tobacco",
    "1501723": "plain tiger",
    "1501724": "Raging Labyrinth Watcher",
    "1501725": "Forgotten Runaway Watcher",
    "1501726": "Ghost in the Blood",
    "1501727": "white beast",
    "1501728": "The Abyss of the Abyss",
    "1501729": "Erosted Tobacco",
    "1501730": "Raging Labyrinth Watcher",
    "1501731": "Slaughter of Red Blood",
    "1501732": "Stop it",
    "1501733": "Erosioned Crocodile",
    "1501734": "Shunji Crocodile",
    "1501735": "Fertile Mountains",
    "1501736": "Ferocious Fertility Mountains",
    "1501737": "Welcome Sarubi",
    "1501738": "hallucination",
    "1501739": "Interpersonal Insect",
    "1501740": "Corridor of Awakening",
    "1501741": "Guardian of Strike No. 9",
    "1501742": "Guardian of One Strike No. 19",
    "1501743": "Guardian of Strike No. 28",
    "1501744": "Guardian of Destruction No. 29",
    "1501745": "Guardian of Strike No. 31",
    "1501746": "Guardian of Destruction No. 44",
    "1501747": "Guardian of the Iron Wall No. 35",
    "1501748": "Guardian of Destruction No. 38",
    "1501749": "Guardian of Strike No. 47",
    "1501750": "Guardian of Destruction No. 48",
    "1501751": "Guardian of the Iron Wall No. 51",
    "1501752": "Guardian of Destruction No. 52",
    "1501753": "Guardian of Strike No. 55",
    "1501754": "Guardian of Strike No. 57",
    "1501755": "Guardian of Destruction No. 57",
    "1501756": "Guardian of the Iron Wall No. 60",
    "1501757": "Bull-morning Spearman-in-Chief",
    "1501758": "Swordsman Remnant Checker",
    "1501759": "Leader of the Spear Remains",
    "1501760": "Blood Assaulter",
    "1501761": "Blood Plaque Scout",
    "1501762": "Blood Raider",
    "1501763": "Ferocious coastal crocodiles",
    "1501764": "Ferocious Coastal Hermit Crab",
    "1501765": "Ilseonggwan Archer",
    "1501766": "Ilseonggwan Archer",
    "1501767": "Stealing Ilseonggwan",
    "1501768": "Stealing Ilseonggwan",
    "1501769": "Black Swordsman",
    "1501770": "Black Dragon",
    "1501771": "Samyojeong Labyrinth",
    "1501772": "The Warlock Sentinel",
    "1501773": "Bounded Demon Soldier",
    "1501774": "Bounded Demon Archer",
    "1501775": "Bounded Poetryman",
    "1501776": "The Red Money Escort",
    "1501777": "Red Money Explorer",
    "1501778": "Encroached Demon Soldier",
    "1501779": "Encroached Demon Soldier",
    "1501780": "Erosioned Demon Soldier",
    "1501781": "corroded demon soldier",
    "1501782": "Ironclaw",
    "1501783": "Disaster Monkey",
    "1501784": "The Shipwrecked Sailor",
    "1501785": "The shipwrecked sailor",
    "1501786": "East-West",
    "1501787": "Wangdu",
    "1501788": "Bulky Big Boss",
    "1501789": "Frenzy Feet",
    "1501790": "Hwang Woong",
    "1501791": "Vengeful Blades",
    "1501792": "sharp thorns",
    "1501793": "Red Burner",
    "1501794": "King of Mononoke",
    "1501795": "Lonely Darkness",
    "1501796": "Blood Horse",
    "1501797": "The Shipwrecked Sailor",
    "1501798": "The Shipwrecked Poetryman",
    "1501799": "Labyrinth Guard",
    "1501800": "Angry Labyrinth Guardian Swordsman",
    "1501801": "Forgotten Fierce Guardian Swordsman",
    "1501802": "Ashen Spirit",
    "1501803": "Gone",
    "1501804": "Tyrant Blast",
    "1501805": "Void Destroyer",
    "1501806": "disgust",
    "1501807": "The Awakened Guardian",
    "1501808": "Megalith General",
    "1501809": "Burners of Madness",
    "1501810": "mother pole",
    "1501811": "shotgun",
    "1501812": "Mutated Human Hunter",
    "1501813": "old tree",
    "1501814": "Ancient Arbor",
    "1501815": "Black Cat",
    "1501816": "Blade of Explosion",
    "1501817": "Flame of the Abyss",
    "1501819": "Heresy",
    "1501820": "Strike Destruction",
    "1501821": "Dream",
    "1501822": "Mutated Human Slayer",
    "1501823": "Waterfall Myomyeonjoo",
    "1501824": "Bound Poetry Miner",
    "1501825": "Bound Poetry Overseer",
    "1501826": "Abyssal Burnout Scout",
    "1501827": "Abyssal Burnout Combatant",
    "1501828": "Abyssal Burnout Assassin",
    "1501829": "Abyssal Burnout Butcher",
    "1501830": "Erosted Poetry Miner",
    "1501831": "Myomyeon Skirt",
    "1501832": "Sunrise Arbor",
    "1501833": "Mutated Blue Man Brawler",
    "1501834": "mutated blue man swordsman",
    "1501835": "Mutated Blue Assassin",
    "1501836": "Myomyeon Warrior",
    "1501837": "Myomyeon Skirt",
    "1501838": "Green Spider",
    "1501839": "Labyrinth Guard",
    "1501840": "The Forgotten Runaway Watcher",
    "1501841": "Labyrinth Scout",
    "1501842": "Forgotten Runaway Watcher",
    "1501843": "Forgotten Runaway Watcher",
    "1501844": "Poison sting lotus leaf man",
    "1501845": "Fish Thief",
    "1501846": "Blue Crab Thief",
    "1501847": "The Apple Thief",
    "1501848": "Angry Labyrinth Guardian Artillery",
    "1501849": "Forgotten Fierce Guardian Artillery",
    "1501850": "Erosioned Western Double Swords",
    "1501851": "Erosioned Westin Warrior",
    "1501852": "Erosioned Westin Slingshot",
    "1501853": "Erosioned Westin Fighter",
    "1501854": "Waterfall Stinger Lotus",
    "1501855": "Waterfall Stinger Lotus",
    "1501856": "The Corrupted Westin Knifeslayer",
    "1501857": "The Corrupted Westin Witness",
    "1501858": "The Fighter Hunter",
    "1501859": "The Carrier Carrier",
    "1501860": "Captain of the Carriers",
    "1501861": "Blade Combatant",
    "1501862": "The Warlock Sentinel",
    "1501863": "Blade Commander",
    "1501864": "Arbor Spirit",
    "1501865": "Rough Blast-Destroyer",
    "1501866": "Burn-In Destroyer Assassin",
    "1501867": "The Fighter Poacher",
    "1501869": "Debilitated Blast Archer",
    "1501870": "Paradise Catapult",
    "1501871": "Paradise Combatant",
    "1501872": "Spear Remnant Fighter",
    "1501873": "The size of the remnant of the spears",
    "1501874": "The Solitary Musketeer",
    "1501875": "membrane trachea",
    "1501876": "spear thief",
    "1501877": "spear thief",
    "1501878": "Chief of the Spears",
    "1501879": "Kokeshi_Non-attribute",
    "1501880": "Kokeshi doll_fire attribute",
    "1501881": "Kokeshi doll_water attribute",
    "1501882": "Kokeshi doll_brain attribute",
    "1501883": "Kokeshi doll_Wind attribute",
    "1501884": "Kokeshi doll_dark attribute",
    "1501885": "Kokeshi doll_light attribute",
    "1501886": "Earthwalker",
    "1501887": "500 detect/1000 threat/1500 chase",
    "1501888": "Detect 500/Threat 1500/Track 1000",
    "1501889": "500 detections/1000 threats/0 tracking",
    "1501890": "500 detections/0 threats/0 tracking",
    "1501891": "Detected0/Threated0/Tracked0",
    "1501892": "Immune to damage/conditions",
    "1501893": "Immune to Damage",
    "1501894": "Daeeobang Vigilante Prosecutor",
    "1501895": "Daeeobang Vigilante Archers",
    "1501896": "Blue Pirate Swordsman",
    "1501897": "Blue Pirate Swordsman",
    "1501898": "Blue Pirate Fighter",
    "1501899": "Coastal Crocodile",
    "1501900": "Blue Spirit",
    "1501901": "Red Spores",
    "1501902": "Cunning Snake Mushroom",
    "1501903": "Long Legs",
    "1501904": "Cheonrok",
    "1501905": "The Bear Missing Hometown",
    "1501906": "pufu",
    "1501907": "The Lost Invert",
    "1501908": "Madhu",
    "1501909": "Only HP",
    "1501910": "only HP 20,000",
    "1501911": "HP 30,000 only",
    "1501912": "HP 50,000",
    "1501913": "100,000 HP",
    "1501914": "200,000 HP",
    "1501915": "mutated blue man",
    "1501916": "flower with sword",
    "1501917": "Hongyeon",
    "1501918": "Chief of the Spears",
    "1501919": "Stonefist",
    "1501920": "Haeeohwa",
    "1501921": "The Amplifier of Paradise",
    "1501922": "Director of the plum blossoms",
    "1501923": "King of beasts",
    "1501924": "lost",
    "1501925": "Cruel Tyrant",
    "1501926": "Ferocious Horn",
    "1501927": "Sword of Dread",
    "1501928": "Nam Dalian",
    "1501929": "Ereda Action Leader",
    "1501930": "Hareum's henchmen",
    "1501931": "An alter ego of Nakwondaeseong",
    "1501932": "Member of Ereda",
    "1501933": "Tough Tiger",
    "1501934": "Fierce Tiger",
    "1501935": "Brutal Black Bear",
    "1501936": "jump",
    "1501937": "Tough Black Bear",
    "1501938": "Yapu",
    "1501939": "Eerie Tiger",
    "1501940": "Miho",
    "1501941": "Labyrinth Watcher",
    "1501942": "Runaway Watcher",
    "1501943": "Hungry Tiger",
    "1501944": "Lim Yeonsu's mercenary archer",
    "1501945": "Mercenary Archer Lim Yeonsu",
    "1501946": "The Archer of the Spears",
    "1501947": "Spearman Archer",
    "1501948": "The Archer of the Spears",
    "1501949": "Spearman Archer",
    "1501950": "Blood Archer",
    "1501951": "Blood Archer",
    "1501952": "Blood Archer",
    "1501953": "Blood Archer",
    "1501954": "Corrupted Discipline Archer",
    "1501955": "Corrupted Disciplinary Technician",
    "1501956": "Ilseonggwan Technician",
    "1501957": "Ilseongkwan Technician",
    "1501958": "Ilseonggwan Technician",
    "1501959": "Ilseonggwan Technician",
    "1501960": "The Blue Archer",
    "1501961": "The Blue Archer",
    "1501962": "The Blue Archer",
    "1501963": "The Blue Archer",
    "1501964": "The Archer of the Spear Team",
    "1501965": "Corrupted Discipline Rookie Archer",
    "1501966": "Corrupted Discipline Rookie Qigong Technician",
    "1501967": "The Lost Spearman Archer",
    "1501968": "The Lost Spearman Archer",
    "1501969": "Spear Guard",
    "1501970": "Spearguard Guard",
    "1501971": "Spear Remains Archer",
    "1501972": "Spear Remnant Archer",
    "1501973": "Blood Plaque Watcher",
    "1501974": "Blood Plaque Watcher",
    "1501975": "Manipulated Soho Villagers",
    "1501976": "Labyrinth Spear Swordsman",
    "1501977": "Labyrinth Spear Bandit",
    "1501978": "Labyrinth Spearman Archer",
    "1501979": "Labyrinth Spear Troopers",
    "1501980": "Labyrinth Guard Warrior",
    "1501981": "Labyrinth Guard Artillery",
    "1501982": "Labyrinth Runaway Guard Warrior",
    "1501983": "Labyrinth Runaway Guard Artillery",
    "1501984": "Labyrinth Westin Warrior",
    "1501985": "Labyrinth Westin Archer",
    "1501986": "Labyrinth-eroded Westin Warrior",
    "1501987": "The labyrinth eroded Westin archers",
    "1501988": "Labyrinth Ent",
    "1501989": "Labyrinth Snake Mushroom",
    "1501990": "Labyrinth Ent",
    "1501991": "Labyrinth Wolf",
    "1501992": "Labyrinth Ent Guardian",
    "1501993": "Witch Watcher",
    "1501994": "The Shipwrecked Poetry Archer",
    "1501995": "Snake Mushroom",
    "1501996": "A snake mushroom in the sunset of autumn leaves",
    "1501997": "The Labyrinth Spear Leader",
    "1501998": "Stonefist",
    "1501999": "Trained Tiger",
    "1502000": "Giant Stealth Spider",
    "1502001": "The Fighter Scouts",
    "1502002": "mutated blue archer",
    "1502003": "Plain Deer",
    "1502004": "Hareum's henchmen",
    "1502005": "Elected Ereda Members",
    "1502006": "Labyrinth Imp",
    "1502007": "The Labyrinth Fat Goblin",
    "1502008": "Labyrinth Sloppy Goblin",
    "1502009": "Dongjaryung Labyrinth",
    "1502010": "Corrupted Labyrinth Imp",
    "1502011": "The Fallen Labyrinth Fat Goblin",
    "1502012": "Corrupted Labyrinth Goblin",
    "1502013": "The Fallen Labyrinth Dongja-Ryeong",
    "1502014": "The Fallen Labyrinth Homelessness",
    "1502015": "The Fallen Labyrinth Dongja-Ryeong",
    "1502016": "The Fallen Labyrinth Homelessness",
    "1502017": "The Labyrinth of Greed",
    "1502018": "The Labyrinth of Greed, Homelessness",
    "1502019": "The Labyrinth of Greed",
    "1502020": "The Labyrinth of Greed, Homelessness",
    "1502021": "Labyrinth Outbreak",
    "1502022": "Labyrinth Spider",
    "1502023": "Corrupted Labyrinth Snake Mushroom",
    "1502024": "Corrupted Labyrinth Wandering Arboretum",
    "1502025": "Corrupted Labyrinth Little Treant",
    "1502026": "Corrupted Labyrinth Giant Tree Spirit",
    "1502027": "Labyrinth of Greed, Giant Tree Spirit",
    "1502028": "Corrupted Labyrinth Outbreak",
    "1502029": "Corrupted Labyrinthweb Spider",
    "1502030": "The Labyrinth Outbreak of Greed",
    "1502031": "Awakened Labyrinth Pug",
    "1502032": "Corrupted Labyrinth Westin Warrior",
    "1502033": "Corrupted Labyrinth Westin Archer",
    "1502034": "Awakened Labyrinth Guard Warrior",
    "1502035": "Awakened Labyrinth Guard Artillery",
    "1502036": "Labyrinth Red Snake Mushroom",
    "1502037": "Labyrinth Wandering Arboretum",
    "1502038": "The Great Forest Myojeong",
    "1502039": "Labyrinth Snake Mushroom",
    "1502040": "Awakened Labyrinth Snake Mushroom",
    "1502041": "Angry Labyrinth Snake Mushroom",
    "1502042": "A Sharp Blast Swordsman",
    "1502043": "Sharp Blast Archer",
    "1502044": "Fierce Bulwark Swordsman",
    "1502045": "Fierce Bulmo Archer",
    "1502046": "The Night Evil",
    "1502047": "Night Horror",
    "1502048": "mutated blue man swordsman",
    "1502049": "Mutated Blue Man Brawler",
    "1502050": "Venom Spider",
    "1502051": "The Violent Blast Swordsman",
    "1502052": "The Violent Fireman Archer",
    "1502053": "Evil spirit without substance",
    "1502054": "Substantial Thoughts",
    "1502055": "Fissure Spider",
    "1502056": "Tainted Swamp Crocodile",
    "1502057": "The Brainwashed Western Swordsman",
    "1502058": "The Brainwashed Westin Witness",
    "1502059": "The Brainwashed Swamp Crocodile",
    "1502060": "Twisted Hunt Bear",
    "1502061": "mutated hunting bear",
    "1502062": "Abyssal Lotus Leaf Man",
    "1502063": "Fissure Lotus Leaf Man",
    "1502064": "Shadow Mandala",
    "1502065": "Abyss Mandala",
    "1502066": "Shadow Mandala",
    "1502067": "Abyssal Mandala",
    "1502068": "Hell's Tobacco",
    "1502069": "Erosioned Myomyeon",
    "1502070": "Abyssal Mystic",
    "1502071": "Erosted Myomyeon",
    "1502072": "The Mystic of the Abyss",
    "1502073": "Encroached Demon Archer",
    "1502074": "Erosioned Demon Archer",
    "1502075": "Encroached Demon Archer",
    "1502076": "Erosioned Demon Archer",
    "1502077": "Encroached Poetry Captain",
    "1502078": "The Corroded Poetry Captain",
    "1502079": "The Dark Wolf",
    "1502080": "Magic Wolf",
    "1502081": "The Wolf of the Rift",
    "1502082": "Hell Wolf",
    "1502083": "The Violent Blast Assassin",
    "1502084": "The Violent Blast Infiltrator",
    "1502085": "Hell's Burnout Destroyer",
    "1502086": "Hellfire Assassin",
    "1502087": "Hell's Burnout Infiltrator",
    "1502088": "Encroached Poetry Miner",
    "1502089": "Magi's Fox",
    "1502090": "Yogi Fox",
    "1502091": "Twisted Blue Archer",
    "1502092": "mutated blue archer",
    "1502093": "Mutated Abyssal Jellyfish",
    "1502094": "Erosted Abyss Jellyfish",
    "1502095": "Hell Jellyfish",
    "1502096": "Abyssal Metallurgy",
    "1502097": "Hell Spider",
    "1502098": "Scream Mandala",
    "1502099": "Scream Mandala",
    "1502100": "Labyrinth Mandala",
    "1502101": "Labyrinth Mandala",
    "1502102": "Paradise Marauder",
    "1502103": "Paradise Hunter",
    "1502104": "Paradise Brawler",
    "1502105": "Paradise Sentinel",
    "1502106": "Ravenous Labyrinth Outbreak",
    "1502107": "Hungry Fox",
    "1502108": "Labyrinth Fox",
    "1502109": "Paradise Scout",
    "1502110": "Saint Paradise",
    "1502111": "Paradise Thrower",
    "1502112": "Labyrinth Sanseonho",
    "1502113": "Paradise Slayer",
    "1502114": "Rough Labyrinth Guardian Swordsman",
    "1502115": "Rough Labyrinth Guardian Artillery",
    "1502116": "Dread Labyrinth Guardian Swordsman",
    "1502117": "Dread Labyrinth Guardian Artillery",
    "1502118": "Labyrinth Tricolor",
    "1502119": "Raging Fierce Guardian Swordsman",
    "1502120": "Raging Runaway Guard Artillery",
    "1502121": "Ranging Fierce Guardian Swordsman",
    "1502122": "Warrendous Fierce Guard Artillery",
    "1502123": "Dread Runaway Guardian Swordsman",
    "1502124": "Dread Runaway Guardian Artillery",
    "1502125": "Myomyeon Shooter",
    "1502126": "Labyrinth of Despair Little Arbor",
    "1502127": "Labyrinth Arboretum of Despair",
    "1502128": "Labyrinth Arboretum of Despair",
    "1502129": "Labyrinth Guard Warrior of Despair",
    "1502130": "Labyrinth Guard Artillery of Despair",
    "1502131": "Labyrinth of Despair Runaway Guard Warrior",
    "1502132": "Labyrinth of Despair Runaway Guard Artillery",
    "1502133": "The Labyrinth of Despair",
    "1502134": "The Labyrinth Outbreak of Despair",
    "1502135": "Labyrinth of Despair Runaway Guard Watcher",
    "1502136": "Abyssal Spider",
    "1502137": "Twisted Blue Assassin",
    "1502138": "Twisted Blue Brawler",
    "1502139": "Twisted Blue Swordsman",
    "1502140": "Training Kokeshi Lv20",
    "1502141": "Training Kokeshi Lv30",
    "1502142": "Training Kokeshi Lv40",
    "1502143": "Training Kokeshi Lv50",
    "1502144": "Training Kokeshi Lv60",
    "1502145": "Training figurine Lv20",
    "1502146": "Training figurine Lv30",
    "1502147": "Training figurine Lv40",
    "1502148": "Training figurine Lv50",
    "1502149": "Training figurine Lv60",
    "1502150": "Silver engraved for training Lv20",
    "1502151": "Silver engraved for training Lv30",
    "1502152": "Silver engraved for training Lv40",
    "1502153": "Silver engraved for training Lv50",
    "1502154": "Silver engraved for training Lv60",
    "1502155": "Golden Stampede for Training Lv20",
    "1502156": "Golden Stampede for Training Lv30",
    "1502157": "Golden Stampede for Training Lv40",
    "1502158": "Golden Stampede for Training Lv50",
    "1502159": "Golden Stampede for Training Lv60",
    "1502160": "strong",
    "1502161": "dangerous",
    "1502162": "Black Dawn Guardian Bomb",
    "1502163": "Tame Wolf",
    "1502164": "Watchtower Rogue Raider",
    "1502165": "Watchtower Rogue Scout",
    "1502166": "Watchtower Rogue Leader",
    "1502167": "Myomyeon Guardian",
    "1502168": "Paradise Old Tree Spirit",
    "1502169": "Dragonhead Coast Hermit Crab",
    "1502170": "Dream Invert",
    "1502171": "Angry Invert",
    "1502172": "Waterfall Bear",
    "1502173": "Valley Sheep",
    "1502174": "Paradise Bear",
    "1502175": "Hive Outbreak",
    "1502176": "Rifle Blossom",
    "1502177": "The Abyss of the Abyss",
    "1502178": "Rift Blossom",
    "1502179": "The Abyss of the Abyss",
    "1502180": "Soul rigid immunity",
    "1502181": "Immune to Soul Stun",
    "1502186": "ImmuneVsNpcFlinch",
    "1502187": "immunePhysical",
    "1502190": "Sotreulbawi Inmyeonbug",
    "1502191.93333333": "Mandalas",
    "1502194.24761905": "Mandalas",
    "1502196.56190476": "Mandalas",
    "1502198.87619048": "Mandalas",
    "1502201.19047619": "Mandalas",
    "1502203.5047619": "Mandalas",
    "1502205.81904762": "Mandalas",
    "1502207": "Guardian No. 33",
    "1502208": "Guardian of Strike No. 33",
    "1502209.12063492": "Runaway Guard No. 9-1",
    "1502210.21111111": "Runaway Guard No. 9-2",
    "1502211.3015873": "Runaway Guard No. 31",
    "1502212.39206349": "for soul test",
    "1502213.48253968": "No soul effect immunity",
    "1502214.57301587": "The Mysterious Flock",
    "1502216": "Runaway Guard No. 47",
    "1502217": "Runaway Guard No. 57",
    "1502218": "Chaos Explorer 1",
    "1502219": "Chaos Explorer 2",
    "1502220": "Chaos Explorer 3",
    "1502221": "Chaos Explorer 5",
    "1502222": "Chaos Explorer 4",
    "1502223": "Chaos Explorer 6",
    "1502224": "Chaos Explorer 7",
    "1502225": "Chaos Explorer 8",
    "1502226": "Chaos Explorer 9",
    "1502227": "Chaos Explorer 10",
    "1502228": "Mutated Rift Jellyfish",
    "1502229": "Paradise Mandala",
    "1502230": "Paradise Mandala",
    "1502231": "Hub Westin Watcher",
    "1502232": "Hive Westin Scout",
    "1502233": "The Wandering Specter",
    "1502234": "Wandering Specter Wizard",
    "1502235": "Black Gold",
    "1502236": "Black Gold",
    "1502237": "The Unconscious Demon Archer",
    "1502238": "unconscious demon soldier",
    "1502239": "unconscious demon soldier",
    "1502240": "Erosted Myomyeon",
    "1502241": "Erosioned Ancient Myomyeon",
    "1502242": "Erosioned Ancient Myomyeon",
    "1502243": "The Shipwrecked Musketeer",
    "1502244": "The Wrecked Poetry Inspector",
    "1502245": "Blood Infiltrator",
    "1502246": "Burnman Assassin",
    "1502247": "Burnout Giant Warrior",
    "1502248": "Rotten Poetry Worker",
    "1502249": "Rotten Demon Archer",
    "1502250": "Rotten Poetry Swordsman",
    "1502251": "Rotten Poetry Swordsman",
    "1502252": "Rotten Poetry Musketeer",
    "1502253": "Rotten Poetry Musketeer",
    "1502254": "Soulless Poetry Worker",
    "1502255": "The Lost Soul Archer",
    "1502256": "Soulless Poetry Swordsman",
    "1502257": "Soulless Poetry Swordsman",
    "1502258": "Soulless Shigui Musketeer",
    "1502259": "Soulless Shigui Musketeer",
    "1502260": "Trainer",
    "1502261": "Wetland Myomyeon",
    "1502262": "Wetland Ancient Myomyeon",
    "1502263": "Wetland Ancient Myomyeon",
    "1502264": "Corrupted",
    "1502265": "Wow",
    "1502266": "Hidden Place 3",
    "1502267": "Hidden Place 5",
    "1502268": "Hidden Place 7",
    "1502269": "Ripe outbreak",
    "1502270": "At the foot of the staple",
    "1502271": "Leaf Thieves Tochi",
    "1502272": "Breakfast thieves Tochi",
    "1502273": "Fish Thief Tochi",
    "1502274": "Blue Sora",
    "1502275": "Lake turtle",
    "1502276": "Maple grains",
    "1502277": "Full moon strulpts",
    "1502279": "Mandara of achievement",
    "1502280": "Grain predators",
    "1502281": "Map of foliage",
    "1502282": "Crops,",
    "1502283": "Crops,",
    "1502284": "Crops,",
    "1502285": "Pumpkin Tochi",
    "1502286": "Halloween Jellyfish",
    "1502287": "Halloween Jellyfish",
    "1502288": "Halloween homeless",
    "1502289": "Halloween Working",
    "1502290": "Friends of Wisdom",
    "1502291": "Black outbreak",
    "1502292": "The surprise kids",
    "1502293": "Surprise fat bubble",
    "1502294": "Surprise,",
    "1502295": "Bonding the Black Dawn Prize",
    "1502296": "Black Dawn Palace",
    "1502297": "Black New Dalls Passage",
    "1502298": "Inspection",
    "1502299": "Apple Thief Tochi",
    "1502300": "The wind of the wind",
    "1502301": "Thunder's Paradise University",
    "1502302": "Flame's paradise",
    "1502303": "Fairy Dakery Dae Sung",
    "1502304": "Royal Clipps Sailor",
    "1502305": "Morrouga's Wife",
    "1502306": "Urban Royal",
    "1502307": "Royal Clipps Sailor",
    "1502308": "Morrouga's Wife",
    "1502309": "Urban Royal",
    "1502310": "Royal Clipps Sailor",
    "1502311": "Morrouga's Wife",
    "1502312": "Urban Royal",
    "1502313": "Malachian Warrior",
    "1502314": "The Boulevards",
    "1502315": "Morridge Red Elemental",
    "1502316": "Morrigent Giant Red Elemental",
    "1502317": "I'm afraid of the love",
    "1502318": "The Morrougal Gulp Brothers",
    "1502319": "I'm sorry, I'm sorry.",
    "1502320": "Moonlight the moonlight wind",
    "1502321": "Borrower Welcome Kwak Ho Ryong",
    "1502322": "Bong Gong Wang Welcome Blossom",
    "1502323": "I'm afraid of the love",
    "1502324": "The Morrougal Gulp Brothers",
    "1502325": "I'm sorry, I'm sorry.",
    "1502326": "Moonlight the moonlight wind",
    "1502327": "Borrower Welcome Kwak Ho Ryong",
    "1502328": "Bong Gong Wang Welcome Blossom",
    "1502329": "I'm afraid of the love",
    "1502330": "The Morrougal Gulp Brothers",
    "1502331": "I'm sorry, I'm sorry.",
    "1502332": "Moonlight the moonlight wind",
    "1502333": "Borrower Welcome Kwak Ho Ryong",
    "1502334": "Bong Gong Wang Welcome Blossom",
    "1502335": "Morrectory Roll Torrents",
    "1502336": "Borrower Watchman",
    "1502337": "Greed Spider",
    "1502338": "Lost Dogs",
    "1502339": "Madu",
    "1502340": "A prisoner",
    "1502341": "Wing on the stone plate",
    "1502342": "Red bloodematic",
    "1502343": "Davings",
    "1502344": "2 factors",
    "1502345": "Magazi",
    "1502346": "Steel Hand",
    "1502347": "Rock hand",
    "1502348": "Broken Labyrinth Guardian",
    "1502349": "Guardian of the Labyrinth of Destruction",
    "1502350": "fresh",
    "1502351": "Green Apple Dochi",
    "1502352": "The Threatening Myomyeon",
    "1502353": "Myomyeon Watcher",
    "1502354": "Honglin",
    "1502355": "furious guardian",
    "1502356": "observer",
    "1502357": "Runaway Watcher",
    "1502358": "Hong Don Pal",
    "1502359": "Corrupted Mace Chieftain",
    "1502360": "Hongju",
    "1502361": "Corrupted Pamper",
    "1502362": "weird",
    "1502363": "monstrous",
    "1502364": "fallen",
    "1502365": "Corrupted Sword",
    "1502366": "Baekhwaryeom",
    "1502367": "fire attribute",
    "1502368": "number attribute",
    "1502369": "neck attribute",
    "1502370": "gold properties",
    "1502371": "wind properties",
    "1502372": "brain properties",
    "1502373": "name attribute",
    "1502374": "cancer properties",
    "1502375": "no attribute",
    "1502376": "Black Dawn",
    "1502377": "Natak",
    "1502378": "biryuha",
    "1502379": "clumsy",
    "1502380": "Mutated Black Dawn",
    "1502381": "mutated",
    "1502382": "Abyssal Riftworm"
}