{
    "14000000": "Guardian of Damir",
    "14000001": "Protect the Damir Special Order in the Alte Sphere!",
    "14000002": "Remove the threat of fine sand beaches",
    "14000003": "Dock Worker Killed",
    "14000004": "Sand Beach Turtle Defeat",
    "14000005": "Tough Progo Kills",
    "14000006": "Remove the threat of low palm fields",
    "14000007": "Defeat Low Palm Field Creatures",
    "14000008": "Defeat Naughty Anki",
    "14000009": "Annihilate Damir Marauders",
    "14000010": "Kill the looters around the wagon",
    "14000011": "Defeat the Pillagers of the Hideout",
    "14000012": "Defeat the looters in the warehouse",
    "14000013": "Remove the threat of Rock Hill",
    "14000014": "Defeat Angry Animals",
    "14000015": "Cyclops Kill",
    "14000016": "Defeat Igas, Eye of the Hill",
    "14000017": "Annihilate the powerful beings of the Alte Sphere",
    "14000018": "Defeat Lava Armor Leorino",
    "14000019": "Defeat with the three-color beast",
    "14000020": "Defeat Baek Hwa-ryeom with the Super Swordsman",
    "14000021": "Defeat Aris the Abandoned Guard",
    "14000022": "Defeat Ironjaw Steel Beast",
    "14000023": "Edict of Lake Vandal",
    "14000024": "Protect Vandal Lake!",
    "14000025": "Remove the threat around the new Daeeobang gunshot",
    "14000026": "Defeat the Thief"
}