{
    "40020000": "Isn't something strange?",
    "40020001": "People seem to be a little \nnot vigilant.",
    "40020002": "(Ask if it's your mood)",
    "40020003": "Is that so...? \nWell, that's good.",
    "40020004": "Now, I think that's enough.\nShall we go bargain now?",
    "40020005": "Um... But who do you give it to?\nYou decide.",
    "40020006": "Um...? What?",
    "40020007": "Let's take a look around the stronghold.",
    "40020008": "Okay! \nNow let's go to <textColor=[255:204:102:255]>Barong</>!",
    "40020009": "(First I need to get \nfrom <textColor=[255:204:102:255]>Permit</>)",
    "40020010": "(I think this should be enough)",
    "40020011": "(I think this should be enough)",
    "40020012": "Small! I've told the captain\nI think I'll be able to meet you once.",
    "40020013": "(<textColor=[255:204:102:255]>Let's go to the Discipline Captain</>)",
    "40020014": "(Now let's get <textColor=[255:204:102:255]>Material</>)",
    "40020015": "(I think it's in that direction)",
    "40020016": "(Is this nearby?\nI don't think so)",
    "40020017": "(Killing <textColor=[215:94:94:255]>Blood Plaque</>\nLet's go further inside)",
    "40020018": "(It seems to be nearby)",
    "40020019": "I think, here!",
    "40020020": "(Let's find <textColor=[255:204:102:255]>Responsible Person</>)",
    "40020021": "Aigoo Sohyuk, \nPlease help us!",
    "40020022": "Thank you! Thanks, \nI can go back!",
    "40020023": "Next it is the kiln's turn.",
    "40020024": "Prepare <textColor=[255:204:102:255]>Firewood</>",
    "40020025": "Now light the fire.",
    "40020026": "Okay. \nYou can wait.",
    "40020027": "The first one is \n<textColor=[255:204:102:255]>Rockhorn horn</>",
    "40020028": "The second is \n<textColor=[255:204:102:255]>Blood's Weapon</>.",
    "40020029": "This is the end. \nSave the <textColor=[255:204:102:255]>Illusionary Spirit</>.",
    "40020030": "<textColor=[255:204:102:255]>Welcome soul light</>, \nYou feel weird? \nWell, see you at the base.",
    "40020031": "Oh? You guys! \nI don't know?",
    "40020032": "(Oh my head...)",
    "40020033": "Help me!",
    "40020034": "There are still more!",
    "40020035": "Looks like it's over.",
    "40020036": "Follow me~",
    "40020037": "You're over there~!",
    "40020038": "(Here is <textColor=[110:216:175:255]>Office</>...?\nLet's take a closer look)",
    "40020039": "Are you looking for me?",
    "40020040": "(Let's find a quiet place)",
    "40020041": "Is there anyone there?!\nHelp me!",
    "40020042": "I lived thanks to you.",
    "40020043": "(Let's go a little further inside)",
    "40020044": "(Let's go a little further inside)",
    "40020045": "(The road is open)",
    "40020046": "Do you think this should be enough?",
    "40020047": "My dear. This is it.",
    "40020048": "It's been a while.",
    "40020049": "If you get a <textColor=[255:204:102:255]>sample</>,\nI'll go to <textColor=[110:216:175:255]>Cinnamon Swamp</>\n I will go.",
    "40020050": "Isn't it a bit lacking yet?\nLet's focus on the strong ones.",
    "40020051": "(<textColor=[255:204:102:255]>Go to Node Manager</>)",
    "40020052": "Um, what is this?",
    "40020053": "Dohwasangjeon Merchant Ildarae",
    "40020054": "Geumgyeongcheolmun craftsman Nam Dara",
    "40020055": "Shim Go-min, a foster care member",
    "40020056": "Membership for new members of the Plum Blossoms",
    "40020057": "Towaji, a workman of the stencil",
    "40020058": "Dohwasangjeon craftsman Woo Tae",
    "40020059": "Geumgyeongcheolmun Munju Moonlight Wind",
    "40020060": "Younggyowon Dong-dong",
    "40020061": "Youngkyowon Ryangryang",
    "40020062": "Hareum, Munju Ereda",
    "40020063": "The Bot Gym Trader Scary Soul",
    "40020064": "???",
    "40020065": "Node Manager Super Bad",
    "40020066": "Arang",
    "40020067": "(I think we need to rescue them soon!)",
    "40020068": "Oh, that's good enough. \nHere, <textColor=[255:204:102:255]>Ginger grass</>.",
    "40020069": "<textColor=[215:94:94:255]>Neighboring beasts</> also \ndefeat some \nand we'll move them later.",
    "40020070": "Looks like <textColor=[255:204:102:255]>Uncle</> needs \n<textColor=[255:204:102:255]>Cobweb</>, right?",
    "40020071": "Huh? Where did he go?\nI can't help it. Let's go to <textColor=[110:216:175:255]>The Workshop</>.",
    "40020072": "I think that should be enough.",
    "40020073": "Well, I need one more thing.\nGet me <textColor=[255:204:102:255]>The bark of an old tree</>.",
    "40020074": "You must have found <textColor=[255:204:102:255]>Shell</>?\nCome to my place.",
    "40020075": "(<textColor=[78:148:215:255]>Let's go find the moonlight</>)",
    "40020076": "What's so scary about <textColor=[215:94:94:255]>Welcome</>?",
    "40020077": "No, it's not scary!\nI want to be by your side.",
    "40020078": "(I think it came right.\nLet's go to <textColor=[78:148:215:255]>Moonlight</>)",
    "40020079": "Shall we go to <textColor=[110:216:175:255]>Paradise Valley</> as the death penalty said?",
    "40020080": "You decide how\nyou do it.",
    "40020081": "The death penalty said to wait \nat <textColor=[110:216:175:255]>Red Slope</>.",
    "40020082": "If we're ready, let's go to <textColor=[110:216:175:255]>Red Slope</>.",
    "40020083": "Geumgyeongcheolmun Steel Fist",
    "40020084": "Small, this way.",
    "40020085": "No Yeomji, an elite member of the Maehwadan",
    "40020086": "(<textColor=[255:204:102:255]>I got a plum tree</>.\nBut why do you seem to be deceived...?)",
    "40020087": "(<textColor=[255:204:102:255]>I got a golden light iron sword</>.\nLet's handle it with care)",
    "40020088": "(<textColor=[255:204:102:255]>I got a kaleidoscope</>.\nYou can feel the craftsmanship)",
    "40020089": "(This is <textColor=[110:216:175:255]>Gyeongcheon Dan</>...\n<textColor=[78:148:215:255]>Oreum</> Move forward lets do it)",
    "40020090": "(Hey! Looks like you got caught!\nLet's subdue it quickly)",
    "40020091": "(I think I'll have to go a little further inside\n)",
    "40020092": "(<textColor=[215:94:94:255]>Hareum's servants</> are visible.\nLet's deal with it secretly)",
    "40020093": "(Lee, this, <textColor=[215:94:94:255]>Hareum</>'s voice!?)",
    "40020094": "(Sorry, now,\n<textColor=[110:216:175:255]>Let's go back to Misty Frontier</>)",
    "40020095": "(Do you want to become a credential?\nLet's go back to <textColor=[78:148:215:255]>Seojungmun</>)",
    "40020096": "Oh, it's a raid!\nWatch out!",
    "40020097": "What's the fuss!\nWhat else is your guy!?",
    "40020098": "Carry the Red Blood Hood",
    "40020099": "Now, I think that's enough.\nShall we go bargain now?",
    "40020100": "Um... But who do you give it to?\nYou decide."
}