{
    "13040000": "Release the Red Mani",
    "13040001": "Release redness",
    "13040002": "Subdue the Red Don and get weapons",
    "13040003": "Pungbaekmun Monument",
    "13040004": "Fertile Rope",
    "13040005": "Pungbaekmun Mugong Store",
    "13040006": "Ask the situation near Munpa Plaza",
    "13040007": "Ask the situation near the entrance to the Munpa",
    "13040008": "Release Hongdon Chilchil's minions",
    "13040009": "Go to Pungbaekmun Monument",
    "13040010": "Go to Fertile Rope",
    "13040011": "Conversation with Moonpawon Oh Chang-mo",
    "13040012": "Conversation with Moon Pa-won Min Chang-rim",
    "13040013": "Conversation with Biryuha"
}