{
    "2200100": "Treasure Chest",
    "900000": "mourning",
    "2000000": "ENV name",
    "2000001": "Description during operation",
    "2000002": "Are you sure you want to leave the Hall of Awakening?",
    "2000003": "Are you sure you want to enter the Hall of Awakening?",
    "2000004": "Are you sure you want to enter the labyrinth of awakening?",
    "2000005": "Are you sure you want to enter the labyrinth of the destroyed awakening?",
    "2000006": "Are you sure you want to enter the labyrinth of a forgotten paradise?",
    "2000007": "Are you sure you want to leave the labyrinth of the destroyed awakening?",
    "2000008": "Are you sure you want to go to the next floor?",
    "2000009": "Are you sure you want to go to the previous floor?",
    "2000010": "Are you sure you want to enter the abyss?",
    "2000011": "Are you sure you want to leave the Abyssal Rift?",
    "2000012": "Are you sure you want to exit the Labyrinth of a Forgotten Paradise?"
}