{
    "19200000": "Defeat the lotus man",
    "19200001": "Defeat the Westin",
    "19200002": "Defeat the Lake Turtle",
    "19200003": "Defeat the Runaway Guard",
    "19200004": "Samyojeong Killed",
    "19200005": "Spears Killed",
    "19200006": "wild animal treatment",
    "19200007": "Killing the Fighters",
    "19200008": "Burnout Kill",
    "19200009": "Defeat Goblins and Spirits",
    "19200010": "Bear and Tiger Kill",
    "19200011": "Defeating the eroded westerners and crocodiles",
    "19200012": "Elite Guard Kills",
    "19200013": "Samyojeong Elite Kills",
    "19200014": "Elite Swordsman Killed",
    "19200015": "Elite Wild Animal Kills",
    "19200016": "Elite Fighters Kills",
    "19200017": "Elite Kills on Fire",
    "19200018": "Defeat the Elite Goblin",
    "19200019": "Elite Bear or Tiger Kill",
    "19200020": "Defeating the eroded westerners and crocodiles",
    "19200021": "Defeat the Runaway Guardian Honglin",
    "19200022": "Defeat the Blood Spider Waryun",
    "19200023": "Defeat Chaerang Lang",
    "19200024": "Elite Kills on Fire",
    "19200025": "Defeat Mutant Giant Spiders",
    "19200026": "Defeat the Corroded Bladed Signet",
    "19200027": "Conversation with the collaborator",
    "19200028": "Defeat the Tree Spirit Earth King",
    "19200029": "Conversation with the collaborator",
    "19200030": "Conversation with the collaborator",
    "19200031": "Steel Evil Killed",
    "19200032": "Conversation with the collaborator",
    "19200033": "Defeat the Red Slope Monster",
    "19200034": "Defeat Red Forest Path Monsters",
    "19200035": "Defeat the Scorpion in the Autumnal Glow Valley",
    "19200036": "Defeat Mysterious Field Monsters",
    "19200037": "Defeat the Monster Hill of Mononoke",
    "19200038": "Defeat Lumberjack Monsters",
    "19200039": "Defeat Forest Veil Monsters",
    "19200040": "Defeat Ashen Jungle Monsters",
    "19200041": "Defeat Fertile Ruins Monsters",
    "19200042": "Defeat monsters in Fertile Dig",
    "19200043": "Defeat the Red Horn Road Monster",
    "19200044": "Defeat the Turquoise Canyon monsters",
    "19200045": "Defeat the Dragonhead Cape monster",
    "19200046": "Defeat the monsters in the Forest of Samyojeong",
    "19200047": "Defeat Dream Forest Monsters",
    "19200048": "Defeat the Soaring Rock Mountain Monster",
    "19200049": "Defeat Monsters on Soaring Rock Ramp",
    "19200050": "Defeat the Applause Monster of the Wave Stone",
    "19200051": "Defeat Monsters in Hideout of Disaster",
    "19200052": "Spider Forest Path Monster Defeat",
    "19200053": "Defeat Monsters in Eastern Ecological Forests",
    "19200054": "Defeat Green Horn Forest Monster",
    "19200055": "Defeat the monsters in front of Mandala Falls",
    "19200056": "Destroy Abandoned Watchtower Monsters",
    "19200057": "Defeat the wreckage monsters of the shipwreck",
    "19200058": "Defeat Coastal Monsters Without Footprints",
    "19200059": "Defeat the Wreck's Grave Monster",
    "19200060": "Defeat the Valley Wind Path monsters",
    "19200061": "Defeat monsters in the Red Rain Forest",
    "19200062": "Defeat the Shadow of Mist Forest monsters",
    "19200063": "Defeat the Drying Swamp Monsters",
    "19200064": "Defeat snake mushroom colony monsters",
    "19200065": "Defeat Pioneer Spirit Graveyard Monsters",
    "19200066": "Remember Forest Monster Defeat",
    "19200067": "Defeat the Crested Wetland Monster",
    "19200068": "Paradise Hills Monster Defeat",
    "19200069": "Defeat Goblin Beach Monsters",
    "19200070": "Defeat Black Mud Monsters",
    "19200071": "Defeat grassy hillside monsters",
    "19200072": "Defeat the Sunrise Slope Monster",
    "19200073": "Defeat the forest monsters south of the Falls"
}