{
    "130010000": "Sampling of the Burnout",
    "130010001": "Gathered by killing bullies",
    "130010002": "Gathered from the corpses of mortals",
    "130010003": "First Trace Found",
    "130010004": "Trace Trace",
    "130010005": "Burnout Kill",
    "130010006": "Trace Trace",
    "130010007": "Investigate the corpse of a mortal",
    "130010008": "Find a third trace",
    "130010009": "Confirm the Legend of the Divine Tree",
    "130010010": "Search around the waterfall",
    "130010011": "Search around the hill",
    "130010012": "Search inside the forest",
    "130010013": "Search around forest path",
    "130010014": "Help the Wildlife Conservation Society",
    "130010015": "Collect Evidence of Killing the Fighters",
    "130010016": "Treat injured animals",
    "130010017": "Retrieving Heungi-nyang's items",
    "130010018": "return basket",
    "130010019": "Gathering Barong Grass",
    "130010020": "Help anglers",
    "130010021": "Defeat the Lake Turtle",
    "130010022": "Reinstall fishing rod",
    "130010023": "Second Trace Found",
    "130010024": "Correct the goblin",
    "130010025": "Sprinkling red beans in a pot",
    "130010026": "Trouble the Goblin",
    "130010027": "Collect Weapon Crafting Materials",
    "130010028": "Collecting Crocodile Skins",
    "130010029": "Collection of Westin's Teeth",
    "130010030": "Gathering barong grass by the roadside",
    "130010031": "Gathering barong grass in the forest",
    "130010032": "Gathering barong grass by the river",
    "130010033": "Cure a fallen deer",
    "130010034": "Healing a Fallen Goat",
    "130010035": "Killing the Fighters"
}