{
    "81201002": "strong enemy",
    "81201003": "blue night",
    "81201004": "Blind Faith of the Nobility",
    "81201005": "The Will of the Fighters",
    "81201006": "A monk's prayer",
    "81201008": "Valjaedo",
    "81201010": "Desert Stalker",
    "81201011": "regression",
    "81201013": "Pride",
    "81201019": "Fighting Spirit",
    "81201020": "promise",
    "81201021": "Meteors on the Battlefield",
    "81201022": "Asura",
    "81201026": "Song of the Red Flame",
    "81201028": "the sunset",
    "81201031": "Moon at Dawn",
    "81201032": "Snow Rest",
    "81201033": "Hunter of the Wilderness",
    "81201039": "The Little Prince",
    "81201040": "School days",
    "81201041": "Spring Outing",
    "81201042": "Afternoon on the Beach",
    "81201043": "Navy",
    "81201044": "A Midsummer's Festival",
    "81201045": "White Ghost",
    "81201048": "The Little Prince in the Woods",
    "81201049": "Student Council",
    "81201050": "Summer Outing",
    "81201051": "Sunset on the beach",
    "81201052": "Navy of the Gray Seas",
    "81201053": "Festival of Spring",
    "81201054": "Black Ghost",
    "81201055": "The Little Prince of Love",
    "81201056": "Leader",
    "81201057": "Autumn Outing",
    "81201058": "Beach Night",
    "81201059": "Navy of the Black Sea",
    "81201060": "Festival of Winter",
    "81201061": "Red Ghost",
    "81201062": "The Fiery Little Prince",
    "81201063": "Broadcasting Department",
    "81201064": "Winter Outing",
    "81201065": "Beach morning",
    "81201066": "Navy of the Red Sea",
    "81201067": "Autumn Festival",
    "81201068": "Golden Ghost",
    "81201069": "Strong Enemy of the Abyss",
    "81201070": "Blue and Dark Night",
    "81201071": "Wrath of the Nobility",
    "81201072": "The Warrior's Faith",
    "81201073": "Discipline of the Ascetic",
    "81201074": "Rapid footsteps",
    "81201075": "stalker of the sea",
    "81201076": "The Return of the Inverted River",
    "81201077": "Brilliant Pride",
    "81201078": "Unyielding fighting spirit",
    "81201080": "Storm of War",
    "81201081": "The Asura of Fever",
    "81201082": "Song of the Requiem",
    "81201083": "white sunset",
    "81201084": "Full Moon at Dawn",
    "81201085": "The White Night's Rest",
    "81201086": "Hunters of the Arctic",
    "81201087": "Forgotten Promise",
    "81201088": "Confidence",
    "81201089": "Red Full Moon",
    "81201090": "Full Moon",
    "81201091": "Blue Full Moon",
    "81201092": "Yellow Full Moon"
}