{
    "20000": "Face Type",
    "20001": "Skin Color",
    "20002": "Skin Shine",
    "20003": "Face Width",
    "20004": "Cheek Width",
    "20005": "Jaw Width",
    "20006": "Cheek Height",
    "20007": "Chin Length",
    "20008": "Chin Width",
    "20009": "Chin Depth",
    "20010": "Jaw Angle",
    "20011": "Jaw Width",
    "20012": "Jaw Height",
    "20013": "Eyebrow Shape",
    "20014": "Eyebrow Color",
    "20015": "Eyebrow Density",
    "20016": "Eyebrow Angle",
    "20017": "Eyebrow Height",
    "20018": "Eyebrow Depth",
    "20019": "Eye Size",
    "20020": "Eye Width",
    "20021": "Eye Height",
    "20022": "Eye Distance",
    "20023": "Eye Bangs",
    "20024": "Eye Shape",
    "20025": "Eye Outside",
    "20026": "Eye Depth",
    "20027": "Iris Type",
    "20028": "Iris Color",
    "20029": "Reflected Light",
    "20030": "Iris Size",
    "20031": "Iris Height",
    "20032": "Iris Distance",
    "20033": "Lashes Length",
    "20034": "Nose Width",
    "20035": "Nose Height",
    "20036": "Nose Size",
    "20037": "Nose Length",
    "20038": "Nose Shape",
    "20039": "Nose Tip",
    "20040": "Mouth Width",
    "20041": "Mouth Height",
    "20042": "Mouth Curve",
    "20043": "Mouth Corner",
    "20044": "Upper Lip Thickness",
    "20045": "Lower Lip Thickness",
    "20046": "Mouth Depth",
    "20047": "Hair Type",
    "20048": "Hair Color",
    "20049": "Hair Color",
    "20050": "Hair Color",
    "20051": "Makeup Type",
    "20052": "Eyeliner Shape",
    "20053": "Eyeliner Color",
    "20054": "Eyeliner Density",
    "20055": "Eyeshadow Shape",
    "20056": "Eyeshadow Color",
    "20057": "EyeShadow Density",
    "20058": "Blusher Shape",
    "20059": "Blusher Color",
    "20060": "Blusher Density",
    "20061": "Lipstick Shape",
    "20062": "Lipstick Color",
    "20063": "Lipstick Density",
    "20064": "Beard Shape",
    "20065": "Beard Color",
    "20066": "Beard Density",
    "20067": "Blemish Shape",
    "20068": "Blemish Color",
    "20069": "Blemish Density",
    "20070": "Tattoo",
    "20071": "Ears, Tails",
    "20072": "Head Size",
    "20073": "Neck Length",
    "20074": "Neck Size",
    "20075": "Chest Size",
    "20076": "Breast Size",
    "20077": "Arm Length",
    "20078": "Arm Size",
    "20079": "Waist Length",
    "20080": "Waist Size",
    "20081": "Pelvis Size",
    "20082": "Leg Length",
    "20083": "Thigh Size",
    "20084": "Calf Size",
    "20085": "Face",
    "20086": "Eyes",
    "20087": "Nose",
    "20088": "Mouth",
    "20089": "Hair",
    "20090": "Decorate",
    "20091": "Body"
}