{
    "20045000": "Isn't that too much. Don't have one? How?",
    "20045001": "(Ask what's going on)",
    "20045002": "Oh my gosh, I'm surprised! You were surprised when you suddenly spoke to me.",
    "20045003": "(Something was screaming\nI was talking to you about something)",
    "20045004": "Is it me? Did I do it again? How do I fix this habit... \nI don't know if I'm just telling my boss's secrets like this.",
    "20045005": "But that doesn't matter now.",
    "20045006": "Trust me, <textColor=[110:216:175:255]>fertile land</> is entrusted to <textColor=[78:148:215:255]>Soul</> ...\nRight now, all expectations are being met.",
    "20045007": "<textColor=[110:216:175:255]>Fertile land</>, there's no money in this damned place\nwhich rots and dries and should all be burned.",
    "20045008": "You'll have to do whatever you find or create.\n<textColor=[110:216:175:255]>Explore the Mystery Field</>!",
    "20045009": "This is also a relationship, let's go together if you have time.",
    "20045010": "Ah... it sucks here too.",
    "20045011": "(Ask if there's anything special)",
    "20045012": "Can you see something?",
    "20045013": "(He said he doesn't know about the economic value)",
    "20045014": "Well, that's right...\nFrom a merchant's point of view, this place is like hell.",
    "20045015": "(I ask if more investigation is still needed)",
    "20045016": "Well, you're not wrong.\nA ruined life anyway... Let's try one more shovel. Well.",
    "20045017": "(He will help you, so don't despair too much)",
    "20045018": "Thank you. Thanks to you, I was able to research this and that.",
    "20045019": "(Ask if something is possible)",
    "20045020": "Nothing. <textColor=[215:94:94:255]>You are dim</>",
    "20045021": "I think there is a possibility if the land is cleared...",
    "20045022": "If you don't do this many <textColor=[215:94:94:255]>Dim</>, you won't have an answer.",
    "20045023": "(Ask if <textColor=[215:94:94:255]>Outbreak</> is possible)",
    "20045024": "<textColor=[215:94:94:255]>Balls</>? It's so dark... I wonder if I can extract even a dye.\nWell, black dyes are common.",
    "20045025": "But... <textColor=[78:148:215:255]>On Youngin</> There is no such thing as giving up in the dictionary.\nThis is how I found it.",
    "20045026": "<textColor=[110:216:175:255]>Fertile land</>. I will burn you down\nNever give up. Let's see who dies first!",
    "20045027": "There aren't many people here, so\nI think there's something new.",
    "20045028": "(Ask if there is a reason why there is no one there)",
    "20045029": "Business is all about taking risks.",
    "20045030": "You can't just go to safe places and tell them to put out good stuff!",
    "20045031": "Of course, it's not that my life isn't worth it. \nBut... Now is the time to take on a challenge.",
    "20045032": "(I will help you here for now)",
    "20045033": "Thank you. \nI just checked what you caught.",
    "20045034": "(Ask if there's anything special)",
    "20045035": "It's nothing special. There's nothing.\nNow it's over! I have no choice but to give up.",
    "20045036": "You just need to supply \n<textColor=[78:148:215:255]>Pungbaekmun</> stuff that your seniors gave you, or do it diligently.",
    "20045037": "That alone will generate large sales and profits steadily...\nYou don't need to do anything. Actually...",
    "20045038": "Hey! <textColor=[78:148:215:255]>Onyoungin</>, don't do anything!\nEvery time you do something, you only lose!",
    "20045039": "Just do what your seniors tell you to do\n<textColor=[78:148:215:255]>Pungbaekmun</> do business!!! Don't try to do anything! Ahh!",
    "20045040": "(Tell me to calm down)",
    "20045041": "Hmm... yes. \nYou came after your dispatch work?",
    "20045042": "Yes, I came here after hearing that you were here.",
    "20045043": "What are you doing here? You must be tired...\nI haven't had a break at the branch for a while.",
    "20045044": "I couldn't find anything...\nI tried to lie down on the bed, but I couldn't.",
    "20045045": "What did I do to lie on this fluffy bed...\nDoes someone like me suit <textColor=[78:148:215:255]>Paintings</>... ",
    "20045046": "What are you talking about?\nI'm worried because I don't have anything good right now.",
    "20045047": "It's been three years since I entered <textColor=[78:148:215:255]>Dohwasangjeon</>.\nWith the current performance, I probably won't be an official merchant.",
    "20045048": "Hey! Hey! Is that already?\nIt's too early to give up yet. <textColor=[110:216:175:255]>Fertilizer</> Let's dig deeper.",
    "20045049": "(Ask if you've been to <textColor=[110:216:175:255]>Forest Veil</>)",
    "20045050": "Not yet. Shall we go?",
    "20045051": "I'm going to investigate the monsters here \nto see if they're worth a product.",
    "20045052": "Do you see anything special?",
    "20045053": "Actually, I don't know.\nI thought there was, but there were many cases where it wasn't.",
    "20045054": "I thought it wouldn't exist, but it's rare that there is...",
    "20045055": "That's right. \nBut I'm going to try it, thinking this is my last chance.",
    "20045056": "(He will help you, so let's try some more)",
    "20045057": "Well, you're not wrong.\nWhat's the big deal with one more shovel?",
    "20045058": "(Ask for something this time)",
    "20045059": "Just something... ordinary.\nNothing special.",
    "20045060": "Okay... After...\nThank you for that.",
    "20045061": "Why? As if it's already over...",
    "20045062": "Now, in fact... wouldn't it be safe to say that the decision has been made?",
    "20045063": "Nana <textColor=[78:148:215:255]>Gyuri</> is no different... \nI just got lucky and came at a good time...",
    "20045064": "No. What are you talking about.\nIt's fine. You don't have to comfort me like that.",
    "20045065": "If there is no official assignment this time... \nI'll write a letter of recommendation so that I can go to another boss.",
    "20045066": "Thank you for your words alone. I think it will be of great help.",
    "20045067": "But... I'll think a little more about whether working for my boss is \nfor me.",
    "20045068": "(Ask if it's too harsh)",
    "20045069": "<textColor=[78:148:215:255]>Daebi Park</> set the rules when she assumed the management role.\nThere is nothing I can do about it... It's the merchant's job to deliver results.",
    "20045070": "(They said it was too much\nIf I ever meet <textColor=[78:148:215:255]>Kwak Ho-ryong</>, I will tell you the situation)",
    "20045071": "If you have a good stone, go anywhere!",
    "20045072": "I'll buy as many good stones as I can!",
    "20045073": "(Ask what makes a good stone so hot)",
    "20045074": "Unless I'm a natural genius, so I'm not a second-class craftsman...",
    "20045075": "The technology eventually converges at a similar level.",
    "20045076": "Then what is it? It's a stone. It takes a good stone to make a good work!",
    "20045077": "Someone will make art out of rubbish stones.",
    "20045078": "But first of all, I'm not. That's why I'm looking for good stones.",
    "20045079": "(Now it makes sense)",
    "20045080": "You make a lot of sense! \nI'm going to look for a nice stone, let's go together!",
    "20045081": "(Ask about the stone)",
    "20045082": "There are people in the world who see the shape of a stone as soon as they see it.",
    "20045083": "It is said that if you just sculpt to reveal its shape, a work will come out...",
    "20045084": "But I don't... I guess I'll just have to hit and touch it to find out.",
    "20045085": "(nods head)",
    "20045086": "Will you protect me from the <textColor=[215:94:94:255]>verses</> around you?",
    "20045087": "I'll check it out in the meantime.\nWith the chisel and hammer in my hand!",
    "20045088": "(Ask about the stone)",
    "20045089": "I'm such a decent person... it makes me want to curse!",
    "20045090": "Wow! It's so good. Ow... \nIf you gather all the masons here, you'll get a swear word from your mouth!",
    "20045091": "(Ask why you curse when you like stones)",
    "20045092": "Aww, that's frustrating. That's it. When stones are too good...",
    "20045093": "A feeling of satisfaction that is not easy to express with just good words?",
    "20045094": "Do you feel like just passing a freshly distilled strong liquor down your throat?",
    "20045095": "(it seems a bit odd)",
    "20045096": "What? Why is the <textColor=[78:148:215:255]>Weeping</>Crew coming towards us?",
    "20045097": "Thank you for your hard work. This is a very dangerous place.",
    "20045098": "Please move to a safe place.",
    "20045099": "So I brought someone to help me. Okay?",
    "20045100": "I understand, but you are not allowed to stay here any longer.",
    "20045101": "Ah! This guy... he's been in a good mood for a while, so why is he doing this!\nI said I'm going to touch some stones...",
    "20045102": "(He said he would leave soon)",
    "20045103": "No. If it's dangerous, even make a base in <textColor=[78:148:215:255]>Weeping</>!\nYou don't have to make it safe, right?",
    "20045104": "Now in the South we are at war with the <textColor=[215:94:94:255]>Blue People</>.",
    "20045105": "I can't afford to have a crew in the rear like this.",
    "20045106": "I know how much money you pay for <textColor=[78:148:215:255]>Geumgyeongcheolmun</><textColor=[78:148:215:255]>Foster</> in a year ?",
    "20045107": "The cheeky bastards... do you know who's money for military uniforms?\n<textColor=[78:148:215:255]>Saho</> If they didn't have the money <textColor=[110:216:175:255]>Sea Moon Continent</> I couldn't even maintain the expedition.",
    "20045108": "(He said he would leave soon)",
    "20045109": "(Tell me to calm down)",
    "20045110": "I wasn't excited. I was just logically upset.",
    "20045111": "I'm taking a lot of money and \nI can't handle one of these, are you mad? Aren't you?",
    "20045112": "(Okay, put down the hammer in your hand)",
    "20045113": "Does this really know <textColor=[78:148:215:255]>Saho</> as a stick...",
    "20045114": "Isn't this just <textColor=[78:148:215:255]>Geumgyeongcheolmun</>?\nOver there <textColor=[110:216:175:255]>Takhoeam Gorge</ If you go to the > page, <textColor=[78:148:215:255]>Plum flower bed</>Is there a circle?",
    "20045115": "Let's go see each other and talk.",
    "20045116": "<textColor=[78:148:215:255]>Weeping</>? What a mess! It's like a dog yard.",
    "20045117": "(I'll go to <textColor=[110:216:175:255]>Talamic canyon</>\n<textColor=[110:216:175:255]>Research paper</> tell them to go back)",
    "20045118": "Okay, don't worry about me, go and meet '<textColor=[78:148:215:255]>Blue Hydrangea</>.\n<textColor=[78:148:215:255]> You'll know if >Hoseok</> recommended it.",
    "20045119": "(May I ask if <textColor=[78:148:215:255]>Plum flower bed</> <textColor=[78:148:215:255]>Blue Hydrangea</>)",
    "20045120": "(It is said that <textColor=[78:148:215:255]>Geumgyeongcheolmun</>'s <textColor=[78:148:215:255]>Ho Su-seok</> informed me that he came here) ",
    "20045121": "Oh, that person? I don't like him...\nBut that's it?",
    "20045122": "(I've heard that they aren't getting proper support from <textColor=[78:148:215:255]>Foster</>)",
    "20045123": "Yeah, but I wasn't expecting much in the first place.",
    "20045124": "Right now, the expedition is trying to do it on our own without any support... it's a bit difficult.",
    "20045125": "If it's okay with you, would you like to come with me and help me?",
    "20045126": "First, kill the <textColor=[215:94:94:255]>Blue Man</> in front of you and move to <textColor=[110:216:175:255]>Cape Dragonhead</> do it.",
    "20045127": "(<textColor=[215:94:94:255]>Changdodan</>is said to have no end)",
    "20045128": "Yes. I did my best, but I don't think I will be able to build a base here with just <textColor=[78:148:215:255]>Plum Flower Bed</>.",
    "20045129": "I don't think I can maintain it no matter how I build it.",
    "20045130": "(Ask if there is another way)",
    "20045131": "I'd like to ask. Is there any better way?\n<textColor=[215:94:94:255]>Spears</> are constantly raiding this place...",
    "20045132": "I think it would be right to give up at this level.",
    "20045133": "(Ask if you've talked to <textColor=[78:148:215:255]>Sheep</>)",
    "20045134": "I tried. They told me to pay twice the amount I'm paying now.",
    "20045135": "Well, actually, when I asked for it to be doubled, I wanted to pay it...\n<textColor=[78:148:215:255]>Plum flower bed</>, <textColor=[78:148:215 :255]>Geumgyeongcheolmun</> I am not interested in anything other than the two of you.",
    "20045136": "In the end, it all ended in a way that each of us tried to do well.",
    "20045137": "(I have nothing to say, I just nod my head)",
    "20045138": "(then ask if you want to withdraw immediately)",
    "20045139": "I should withdraw... That's reasonable...\nWhy can't I let go of my regrets?",
    "20045140": "There were many things I wanted to do when I came here...",
    "20045141": "I haven't explored anything properly.\nIf that's the case, why did you ask to come!",
    "20045142": "(then asks if you want to try building a base)",
    "20045143": "No. It's too risky and it's going to be difficult to maintain your base even if you succeed.",
    "20045144": "(then ask if you want to withdraw now)",
    "20045145": "I have to get out of here now... \nBut I still can't go out because it's unfair.",
    "20045146": "I'll have to respond later... \n<textColor=[215:94:94:255]>Spears</> I need to do some equipment research.",
    "20045147": "(Ask if it's enough now)",
    "20045148": "Yeah! It's not as good as the plan when we first came...\nYou can't be successful every time.",
    "20045149": "Well, I don't have much information on coming here...\nI should make a report on this one too.",
    "20045150": "I was on a tight budget\nI tried to explore...",
    "20045151": "Looking back now... it was stupid.\nI'll just give up...",
    "20045152": "It was like a place like Gyereuk.\nThanks to you, I came out without much loss.",
    "20045153": "(It's not a big deal)",
    "20045154": "I don't know why <textColor=[215:94:94:255]>Changdodan</> came here.",
    "20045155": "Nevertheless, I hope this organized data will help \nto respond to <textColor=[215:94:94:255]>Changdodan</> in the future.",
    "20045156": "For a more detailed investigation, I think it would be a bit difficult with the <textColor=[78:148:215:255]>Plum Flower Bed</> alone.",
    "20045160": "But the problem is that there is no specific place to investigate together.",
    "20045161": "<textColor=[255:204:102:255]><myHero.name/></>! Please wait.\nI kept looking!",
    "20045162": "(Ask what's going on)",
    "20045163": "No... that's... <textColor=[110:216:175:255]>Sea Moon Continent</>\nI heard that you would pass it on to <textColor=[78:148:215:255]>Ho-Ryong Kwak</>. Is it true?",
    "20045164": "(<textColor=[78:148:215:255]>Kwak Ho-ryong</>'s request)",
    "20045165": "So... should I say that there are still some things I haven't been able to handle properly\nand some urgent ones?",
    "20045166": "I am a person who has no tips, so there are many things that I lack.",
    "20045167": "(Ask what you want to say)",
    "20045168": "To put it simply... \n<textColor=[78:148:215:255]>Ho-Ryong Kwak</>I think it would be better to tell a more refined story.",
    "20045169": "(He said he would know what it meant,\nhe said he would deliver it himself)",
    "20045170": "Are you here?",
    "20045171": "(After saying hello,\nTell me about the past)",
    "20045172": "Ah... yeah? Well... there's a lot to think about.\nThat's right. Currently, <textColor=[78:148:215:255]>Painting</> doesn't work properly. there is.",
    "20045173": "It's just an excuse that something else happened.\nI'll admit I didn't do my job properly.",
    "20045174": "Preparation... How should I teach this guy?\nI need to make him a decent person...",
    "20045175": "(He says he has nothing to say)",
    "20045176": "Yes. It must be difficult to say. I know.\nIt would be best if I realized it myself...",
    "20045177": "Unfortunately, I don't think I'm the type to be so enlightened.\nI'll have to go and tell them myself.",
    "20045178": "Thank you. You gave me a lot of good information...\nI'll pay back this favor with interest later!",
    "20045179": "I've probably talked a few times about the virtues expected of a person in <textColor=[78:148:215:255]>Illustration</>.",
    "20045180": "You may lose money in the short term.\nYou should not view this as a loss when investing.",
    "20045181": "Having the deficit more than death may be a good quality as a merchant.",
    "20045182": "But whoever is in charge of <textColor=[78:148:215:255]>Paintings</> can\nnot just look at it now.",
    "20045183": "Because I am a person who sees longer and looks bigger,\nI can lead many people.",
    "20045184": "Don't say that. \nHow can I play such a role...",
    "20045185": "For a small person like me,\nthat's not acceptable.",
    "20045186": "I will die someday too.",
    "20045187": "I need someone to take care of\n<textColor=[78:148:215:255]>Paintings</> even after I die.",
    "20045188": "Looking at you... I remember an ancestor who harmed my health by overdoing it while raising <textColor=[78:148:215:255]>Dohwasangjeon</>.",
    "20045189": "I'm ashamed to paint my father's name.",
    "20045190": "You have to teach yourself well... After you die,\nyou won't be able to see that friend's face properly.",
    "20045191": "Hey, who is this?",
    "20045192": "(Ask why you are alone in such a dangerous place)",
    "20045193": "I've been rather shy than taking risks with my mouth.",
    "20045194": "After thinking about it, I was standing in a safe place\nand waving my hand.",
    "20045195": "I was just pretending to take a risk.\nIn a very safe place.",
    "20045196": "(He said he didn't try many things)",
    "20045197": "I've tried one or two while maintaining a surplus.\nLooking back now, it was passive.",
    "20045198": "(Ask the merchant whether a surplus is important)",
    "20045199": "That's right. It's important, but I didn't do anything to protect that one.",
    "20045200": "To uncover new revenue streams and prove that <textColor=[110:216:175:255]>Fertile Land</> needs lots of merchants",
    "20045201": "Exactly... <textColor=[78:148:215:255]>It's not just because of Gyuri Jang</>.\nIt's about myself.",
    "20045202": "(Ask for success)",
    "20045203": "Whoa... it's not easy.",
    "20045204": "Maybe I don't have eyes to see as a merchant...",
    "20045205": "I don't know if I'm really doing something in vain\nwhere there is nowhere.",
    "20045206": "If you don't mind... \nwould you like to accompany me to the <textColor=[110:216:175:255]>Fertile Ruins</>?",
    "20045207": "(Ask if it's too dangerous there)",
    "20045208": "I think so too.\nThere was a reason I hadn't been in there until now.",
    "20045209": "Even so, if you don't try anything to the end,\nyou won't be able to understand yourself.",
    "20045210": "(they say they couldn't find a proper nuke)",
    "20045211": "Ah... they're all powder or shards.\nI'll take these too and investigate them closely.",
    "20045212": "In any case, since it is an item that cannot be easily obtained,\nother values may be found.",
    "20045213": "(If value is found,\nit asks if there is a way to keep getting the nukes after that)",
    "20045214": "If the value outweighs the cost, you can do something about it by asking <textColor=[78:148:215:255]>Pungbaekmun</>\n.",
    "20045215": "(nods quietly)",
    "20045216": "You've been of such great help...\nIt's become such an atmosphere.",
    "20045217": "I've only done it twice now. I don't give up.\nEven if there is a loss, I will continue.",
    "20045218": "Sometimes ago, when I was appointed as that official merchant,\n<textColor=[78:148:215:255]>Ho-ryong Kwak</> there is a message from Master Jeonju.",
    "20045219": "If you have a good trader,\nI tell you to keep trying even if you lose money!",
    "20045220": "I'm not telling you to sit and look at the ledger!",
    "20045221": "I forgot those words and lived only by looking at the numbers in the ledger.\nEven if I keep trying and this ends up in a loss...",
    "20045222": "So even if I take responsibility for it...\nI will act as the merchant of <textColor=[78:148:215:255]>Sunset</>."
}