{
    "30050000": "Attack everyone! World!",
    "30050001": "<textColor=[215:94:94:255]>Daegeum</>! You are the enemy of the people!",
    "30050002": "Today is your last day!",
    "30050003": "I brought a fixer!",
    "30050004": "It's amazing. It's amazing... How could that be?",
    "30050005": "No, I'm researching and you should help me!",
    "30050006": "Oops. It's hard to do this here.",
    "30050007": "I want to give you more experiences...",
    "30050008": "There is something to learn anywhere. Let's work hard!",
    "30050009": "What was the next time?",
    "30050010": "I'm not curious about this...\nBecause it's for everyone...",
    "30050011": "Aigoo! Mom! Master. Please help me.",
    "30050012": "My interests are ultimately linked to the public interest.\nI'm a good person.",
    "30050013": "Of course! Captain! Big view!",
    "30050014": "I consider myself lucky to be with the captain.",
    "30050015": "The crisis of <textColor=[78:148:215:255]>The Pioneer Barongdan</>...",
    "30050016": "Hey! <textColor=[78:148:215:255]>Director</>, \nIf you have any concerns, just tell us!",
    "30050017": "Pup! We're here to help!",
    "30050018": "I feel frustrated...",
    "30050019": "I want to get something in good condition...",
    "30050020": "No... no matter how you think about it...",
    "30050021": "Again... he's like this again... what poison...",
    "30050022": "What? Turn your voice up a little. I can't hear you.",
    "30050023": "Ah... I can't go outside <textColor=[110:216:175:255]>The Sun and Moon Branch</>.\nI'm so scared...",
    "30050024": "What's mature and immature... \n<textColor=[255:204:102:255]>Tooth</>Is... <textColor=[255:204:102:255]>Tooth </>",
    "30050025": "If you have a head, you can think.\nUnless it's a decoration.",
    "30050026": "I came all the way here... I want to see you a little more...",
    "30050027": "Okay... that might help.",
    "30050028": "In the end when things get tough, I'm alone... I have to do it.",
    "30050029": "I can do it! I can do it...",
    "30050030": "Ah... my stomach hurts...\nIs this <textColor=[255:204:102:255]>mushroom</> a problem earlier...",
    "30050031": "Ah... what can I do...\nThey don't even sleep...",
    "30050032": "I'm sure I'll be scolded if I go back like this...",
    "30050033": "If the Red Don keep harassing passersby...",
    "30050034": "Your relationship with humans would be completely broken...",
    "30050035": "No! Talk, let's talk!!!",
    "30050036": "Ahhh!! Save people!!",
    "30050037": "Human!!! Why do you keep coming back?!",
    "30050038": "The manager also tried to talk to the Hongdon people...",
    "30050039": "Oh! You're a fat ant! \nYou're the one who steals my potatoes!",
    "30050040": "How about~ My reasoning! Keuk!",
    "30050041": "My poor bastard... \nI can't go to work alone...",
    "30050042": "Awesome!! Awesome!!",
    "30050043": "What! You bastards, why are you here!",
    "30050044": "Here, here!",
    "30050045": "It's a secret place I found! \nI'll tell only my assistant specially!",
    "30050046": "They drove out the wolves and even the Red Dons scolded!",
    "30050047": "Our Doi, you must have had a good time.",
    "30050048": "You're still very talented.",
    "30050049": "Let's stop and go back, okay?",
    "30050050": "......",
    "30050051": "I have to go, really. I go. Yes?",
    "30050052": "...",
    "30050053": "Boys of the Fighters!!! Up to here!!!",
    "30050054": "I can't go back like this!\nThe poor deer must be rescued!",
    "30050055": "Here, here!",
    "30050056": "You should come to your senses...",
    "30050057": "Lingling isn't scary!\nYou can do it alone...!",
    "30050058": "Wait, where are you, cool flowers~!",
    "30050059": "I'm not alone anymore!",
    "30050060": "Chilly palace~ Flower~ Where are you~~ Nyang~~!",
    "30050061": "It smells like warm salt~\nThe sunlight is refreshing too!",
    "30050062": "It smells like something very close...",
    "30050063": "Baby... I'm hungry...",
    "30050064": "...Should I be homeless today...?",
    "30050065": "What are you guys doing now?",
    "30050066": "Do, Dongchong, are you here?",
    "30050067": "Wait, treasure!\nThe Dongchung-sama is leaving!",
    "30050068": "What if you've been harmed?",
    "30050069": "No, you looked really strong! \nLet's trust and wait!",
    "30050070": "This majestic waterfall~ Blue sea~ \nIt's so beautiful!",
    "30050071": "Shall we eat first? Hahaha",
    "30050072": "You bastards! \nStop bullying us!",
    "30050073": "My assistant will scold you all!!",
    "30050074": "Don't be afraid. Don't forget.\nI am the elder of Pungbaekmun.",
    "30050075": "It was an accident. Accident. \nAn accident that no one expected. ",
    "30050076": "Stop it... Forgive yourself.",
    "30050077": "I don't deserve a break... I don't deserve... \n...Stop it...",
    "30050078": "I'm sorry... I'm sorry... Uh-huh...",
    "30050079": "Don't forgive me... "
}