{
    "61000001": "Slow",
    "61000002": "Reduce movement speed",
    "61000003": "Movement speed reduction 50%",
    "61000004": "stun",
    "61000005": "Action Impossible",
    "61000006": "Cannot move\nCannot use attack power\nSome items cannot be used",
    "61000007": "stun",
    "61000008": "Cannot Act",
    "61000009": "Cannot move\nCannot use martial arts\nSome items cannot be used",
    "61000010": "Burn",
    "61000011": "Damage over time",
    "61000012": "Damage over duration",
    "61000013": "dance",
    "61000014": "Action Impossible",
    "61000015": "Cannot move\nCannot use attack power\nSome items cannot be used",
    "61000016": "taunt",
    "61000017": "Provoked",
    "61000018": "Movement and combat controls are not allowed",
    "61000019": "Basic attack against taunted target.",
    "61000020": "Slow",
    "61000021": "Movement speed reduction",
    "61000022": "Movement speed reduction 35%",
    "61000023": "taunt",
    "61000024": "Provoked",
    "61000025": "Movement and combat controls are not allowed",
    "61000026": "Basic attack against taunted target.",
    "61000027": "taunt",
    "61000028": "Provoked",
    "61000029": "Cannot control movement and combat",
    "61000030": "Basic attack against taunted target.",
    "61000031": "Slow",
    "61000032": "Reduce movement speed",
    "61000033": "Movement speed reduction 30%",
    "61000034": "Slow",
    "61000035": "Movement speed reduction",
    "61000036": "Movement speed reduction 50%",
    "61000037": "Bondage",
    "61000038": "Action Impossible",
    "61000039": "Cannot move\nCannot use attack power\nSome items cannot be used",
    "61000040": "Reduces damage dealt",
    "61000041": "Damage reduction",
    "61000042": "Damage reduction 30%",
    "61000043": "Slow",
    "61000044": "Reduce movement speed",
    "61000045": "Movement speed reduction 25%",
    "61000046": "stun",
    "61000047": "Impossible to move\nCannot use attack power\nSome items cannot be used",
    "61000048": "stun",
    "61000049": "Cannot move\nCannot use martial arts\nSome items cannot be used",
    "61000050": "Bondage",
    "61000051": "Impossible to move\nCannot use martial arts\nSome items cannot be used",
    "61000052": "Slow",
    "61000053": "Reduce movement speed",
    "61000054": "Movement speed reduction 50%"
}