{
    "12025000": "Talk to rep",
    "12025001": "Go to Geumgyeongcheolmun",
    "12025002": "Conversation with the craftsman",
    "12025003": "Gathering paws and spiders",
    "12025004": "Transfer material",
    "12025005": "Conversation with Jeonyangwon",
    "12025006": "Conversation with the Geumgyeongcheolmun Master",
    "12025007": "Move to the South Shore",
    "12025008": "Spider Hunt",
    "12025009": "Conversation with the Geumgyeongcheolmun Master",
    "12025010": "Conversation with the videographer",
    "12025011": "Get Deer Hide",
    "12025012": "Conversation with the videographer",
    "12025013": "Conversation with Isamin",
    "12025014": "Conversation with Shin Hae-wol",
    "12025015": "Clear enemies around plants",
    "12025016": "Gathering Hard Plant Stems",
    "12025017": "Deliver the stem to Shin Hae-wol",
    "12025018": "Conversation with Isamin",
    "12025019": "Conversation with Kwak Ho-ryong",
    "12025020": "Gathering Hard Plant Stems",
    "12025021": "Deliver the stem to Shin Hae-wol",
    "12025022": "Conversation with Kwak Ho-ryong",
    "12025023": "Conversation with Isamin",
    "12025024": "Approaching the plum blossoms",
    "12025025": "Move to Discipline",
    "12025026": "Eavesdropping on Troop Conversation",
    "12025027": "Conversation with Geonjagam of the plum blossoms",
    "12025028": "Conversation with Kwak Ho-ryong",
    "12025029": "Request to attend",
    "12025030": "Get ingredients for a banquet",
    "12025031": "Conversation with Kwak Ho-ryong",
    "12025032": "Remove beasts near water",
    "12025033": "Investigate the cause",
    "12025034": "Conversation with Pom-Pong",
    "12025035": "Speak with the Troubled",
    "12025036": "Go to Muddy",
    "12025037": "Talk to Rangers",
    "12025038": "Find inside",
    "12025039": "Conversation with Da Doyeon",
    "12025040": "Defeat Crocodiles",
    "12025041": "Conversation with Da Doyeon",
    "12025042": "Remove the threat of the ramp",
    "12025043": "Identify hazardous locations",
    "12025044": "Kill Myomyeon",
    "12025045": "Conversation with Lee Yul-kyung",
    "12025046": "Killing Spiders Out",
    "12025047": "Remove area mark",
    "12025048": "Conversation with Wakiki",
    "12025049": "Clear nearby enemies",
    "12025050": "Move to another location",
    "12025051": "Conversation with Rain Park",
    "12025052": "Conversation with Geonja",
    "12025053": "Defeat Beach Threats",
    "12025054": "Conversation with Geonja",
    "12025055": "Gathering Spear Evidence",
    "12025056": "Conversation with Geonja",
    "12025057": "Go to the wreck",
    "12025058": "Killing nearby threats",
    "12025059": "Conversation with Geonja",
    "12025060": "Conversation with Sunnubi",
    "12025061": "Gather nearby stems",
    "12025062": "Gathering stems from a distance",
    "12025063": "Gather nearby stems",
    "12025064": "Gathering stems from a distance",
    "12025065": "Clear enemies around plants"
}