{
    "11030000": "[recommended level]>33\nHope? \nIs your brother not eating and playing with you?\n\nA child has a worried face. \nWhat's going on?",
    "11030001": "[recommended level]>30\nAre you worried about your comrades in the Eastern Ecological Forestry?\nBecause the green giants have started their activities?\nThere seems to be some huge monster. n\nLet's go to the Eastern Ecological Forest and meet our fellow crew members and hear their stories.",
    "11030002": "[Recommended level]>32\nThe antlers eat all the grain, so it's difficult for them.\nAre you going to give up farming? \nEven if you grow them, you will have no choice but to eat them all. \n\nFor now Let's hear the situation.\nEven I can't give you a good answer... \nI think it would be better to go to a weeping house or a plum flower garden and ask if there is a better way.",
    "11030003": "[Recommended Level]>37\nI'm glad you said you won't give up farming. \nBut you don't have anything, so you can't manage farm equipment? \n\nIf it's about eliminating enemies, I can do it well, so can't I help?",
    "11030004": "[recommended level]>34\nFoster manager Kogondae seems to be dissatisfied with the jurisdiction. I can't help you with the jurisdiction of the sheep, but... \n\nSuddenly breeding marine Do you think you can do it if it's about getting rid of living things?",
    "11030005": "[recommended level]>35\nWeeping Sunnubi misses the good old days of spending time at the beach. It became impossible after Darkness took over the beach... \n\nOnce you go to the beach, Let's see how many dark spots there are? If there aren't many, maybe I can get rid of them.",
    "11030100": "[recommended level]>44\nSnake expert Sa Gil-mi is said to be developing drugs for those who die from poisoning with snake mushrooms. nWe can't extract the poison from the snake mushroom, so let's catch the snake mushroom itself. You can make medicine out of it.",
    "11030101": "[recommended level]>45\nA colleague at the Pioneer Memorial Cemetery was very surprised to see a ghost and said he would quit his job... \nWhat kind of spirit appeared?\n\nTo the graveyard of the spirits? Let's go and meet the cemetery guards and talk to them, maybe it'll be of some help.",
    "11030102": "[Recommended Level]>47\nBiryuha of Poongbaekmun appears out of nowhere and offers to go see flowers together. What do you mean?\nIf someone you know needs help, you can't politely refuse. ..\n\nI think we should start by eliminating the enemies around the flower. Is that why you asked me to help?",
    "11030103": "[Recommended Level]>41\nIs the Discipline Soldier really angry?\nYou have a huge hatred for Blood Ruins. \nDo you have any personal grudges? \n\nI can't get rid of all the blood tablets, but the location information will help.",
    "11030104": "[recommended level]>43\nA barong from the Young Teacher suddenly saw me and got mad at me for being late. Am I doing something wrong?\nI wanted to hear more, but just left?\n\nMaybe If anything happens, I'm afraid... \nIsn't the swamp dangerous?\nIf anything happens, it's a big deal. \n\nLet's go to the scene first. ",
    "11030105": "[recommended level]>43\nGugu is very kind and will explain to you about the phantom worms that appear here. \nI politely declined because I didn't need it. \n\nNow that I've come this far Let's follow and keep Gugu safe and listen to their story. We should start by getting rid of the phantom worms around us. If I had known it would be this troublesome, I shouldn't have come in the first place... \n\nNow that I've started, I'll have to clean it up until the end.",
    "11030106": "[recommended level]>47\nA passerby suddenly asked for directions.\nHe said he wanted to go to the unexplored Jadrak... Wait, this is the road to the fertile land. You're coming in the opposite direction? \n\nIf you want to go to the fog forest frontier, you have to go to the swamp first, but there are a lot of enemies on the way? there will be",
    "11030107": "[recommended level]>42\nSuyang's Jang Min-ye recently had a strange experience while on patrol. He met and greeted Kwak Ho-ryong and Geum Gyeong-cheol-moon's Moonlight Wind in Dohwasangjeon, and upon closer inspection, he said it was a welcome. says she doesn't want to go out to the forest in the shade of fog... \n\nI can't erase my memories, so I'll help her avoid such experiences in the future.",
    "11030200": "[recommended level]>49\nI see a person standing precariously near the waterfall. \nMaybe? No. No. I must have misunderstood. \n\nBut just in case you don't know, let's get closer.",
    "11030201": "[recommended level]>47\nSuddenly, a trainee member is despondent after taking on a mission. Did you prepare a will? You've been tasked with observing Paradise Fortress, is it that dangerous?\n\nNext to Let's hear from a member of the staff about the observation service.",
    "11030202": "[recommended level]>48\nThe foster child is said to be exhausted from regularly removing the outbreaks. Observation missions at Nakwondaeseong would not be a small task... The training crews really do a lot of work. \n\nI can't do all the work for the training crew, but wouldn't it be of some help if I got rid of the bald lice?",
    "11030203": "[recommended level]>50\nI'm worried that Nodora the sheep will come out of the nest. \nThe bald eagle? That sounds like a very dangerous name. Would it be helpful if I could make sure the mother didn't leave the nest and let me know the current situation?",
    "11030204": "[Recommended Level]>51\nYoung Teacher Lang Lang needs moss to make medicine. \nCan I get moss from the arboretum on the slope of the sunrise? I don't think it's that difficult... \n Shall I help you once?\n\nAs I heard, let's go to the slope of the sunrise and get rid of the arboreal spirit and get some moss. They said there's a lot of moss, so I might have to get rid of a lot of it.",
    "11031000": "[Recommended level]>33\nHope? Is your brother not eating and playing with you?\nA child has a worried face. What's going on?\n\nListen to the story. I'll have to check it out... If I have any concerns, can I help you?",
    "11031001": "[recommended level]>30\nWorried about your comrades in the Eastern Ecological Forest? It's because the Green Giants have started working? Looks like there's some huge monster out there. Let's go to the Ecological Forest and meet our fellow crew members and hear their stories.",
    "11031002": "[recommended level]>32\nThe antlers say it is difficult because they eat all the grain. Are you going to give up farming? I'm not sure I can give you a good answer... \nI think it would be better to go to a weeping plant or a plum flower garden and ask if there is a better way.",
    "11031003": "[Recommended level]>37\nI'm glad you said you won't give up on farming. \nBut you don't have anything, so you can't manage farm equipment? You said you'd risk your life to go to the beach to get materials... \n \nIf it's about eliminating enemies, I can do it well, so can't I help?",
    "11031004": "[recommended level]>34\nFoster manager Kogondae seems to be dissatisfied with the jurisdiction. I can't tell you what to do with the jurisdiction of the sheep, but... \n\nSuddenly breeding shore Do you think you can do it if it's about getting rid of living things?",
    "11031005": "[Recommended Level]>35\nSunnubi misses the good old days of spending time at the beach. It became impossible after Darkness took over the beach... \n\nOnce you go to the beach, Let's see how many dark spots there are? If there aren't many, maybe I can get rid of them.",
    "11031100": "[recommended level]>44\nSnake expert Sa Gil-mi is said to be developing drugs for those who die from poisoning with snake mushrooms. \nShould I help myself in doing such a good thing?\n\nWe can't extract the poison from the snake mushroom, so let's catch the snake mushroom itself. You can make medicine out of it.",
    "11031101": "[Recommended level]>45\nA colleague at the Pioneer Memorial Cemetery was very surprised to see a ghost and said he would quit his job... \nWhat kind of spirit appeared?\n\nTo the graveyard of the spirits? Let's go and meet the cemetery guards and talk to them, maybe it'll be of some help.",
    "11031102": "[Recommended Level]>47\nBiryuha of Poongbaekmun suddenly appears and suggests that we go to see flowers together. What do you mean?\nIf someone you know needs help, you can't politely refuse. ..\n\nI think we should start by eliminating the enemies around the flower. Is that why you asked me to help?",
    "11031103": "[Recommended Level]>41\nIs the Discipline Soldier really angry?\nYou have a huge hatred for Blood Ruins. \nDo you have any personal resentment? \n\nI can't get rid of all the blood tablets, but the location information will help.",
    "11031104": "[recommended level]>43\nA barong from the Young Teacher suddenly saw me and got mad at me for being late. Am I doing something wrong?\nI wanted to hear more, but just left? \n\nMaybe If anything happens, I'm afraid... \nIsn't the swamp dangerous?\nIf anything happens, it's a big deal. \n\nLet's go to the scene first. ",
    "11031105": "[recommended level]>43\nGugu is very kind and will explain to you about the welcome anti-human insect that haunts here.\nI politely declined it because I didn't need it. \n\nNow that I've come this far. Let's follow and keep Gugu safe and listen to their story. We should start by getting rid of the phantom worms around us. If I had known it would be so troublesome, I shouldn't have come in the first place... \n\nNow that I've started, I'll have to organize it until the end.",
    "11031106": "[Recommended Level]>47\nA passerby suddenly asked for directions.\nHe said he wanted to go to the unexplored Jadrak... Wait, this is the road to the fertile land. You mean in the opposite direction? \n\nIf you want to go to the fog forest frontier, you have to go to the swamp first, but there are a lot of enemies on the way? there will be",
    "11031107": "[recommended level]>42\nSuyang's Jang Min-ye recently had a strange experience while on patrol. He met and greeted Kwak Ho-ryong and Geum Gyeong-cheol-mun's Moonlight Wind in Dohwasangjeon, but upon closer inspection, he said it was a welcome. says she doesn't want to go out to the forest in the shade of fog... \n\nI can't erase my memories, so I'll help her avoid such experiences in the future.",
    "11031200": "[recommended level]>49\nI see a person standing precariously near the waterfall. \nIs it possible? No. No. I must have misunderstood. \n\nBut, just in case, let's get closer.",
    "11031201": "[recommended level]>47\nSuddenly, a trainee member is despondent after taking on a mission. Did you prepare a will? You've been tasked with observing Nakwondaeseong, is it that dangerous?\n\nNext to Let's hear from a member of the staff about the observation service.",
    "11031202": "[recommended level]>48\nThe foster mother is said to be exhausted from regularly removing the outbreaks. Observation missions at Nakwondaeseong would not be a small task... They really do a lot of work. \n\nI can't do all the work for the training crew, but wouldn't it be of some help if I got rid of the Balbale?",
    "11031203": "[recommended level]>50\nI'm worried that Nodora the sheep will come out of the nest. \nThe bald eagle? That sounds like a very dangerous name. Would it be helpful if I could make sure the mother didn't leave the nest and let me know the current situation?",
    "11031204": "[recommended level]>51\nYoung teacher Lang Lang needs moss to make medicine.\nCan I get moss from the arboretum on the slope of the sunrise? I don't think it's that difficult... \n Shall I help you once?\n\nAs I heard, let's go to the Sunrise Slope and get rid of the arboreal spirit and get some moss. You said there's a lot of moss, so you might have to get rid of a lot of it.",
    "11030006": "[recommended level]>40\nThe blue man bandit gang that has recently made a name for itself with the spear gang. Recently, the leader of the maehwa gang, Hong Maehwa, has a headache because of the spear. In the southern part of the shade forest, there are reports that it is set up in a place now called the Blood Forest and attacks not only the expedition team but also passersby.\n\nRed plum blossoms wanting to borrow even a Barongson. He seems to need a helping hand.",
    "11030108": "[recommended level]>42\nThe central passageway of Taerok Forest, the shadowy forest and the dry marsh where you can gather good quality soil, both are famous areas for ghosts. There is always danger. The workers of Dohwasangjeon were risking their work here. In the end, some workers seem to say that they can't do their job at all.\n\nThe sad boss Ho-ryong Kwak tried to solve this problem, but there was one big problem. There seems to be a problem...",
    "11030109": "[Recommended Level]>44\nA terrified Barong is stomping his feet at the entrance to the Pioneer Memorial Cemetery. He seems worried about the Barongs who came together to gather herbs. In fact, the other Barongs take care of themselves to avoid the monsters and take medicinal herbs. I'm digging well, but I'm very worried about the cowardly Mumu.\n\nBut what can I do for the cute Barong Mumu? Let's listen to Mumu's story.",
    "11030110": "[recommended level]>46\nPresident of the Wildlife Conservation Society of Suwol Plains, Gray Wind visited for a while to see the scenery of the sea and moon continent, but was stunned. Even the target they are poaching is said to be a protected species, Sanseonho.\n\nYou can feel the boiling rage of the Ashen Wind up to here. Poaching, stop!",
    "11030205": "[recommended level]>49\nSomewhere there seems to be a sound of steel fists sighing as if the ground is about to go extinct. Steel fists... Apparently he is playing a major role in the Geumgyeongcheolmun Gate, but something is lacking. And this time The job must also be related to the moonlight...? It's clear that he has a crush on him!\n\nStill, I don't hate him. Let's listen to his earnest voice.",
    "11030206": "[Recommended Level]>51\nSince the Taerok Forest was pioneered, a sunrise event hosted by Dohwasangjeon has been held every year on the Sunrise Slope. It is inconvenient to plant Myomyeons there because there are too many people. Ho-ryong Kwak, the master of the department, wants to at least push them away from the passageway, although the rapprochement has failed.\n\nWill the push-out strategy work as Kwak Ho-ryong thinks?",
    "11030207": "[recommended level]>49\nThe Black Dawn, an unidentified group that attacks the sect that worships the divine beast. This includes Ereda and Pungbaekmun, which we are familiar with. Lately, I have doubts about the Black Dawn's rapid expansion. \n\nBut the urgent fire is right in front of the Black Dawn's troops! Let's help Oreum defeat the Black Dawn."
}