{
    "36001000": "You? You killed my comrades!",
    "36001001": "What a spoiled blue bastard... that's absurd!!",
    "36001002": "I'm not as weak as kids these days. I'm not weak...",
    "36001003": "You go back and hit the tail!",
    "36001004": "Its weakness is its jaw and tail! Destroy it and pay for it!",
    "36001005": "Oh my gosh, Dae and Juksu!",
    "36001006": "I'm old now too! Oh, my waist!",
    "36001007": "Here's this guy's weakness!",
    "36001008": "Wow I can be better than Liwa!",
    "36001009": "Here are his weaknesses!",
    "36001010": "Wow I can't be better than Kwow!",
    "36001011": "Hey!\nI'll shatter your head!",
    "36001012": "I am a big mountain! You cannot cross mountains!\nYou will not be able to cross here either!",
    "36001013": "Profit...! There is still a long way to go!",
    "36001014": "Dare you... Dare to climb this great mountain!",
    "36002000": "Who are you? Why are you disturbing me?",
    "36002001": "This jewel is mine! Even if I die, I won't give it to you!",
    "36002002": "Now... wait a minute! I don't want to die here~!!",
    "36002003": "What were you looking for, hiding like a mouse?",
    "36002004": "What do you mean!",
    "36002005": "Where did Shiro's reincarnation go?",
    "36002006": "Wow... that's pretty good...",
    "36002007": "It won't work out!",
    "36002008": "to the abyss...",
    "36002009": "Die! You bastards!",
    "36002010": "Kill them all!",
    "36002011": "See the true power!",
    "36002012": "Uh, why am I being pushed back!?",
    "36002013": "Rag... Nir...",
    "36002014": "What is this!?",
    "36002015": "Stop it!",
    "36002016": "What the hell do you want!?",
    "36002017": "You're doing it right?\nWhy isn't it like that?",
    "36002018": "Sleep, wait. It can't be like this.",
    "36002019": "What's the fuss!\nWhat else is your guy!?",
    "36002020": "Are you the one sent by the plum blossoms!?",
    "36002021": "No, wait! \nHey! I saved him alive!",
    "36002022": "Even if you saved it...",
    "36002023": "Oh, it's a raid!\nWatch out!",
    "36003000": "You can't even get enough of this~!",
    "36003001": "If you're going to get in the way, leave!",
    "36003002": "What are you doing!?",
    "36003003": "Your body is weak...",
    "36003004": "You must attack with all your heart!",
    "36003005": "Uh, huh? It seems to work!?",
    "36003006": "What kind of bastard! You came all the way here without fear. Don't make me regret it!",
    "36003007": "He is with me!",
    "36003008": "I will kill you and dedicate it to him!",
    "36003009": "No, no!!!",
    "36003010": "What kind of guy are you again?",
    "36003011": "This power!?",
    "36003012": "I will give it to him!",
    "36003013": "Return to the Abyss...",
    "36005000": "I'm sorry. I wish I had more time to develop a cure...",
    "36005001": "Hey, is it a sin to be big? Am I a monster!",
    "36005002": "Stop complaining about looking up!",
    "36005003": "I'm tired of being nicknamed gibbons now.",
    "36001015": "Don't disturb me!\nIf you disturb me, I will really hit you!!",
    "36001016": "He, stop! I was wrong...\nI also had a situation!",
    "36001017": "You can't keep an eyewitness alive!\nDie! Hehehe!!!!",
    "36001018": "Well, wait a minute, this is all\nIm Yeonsu ordered it...!",
    "36001019": "Come on, show your skills!",
    "36001020": "Is that good enough?",
    "36001021": "What else is this guy doing?!",
    "36001022": "Don't meddle, come back calmly!",
    "36001023": "What the fuck! How did you get here?",
    "36001024": "Who is disturbing my sleep..."
}