{
    "42000000": "(Among these delicacies\nIs this a delicacy?)",
    "42000001": "(I got rid of it,\nIt'll be fine for a while)",
    "42000002": "(<textColor=[255:204:102:255]>Glitter</> found!\n<textColor=[78:148:215:255]>Barong</> will love it)",
    "42000003": "((<textColor=[255:204:102:255]>lotus leaf shard</> what \nwhat are you trying to do?)",
    "42000004": "(It's really unpredictable \nIt pops out of nowhere. \nYou'll be surprised)",
    "42000005": "(If it's large enough, \nwould be enough to block the rain?)",
    "42000006": "(This <textColor=[110:216:175:255]>Lumberjack</> has been occupied by the <textColor=[215:94:94:255]>Westerns</>\n . Even if I catch it, there is no end to it)",
    "42000007": "(It smells really bad.\nI can't get used to it)",
    "42000008": "(Hmm... <textColor=[215:94:94:255]>Weapon of the Westerners</>.\nIt doesn't look particularly useful)",
    "42000009": "(<textColor=[215:94:94:255]>Lake Turtle</>'s shell is\nhard, so it's good for many uses)",
    "42000010": "(<textColor=[255:204:102:255]>a pile of garbage</>.\nWho threw these things away?)",
    "42000011": "(this should be enough)",
    "42000012": "(In this amount of time, \nthe investigation should have been completed)",
    "42000013": "(this should have been enough time \nto investigate)",
    "42000014": "(Is this what it is? \nAt first glance, it looks like an ordinary \nstone...?)",
    "42000015": "(Is this enough? \nThe sheep are sensitive, so \nthe rancher is having a hard time)",
    "42000016": "(It smells strange...\nIs it okay to use it as a <textColor=[255:204:102:255]>medicine</>\n?)",
    "42000017": "(This is the <textColor=[78:148:215:255]>weeping</>\nfrequently used <textColor=[255:204:102:255]>herb</>) ",
    "42000018": "(The red is really pretty. \nIt looks good for color)",
    "42000019": "(It's gorgeous and \nit's even rare, so \nit must be popular)",
    "42000020": "(Here it is! \n<textColor=[255:204:102:255]>Barong's Secret Book</>, \nI'm curious about the contents...)",
    "42000021": "(Huh~ It was hard.\n<textColor=[215:94:94:255]>The Spear Team</> is getting stronger every day.\n)",
    "42000022": "(Here you are! \nThis should be enough \nfor your research)",
    "42000023": "(...why is this trending? \nYou don't even know it)",
    "42000024": "(Huh, would this be enough? \n<textColor=[215:94:94:255]>Changdodan</> <textColor=[78:148:215:255]>Daeeobang </>This \nI'm getting a headache)",
    "42000025": "(Huh, it was hard.\nYou'll be able to walk safely\nfor a while)",
    "42000026": "(Found! <textColor=[110:216:175:255]>Ancient Forest Road</>\nLooks too dangerous for ordinary people\nto pass)",
    "42000027": "(Really <textColor=[255:204:102:255]>solid horn</>.\nThis is enough for <textColor=[255:204:102:255]>medicine</> \nIt will be enough to make)",
    "42000028": "(...if somehow <textColor=[78:148:215:255]>Barong</> doesn't harm <textColor=[215:94:94:255]>Arbor Spirit</> I think I got \nthe eggplant without it)",
    "42000029": "(<textColor=[78:148:215:255]>Ashenwind</>'s heart\nI hope it's \na little bit at ease)",
    "42000030": "(...<textColor=[215:94:94:255]>May the animals killed by the poaching of the Fighters</>\n\nplease sleep peacefully...)",
    "42000031": "(<textColor=[215:94:94:255]>Burning</> is pouring\nfrom the rift\ninfinitely\n...)",
    "42000032": "(That's really strong. \nIf it wasn't for <textColor=[78:148:215:255]>Ereda</>,\nthe damage would have been greater)",
    "42000033": "(You have collected enough.\nResearch the <textColor=[255:204:102:255]>Traces of the crack</>\nHopefully you can find a workaround...)",
    "42000034": "(Everyone has been killed. \nThe wildlife in this <textColor=[110:216:175:255]>Hilllands</>\nlooks really wild)",
    "42000035": "(Looks like you got\n enough intact <textColor=[255:204:102:255]>Animal Hide</>)",
    "42000036": "(This is a <textColor=[78:148:215:255]>dropped by a merchant</>\n<textColor=[255:204:102:255]>bottom</>this is it)",
    "42000037": "(<textColor=[215:94:94:255]>ghost</>to take this kid's\n<textColor=[255:204:102:255]>doll</>. \nIt's strange)",
    "42000038": "(...can you really appease \n<textColor=[215:94:94:255]>Spirit</> and \nwake up \nin this way...?)",
    "42000039": "(Phew, finished.\n<textColor=[215:94:94:255]>Goblin</>'s request,\nIt was a strange experience)",
    "42000040": "(That's enough.\nIt would be nice if we could find a clue about the rift \n)",
    "42000041": "(...I found it! The <textColor=[78:148:215:255]>Suwa</> must have\nwouldn't be able to afford to pack their stuff\nand left busy)",
    "42000042": "(Completed the quest... \nStill in town\n<textColor=[215:94:94:255]>Erosioned monster</>)",
    "42000043": "(After, I'm done.\n<textColor=[78:148:215:255]>I hope this was of a small \nhelp to the Suwa</>)",
    "42000044": "(<textColor=[78:148:215:255]>Discipline</> completed the collaboration.\nMost of these were quests to collect\nresources needed for exploration)",
    "42000045": "(<textColor=[78:148:215:255]>Ereda</> thanks for your hard work\nto kill <textColor=[215:94:94:255]>Burnt-headed</> The villagers\n became a little safer)",
    "42000046": "(<textColor=[78:148:215:255]>Completed all 4 collaborations \nin <textColor=[78:148:215:255]>Illustration</>.\nAre you expecting a reward?)",
    "42000047": "(<textColor=[78:148:215:255]>Younggyowon</>'s collaboration is somewhere\nfriendly and strange.\nShall we get a reward for completion?)",
    "42000048": "(Phew, it was hard. <textColor=[78:148:215:255]>Geumgyeongcheolmun</>I hope this\nhelped you\nto make a better weapon)",
    "42000049": "(<textColor=[78:148:215:255]>Daeeobang residents</>Completed 4 collaborations\n)",
    "42000050": "((<textColor=[78:148:215:255]>Residents of Vandal Lake</>\n\nWe have already completed 4 cooperative actions reported by them!)",
    "42000051": "(There's something shiny!)",
    "42000052": "(Let's see... Somewhere here \n<textColor=[215:94:94:255]>Western people</>there seems to be a\nbox of these weapons...)",
    "42000053": "(The surrounding threats\nhave been adequately dealt with)",
    "42000054": "(Okay! I think this will allow you to gather \n<textColor=[255:204:102:255]>herbs</>\n)",
    "42000055": "(Neighboring threats\nenoughly eliminated)",
    "42000056": "(Let's see. There must be a \n<textColor=[255:204:102:255]>weapon chest</> somewhere...)",
    "42000057": "(Now let's retrieve the <textColor=[255:204:102:255]>Botzym</>)",
    "42000058": "(This is enough.\nNow, let's retrieve the <textColor=[255:204:102:255]>Botzym</>)",
    "42000059": "(The interfering <textColor=[215:94:94:255]>Bubbles</> have \nkilled enough)",
    "42000060": "(The threats around me\nhave been sufficiently removed.\nLet's collect <textColor=[255:204:102:255]>Suwa's luggage</>)",
    "42001000": "(It's really oily. \nIf you dry it well, \nit'll be a good fuel)",
    "42001001": "(<textColor=[215:94:94:255]>Jungle Spider</>'s web is \nreally thick and sturdy. \nLooks worth studying)",
    "42001002": "(That's enough. Now \n<textColor=[215:94:94:255]>bear</> and <textColor=[215:94:94:255]>tiger</> I have no choice but to wait for \nto come back...)",
    "42001003": "(I found it! This is it. \nI was so focused on herbs, I must have forgotten the <textColor=[255:204:102:255]>Secret Book</>)",
    "42001004": "(Okay. If a defense is \nbuilt here, the base will be \nmuch safer)",
    "42001005": "(Phew, finished.\nNow <textColor=[78:148:215:255]>Ereda</>\nit's time to finish)",
    "42001006": "(I got enough. \n<textColor=[215:94:94:255]>The grass of the <textColor=[215:94:94:255]>I think the grass will be a deep yellow green)",
    "42001007": "(Mission accomplished. \nThe number has decreased a bit, but \nit's still noisy)",
    "42001008": "(I got them all. \nThe chewy texture\nI think it's excellent)",
    "42001009": "(<textColor=[255:204:102:255]>I found turtle eggs</>.\nThere should be no extinction due to overfishing...)",
    "42001010": "(<textColor=[110:216:175:255]>Even in the Sea and Moon continent</>\nThe hard <textColor=[255:204:102:255]>Turtle's shell</> is \nIt is useful)",
    "42001011": "(Defeated them all.\n<textColor=[78:148:215:255]>Myunghyedan</> is <textColor=[110:216:175:255]>Wreck of a shipwreck</> Are you planning to explore\n?)",
    "42001012": "(Phew, it was hard.\nThe <textColor=[215:94:94:255]>crocodiles</> here\nare really aggressive)",
    "42001013": "(It's really tough and hard. \nIt would be perfect for making baskets\n)",
    "42001014": "(<textColor=[255:204:102:255]>Found the bots</>. \nIt would be nice if the area around the base was a little more \nsafe)",
    "42001015": "(Mission completed.\nIt will take a lot of people to annihilate <textColor=[215:94:94:255]>Blood Plaque</>\n)",
    "42001016": "(Defeated them all.\nThe ones with the hood are definitely stronger)",
    "42001017": "(If you look in a dark place\nit can be really confusing)",
    "42001018": "(...Dokdo is used in medicine\n<textColor=[215:94:94:255]>Tucchini</> might also be worth researching\n)",
    "42001019": "(Phew, it was hard.\nBy the way... you really look alike)",
    "42001020": "(This should be enough to \nget you through safely)",
    "42001021": "(Okay. This will allow \n<textColor=[78:148:215:255]>Barong</>\nto safely proceed with the investigation)",
    "42001022": "(That deadly looking \n<textColor=[215:94:94:255]>Snake Mushroom</> poison\nused as medicine... It's amazing)",
    "42001023": "(<textColor=[215:94:94:255]>Soulfire</> removed.\nI didn't see anything strange...)",
    "42001024": "(Finally finished.\nWhat did the <textColor=[215:94:94:255]>Blood Plaque</> come to the cemetery for\nto get?)",
    "42001025": "(This is enough. \nIt's a panacea... \nIt would be great if it was made)",
    "42001026": "(A strange type of weapon. \nIt looks worth researching)",
    "42001027": "(Isn't this enough? \n<textColor=[215:94:94:255]>Gingerwort</> doesn't look like it \nI can't get used to it)",
    "42001028": "(Phew, I just finished it. \n<textColor=[215:94:94:255]>Paradise</> are very aggressive, \nIt's hard to deal with)",
    "42001029": "(I got them all!\n<textColor=[110:216:175:255]>It's as big and hard as a lotus leaf in Half Moon Lake</>)",
    "42001030": "(Like the wind of <textColor=[78:148:215:255]>Myunghyedan</>\nhope this place will be preserved for a long time)",
    "42001031": "(Phew, mission accomplished. \nAt first glance, it looks like a bush, \nI think it's more dangerous)",
    "42001032": "((<textColor=[215:94:94:255]>Tricolor</>) \nI have collected enough oil. \nThis should be enough)",
    "42001033": "(Thanks to the flowing waterfall,\nthe water will be purified quickly)",
    "42001034": "(I got enough. \nThis should be enough to make \na brush)",
    "42001035": "(Huh, it was hard. This area is \n<textColor=[215:94:94:255]>Myomyeon</> and <textColor=[215:94:94:255]>Paradise</> because of \nthere is no room for quiet)",
    "42001036": "(Everyone has been killed. \n<textColor=[110:216:175:255]>Taerokrim</> has become quite safe \nit seems there are a lot of tourists)",
    "42001037": "(Phew, I'm done. \nYou'll be able to \nwork safely for a while)",
    "42001038": "(I got them all. \n<textColor=[255:204:102:255]>Crocodile Skin</> always seems \npopular)",
    "42001039": "(Where the hell did it appear \nwithout end like this?)",
    "42001040": "(Found!\nI'll have to handle it with care)",
    "42001041": "(Hmm... it smells a little\nstrange\nbut it might be worth researching)",
    "42001042": "(<textColor=[78:148:215:255]>Ereda</> completed\n3 collaborations)",
    "42001043": "((Complete 3 missions \nto help <textColor=[78:148:215:255]>Geumgyeongcheolmun</>\ncollect various materials \n)",
    "42001044": "((<textColor=[78:148:215:255]>Illustration </>)\nAll 3 collaborations\ncompleted.\nAre you expecting a reward?)",
    "42001045": "(<textColor=[78:148:215:255]>Suyang</> reported \n<textColor=[110:216:175:255]>Taerokrim</> \n3 finished)",
    "42001046": "(<textColor=[78:148:215:255]>Younggyowon</> collaboration has been completed. \nIf this is enough, you can be called a collaboration expert?)",
    "42001047": "(<textColor=[110:216:175:255]>Taerokrim</> of \n<textColor=[78:148:215:255]>Myunghyedan</> \n3 tasks completed)",
    "42001048": "(<textColor=[78:148:215:255]>Taerokrim</>'s residents\nComplete all\n2 cooperative actions reported by them)",
    "42001049": "(The surrounding threats have \nenough been removed.\nLet's find the <textColor=[255:204:102:255]>Secret Book</>) ",
    "42001050": "(This gave me enough time to \ngather \nthe <textColor=[255:204:102:255]>turtle eggs</>)",
    "42001051": "(Okay! Now let's gather solid \n<textColor=[255:204:102:255]>Plant Stem</>)",
    "42001052": "(Phew, we killed them all. \nLet's recover <textColor=[255:204:102:255]>Botzym</> in this gap!)",
    "42001053": "(This is enough.\nNow let's get rid of the <textColor=[255:204:102:255]>garbage</>?)",
    "42001054": "(<textColor=[255:204:102:255]>Cleared all \nthreats around Turtle Egg</>)",
    "42002000": "(I think this is enough to drive out \nthe <textColor=[215:94:94:255]>Hongdon</>)",
    "42002001": "(Huh, it was hard.\nIt's almost deaf)",
    "42002002": "(Mission completed. \nThe trainees will be able to train \nwithout getting hurt)",
    "42002003": "(After that, I got enough.\n<textColor=[255:204:102:255]>Poison</> to decode\n<textColor=[255:204:102:255]>Poison </> is necessary)",
    "42002004": "(<textColor=[110:216:175:255]>The Field of Mysteries</> seems \ncleaner)",
    "42002005": "(<textColor=[255:204:102:255]>Fox hair</> collected.\nThis is enough <textColor=[78:148:215:255]>Myunghyedan</> >This \nwill be enough to make a brush)",
    "42002006": "(<textColor=[110:216:175:255]>Forest Shroud</>'s <textColor=[215:94:94:255]>Darkness</>\nComplete missions did)",
    "42002007": "(<textColor=[78:148:215:255]>The Pioneer Barongdan</> asked for\n<textColor=[215:94:94:255]>Defeat the Black Dawn</> \nMission completed)",
    "42002008": "(Is this revolutionary \nBlack? \nThis should be enough)",
    "42002009": "(Bring wealth and \ndrive away evil spirits... \nShould I bring one too?)",
    "42002010": "(...have a good night's sleep)",
    "42002011": "(All collected. \nThis should be enough to study \nthe <textColor=[255:204:102:255]>Traces of the Rift</>)",
    "42002012": "(Phew, finished.\nHiding and gathering <textColor=[255:204:102:255]>herb</>,\n<textColor=[78:148:215:255]> Barong</> is really great)",
    "42002013": "(...Looks like ordinary wild grass... \nFor now, I'd love to bring it to <textColor=[78:148:215:255]>Barong</>\n)",
    "42002014": "(Is this enough? \nIt looks suitable \nfor use as an ornament)",
    "42002015": "(I have collected quite a lot.\nThis amount can be tested from raw, dried, semi-dried, frozen, etc.)",
    "42002016": "(I killed quite a few\nit still looks dangerous for the soldiers to rest\n)",
    "42002017": "(Whew, that's enough. \n<textColor=[78:148:215:255]>Paintings</> seems to be investing a lot in \nthe development of dyes)",
    "42002018": "(Finally finished.\nI hope it has the skills\nexpected by artisans)",
    "42002019": "(Collected all. <textColor=[215:94:94:255]>Venus Venom</>\nIt would be of great help if there is a substance that is \ntolerant...)",
    "42002020": "((<textColor=[215:94:94:255]>Cinnamon</>>what are you trying to do with the organization \n?\nIs this enough?)",
    "42002021": "(For the time being, craftsmen will be able \nto safely dig stones)",
    "42002022": "(Good leather. I can make high-quality parchment paper)",
    "42002023": "(hmm... it just looks like an old\nrusty tool)",
    "42002024": "(<textColor=[110:216:175:255]>Fertile lands</> still has a lot of \ndangerous places on it, so <textColor=[78:148:215:255]>Barong</> Herbs seem to be hard to find)",
    "42002025": "(<textColor=[215:94:94:255]>The Red Dons</> were kicked out.\nBut they <textColor=[110:216:175:255]>Red Forest Road</> \nI don't think I'll give up easily)",
    "42002026": "((<textColor=[78:148:215:255]>It looks clunky compared to the Discipline</>'s equipment,\nbut it's worth investigating)",
    "42002027": "(Phew, I'm done.\nIt'll be fine for a while)",
    "42002028": "((<textColor=[78:148:215:255]>Pungbaekmun</> completed\n2 collaborations.\nLet's receive the reward)",
    "42002029": "(\n<textColor=[78:148:215:255]>Geumgyeongcheolmun</>'s passion for good materials\nnever cools)",
    "42002030": "(Complete 2 collaborations of <textColor=[78:148:215:255]>Dosangjeon</> in Fertile Land.\nReceive the reward)",
    "42002031": "(<textColor=[78:148:215:255]>Discipline</>Completed\n2 collaborations\nrequested.\nLet's collect the reward)",
    "42002032": "(<textColor=[78:148:215:255]>Young Teacher</> performed\nCollaboration 2 times)",
    "42002033": "(<textColor=[78:148:215:255]>Completed 2 collaborations\nrequested by Myunghyedan</>)",
    "42002034": "(<textColor=[78:148:215:255]>Residents of Fertile Lands</>\nCompleted\n2 collaborations directly requested by them)",
    "42002035": "Dohwasangjeon Merchant",
    "42002036": "Responsible for Hyedan Myung",
    "42002037": "Administrator of Discipline",
    "42002038": "Member of Ereda",
    "42002039": "Geumgyeongcheol Gate Master",
    "42002040": "New Year's Moon",
    "42002041": "Younggyowon Barong",
    "42002042": "Non-Sammun Associate Manager",
    "42002043": "Sagilmi",
    "42002044": "Aesthetic",
    "42002045": "Jeonyangwon",
    "42002046": "(Now let's collect <textColor=[255:204:102:255]>garbage</>)",
    "42002047": "(Environmental threats\nenoughly eliminated)",
    "42000061": "(Huh, it was hard. By the way, what happened to the \npeople on the \n<textColor=[255:204:102:255]>wreck</>?)",
    "42000062": "(I got enough. \nIt's poisonous, so \nYou shouldn't eat it carelessly)",
    "42000063": "(This is enough. \nThe taste is excellent,\nI'll have to try it sometime)",
    "42000064": "(Finally finished.\n<textColor=[78:148:215:255]>Researchers</> can\ngo around safely)",
    "42000065": "(Let's take a break from safety\n<textColor=[255:204:102:255]>Gather half moon grass</>!)",
    "42000066": "(This is it! \nDoes it smell good?)",
    "42000067": "(I have collected enough.\nIt's sturdy, so it would be perfect if I made it into armor.)",
    "42000068": "(Finally finished.\n<textColor=[255:204:102:255]>I can't see the fish</>...)",
    "42000069": "(I saved them all.\nIt was a pretty tricky mission)",
    "42000070": "(This should be enough for all of the <textColor=[78:148:215:255]>Discipline</>\nto be satisfied)",
    "42000071": "(Phew, it's a bit safer.\nCome on, let's gather <textColor=[255:204:102:255]>Swamp Herb</>)",
    "42000072": "(It's a pretty white flower.\nIt's hard to believe it grew in the mud\n)",
    "42002048": "(주변의 <textColor=[215:94:94:255]>만다라화</>를 없애야겠다!)",
    "42002049": "(휴~ 이제 빠져나갈 수 있겠어)",
    "42002050": "(<textColor=[215:94:94:255]>홍돈족</>은 정리된 듯하니...\n그 <textColor=[255:204:102:255]>약초</>를 채집해 볼까?)",
    "42002051": "(이걸 후식으로 먹었다고?\n소화에 도움이 되는 걸까?)",
    "42002052": "(이걸로 더 좋은 장비를\n만들 수 있다면 좋겠군)",
    "42002053": "(독도 잘 쓰면\n약으로 사용할 수 있구나)",
    "42002054": "(확실히 껍질이 딱딱해서\n공격이 잘 먹히지 않겠어)",
    "42002055": "(주변의 <textColor=[215:94:94:255]>시귀</>들을 제거해야\n<textColor=[78:148:215:255]>수양</>대원이 빠져나갈 수 있어)",
    "42002056": "(다행이야. 구출 성공이다)",
    "42002057": "(이 정도면 <textColor=[78:148:215:255]>수양</>대원들이\n방어선을 뚫을 수 있을까?)",
    "42002058": "(상태가 나빠 보이지만...\n일단 모아서 가보자)",
    "42002059": "(왜 이런 무기를\n쓰는지 궁금했었어)",
    "42002060": "(<textColor=[215:94:94:255]>창도단</>은 활을 어디서\n만들어 보급하는 걸까?)",
    "42002061": "(주변에 적이 많다.\n빠져나가기 쉽지 않겠군)",
    "42002062": "(조사도 좋지만...\n위험한 곳은 피하는 게 좋을 텐데)",
    "42002063": "(갑자기 <textColor=[215:94:94:255]>거미</>를 만나면\n당황해서 도망치기도 어려울 거야)"
}