{
    "1003000": "Biryuha",
    "1003001": "Biryuha",
    "1003002": "Biryuha",
    "1003003": "Arang",
    "1003004": "Arang",
    "1003005": "Arang",
    "1003006": "Arang",
    "1003007": "Arang",
    "1003008": "Arang",
    "1003009": "Arang",
    "1003010": "Arang",
    "1003011": "Arang",
    "1003012": "Arang",
    "1003013": "Arang",
    "1003014": "Arang",
    "1003015": "Arang",
    "1003016": "Arang",
    "1003017": "Songmunak",
    "1003018": "Songmunak",
    "1003019": "Songmunak",
    "1003020": "Songmunak",
    "1003021": "Song Si-guk",
    "1003022": "Song Si-guk",
    "1003023": "Pasa",
    "1003024": "organic",
    "1003025": "Changmo Oh",
    "1003026": "Min Chang-rim",
    "1003027": "Arang",
    "1003028": "Arang",
    "1003029": "Arang",
    "1003030": "Arang",
    "1003031": "Arang",
    "1003032": "Arang",
    "1003033": "Arang",
    "1003034": "Arang",
    "1003035": "Arang",
    "1003036": "Arang",
    "1003037": "Arang",
    "1003038": "Sam Jun-ho",
    "1003039": "Kwon Dong-hee",
    "1003040": "Rogue",
    "1003042": "Hongdonpal",
    "1003043": "Doni Hong",
    "1003044": "Doni Hong",
    "1003045": "Don Chil Hong",
    "1003046": "Handling",
    "1003047": "Red Mani",
    "1003048": "Han Su-min",
    "1003049": "Superintendent",
    "1003050": "will amount",
    "1003051": "will amount",
    "1003052": "will amount",
    "1003053": "Wounded Combatant",
    "1003054": "Wounded Combatant",
    "1003055": "Wounded Combatant",
    "1003056": "Wounded Combatant",
    "1003057": "Wounded Combatant",
    "1003058": "Wounded Combatant",
    "1003059": "Combatant",
    "1003060": "Combatant",
    "1003061": "Combatant",
    "1003062": "Combatant",
    "1003063": "Member",
    "1003064": "Member",
    "1003065": "Biryuha",
    "1003066": "Member",
    "1003067": "Member",
    "1003068": "Wounded Combatant",
    "1003069": "Wounded Combatant",
    "1003070": "Bisal",
    "1003072": "Arang",
    "1003073": "Arang",
    "1003074": "Arang",
    "1103000": "Elder Pungbaekmun",
    "1103001": "Elder Pungbaekmun",
    "1103002": "Elder Pungbaekmun",
    "1103017": "Pungbaekmun Grand Road",
    "1103018": "Pungbaekmun Grand Road",
    "1103019": "Pungbaekmun Grand Road",
    "1103020": "Pungbaekmun Grand Road",
    "1103021": "Pungbaekmun",
    "1103022": "Pungbaekmun",
    "1103023": "Sacred Beast",
    "1103024": "Sura",
    "1103025": "Pungbaekmun Munpawon",
    "1103026": "Pungbaekmun Munpawon",
    "1103038": "Pungbaekmun Patrol Leader",
    "1103039": "Pungbaekmun Patrol Officer",
    "1103040": "Pungbaekmun Patrol Officer",
    "1103042": "Chief Hongdon",
    "1103043": "moderate Hongdon tribe",
    "1103044": "Moderate Hongdon tribe",
    "1103045": "Moderate Hongdon tribe",
    "1103046": "Moderate Hongdon tribe",
    "1103047": "Moderate Hongdon",
    "1103048": "Pungbaekmun Battle Leader",
    "1103049": "Pungbaekmun Baekinjang",
    "1103050": "Pungbaekmun Tenshuang",
    "1103051": "Pungbaekmun Tenshuang",
    "1103052": "Pungbaekmun Tenshuang",
    "1103053": "Pungbaekmun",
    "1103054": "Pungbaekmun",
    "1103055": "Pungbaekmun",
    "1103056": "Pungbaekmun",
    "1103057": "Pungbaekmun",
    "1103058": "Pungbaekmun",
    "1103059": "Pungbaekmun",
    "1103060": "Pungbaekmun",
    "1103061": "Pungbaekmun",
    "1103062": "Pungbaekmun",
    "1103063": "Pungbaekmun",
    "1103064": "Pungbaekmun",
    "1103065": "Pungbaekmun Grand Road",
    "1103066": "Pungbaekmun",
    "1103067": "Pungbaekmun",
    "1103068": "Pungbaekmun",
    "1103069": "Pungbaekmun",
    "1103070": "First Rider",
    "1003300": "Onyoungin",
    "1003301": "Onyoungin",
    "1003302": "Onyoungin",
    "1003303": "Onyoungin",
    "1003304": "Onyoungin",
    "1003305": "Left",
    "1003306": "Jinhee Woo",
    "1003307": "Jang Gyuri",
    "1003308": "Jang Gyuri",
    "1003309": "Jang Gyuri",
    "1003310": "lake seat",
    "1003311": "Lake seat",
    "1003312": "Bok Spirit",
    "1003313": "Golden Cluster",
    "1003314": "Rider",
    "1003315": "Rider",
    "1003316": "Blue Water Soup",
    "1003317": "Blue Water Soup",
    "1003318": "Blue Water Soup",
    "1003319": "Blue Water Soup",
    "1003320": "explorer",
    "1003321": "The Explorer",
    "1003322": "The Explorer",
    "1003323": "The Explorer",
    "1003324": "Explorator",
    "1003325": "explorer",
    "1003326": "Park Bi-bi",
    "1003327": "Park Bi-bi",
    "1003328": "Kwak Ho-ryong",
    "1003329": "Kwak Ho-ryong",
    "1003330": "Merchant",
    "1003331": "Merchant",
    "1003332": "Lakestone",
    "1003333": "Onyoungin",
    "1003334": "Onyoungin",
    "1103300": "Daehwasangjeon",
    "1103301": "Dohwasangjeon",
    "1103302": "Dohwasangjeon",
    "1103303": "Dohwasangjeon",
    "1103304": "Daehwasangjeon",
    "1103305": "Daehwasangjeon",
    "1103306": "Daehwasangjeon",
    "1103307": "Daehwasangjeon",
    "1103308": "Daehwasangjeon",
    "1103309": "Daehwasangjeon",
    "1103310": "Geumgyeongcheolmun",
    "1103311": "Geumgyeongcheolmun",
    "1103312": "Geumgyeongcheolmun",
    "1103313": "Geumgyeongcheolmun",
    "1103314": "Weeping",
    "1103315": "Weeping",
    "1103316": "Plum Blossom",
    "1103317": "Plum Blossom",
    "1103318": "Plum Blossoms",
    "1103319": "Plum Blossom",
    "1103320": "Plum Blossom",
    "1103321": "Plum Blossom",
    "1103322": "Plum Blossom",
    "1103323": "Plum Blossom",
    "1103324": "Plum Blossom",
    "1103325": "Plum Blossom",
    "1103326": "Dohwasangjeon",
    "1103327": "Dohwasangjeon",
    "1103328": "Dohwasangjeon",
    "1103329": "Dohwasangjeon",
    "1103330": "Dohwasangjeon",
    "1103331": "Dohwasangjeon",
    "1103332": "Geumgyeongcheolmun",
    "1103333": "Dohwasangjeon",
    "1103334": "Dohwasangjeon",
    "1003700": "Gu Dae-seon",
    "1003701": "Gu Dae-seon",
    "1003702": "only love",
    "1003703": "only love",
    "1003704": "Yeonbi Lee",
    "1003705": "Yeonbi Lee",
    "1003706": "Apprentice",
    "1003707": "trainee",
    "1003708": "Apprentice",
    "1003709": "Apprentice",
    "1003710": "trainee",
    "1003711": "trainee",
    "1003712": "Dadonbo",
    "1003713": "Dadonbo",
    "1003714": "Dadonbo",
    "1003715": "followers",
    "1003716": "followers",
    "1003717": "Jimmy God",
    "1003718": "Jimmy God",
    "1003719": "Jimmy God",
    "1003720": "Nyanyan",
    "1003721": "Nyanyan",
    "1003722": "Nyanyan",
    "1003723": "Punnyang",
    "1003724": "Pungnyang",
    "1003725": "Punnyang",
    "1003726": "I'm excited",
    "1003727": "I'm excited",
    "1003728": "I'm excited",
    "1003729": "Place beauty",
    "1003730": "Place beauty",
    "1003731": "Place beauty",
    "1003732": "Park Plant",
    "1003733": "Park Plant",
    "1003734": "Park Plant",
    "1003735": "Park Plant",
    "1003736": "Park Plant",
    "1003737": "Park Plant",
    "1003738": "Original Land",
    "1003739": "Original Land",
    "1003740": "Original Land",
    "1003741": "Original Land",
    "1003742": "Original Land",
    "1003743": "Rider",
    "1003744": "Tae Soo-jung",
    "1003745": "Choi Hyung-seok",
    "1003746": "Shim Cheong-ok",
    "1003747": "Odol",
    "1003748": "Odol",
    "1003749": "Odol",
    "1003750": "Chardol",
    "1003751": "Chardol",
    "1003752": "Chardol",
    "1003753": "The person in charge of Pungbaekmun",
    "1003754": "Orchid",
    "1003755": "Orchid",
    "1003756": "Orchid",
    "1003757": "wired/wireless",
    "1003758": "No Gang-seul",
    "1003759": "Soae Han",
    "1003760": "Pyongyang's companion dog",
    "1103700": "Pungbaekmun",
    "1103701": "Pungbaekmun",
    "1103702": "Pungbaekmun",
    "1103703": "Pungbaekmun",
    "1103704": "Pungbaekmun",
    "1103705": "Pungbaekmun",
    "1103706": "Pungbaekmun",
    "1103707": "Pungbaekmun",
    "1103708": "Pungbaekmun",
    "1103709": "Pungbaekmun",
    "1103710": "Pungbaekmun",
    "1103711": "Pungbaekmun",
    "1103712": "Pungbaekmun",
    "1103713": "Pungbaekmun",
    "1103714": "Pungbaekmun",
    "1103715": "Pungbaekmun",
    "1103716": "Pungbaekmun",
    "1103717": "Exploration Specialist",
    "1103718": "exploration expert",
    "1103719": "Exploration Specialist",
    "1103720": "The Pioneer Barongdan",
    "1103721": "The Pioneer Barongdan",
    "1103722": "The Pioneer Barongdan",
    "1103723": "The Pioneer Barongdan",
    "1103724": "The Pioneer Barongdan",
    "1103725": "The Pioneer Barongdan",
    "1103726": "The Pioneer Barongdan",
    "1103727": "The Pioneer Barongdan",
    "1103728": "The Pioneer Barongdan",
    "1103729": "Pungbaekmun",
    "1103730": "Pungbaekmun",
    "1103731": "Pungbaekmun",
    "1103732": "zoologist",
    "1103733": "zoologist",
    "1103734": "zoologist",
    "1103735": "zoologist",
    "1103736": "zoologist",
    "1103737": "zoologist",
    "1103738": "geologist",
    "1103739": "Geologist",
    "1103740": "Geologist",
    "1103741": "geologist",
    "1103742": "geologist",
    "1103743": "Weeping",
    "1103744": "Crystallized Geologist",
    "1103745": "Crystallized Geologist",
    "1103746": "Crystallized Geologist",
    "1103747": "exploration expert",
    "1103748": "exploration expert",
    "1103749": "Exploration Specialist",
    "1103750": "Exploration Specialist",
    "1103751": "Exploration Specialist",
    "1103752": "Exploration Specialist",
    "1103753": "Pungbaekmun",
    "1103754": "geologist",
    "1103755": "Geologist",
    "1103756": "Geologist",
    "1103757": "Pungbaekmun",
    "1103758": "Pungbaekmun",
    "1103759": "Pungbaekmun",
    "1103760": "The Pioneer Barongdan",
    "1003761": "The Wounded Artisan",
    "1003762": "Wounded Crew",
    "1003763": "Caught member",
    "1103761": "Geumgyeongcheolmun",
    "1103762": "Weeping",
    "1103763": "Myunghyedan",
    "1103764": "Chaeran",
    "1103765": "Chaeran",
    "1103766": "Chaeran",
    "1103767": "Hongdon Ginseng",
    "1103768": "Nam Muk-cheol",
    "1103769": "Namdoi",
    "1103770": "Namdoi",
    "1103771": "Namdoi",
    "1103772": "Namdoi",
    "1103773": "Namdoi",
    "1103774": "Namdoi",
    "1103775": "Biryuha",
    "1103776": "Biryuha",
    "1103777": "Biryuha",
    "1103778": "workman",
    "1103779": "workman",
    "1103780": "Go Man-hoo",
    "1103781": "half-brother",
    "1103782": "Maparam",
    "1103783": "Maparam",
    "1103784": "Maparam",
    "1103786": "Lingling",
    "1103787": "Lingling",
    "1103788": "signal",
    "1103789": "Yeo Hye-eun",
    "1103790": "Coldworm",
    "1103791": "thief",
    "1103792": "thief",
    "1103793": "Sale",
    "1103794": "Myunghyedan",
    "1103795": "Myunghyedan",
    "1103796": "Myunghyedan",
    "1103797": "Hongdon Clan Officer",
    "1103798": "Geumgyeongcheolmun",
    "1103799": "Little Detective",
    "1103800": "Little Detective",
    "1103801": "Little Detective",
    "1103802": "Little Detective",
    "1103803": "Little Detective",
    "1103804": "Little Detective",
    "1103805": "Pungbaekmun",
    "1103806": "Pungbaekmun",
    "1103807": "Pungbaekmun",
    "1103808": "Pungbaekmun",
    "1103809": "Pungbaekmun",
    "1103810": "Weeping",
    "1103811": "The Weary Old Man",
    "1103812": "Wild Conservation Society Action Squad",
    "1103813": "Wild Conservation Society Action Squad",
    "1103814": "Wild Conservation Society Action Squad",
    "1103816": "Younggyowon",
    "1103817": "Younggyowon",
    "1103818": "tourist",
    "1103819": "tourist",
    "1103820": "Blue Ear",
    "1103821": "Changdodan",
    "1103822": "Changdodan",
    "1103823": "Changdodan",
    "1003764": "Chaeran",
    "1003765": "Chaeran",
    "1003766": "Hongdon Ginseng",
    "1003767": "Chaeran",
    "1003768": "Muk-cheol Kwon",
    "1003769": "Kwon Doi",
    "1003770": "Kwon Doi",
    "1003771": "Kwon Doi",
    "1003772": "Kwon Doi",
    "1003773": "Kwon Doi",
    "1003774": "Kwon Doi",
    "1003775": "Biryuha",
    "1003776": "Biryuha",
    "1003777": "Biryuha",
    "1003778": "Worker",
    "1003779": "Worker",
    "1003780": "Go Man-hoo",
    "1003781": "half-brother",
    "1003782": "Maparam",
    "1003783": "Maparam",
    "1003784": "Maparam",
    "1003786": "Lingling",
    "1003787": "Lingling",
    "1003788": "Signal",
    "1003789": "Yeo Hye-eun",
    "1003790": "Coldworm",
    "1003791": "Rogue",
    "1003792": "Rogue",
    "1003793": "Changsha",
    "1003794": "Biryuha",
    "1003795": "Biryuha",
    "1003796": "Go Man-hoo"
}