{
    "83000": "Complete 3 collaborations",
    "83001": "To attend",
    "83002": "3 weapon crafting attempts",
    "83003": "3 attempts to craft armor",
    "83004": "3 Trinkets Crafting Attempts",
    "83005": "5 attempts to enhance weapons",
    "83006": "5 attempts to enhance armor",
    "83007": "Attempt to enhance ornaments once",
    "83008": "20 weapon enhancement attempts",
    "83009": "30 attempts to enhance armor",
    "83010": "Attempts to enhance jewelry 10 times",
    "83011": "40 weapon enhancement attempts",
    "83012": "60 attempts to enhance armor",
    "83013": "Try to enhance jewelry 20 times",
    "83014": "[light air]>sprint 300m",
    "83015": "[Light Air]>leap 20 times",
    "83016": "[Light Air]>Haze 200m",
    "83017": "[Light Air]>Water Ratio 70m",
    "83018": "[light air]>downhill 200m",
    "83019": "[Gyeonggong]>Cheon Sangbi Episode 20",
    "83020": "[Gyeonggong]>Circulation Fee 10 times",
    "83021": "[Light Air]>Descent 40m",
    "83022": "Summon Soul",
    "83023": "Summon Guardian Spirit",
    "83024": "[Lv.18]>Defeat Monsters in Deep Graveyard Forest",
    "83025": "[Lv.21]>Defeating the Sunset Pasture Monster",
    "83026": "[Lv.26]>Destroy the destroyed Suwa Village monster",
    "83027": "[Lv.30]>Defeat monsters on the Spider Forest Road",
    "83028": "[Lv.32]>Defeat Green Horn Forest Monster",
    "83029": "[Lv.33]>Defeat the monsters in front of Mandala Falls",
    "83030": "[Lv.34]>Defeat Abandoned Watchtower Monster",
    "83031": "[Lv.35]>Defeat the wrecked wreckage monster",
    "83032": "[Lv.37]>Defeat Coastal Monsters Without Footprints",
    "83033": "[Lv.40]>Defeat the Valley Wind Path monsters",
    "83034": "[Lv.41]>Defeat Blood Rain Forest monsters",
    "83035": "[Lv.42]>Defeat the monsters north of the Shadow Forest",
    "83036": "[Lv.43]>Defeat monsters in the withered swamp",
    "83037": "[Lv.44]>Defeat snake mushroom colony monsters",
    "83038": "[Lv.45]>Pioneer Spirit Graveyard Monster Defeat",
    "83039": "[Vandal Lake]>Defeat Guardian No. 9 in One Strike",
    "83040": "[Lake Vandal]>Defeat Guard No. 19 in Strike",
    "83041": "[Lake Vandal]>Defeat Guard No. 28 in One Strike",
    "83042": "Defeat [Vandal Lake]>Guardian of Destruction No. 29",
    "83043": "[Lake Vandal]>Defeat Guard No. 31 in Strike",
    "83044": "[Vandal Lake]>Defeat Guard of the Iron Wall No. 35",
    "83045": "[Taerokrim]>Strike Guard No. 33 Defeated",
    "83046": "Defeat [Taerokrim]>Guardian of Destruction No. 38",
    "83047": "Defeat [Taerokrim]>Guardian of Destruction No. 44",
    "83048": "[Taerokrim]>Defeat Guard No. 47 in One Strike",
    "83049": "Defeat [Taerokrim]>Guardian of Destruction No. 48",
    "83050": "Defeat [Taerokrim]>Guardian of Destruction No. 52",
    "83051": "To attend",
    "83052": "100 kills",
    "83053": "Use Beginner Healing Potion 100 times",
    "83054": "Use Beginner Healing Potion 500 times",
    "83055": "Use 1000 Beginner Healing Potions",
    "83056": "Using Dragon Car 100 times",
    "83057": "Dragon Car use 250 times",
    "83058": "Using Dragon Car 500 times",
    "83059": "Using Spirits 100 times",
    "83060": "Use of Spirits 250 times",
    "83061": "Use of Spirits 500 times",
    "83062": "100 dumplings used",
    "83063": "200 dumplings used",
    "83064": "300 dumplings used",
    "83065": "20 Collaboration",
    "83066": "40 Collaborative Practices",
    "83067": "60 concerts",
    "83068": "80 concerts",
    "83069": "100 Collaborative Practices",
    "83070": "10 attempts to upgrade equipment",
    "83071": "Try equipment enhancement 20 times",
    "83072": "30 Attempts to Enhance Equipment",
    "83073": "40 attempts to upgrade equipment",
    "83074": "50 Attempts to Enhance Equipment",
    "83075": "Daily attendance check!",
    "83076": "First Attendance Check!",
    "83077": "3 cumulative attendance checks",
    "83078": "5 cumulative attendance checks",
    "83079": "7 cumulative attendance checks",
    "83080": "12 cumulative attendance checks",
    "83081": "Sweep the twilight lakeside monsters",
    "83082": "Clear the Elite Monsters by the Twilight Lakeside",
    "83083": "To attend",
    "83084": "Complete 3 collaborations",
    "83085": "Clearing the Monsters of the Half Moon Lake of Plenty of Years",
    "83086": "Sweeping the Elite Monsters of the Half Moon Lake of Prosperity",
    "83087": "Two days attendance",
    "83088": "Four days attendance",
    "83089": "Six days attendance",
    "83090": "Eight days attendance",
    "83091": "Ten days attendance",
    "83092": "Twelve days attendance",
    "83093": "Fourteen days attendance",
    "83094": "Clearing the Monsters of the Half Moon Lake of Plenty of Years",
    "83095": "Sweeping the Elite Monsters of the Half Moon Lake of Prosperity",
    "83096": "Clearing the Monsters of the Half Moon Lake of Plenty of Years",
    "83097": "Sweeping the Elite Monsters of the Half Moon Lake of Prosperity",
    "83098": "Clearing the Monsters of the Half Moon Lake of Plenty of Years",
    "83099": "Sweeping the Elite Monsters of the Half Moon Lake of Prosperity",
    "83100": "Defeat Nokryeokdaegwi 1 time at Vandal Lake of Plenty of Years",
    "83101": "Defeat Nokryeokdaegwi 2 times at Vandal Lake of Plenty of Years",
    "83102": "Defeat Nokryeokdaegwi 3 times at Vandal Lake of Plenty of Years",
    "83103": "Defeat Gulak 1 time at Vandal Lake in the Plenty of Years",
    "83104": "Defeat Gulak 2 time at Vandal Lake in the Plenty of Years",
    "83105": "Defeat Gulak 3 time at Vandal Lake in the Plenty of Years",
    "83106": "Defeat Baekhwaryeom 1 time at Vandal Lake of Plenty of Years",
    "83107": "Defeat Baekhwaryeom 2 time at Vandal Lake of Plenty of Years",
    "83108": "Defeat Baekhwaryeom 3 time at Vandal Lake of Plenty of Years",
    "83109": "Friday/Saturday/Sunday 21:00 Defeating red plum blossoms at Vandal Lake in a bountiful year once",
    "83110": "Friday/Saturday/Sunday 21:00 Defeat Red Plum Blossoms at Vandal Lake in Bountiful Years 2 times",
    "83111": "Attendance",
    "83112": "Monsters 100 times",
    "83113": "Using Beginner 1,000 times",
    "83114": "Using Beginner 3,000 times",
    "83115": "5,000 times of use of beginners",
    "83116": "Using the Savage 100 times",
    "83117": "Using a verifier 300 times",
    "83118": "Using the Savage 600 times",
    "83119": "100 times of use of a victory",
    "83120": "Using a Prime Minister 300 times",
    "83121": "The use of a victory\" 600 times ",
    "83122": "1 day attendance",
    "83123": "2 days attendance",
    "83124": "3 days attendance",
    "83125": "4 days attendance",
    "83126": "5 days attendance",
    "83127": "6 days attendance",
    "83128": "7 days attendance",
    "83129": "8 days attendance",
    "83130": "9 days attendance",
    "83131": "10 days attendance",
    "83132": "Working with a cooperation 10 times",
    "83133": "Performance of the cooperation 20 times",
    "83134": "Performance 30 times",
    "83135": "Performing the part 40 times",
    "83136": "Performing the cooperation 50 times",
    "83137": "Try to strengthen weapons 30 times",
    "83138": "Try 30 times of strengthening armor",
    "83139": "Try to strengthen ornaments 20 times",
    "83140": "Monster 10,000 times",
    "83141": "Monsters 50,000 times",
    "83142": "To attend",
    "83143": "Complete 3 collaborations",
    "83144": "clear normal monsters",
    "83145": "Sweep Elite Monsters",
    "83146": "Equipment enhancement attempt 1 time",
    "83147": "Use the dragon car 36 times",
    "83148": "Use of Youngshindan 36 times",
    "83149": "1 Soul Summon",
    "83150": "Summon Guardian Spirit 1 time",
    "83151": "30 weapon enhancement attempts",
    "83152": "30 attempts to enhance armor",
    "83153": "10 Trinkets Enhancement Attempts",
    "83155": "5 days attendance",
    "83156": "10 days attendance",
    "83157": "15 days attendance",
    "83158": "20 days attendance",
    "83159": "2 days attendance",
    "83160": "4 days attendance",
    "83161": "6 days attendance",
    "83162": "8 days attendance",
    "83163": "10 days attendance",
    "83164": "12 days attendance",
    "83165": "14 days attendance",
    "83166": "16 days attendance",
    "83167": "Attendance on the 18th",
    "83168": "attendance for 20 days",
    "83169": "Attendance on the 22nd",
    "83170": "24 days attendance",
    "83171": "Attendance on the 26th",
    "83172": "Complete 6 collaborations",
    "83173": "Complete 12 collaborations",
    "83174": "Complete 18 collaborations",
    "83175": "Complete 24 collaborations",
    "83176": "Complete 30 collaborations",
    "83177": "Complete 36 collaborations",
    "83178": "Complete 42 collaborations",
    "83179": "Complete 48 collaborations",
    "83180": "Complete 54 collaborations",
    "83181": "Complete 60 collaborations",
    "83182": "Complete 66 collaborations",
    "83183": "72 collaborations completed",
    "83184": "Complete 78 collaborations",
    "83185": "Complete 84 collaborations",
    "83186": "3 weapon crafting attempts",
    "83187": "3 attempts to craft armor",
    "83188": "3 Trinkets Crafting Attempts",
    "83189": "5 attempts to enhance weapons",
    "83190": "5 attempts to enhance armor",
    "83191": "Attempt to enhance ornaments once",
    "83192": "20 weapon enhancement attempts",
    "83193": "30 attempts to enhance armor",
    "83194": "10 Trinkets Enhancement Attempts",
    "83195": "40 weapon enhancement attempts",
    "83196": "60 attempts to enhance armor",
    "83197": "20 Trinkets Enhancement Attempts",
    "83198": "[light air]>sprint 300m",
    "83199": "[Light Gong]>leap 20 times",
    "83200": "[Light Air]>Haze 200m",
    "83201": "[Light Air]>Water Ratio 70m",
    "83202": "[light air]>downhill 200m",
    "83203": "[Gyeonggong]>Cheon Sangbi Episode 20",
    "83204": "[Gyeonggong]>Circulation Fee 10 times",
    "83205": "[Light Air]>Descent 40m",
    "83206": "Summon Soul",
    "83207": "Summon Guardian Spirit",
    "83208": "[Lv.18]>Defeat Monsters in Deep Graveyard Forest",
    "83209": "[Lv.21]>Defeating the Sunset Pasture Monster",
    "83210": "[Lv.26]>Destroy the destroyed Suwa village monster",
    "83211": "[Lv.30]>Defeat monsters on the Spider Forest Road",
    "83212": "[Lv.32]>Defeat Green Horn Forest Monster",
    "83213": "[Lv.33]>Defeat the monster in front of Mandala Falls",
    "83214": "[Lv.34]>Defeat Abandoned Watchtower Monster",
    "83215": "[Lv.35]>Defeat the wreckage monster of the shipwreck",
    "83216": "[Lv.37]>Defeat Coastal Monsters Without Footprints",
    "83217": "[Lv.40]>Defeat the Valley Wind Path monster",
    "83218": "[Lv.41]>Defeat Bloody Forest monsters",
    "83219": "[Lv.42]>Defeat the monsters north of Shadow Forest",
    "83220": "[Lv.43]>Defeat monsters in the withered swamp",
    "83221": "[Lv.44]>Defeat the snake mushroom colony monster",
    "83222": "[Lv.45]>Defeat the Pioneer Spirit Cemetery monsters",
    "83223": "[Lake Vandal]>Defeat Guard No. 9 in Strike",
    "83224": "[Lake Vandal]>Defeat Guard No. 19 in Strike",
    "83225": "[Lake Vandal]>Defeat Guard No. 28 in Strike",
    "83226": "Defeat [Vandal Lake]>Guardian of Destruction No. 29",
    "83227": "[Vandal Lake]>Strike Guard No. 31 slain",
    "83228": "[Vandal Lake]>Defeat Guard of the Iron Wall No. 35",
    "83229": "[Taerokrim]>Defeat Guard No. 33 in One Strike",
    "83230": "Defeat [Taerokrim]>Guardian of Destruction No. 38",
    "83231": "Defeat [Taerokrim]>Guardian of Destruction No. 44",
    "83232": "[Taerokrim]>Defeat Guard No. 47 in One Strike",
    "83233": "Defeat [Taerokrim]>Guardian of Destruction No. 48",
    "83234": "Defeat [Taerokrim]>Guardian of Destruction No. 52"
}