{
    "80000001": "Gold Coin",
    "80000002": "Godstone",
    "80000003": "Achievement Coin",
    "80000004": "Guild Coin",
    "80000005": "Play Points",
    "80000006": "Season 1 Pass Points",
    "80000007": "Daily Pass Points",
    "80000008": "Special Pass Points",
    "80000009": "Event Pass Points",
    "80000010": "Pass Point 5",
    "80000011": "pass point 6",
    "80000012": "pass point 7",
    "80000013": "pass point 8",
    "80000014": "pass point 9",
    "80000015": "Pass Point 10",
    "80000016": "pass point 11",
    "80000017": "pass point12",
    "80000018": "pass point 13",
    "80000019": "pass point 14",
    "80000020": "Pass Point 15",
    "80000021": "pass point 16",
    "80000022": "pass point 17",
    "80000023": "pass point 18",
    "80000024": "pass point 19",
    "80000025": "Pass Point 20"
}