{
    "70000": "Suwa",
    "70001": "Black Spear",
    "70002": "Black Qiang Chef",
    "70003": "Shadow Outbreak",
    "70004": "Tow Soldier",
    "70005": "Jar Bandits",
    "70006": "Jar Axes",
    "70007": "Paradise",
    "70008": "Fire Suwa",
    "70009": "Water Suwa",
    "70010": "Elder Black Qiang",
    "70011": "The Black Qiang Chief Chef",
    "70012": "Golden Outbreak",
    "70013": "General Tow",
    "70014": "Elder of the Jar",
    "70015": "Paradise Plasticity",
    "70016": "Hosooki",
    "70017": "Snowgirl",
    "70018": "Jeonghado",
    "70019": "Jin So-ah",
    "70020": "Owned by a man",
    "70021": "Gorgeous",
    "70022": "Yuran",
    "70023": "Docheon Wind",
    "70024": "Geumgang Station",
    "70025": "Thunder God",
    "70026": "Paradise Daeseong",
    "70027": "Tae Jang Geum",
    "70028": "Jin Seo-yeon",
    "70029": "Hong Seok-geun",
    "70030": "Tianjin",
    "70031": "Burn",
    "70032": "saturated eggs",
    "70033": "Hae Mujin",
    "70034": "Arang",
    "70035": "Title Test",
    "70036": "start now",
    "70037": "The Black Qiang Gathering",
    "70038": "nature friendly friends",
    "70039": "Jars",
    "70040": "made out of clay",
    "70041": "I am responsible for the black qiang meal",
    "70042": "Suwa and Paradise",
    "70043": "We have all of them, so let's pick one",
    "70044": "The Relentless Suwa",
    "70045": "The High Black Spear",
    "70046": "I'm afraid to see you at night",
    "70047": "cute pugs",
    "70048": "Paradise Chief",
    "70049": "We are Suwa",
    "70050": "Gather all the jars",
    "70051": "a doll made of clay",
    "70052": "All Rare Beings Gathered",
    "70053": "Teaching of Hong Seok-geun",
    "70054": "Jin Seo-yeon and his crew",
    "70055": "boss",
    "70056": "Meet So-Yoo Nam",
    "70057": "You look strong",
    "70058": "Gathering the power of lightning",
    "70059": "See you at Taerokrim",
    "70060": "Today I am the cook",
    "70061": "You have collected all the heroes",
    "70062": "The enemy meets on a single wooden bridge",
    "70063": "The Master of Moorim",
    "70064": "We are the Choonggakdan",
    "70065": "Swarm of Villains",
    "70066": "Master and Disciple",
    "70067": "Emissary of Heaven and Earth",
    "70068": "Hongmunpa's death row",
    "70069": "Chunggakdan Site Manager",
    "70070": "Chonggakdan Donghae Fleet Commander",
    "70071": "Legendary Encounter",
    "70072": "Powerful Beings",
    "70073": "Black Qiang and Paradise",
    "70074": "The grass needs water",
    "70075": "Soldiers are afraid of ghosts",
    "70076": "Rogues and Terror",
    "70077": "At the Black Chang tribe",
    "70078": "Follow the general",
    "70079": "Those who are skilled in swords",
    "70080": "even the chef uses a knife",
    "70081": "Girls' Tales",
    "70082": "Beauty and the Monkey",
    "70083": "General and General",
    "70084": "Be careful, it's scary",
    "70085": "General Docheonpung of Unjeguk",
    "70086": "The ax is strong",
    "70087": "Janggeum's taste",
    "70088": "Lightning and Wind",
    "70089": "Beautiful World",
    "70090": "even monkeys fall from trees",
    "70091": "The Chef's Pride",
    "70092": "Let's fight",
    "70093": "From Unjeuk",
    "70094": "don't hate even the villain",
    "70095": "Gather up the Hongmun faction",
    "70096": "Bamboo Village hates Chunggakdan",
    "70097": "I'm a little older",
    "70098": "Sacrifice of Heaven",
    "70099": "Be strong",
    "70100": "God of Thunder and God of Thunder",
    "70101": "Alien and Qigong",
    "70102": "Let's show off your swordsmanship",
    "70103": "Bulky Axe",
    "70104": "one gun is all you need",
    "70105": "Top villain",
    "70106": "The Wisdom of Time",
    "70107": "The Wisdom of the Elders",
    "70108": "Innocent Outbreak",
    "70109": "You're pretty cute",
    "70110": "I like water",
    "70111": "The head of this sector",
    "70112": "People and Earth Dolls",
    "70113": "It's been a long time since the death penalty",
    "70114": "don't underestimate a woman",
    "70115": "my heart is black",
    "70116": "You have mastered a field",
    "70117": "evil aura",
    "70118": "Meeting Against Time",
    "70119": "Gathering the energy of the sword",
    "70120": "Suppression with Power",
    "70121": "Catch me",
    "70122": "Heavenly Wind I",
    "70123": "Table Table Purification I",
    "70124": "Ultimate Body I",
    "70125": "Hoejinbo Ⅰ",
    "70126": "Cheer I",
    "70127": "Guts I",
    "70128": "Snowfall I",
    "70129": "When your health drops below 20%,\nreduces damage taken for a certain period of time.",
    "70130": "When you are hit with a basic attack while bleeding or burning,\nremoves the effect of bleeding and burns.",
    "70131": "When you receive a critical hit,\nrestores a small amount of health, stamina, and energy.",
    "70132": "When attacked,\nCasts a roundabout and increases evasion for a certain period of time.",
    "70133": "When equipped,\nSoul activation rate increases.",
    "70134": "When you are hit with a basic attack while in the stunned state,\nthe stun state is canceled and the attack power increases for a certain period of time.",
    "70135": "When HP falls below 20%, when you take a hit,\ncreates a blizzard that protects yourself for a certain period of time.\nEnemies within the blizzard have their movement and attack speed greatly reduced.",
    "70136": "General Guardian Spirit Collection 1",
    "70137": "General Guardian Spirit Collection 2",
    "70138": "General Guardian Spirit Collection 3",
    "70139": "General Guardian Spirit Collection 4",
    "70140": "General Guardian Spirit Collection 5",
    "70141": "General Guardian Spirit Collection 6",
    "70142": "General Guardian Spirit Collection 7",
    "70143": "General Guardian Spirit Collection 8",
    "70144": "General Guardian Spirit Collection 9",
    "70145": "General Guardian Spirit Collection 10",
    "70146": "General Guardian Spirit Collection 11",
    "70147": "General Guardian Spirit Collection 12",
    "70148": "General Guardian Spirit Collection 13",
    "70149": "General Guardian Spirit Collection 14",
    "70150": "General Guardian Spirit Collection 15",
    "70151": "General Guardian Spirit Collection 16",
    "70152": "General Guardian Spirit Collection 17",
    "70153": "General Guardian Spirit Collection 18",
    "70154": "General Guardian Spirit Collection 19",
    "70155": "General Guardian Spirit Collection 20",
    "70156": "General Guardian Spirit Collection 21",
    "70157": "General Guardian Spirit Collection 22",
    "70158": "General Guardian Spirit Collection 23",
    "70159": "General Guardian Spirit Collection 24",
    "70160": "Greater Guardian Spirit Collection 1",
    "70161": "Greater Guardian Spirit Collection 2",
    "70162": "Greater Guardian Spirit Collection 3",
    "70163": "Greater Guardian Spirit Collection 4",
    "70164": "Greater Guardian Spirit Collection 5",
    "70165": "Greater Guardian Spirit Collection 6",
    "70166": "Greater Guardian Spirit Collection 7",
    "70167": "Greater Guardian Spirit Collection 8",
    "70168": "Greater Guardian Spirit Collection 9",
    "70169": "Greater Guardian Spirit Collection 10",
    "70170": "Greater Guardian Spirit Collection 11",
    "70171": "Greater Guardian Spirit Collection 12",
    "70172": "Greater Guardian Spirit Collection 13",
    "70173": "Greater Guardian Spirit Collection 14",
    "70174": "Greater Guardian Spirit Collection 15",
    "70175": "Greater Guardian Spirit Collection 16",
    "70176": "Greater Guardian Spirit Collection 17",
    "70177": "Greater Guardian Spirit Collection 18",
    "70178": "Greater Guardian Spirit Collection 19",
    "70179": "Greater Guardian Spirit Collection 20",
    "70180": "Greater Guardian Spirit Collection 21",
    "70181": "Greater Guardian Spirit Collection 22",
    "70182": "Greater Guardian Spirit Collection 23",
    "70183": "Greater Guardian Spirit Collection 24",
    "70184": "Greater Guardian Spirit Collection 25",
    "70185": "Greater Guardian Spirit Collection 26",
    "70186": "Greater Guardian Spirit Collection 27",
    "70187": "Greater Guardian Spirit Collection 28",
    "70188": "Greater Guardian Spirit Collection 29",
    "70189": "Greater Guardian Spirit Collection 30",
    "70190": "Greater Guardian Spirit Collection 31",
    "70191": "Greater Guardian Spirit Collection 32",
    "70192": "Greater Guardian Spirit Collection 33",
    "70193": "Greater Guardian Spirit Collection 34",
    "70194": "Greater Guardian Spirit Collection 35",
    "70195": "Greater Guardian Spirit Collection 36",
    "70196": "Greater Guardian Spirit Collection 37",
    "70197": "Greater Guardian Spirit Collection 38",
    "70198": "Greater Guardian Spirit Collection 39",
    "70199": "Greater Guardian Spirit Collection 40",
    "70200": "Greater Guardian Spirit Collection 41",
    "70201": "Greater Guardian Spirit Collection 42",
    "70202": "Greater Guardian Spirit Collection 43",
    "70203": "Greater Guardian Spirit Collection 44",
    "70204": "Greater Guardian Spirit Collection 45",
    "70205": "Greater Guardian Spirit Collection 46",
    "70206": "Greater Guardian Spirit Collection 47",
    "70207": "Greater Guardian Spirit Collection 48",
    "70208": "Greater Guardian Spirit Collection 49",
    "70209": "Greater Guardian Spirit Collection 50",
    "70210": "Greater Guardian Spirit Collection 51",
    "70211": "Greater Guardian Spirit Collection 52",
    "70212": "Greater Guardian Spirit Collection 53",
    "70213": "Greater Guardian Spirit Collection 54",
    "70214": "Greater Guardian Spirit Collection 55",
    "70215": "Greater Guardian Spirit Collection 56",
    "70216": "Greater Guardian Spirit Collection 57",
    "70217": "Greater Guardian Spirit Collection 58",
    "70218": "Greater Guardian Spirit Collection 59",
    "70219": "Greater Guardian Spirit Collection 60",
    "70220": "Greater Guardian Spirit Collection 61",
    "70221": "Greater Guardian Spirit Collection 62",
    "70222": "Greater Guardian Spirit Collection 63",
    "70223": "Greater Guardian Spirit Collection 64",
    "70224": "Greater Guardian Spirit Collection 65",
    "70225": "Greater Guardian Spirit Collection 66",
    "70226": "Greater Guardian Spirit Collection 67",
    "70227": "Greater Guardian Spirit Collection 68",
    "70228": "Greater Guardian Spirit Collection 69",
    "70229": "Greater Guardian Spirit Collection 70",
    "70230": "Greater Guardian Spirit Collection 71",
    "70231": "Greater Guardian Spirit Collection 72",
    "70232": "Greater Guardian Spirit Collection 73",
    "70233": "Greater Guardian Spirit Collection 74",
    "70234": "Greater Guardian Spirit Collection 75",
    "70235": "Greater Guardian Spirit Collection 76",
    "70236": "Greater Guardian Spirit Collection 77",
    "70237": "Greater Guardian Spirit Collection 78",
    "70238": "Greater Guardian Spirit Collection 79",
    "70239": "Greater Guardian Spirit Collection 80",
    "70240": "Greater Guardian Spirit Collection 81",
    "70241": "Greater Guardian Spirit Collection 82",
    "70242": "Greater Guardian Spirit Collection 83",
    "70243": "Greater Guardian Spirit Collection 84",
    "70244": "Greater Guardian Spirit Collection 85",
    "70245": "Greater Guardian Spirit Collection 86",
    "70246": "Rare Guardian Spirit Collection 1",
    "70247": "Rare Guardian Spirit Collection 2",
    "70248": "Rare Guardian Spirit Collection 3",
    "70249": "Rare Guardian Spirit Collection 4",
    "70250": "Rare Guardian Spirit Collection 5",
    "70251": "Rare Guardian Spirit Collection 6",
    "70252": "Rare Guardian Spirit Collection 7",
    "70253": "Rare Guardian Spirit Collection 8",
    "70254": "Rare Guardian Spirit Collection 9",
    "70255": "Rare Guardian Spirit Collection 10",
    "70256": "Rare Guardian Spirit Collection 11",
    "70257": "Rare Guardian Spirit Collection 12",
    "70258": "Rare Guardian Spirit Collection 13",
    "70259": "Rare Guardian Spirit Collection 14",
    "70260": "Rare Guardian Spirit Collection 15",
    "70261": "Rare Guardian Spirit Collection 16",
    "70262": "Rare Guardian Spirit Collection 17",
    "70263": "Rare Guardian Spirit Collection 18",
    "70264": "Rare Guardian Spirit Collection 19",
    "70265": "Rare Guardian Spirit Collection 20",
    "70266": "Rare Guardian Spirit Collection 21",
    "70267": "Rare Guardian Spirit Collection 22",
    "70268": "Rare Guardian Spirit Collection 23",
    "70269": "Rare Guardian Spirit Collection 24",
    "70270": "Rare Guardian Spirit Collection 25",
    "70271": "Rare Guardian Spirit Collection 26",
    "70272": "Rare Guardian Spirit Collection 27",
    "70273": "Rare Guardian Spirit Collection 28",
    "70274": "Rare Guardian Spirit Collection 29",
    "70275": "Rare Guardian Spirit Collection 30",
    "70276": "Rare Guardian Spirit Collection 31",
    "70277": "Rare Guardian Spirit Collection 32",
    "70278": "Rare Guardian Spirit Collection 33",
    "70279": "Rare Guardian Spirit Collection 34",
    "70280": "Rare Guardian Spirit Collection 35",
    "70281": "Rare Guardian Spirit Collection 36",
    "70282": "Rare Guardian Spirit Collection 37",
    "70283": "Rare Guardian Spirit Collection 38",
    "70284": "Rare Guardian Spirit Collection 39",
    "70285": "Rare Guardian Spirit Collection 40",
    "70286": "Rare Guardian Spirit Collection 41",
    "70287": "Rare Guardian Spirit Collection 42",
    "70288": "Rare Guardian Spirit Collection 43",
    "70289": "Rare Guardian Spirit Collection 44",
    "70290": "Rare Guardian Spirit Collection 45",
    "70291": "Rare Guardian Spirit Collection 46",
    "70292": "Rare Guardian Spirit Collection 47",
    "70293": "Rare Guardian Spirit Collection 48",
    "70294": "Rare Guardian Spirit Collection 49",
    "70295": "Rare Guardian Spirit Collection 50",
    "70296": "Rare Guardian Spirit Collection 51",
    "70297": "Rare Guardian Spirit Collection 52",
    "70298": "Rare Guardian Spirit Collection 53",
    "70299": "Rare Guardian Spirit Collection 54",
    "70300": "Rare Guardian Spirit Collection 55",
    "70301": "Rare Guardian Spirit Collection 56",
    "70302": "Rare Guardian Spirit Collection 57",
    "70303": "Rare Guardian Spirit Collection 58",
    "70304": "Rare Guardian Spirit Collection 59",
    "70305": "Rare Guardian Spirit Collection 60",
    "70306": "Rare Guardian Spirit Collection 61",
    "70307": "Rare Guardian Spirit Collection 62",
    "70308": "Rare Guardian Spirit Collection 63",
    "70309": "Rare Guardian Spirit Collection 64",
    "70310": "Rare Guardian Spirit Collection 65",
    "70311": "Rare Guardian Spirit Collection 66",
    "70312": "Rare Guardian Spirit Collection 67",
    "70313": "Rare Guardian Spirit Collection 68",
    "70314": "Rare Guardian Spirit Collection 69",
    "70315": "Rare Guardian Spirit Collection 70",
    "70316": "Rare Guardian Spirit Collection 71",
    "70317": "Rare Guardian Spirit Collection 72",
    "70318": "Rare Guardian Spirit Collection 73",
    "70319": "Rare Guardian Spirit Collection 74",
    "70320": "Rare Guardian Spirit Collection 75",
    "70321": "Rare Guardian Spirit Collection 76",
    "70322": "Rare Guardian Spirit Collection 77",
    "70323": "Rare Guardian Spirit Collection 78",
    "70324": "Rare Guardian Spirit Collection 79",
    "70325": "Rare Guardian Spirit Collection 80",
    "70326": "Rare Guardian Spirit Collection 81",
    "70327": "Rare Guardian Spirit Collection 82",
    "70328": "Rare Guardian Spirit Collection 83",
    "70329": "Rare Guardian Spirit Collection 84",
    "70330": "Rare Guardian Spirit Collection 85",
    "70331": "Rare Guardian Spirit Collection 86",
    "70332": "Rare Guardian Spirit Collection 87",
    "70333": "Rare Guardian Spirit Collection 88",
    "70334": "Rare Guardian Spirit Collection 89",
    "70335": "Rare Guardian Spirit Collection 90",
    "70336": "Rare Guardian Spirit Collection 91",
    "70337": "Rare Guardian Spirit Collection 92",
    "70338": "Rare Guardian Spirit Collection 93",
    "70339": "Rare Guardian Spirit Collection 94",
    "70340": "Hero Guardian Spirit Collection 1",
    "70341": "Hero Guardian Spirit Collection 2",
    "70342": "Hero Guardian Spirit Collection 3",
    "70343": "Hero Guardian Spirit Collection 4",
    "70344": "Hero Guardian Spirit Collection 5",
    "70345": "Hero Guardian Spirit Collection 6",
    "70346": "Heroic Guardian Spirit Collection 7",
    "70347": "Hero Guardian Spirit Collection 8",
    "70348": "Hero Guardian Spirit Collection 9",
    "70349": "Heroic Guardian Spirit Collection 10",
    "70350": "Heroic Guardian Spirit Collection 11",
    "70351": "Heroic Guardian Spirit Collection 12",
    "70352": "Heroic Guardian Spirit Collection 13",
    "70353": "Heroic Guardian Spirit Collection 14",
    "70354": "Hero Guardian Spirit Collection 15",
    "70355": "Heroic Guardian Spirit Collection 16",
    "70356": "Heroic Guardian Spirit Collection 17",
    "70357": "Heroic Guardian Spirit Collection 18",
    "70358": "Hero Guardian Spirit Collection 19",
    "70359": "Hero Guardian Spirit Collection 20",
    "70360": "Heroic Guardian Spirit Collection 21",
    "70361": "Hero Guardian Spirit Collection 22",
    "70362": "Heroic Guardian Spirit Collection 23",
    "70363": "Hero Guardian Spirit Collection 24",
    "70364": "Heroic Guardian Spirit Collection 25",
    "70365": "Hero Guardian Spirit Collection 26",
    "70366": "Hero Guardian Spirit Collection 27",
    "70367": "Heroic Guardian Spirit Collection 28",
    "70368": "Heroic Guardian Spirit Collection 29",
    "70369": "Hero Guardian Spirit Collection 30",
    "70370": "Heroic Guardian Spirit Collection 31",
    "70371": "Heroic Guardian Spirit Collection 32",
    "70372": "Heroic Guardian Spirit Collection 33",
    "70373": "Heroic Guardian Spirit Collection 34",
    "70374": "Hero Guardian Spirit Collection 35",
    "70375": "Hero Guardian Spirit Collection 36",
    "70376": "Hero Guardian Spirit Collection 37",
    "70377": "Heroic Guardian Spirit Collection 38",
    "70378": "Heroic Guardian Spirit Collection 39",
    "70379": "Heroic Guardian Spirit Collection 40",
    "70380": "Heroic Guardian Spirit Collection 41",
    "70381": "Heroic Guardian Spirit Collection 42",
    "70382": "Heroic Guardian Spirit Collection 43",
    "70383": "Heroic Guardian Spirit Collection 44",
    "70384": "Hero Guardian Spirit Collection 45",
    "70385": "Hero Guardian Spirit Collection 46",
    "70386": "Hero Guardian Spirit Collection 47",
    "70387": "Heroic Guardian Spirit Collection 48",
    "70388": "Heroic Guardian Spirit Collection 49",
    "70389": "Heroic Guardian Spirit Collection 50",
    "70390": "Heroic Guardian Spirit Collection 51",
    "70391": "Heroic Guardian Spirit Collection 52",
    "70392": "Heroic Guardian Spirit Collection 53",
    "70393": "Heroic Guardian Spirit Collection 54",
    "70394": "Hero Guardian Spirit Collection 55",
    "70395": "Hero Guardian Spirit Collection 56",
    "70396": "Hero Guardian Spirit Collection 57",
    "70397": "Hero Guardian Spirit Collection 58",
    "70398": "Hero Guardian Spirit Collection 59",
    "70399": "Heroic Guardian Spirit Collection 60",
    "70400": "Heroic Guardian Spirit Collection 61",
    "70401": "Heroic Guardian Spirit Collection 62",
    "70402": "Heroic Guardian Spirit Collection 63",
    "70403": "Heroic Guardian Spirit Collection 64",
    "70404": "Heroic Guardian Spirit Collection 65",
    "70405": "Heroic Guardian Spirit Collection 66",
    "70406": "Hero Guardian Spirit Collection 67",
    "70407": "Heroic Guardian Spirit Collection 68",
    "70408": "Hero Guardian Spirit Collection 69",
    "70409": "Hero Guardian Spirit Collection 70",
    "70410": "Hero Guardian Spirit Collection 71",
    "70411": "Heroic Guardian Spirit Collection 72",
    "70412": "Hero Guardian Spirit Collection 73",
    "70413": "Hero Guardian Spirit Collection 74",
    "70414": "Heroic Guardian Spirit Collection 75",
    "70415": "Hero Guardian Spirit Collection 76",
    "70416": "Hero Guardian Spirit Collection 77",
    "70417": "Hero Guardian Spirit Collection 78",
    "70418": "Hero Guardian Spirit Collection 79",
    "70419": "Hero Guardian Spirit Collection 80",
    "70420": "Hero Guardian Spirit Collection 81",
    "70421": "Heroic Guardian Spirit Collection 82",
    "70422": "Heroic Guardian Spirit Collection 83",
    "70423": "Hero Guardian Spirit Collection 84",
    "70424": "Heroic Guardian Spirit Collection 85",
    "70425": "Hero Guardian Spirit Collection 86",
    "70426": "Hero Guardian Spirit Collection 87",
    "70427": "Hero Guardian Spirit Collection 88",
    "70428": "Hero Guardian Spirit Collection 89",
    "70429": "Heroic Guardian Spirit Collection 90",
    "70430": "Hero Guardian Spirit Collection 91",
    "70431": "Hero Guardian Spirit Collection 92",
    "70432": "Hero Guardian Spirit Collection 93",
    "70433": "Hero Guardian Spirit Collection 94",
    "70434": "Heroic Guardian Spirit Collection 95",
    "70435": "Heroic Guardian Spirit Collection 96",
    "70436": "Hero Guardian Spirit Collection 97",
    "70437": "Hero Guardian Spirit Collection 98",
    "70438": "Heroic Guardian Spirit Collection 99",
    "70439": "Heroic Guardian Spirit Collection 100",
    "70440": "Heroic Guardian Spirit Collection 101",
    "70441": "Heroic Guardian Spirit Collection 102",
    "70442": "Hero Guardian Spirit Collection 103",
    "70443": "Hero Guardian Spirit Collection 104",
    "70444": "Heroic Guardian Spirit Collection 105",
    "70445": "Hero Guardian Spirit Collection 106",
    "70446": "Hero Guardian Spirit Collection 107",
    "70447": "Hero Guardian Spirit Collection 108",
    "70448": "Hero Guardian Spirit Collection 109",
    "70449": "Heroic Guardian Spirit Collection 110",
    "70450": "Hero Guardian Spirit Collection 111",
    "70451": "Legendary Guardian Spirit Collection 1",
    "70452": "Legendary Guardian Spirit Collection 2",
    "70453": "Legendary Guardian Spirit Collection 3",
    "70454": "Legendary Guardian Spirit Collection 4",
    "70455": "Legendary Guardian Spirit Collection 5",
    "70456": "Legendary Guardian Spirit Collection 6",
    "70457": "Legendary Guardian Spirit Collection 7",
    "70458": "Legendary Guardian Spirit Collection 8",
    "70459": "Legendary Guardian Spirit Collection 9",
    "70460": "Legendary Guardian Spirit Collection 10",
    "70461": "Legendary Guardian Spirit Collection 11",
    "70462": "Legendary Guardian Spirit Collection 12",
    "70463": "Legendary Guardian Spirit Collection 13",
    "70464": "Legendary Guardian Spirit Collection 14",
    "70465": "Legendary Guardian Spirit Collection 15",
    "70466": "Legendary Guardian Spirit Collection 16",
    "70467": "Legendary Guardian Spirit Collection 17",
    "70468": "Legendary Guardian Spirit Collection 18",
    "70469": "Legendary Guardian Spirit Collection 19",
    "70470": "Legendary Guardian Spirit Collection 20",
    "70471": "Legendary Guardian Spirit Collection 21",
    "70472": "Legendary Guardian Spirit Collection 22",
    "70473": "Legendary Guardian Spirit Collection 23",
    "70474": "Legendary Guardian Spirit Collection 24",
    "70475": "Legendary Guardian Spirit Collection 25",
    "70476": "Legendary Guardian Spirit Collection 26",
    "70477": "Legendary Guardian Spirit Collection 27",
    "70478": "Legendary Guardian Spirit Collection 28",
    "70479": "Legendary Guardian Spirit Collection 29",
    "70480": "Legendary Guardian Spirit Collection 30",
    "70481": "Legendary Guardian Spirit Collection 31",
    "70482": "Legendary Guardian Spirit Collection 32",
    "70483": "Legendary Guardian Spirit Collection 33",
    "71001": "start now",
    "71002": "Exciting Friends",
    "71003": "As you wish",
    "71004": "Where the wind blows",
    "71005": "we are all friends",
    "71006": "I want to be strong",
    "71007": "A novice adventurer's exit ticket",
    "71008": "The Beginner's Friend",
    "71009": "Preparation for the Long Road",
    "71010": "Gathered five",
    "71011": "this is teamwork",
    "71012": "nature friendly friends",
    "71013": "Steps to the battlefield",
    "71014": "Little Happiness",
    "71015": "Fluttering Scenery",
    "71016": "Moonlight Day",
    "71017": "The foundation of the first step",
    "71018": "Exciting Friends",
    "71019": "whatever you like",
    "71020": "where the wind blows",
    "71021": "In Search of the Night Sea",
    "71022": "Letter to you",
    "71023": "A novice adventurer's exit ticket",
    "71024": "The Beginner's Friend",
    "71025": "Preparation for the Long Road",
    "71026": "the dream we dream",
    "71027": "this is teamwork",
    "71028": "Bundled Arrows",
    "71029": "Steps to the battlefield",
    "71030": "Little Happiness",
    "72001": "We have all of them, so let's pick one",
    "72002": "Gather all the jars",
    "72003": "sanctuary of the soul",
    "72004": "The Shelter of the Black Qangs",
    "72005": "We met again",
    "72006": "Cheering for a dream",
    "72007": "I'll protect you",
    "72008": "We met again",
    "72009": "Dance with the Guardian Spirit",
    "72010": "Popbal likes water",
    "72011": "The Elder and the Snow Maiden",
    "72012": "Follow the General",
    "72013": "The Snow Maiden and the General",
    "72014": "Sustainable Guardian Spirit",
    "72015": "The Catcher in the Green Tea Field",
    "72016": "We can do it too",
    "72017": "I'm dead?",
    "72018": "Let's meet again",
    "72019": "don't be afraid",
    "72020": "Missing Friends",
    "72021": "The Traveler's Friend",
    "72022": "A thousand miles begins with one step",
    "72023": "It's half done",
    "72024": "Challenge to Success",
    "72025": "Harmony of Water and Fire",
    "72026": "famous chef",
    "72027": "Elders and Nature",
    "72028": "Let's replace it with me",
    "72029": "what should I call it",
    "72030": "soul like oxygen",
    "72031": "familiar friends",
    "72032": "An eye-friendly combination",
    "72033": "New Encounter",
    "72034": "a soul full of you",
    "72035": "a soul mate",
    "72036": "Improve performance",
    "72037": "a step forward",
    "72038": "All Days Together",
    "72039": "It's a bad day",
    "72040": "Let's replace it with me",
    "72041": "I like green",
    "72042": "Green Revolution",
    "72043": "It's a nice day",
    "72044": "Sustainable Guardian Spirit",
    "72045": "An eye-friendly combination",
    "72046": "Goodbye",
    "72047": "a soul full of you",
    "72048": "a soul mate",
    "72049": "Jo Kang-ji is good",
    "72050": "Steps to Advance",
    "72051": "The Watchman in the Green Tea Field",
    "72052": "Propulsion load complete",
    "72053": "I'll understand every time we meet",
    "72054": "we are flounder",
    "72055": "We can do it too",
    "72056": "I'm dead?",
    "72057": "We'll see you again",
    "72058": "don't be afraid",
    "72059": "Missing Friends",
    "73001": "All Rare Beings Gathered",
    "73002": "Meet So-Yoo Nam",
    "73003": "You look strong",
    "73004": "Gathering the power of lightning",
    "73005": "See you at Taerokrim",
    "73006": "Today I am the cook",
    "73007": "Even the chef uses a knife",
    "73008": "Watch out for monkeys",
    "73009": "General Docheonpung of Unjeguk",
    "73010": "Beautiful World",
    "73011": "even monkeys fall from trees",
    "73012": "The ax is strong",
    "73013": "Janggeum's taste",
    "73014": "Look at our strength",
    "73015": "Ride in the Wind",
    "73016": "The Road to Nobility",
    "73017": "beautiful to the end",
    "73018": "memories never fade",
    "73019": "Nakwon Daesung's Music Class",
    "73020": "When five souls gather",
    "73021": "The new neighborhood of Docheonpung",
    "73022": "Jin So-ah's fan meeting",
    "73023": "Suppressing the baseline with force",
    "73024": "From Unjeuk",
    "73025": "Teaching of Hong Seok-geun",
    "73026": "boss",
    "73027": "Those who are skilled in swords",
    "73028": "Lightning and Wind",
    "73029": "Idol's Golden Age",
    "73030": "Cool Beach",
    "73031": "Like that blue sky",
    "73032": "strong attack power",
    "73033": "We are friends till the end",
    "73034": "not bruised",
    "73035": "A rare guardian spirit",
    "73036": "You are my rarity",
    "73037": "we reunited",
    "73038": "Friends you can't see",
    "73039": "A heart that spreads blue",
    "73040": "hard-to-find guardian spirit",
    "73041": "Have we ever met",
    "73042": "In Search of Memories",
    "73043": "The true master of the continent",
    "73044": "Wake up the embers",
    "73045": "there are bluebirds",
    "73046": "The harmony of blue and green",
    "73047": "strong combination",
    "73048": "majestic",
    "73049": "Catch me",
    "73050": "Wings to the Hero",
    "73051": "Dreams don't run away",
    "73052": "When do you think you will die",
    "73053": "a soul too precious to me",
    "73054": "greater than a hero",
    "73055": "No charger needed",
    "73056": "Nice to meet you",
    "73057": "embracing the blue light",
    "73058": "The more we gather, the stronger we become",
    "73059": "I want to be a hero",
    "73060": "The Ruler of Rare Beings",
    "73061": "My dream is to be a hero",
    "73062": "Guardian who never gives up",
    "73063": "Blue only helps",
    "73064": "Opportunity is always with you",
    "73065": "Uncommon Guardian Spirits",
    "73066": "I see dead souls",
    "73067": "The Road to Nobility (1)",
    "73068": "The Road to Nobility (2)",
    "73069": "Swimming in the Blue River",
    "73070": "Let's do our best together",
    "73071": "we are friends till the end",
    "73072": "Advance to the Highlands",
    "73073": "Wings to the Hero",
    "73074": "Dreams don't run away",
    "73075": "When do you think you will die",
    "73076": "a soul too precious to me",
    "73077": "greater than a hero",
    "73078": "beautiful to the end",
    "73079": "memories never fade",
    "73080": "Nakwon Daesung's Music Class",
    "73081": "When five souls gather",
    "73082": "The new neighborhood of Docheonpung",
    "73083": "Jin So-ah's fan meeting",
    "73084": "No charger needed",
    "74001": "You have collected all the heroes",
    "74002": "Bamboo Village hates Chunggakdan",
    "74003": "I'm a little older",
    "74004": "Master and Disciple",
    "74005": "Be strong",
    "74006": "God of Thunder and God of Thunder",
    "74007": "Alien and Qigong",
    "74008": "Savage Axe",
    "74009": "one foot is enough",
    "74010": "The Emissary of Heaven and Earth",
    "74011": "Hongmunpa's death row",
    "74012": "Chunggakdan Site Manager",
    "74013": "Chunggakdan Donghae Fleet Commander",
    "74014": "The Wisdom of the Elders",
    "74015": "You are pretty cute",
    "74016": "I like water",
    "74017": "The head of this sector",
    "74018": "You have mastered a field",
    "74019": "Innocent Outbreak",
    "74020": "People and Earth Dolls",
    "74021": "evil aura",
    "74022": "The Road to Legend",
    "74023": "A hero's dream never ends",
    "74024": "Song of Heroes",
    "74025": "Scent of Violet",
    "74026": "The Master of Moorim",
    "74027": "We are the Choonggakdan",
    "74028": "Gather the Hongmoon faction",
    "74029": "The Wisdom of Time",
    "74030": "a long way",
    "74031": "Today I've been waiting for countless times",
    "74032": "Purple is a good thing",
    "74033": "Inducted into Hall of Fame",
    "74034": "the hero is closer",
    "74035": "I don't study at all",
    "74036": "Familiar faces",
    "74037": "It will taste purple",
    "74038": "Step to Glory",
    "74039": "shoot towards tomorrow",
    "74040": "The Rising Sun",
    "74041": "The Rising Sun",
    "74042": "a long way",
    "74043": "Today I've been waiting for so many times",
    "74044": "The dream that knocked on me",
    "74045": "Inducted into Hall of Fame",
    "74046": "The Road to Legend",
    "74047": "The Age of Glory",
    "74048": "A hero's dream never ends",
    "74049": "the hero is closer",
    "74050": "Song of Heroes",
    "74051": "Scent of Violet",
    "74052": "Noble Being",
    "75001": "Legendary Encounter",
    "75002": "Meeting Against Time",
    "75003": "Powerful Beings",
    "75004": "Gathering the energy of the sword",
    "75005": "A story about to be forgotten",
    "75006": "Legends and Heroes",
    "75007": "The advent of a legend",
    "75008": "Shards of the Past",
    "75009": "Story left as a fairy tale",
    "75010": "Dream seats are nice",
    "70484": "Legendary Guardian Spirit Collection 32",
    "70485": "Legendary Guardian Spirit Collection 33"
}