{
    "83100000": "Order of Enhanced Trinkets",
    "83100002": "Realism: Unity",
    "83100003": "The Secret",
    "83100004": "Summon Soul",
    "83100005": "Limited Soul Summon",
    "83100006": "Summon Guardian Spirit",
    "83100007": "Summon limited guardian spirit",
    "83100008": "[Acquirable Souls]",
    "83100009": "[<textColor=[73:145:195:255]>Rare</>/<textColor=[172:98:223:255]>Hero</> Soul Pickup]",
    "83100010": "[Available Guardian Spirit]",
    "83100011": "[Available Guardian Spirit]",
    "83100012": "<textColor=[255:255:255:255]> Normal ~</> <textColor=[172:98:223:255]>Hero</> <textColor=[255:255:255: 255]>Grade</>\n<textColor=[255:255:255:255]> Various souls available</>",
    "83100013": "<textColor=[255:255:255:255]> Normal ~</> <textColor=[172:98:223:255]>Hero</> <textColor=[255:255:255: 255]>Grade</>\n<textColor=[255:255:255:255]> Various souls available</>",
    "83100014": "<textColor=[255:255:255:255]> Normal ~</> <textColor=[172:98:223:255]>Hero</> <textColor=[255:255:255: 255]>Grade</>\n<textColor=[255:255:255:255]> Various Guardian Spirits can be obtained</>",
    "83100015": "<textColor=[255:255:255:255]> Normal ~</> <textColor=[172:98:223:255]>Hero</> <textColor=[255:255:255: 255]>Grade</>\n<textColor=[255:255:255:255]> Various Guardian Spirits can be obtained</>",
    "83100016": "Special Soul Summon",
    "83100017": " <textColor=[172:98:223:255]>Biryuha, Baobao, Kwak Ho-ryong</>\n <textColor=[73:145:195:255]>Myomyeon, Myonghyedan, etc.</> with <textColor=[255:255:255:255]> </>\n <textColor=[255:255:255:255]>Normal ~</> <textColor=[172:98:223:255]>Heroes</> <textColor=[255:255:255:255]>Grade</>\n <textColor=[255:255:255:255]>Various souls available</>",
    "83100018": "The Fireworks of Hundreds of Flowers 4-Step Package",
    "83100019": "Wrath of the Windfury 4-Step Package",
    "83100020": "Moonlight Consecutive Purchase Package",
    "83100021": "Shiro's bond continuous purchase package",
    "83100022": "Essence Fragment",
    "83100023": "The Spirit of the Tao",
    "83100024": "Elixir of Advanced Energy",
    "83100025": "Charging Stone: Golden Forest Path",
    "83100026": "Charging Stone: Ruins of Water Lilies",
    "83100027": "Charging Stone: Labyrinth of Awakening",
    "83100028": "Pasa Order Package",
    "83100029": "Shiro's bond I",
    "83100030": "Shiro's Bond II",
    "83100031": "Shiro's Bond III",
    "83100032": "Shiro's Bond IV",
    "83100033": "Shiro's bond V",
    "83100034": "Shiro's Bond VI",
    "83100035": "Rare Military Book Selection Box",
    "83100036": "Jin Myo-young Soul Summon Scroll (1 time)",
    "83100037": "Kwak Horyong Soul Fragment",
    "83100038": "Geumgang Station Guardian Spirit Summon Scroll (1 time)",
    "83100039": "Hero Guardian Spirit Confirmation Summon Scroll (1 time)",
    "83100040": "Rare Costume Pouch",
    "83100041": "Hero Costume Pouch",
    "83100042": "Advanced Healing Potion",
    "83100043": "Baeknyeoncho dumplings",
    "83100044": "Gold Bar: 10,000 Gold",
    "83100045": "Old Soul Fragments (11 episodes)",
    "83100046": "Daily Pass",
    "83100047": "Special Pass",
    "83150000": "Growth Support Package",
    "83150001": "Elixir of Oblivion",
    "83150002": "Book of Remembrance",
    "83150003": "Weapon Enhancement Scroll",
    "83150004": "Armor Enhancement Scroll",
    "83150005": "Advanced Healing Potion",
    "83150006": "Elixir of Oblivion",
    "83150007": "Book of Remembrance",
    "83150008": "pheasant dumplings",
    "83150009": "Baeknyeoncho dumplings",
    "83150010": "Pride",
    "83150011": "Fighting",
    "83150012": "Meteors of the Battlefield",
    "83150013": "Song of the Red Flame",
    "83150014": "the sunset",
    "83150015": "Asura",
    "83150016": "1 Advanced Soul Summon",
    "83150017": "Crate of Rare Crafting Recipe Pieces",
    "83150018": "Soul Summon 1 time",
    "83150019": "Soul Summon 11 times",
    "83150020": "Summon Guardian Spirit 1 time",
    "83150021": "Summons 11 Guardian Spirits",
    "83150022": "Limited Soul Summon 1 time",
    "83150023": "Limited Soul Summon 11 times",
    "83150024": "Limited Summon of Guardian Spirit 1 time",
    "83150025": "Limited Guardian Spirit Summon 11 times",
    "83150026": "1 Special Soul Summon",
    "83150027": "11 Special Soul Summons",
    "83150028": "Gold Coin Box",
    "83150029": "Bundle of 10 Rings of Strength",
    "83150030": "Giant Chest of Gold Coins",
    "83150031": "A bundle of 11 Crates of Roar of Thunder",
    "83150032": "Pack of 11 Fireworks Boxes",
    "83150033": "Pack of 11 Whispers of Corruption Boxes",
    "83150034": "Pack of 11 Wrath of Windfury Chests",
    "83150035": "Shiny Weapon Enhancement Scroll Box",
    "83150036": "Shiny Armor Enhancement Scroll Box",
    "83150037": "The Vault of Paintings",
    "83150038": "Ordinary Soul Summon Scroll",
    "83150039": "Shining Soul Summon Scroll I",
    "83150040": "Shining Soul Summon Scroll II",
    "83150041": "Shining Soul Summon Scroll III",
    "83150042": "Ordinary Guardian Spirit Summon Scroll",
    "83150043": "Summon Scroll of the Shining Guardian Spirit I",
    "83150044": "Shining Guardian Spirit Summon Scroll II",
    "83150045": "Shining Guardian Spirit Summon Scroll III",
    "83150046": "10 Rings of Internal Power",
    "83150047": "3 Fireworks Boxes",
    "83150048": "3 Crates of Roar of Thunder",
    "83150049": "3 Fireworks Boxes",
    "83150050": "3 Crates of Roar of Thunder",
    "83150051": "+3 Hundreds of Flowers",
    "83150052": "3 Wrath of Windfury Chests",
    "83150053": "3 Crates of Whispers of Corruption",
    "83150054": "3 Wrath of Windfury Chests",
    "83150055": "3 Crates of Whispers of Corruption",
    "83150056": "+3 Wrath of the Windfury",
    "83150057": "Crate of 11 Moonlight Crafting Coins",
    "83150058": "Moonlight Package I",
    "83150059": "Moonlight Package II",
    "83150060": "Moonlight Package III",
    "83150061": "Moonlight Package IV",
    "83150062": "2 Moonlight Tokens",
    "83150063": "2 Moonlight Tokens",
    "83150064": "120 Godstone",
    "83150065": "400 Godstone",
    "83150066": "1200 Godstone",
    "83150067": "2000 Godstone",
    "83150068": "4000 Godstone",
    "83150069": "Dohwasangjeon Shinseok Package",
    "83150070": "Geumgyeongcheolmun God Stone Package",
    "83150071": "Strong Settlement Package",
    "83150072": "Younggyowon Soul Package",
    "83150073": "Younggyowon guardian spirit package",
    "83150074": "launch commemorative package",
    "83150075": "Moorim Extract Package",
    "83150076": "Season Pass: Season 1",
    "83150077": "Young-seok (7 days)",
    "83150078": "Crate of Roar of Thunder",
    "83150079": "Crate of Hundred Flowers",
    "83150080": "Crate of Wrath of Windfury",
    "83150081": "Crate of Whispers of Corruption",
    "83150082": "Strong Settlement Package Box",
    "83150083": "Younggyowon Soul Package Box",
    "83150084": "Younggyowon Guardian Spirit Package Box",
    "83150085": "launch commemorative package box",
    "83150086": "Murim Extraction Package Box",
    "83150087": "Season Pass: Season 1 Box",
    "83150088": "Gold Coin Box",
    "83150089": "Mystic Aerodynamic Pouch",
    "83150090": "Gold Coin Box",
    "83150091": "Moonlight Crafting Coin Box",
    "83150092": "Moonlight Elemental Bonus (Probability)",
    "83150093": "Moonlight Aerodynamic Pouch",
    "83150094": "Glowing Moonlight Aerodynamic Pouch",
    "83150095": "Pasa's Order Package",
    "83150096": "Shiro's Bond I",
    "83150097": "Shiro's Bond II",
    "83150098": "Shiro's Bond III",
    "83150099": "Shiro's Bond IV",
    "83150100": "Shiro's bond V",
    "83150101": "Shiro's Bond VI",
    "83100048": "Shining Spirit Stone (28th) (Event)",
    "83150102": "Shining Spirit Stone (28th) (Event)",
    "83100049": "Gold Bar: 10,000 Gold",
    "83100050": "Old Soul Fragments (11 episodes)",
    "83100051": "Daily Pass",
    "83100052": "Special Pass",
    "83100053": "Shining Spirit Stone (28th) (Event)",
    "83100054": "Growth Package",
    "83100055": "Growth Package",
    "83100056": "Growth Package",
    "83100057": "2 Shining Soul Summon Scrolls (11 times)",
    "83100058": "3 Shining Soul Summon Scrolls (11 times)",
    "83100059": "5 Shining Soul Summon Scrolls (11 times)",
    "83100060": "Special Soul Summon: Bond 1 time",
    "83100061": "Special Soul Summon: Bond 11",
    "83100062": "Moorim Sprout Earring Package",
    "83100063": "Mourim Sprout Bracelet Package",
    "83100064": "Mourim Sprout Soul Package",
    "83100065": "Mourim Sprout Guardian Spirit Package",
    "83100066": "Shining Baobao's Enhancement Scroll: Thunder",
    "83100067": "Shining Baobao's Fortification Scroll: Corruption",
    "83100068": "Hero Soul Confirmation Summon Scroll (1 time)",
    "83100069": "Rare Soul Fragment (1 time)",
    "83100070": "Hero Soul Fragment (1 time)",
    "83100071": "Hangawi Pass",
    "83100072": "Charging Stone: Labyrinth of Awakening (Deep)",
    "83150103": "1 Special Soul Summon",
    "83150104": "Special Soul Summon 11 times",
    "83150105": "Growth Package",
    "83150106": "Growth Package",
    "83150107": "Growth Package",
    "83150108": "Shining Soul Summon Scrolls (11) 2ea",
    "83150109": "Crate of Empty Materials",
    "83150110": "Shining Soul Summon Scroll (11) 3ea",
    "83150111": "Shining Soul Summon Scroll (11) 5ea",
    "83150112": "Special Soul Summon: Bond 1 time",
    "83150113": "Special Soul Summon: Bond 11",
    "83150114": "Moorim Sprout Earring Package",
    "83150115": "Mourim Sprout Bracelet Package",
    "83150116": "Mourim Sprout Soul Package",
    "83150117": "Mourim Sprout Guardian Spirit Package",
    "83150118": "Shining Baobao's Enhancement Scroll: Thunder",
    "83150119": "Shining Baobao's Fortification Scroll: Corruption",
    "83150120": "Hero Soul Confirmation Summon Scroll (1 time)",
    "83150121": "Rare Soul Fragment (1 time)",
    "83150122": "Hero Soul Fragment (1 time)",
    "83100073": "Charging guide: Awakening of awakening (in-depth)",
    "83100074": "Special Soul Summon 1 times",
    "83100075": "Special Soul Summon 11 times",
    "83100076": "The earrings package of white flowers",
    "83100077": "The Bracelet Package",
    "83100078": "A monthly growing package",
    "83150123": "Special Soul Summon 1 times",
    "83150124": "Special Soul Summon 11 times",
    "83150125": "The earrings package of white flowers",
    "83150126": "The Bracelet Package",
    "83150127": "The earrings package of white flowers",
    "83150128": "The Bracelet Package",
    "83150129": "A monthly growing package",
    "83100079": "The Hundred Flower Earring Package",
    "83100080": "Wildwind Bracelet Package",
    "83100081": "Sea Moon Growth Package",
    "83100082": "1 Special Soul Summon",
    "83100083": "Special Soul Summon 11 times",
    "83100086": "Limited Summon of Guardian Spirit: 1 time of ink painting",
    "83100087": "Limited Summon of Guardian Spirit: Silent Painting 11 times",
    "83100088": "Mark of Unity",
    "83100089": "Crate of Doomsday Gold Coins",
    "83100090": "Bundle of 10 Rings of Strength",
    "83100091": "Daily Pass",
    "83100092": "Guardian Spirit Package of Ink Painting",
    "83100093": "Rapid Growth Package",
    "83150130": "Wildwind Bracelet Package",
    "83150131": "Sea Moon Growth Package",
    "83150132": "1 Special Soul Summon",
    "83150133": "Special Soul Summon 11 times",
    "83150136": "Limited Summon of Guardian Spirit: 1 time of ink painting",
    "83150137": "Limited Summon of Guardian Spirit: Silent Painting 11 times",
    "83150138": "Mark of unity",
    "83150139": "Season Pass: Soul Package",
    "83150140": "starting pass",
    "83150141": "Guardian Spirit Package of Ink Painting",
    "83150142": "God Stone Package of Dohwa",
    "83150143": "Artisan's Godstone Package",
    "83150144": "Murim Settlement Package",
    "83150145": "Younggyowon Special Soul Package",
    "83150146": "Younggyowon Special Guardian Order Package",
    "83150147": "Exit ticket package",
    "83150148": "Strong Lake First Package",
    "83150149": "God Stone Package of Dohwa",
    "83150150": "Artisan's Godstone Package",
    "83150151": "Murim Settlement Package",
    "83150152": "Younggyowon Special Soul Package",
    "83150153": "Younggyowon Special Guard Order Package",
    "83150154": "Exit ticket package",
    "83150155": "Strong Lake First Package",
    "83150156": "Rapid Growth Package",
    "83100084": "1 Special Soul Summon",
    "83100085": "Special Soul Summon 11 times",
    "83100094": "1 Special Soul Summon",
    "83100095": "Special Soul Summon 11 times",
    "83100096": "Brilliant Soul Fragment (1 time)",
    "83100097": "2 Brilliant Soul Shards (1 time)",
    "83100098": "3 Brilliant Soul Shards (1 time)",
    "83100099": "Hero Soul Confirmation Summon Scroll (1 time)",
    "83100100": "Hero Soul Fragment (2pcs) Optional Bundle",
    "83100101": "Hero Soul Fragment (2pcs) Optional Bundle",
    "83100102": "Hero Soul Fragment (2pcs) Optional Bundle",
    "83150157": "1 Special Soul Summon",
    "83150158": "Special Soul Summon 11 times",
    "83150159": "Abyss Rift Ungong Package",
    "83150160": "Abyssal Rift Soul Package",
    "83150161": "Abyssal Rift Guardian Spirit Package"
}