{
    "20050000": "Did you have a lot of adventures outside?",
    "20050001": "(there's no such thing as a great adventure)",
    "20050002": "Uh huh... What are you talking about. \nAlready, the <textColor=[78:148:215:255]>Pungbaekmun</> students have all been talking about.",
    "20050003": "He said that he went through all kinds of troubles in the world \nand saved the world from countless crises...",
    "20050004": "(something seems to be exaggerated or misleading)",
    "20050005": "As expected... even the humble part...\nYou are amazing. I respect you.",
    "20050006": "(trying to say something, just giving up)",
    "20050007": "Our <textColor=[78:148:215:255]>Pungbaekmun</> pupils enter at an early age\nand start living in a camp.",
    "20050008": "Well, I'm trying to gain various experiences,\nbut I can't get out of here much.",
    "20050009": "Maybe you can meet the disciples and give them some advice as a senior!\nCan you give me some advice?",
    "20050010": "No... you're coming to a place like this.\nI've heard a lot about you!",
    "20050011": "(Ask who I am)",
    "20050012": "Aigoo. I know. \nAren't you the one who went through life and death with <textColor=[78:148:215:255]>Junju Moon</> right now?",
    "20050013": "(doesn't deny it strongly, but smirks in moderation)",
    "20050014": "Would you mind giving us some advice,\nwould you like to cheer us up?",
    "20050015": "(He denied that he wasn't that great,\nbut he said he came because he had a question)",
    "20050016": "Just tell me.\nIf I know anything, I'll answer.",
    "20050017": "(Ask about <textColor=[110:216:175:255]>Haewol Branch</>)",
    "20050018": "Is this here? While a former expedition was moving east,\nthey found a giant gemstone.",
    "20050019": "I investigated and found that the fertility \n<textColor=[78:148:215:255]>Pungbaekmun</>who worships <textColor=[78:148:215:255]>Shinsu</> There was a relationship!",
    "20050020": "That's why <textColor=[110:216:175:255]>Haewol Branch</> was built here to commemorate and preserve fertility.",
    "20050021": "(Ask that there aren't many people in the training center than you think)",
    "20050022": "Now is the time for practical training and cleaning up the environment according to the 4th curriculum timetable.",
    "20050023": "Ah... So <textColor=[110:216:175:255]>Club</> to clear up \nthe real hostile forces near you",
    "20050024": "You can think of it as training to gain practical experience.",
    "20050025": "(Amazing the curriculum and timetable)",
    "20050026": "<textColor=[78:148:215:255]>Pungbaekmun</> is a clan with a long history.\nAn excellent curriculum is the secret to attracting good talent.",
    "20050027": "(Ask if you can see him training)",
    "20050028": "Then would you like to come with me?\nI will guide you.",
    "20050029": "A lot of trainees have already left.\nI think we're a little late.",
    "20050030": "(There are still people left\nI say enough)",
    "20050031": "I'm glad you said that.\nYou must be bored just looking at it like this",
    "20050032": "Can you help drive out <textColor=[215:94:94:255]>Dim</>?",
    "20050033": "(I just nod my head to say I'm not very bored)",
    "20050034": "We don't really want to be hostile with <textColor=[215:94:94:255]>You're Dark</>...",
    "20050035": "It's getting bigger and bigger and we're trying to drive it out.",
    "20050036": "I... may I ask you a question like this...",
    "20050037": "(Tell me first)",
    "20050038": "What's your relationship with <textColor=[78:148:215:255]>Munju</>?\nThere are all kinds of speculation among the students.",
    "20050039": "(Ask what guess)",
    "20050040": "No. This is... something like that. It's not a big deal.\nIt's just that people don't know and are curious.",
    "20050041": "(just called alumni who learned under the same teacher)",
    "20050042": "Is it true? I've heard that <textColor=[78:148:215:255]>Munju</> has another teacher.",
    "20050043": "<textColor=[78:148:215:255]>Arang</> broke the existing <textColor=[78:148:215:255]>Pungbaekmun</> rule, But... \nEven having another teacher is very unconventional.",
    "20050044": "(Ask what rule you broke and became the owner)",
    "20050045": "Until now, the rule was for <textColor=[78:148:215:255]>Previous Moonju</>'s children to take over.\nSo everyone <textColor=[78:148:215:255]>Song Si-guk</>I thought you would become Moonju.",
    "20050046": "But all of a sudden, I remember that everyone was shocked when <textColor=[78:148:215:255]>Arang</> became the client.",
    "20050047": "Ahh, please ignore this. \n<textColor=[78:148:215:255]>Pungbaekmun</> I don't think it was meant to be talked about outside.",
    "20050048": "(someone is weird)",
    "20050049": "(Are you here to make a tribute to <textColor=[78:148:215:255]>Pungbaekmun</>?)",
    "20050050": "Come on! World!",
    "20050051": "(Ask what's going on)",
    "20050052": "It seems that my skills have improved a lot lately.\nA little bit of a striking level?",
    "20050053": "Isn't there anyone in your class who can match you?\nHey, aren't you too cheeky? Haha!",
    "20050054": "(Praise him for being great)",
    "20050055": "It would be against fate for someone like me to neglect the suffering of the world, isn't it?",
    "20050056": "(It is said that helping people is good)",
    "20050057": "In that sense, I think <textColor=[78:148:215:255]>Pungbaekmun</> has a problem.\n<textColor=[110:216:175:255]>Fertile land< <textColor=[215:94:94:255]>bat</> appears in</> and people's livelihoods are shaken...",
    "20050058": "I don't know what you're doing... \nI'm going to get you right now. <textColor=[215:94:94:255]>The Black Wing's Catastrophe</>!",
    "20050059": "<textColor=[110:216:175:255]>Fertile land</> is supposed to be managed by <textColor=[78:148:215:255]>Pungbaekmun</>... .\n<textColor=[215:94:94:255]>Leave bats</> like this <textColor=[78:148:215:255]>Pungbaekmun</>that you are hearing that this is a coward. ..",
    "20050060": "(I still recommend doing it with other people)",
    "20050061": "I've already told you. <textColor=[215:94:94:255]>Bat</> is biting and preying on people!\n<textColor=[78:148:215:255]>Pungbaekmun</> should be dealt with!",
    "20050062": "But Lord Moon can't be seen, \nThe Elder doesn't do that. He only says negative things that you shouldn't do it.",
    "20050063": "(Probably for a reason, they say you shouldn't do dangerous things)",
    "20050064": "I'm not some kind of thunder-naked... \nI'm not that stupid, am I?",
    "20050065": "Hey, what are you talking about! Cool! Haha!",
    "20050066": "(Ask what the hell are you talking about)",
    "20050067": "Uh-huh. Skip the trifles. Come on! I know it's hard to deal with that giant bat,\n<textColor=[215:94:94:255]>Platinum</>!",
    "20050068": "But is it good enough for a normal bat <textColor=[215:94:94:255]>metallurgy</>?",
    "20050069": "Neither <textColor=[215:94:94:255]>Platinum</>... \nThe regular <textColor=[215:94:94:255]>Metallurgy</> is like this You were strong... sooooooooooooooooooooooooooooooooooooooooooooooooooooo strong",
    "20050070": "(He said he still needs more training)",
    "20050071": "I thought I'd become incredibly strong, but I still have a long way to go.\nYou must have already known, didn't you?",
    "20050072": "(I don't know about myself,\nHe said he probably did)",
    "20050073": "I watched it from the side... That's amazing.\nI felt a huge gap.",
    "20050074": "I need to go back to <textColor=[78:148:215:255]>Pungbaekmun</> and focus on training.",
    "20050075": "(He said he thought well\nHe told me to go back with caution)",
    "20050076": "Wait a minute. There are a lot of <textColor=[215:94:94:255]>metallurgy</> here,\nIt might be dangerous for a person like me to move alone...",
    "20050077": "It's the people who live here that are provoking <textColor=[215:94:94:255]>Metallurgy</> for nothing\n<textColor=[78:148:215:255]>Pungbaekmun</> I think it could be a nuisance even to...",
    "20050078": "(Tell the main body only)",
    "20050079": "Can't we just go to the <textColor=[110:216:175:255]>Wing Hunting Rendezvous</> with me?",
    "20050080": "Oh! Nice to see your face.",
    "20050081": "(It's been a while)",
    "20050082": "Now that <textColor=[215:94:94:255]>Platinum</>, <textColor=[215:94:94:255]>Daemetallurgy</> is causing damage to local residents there is...",
    "20050083": "Seawater hunting expert, seawater treatment king <textColor=[78:148:215:255]>Jimmy God</> cannot be left out.",
    "20050084": "Well, there's something I'm going to get after I've dealt with this...",
    "20050085": "(Ask what you mumbled at the end)",
    "20050086": "No. It was about sharing the suffering of the locals.",
    "20050087": "Of course! Captain! He cares deeply about the residents!",
    "20050088": "I think you are blessed! To be able to do such an important job...",
    "20050089": "<textColor=[215:94:94:255]>Platinum</> will be a bit difficult... \nAre you ready to help the people of this area?",
    "20050090": "Right now, only <textColor=[215:94:94:255]>Daemetallurgical</>. You've come at just the right time.",
    "20050091": "Come in, come with me!",
    "20050092": "You were right, too. \nYou are welcome to own all the balls!",
    "20050093": "I'd rather be rewarded than that honor...",
    "20050094": "(Ask if there is any reward)",
    "20050095": "No no... Is it something like a reward for my heart?",
    "20050096": "Hey! You! You should be grateful if you get a good opportunity.",
    "20050097": "Yeah! What are you asking!",
    "20050098": "(Okay, I tell you to do it in moderation)",
    "20050099": "I have a feeling that we will see each other again someday.\nLet's say hi again then.",
    "20050100": "Oh! Who is this!\nHonour <textColor=[78:148:215:255]>Pierning Barongdan</> <textColor=[255:204:102:255]><myHero.name/></> Isn't it?",
    "20050101": "(Nice to see <textColor=[78:148:215:255]>Nyanyan</> and other <textColor=[78:148:215:255]>Barongs</>)",
    "20050102": "Didn't you forget our names and think we were different from the <textColor=[78:148:215:255]>Chief</>?",
    "20050103": "No doubt. If it wasn't for that, we would have called our names too!",
    "20050104": "(call your name and say it's nice to meet you again)",
    "20050105": "Heh! Get down on your knees!",
    "20050106": "Pup! That's right! If it wasn't for that, we wouldn't even have called our names!",
    "20050107": "Come on! No matter how nice you are, this is the only way to say hello!\nHonor <textColor=[78:148:215:255]>Barong member</> has a job to do!",
    "20050108": "Once we go to <textColor=[110:216:175:255]>Hill of Ghosts</> and drive out the <textColor=[215:94:94:255]>Black Dawn</> Nyan!",
    "20050109": "I recently won a map by playing at a tavern.",
    "20050110": "According to the map, there should be a <textColor=[110:216:175:255]>hidden cave</> to the south of <textColor=[110:216:175:255]>hill</>. \nSo I came to the nearby area and set up a campsite.",
    "20050111": "(The map says it won't be difficult to find)",
    "20050112": "Of course it is. However, the <textColor=[215:94:94:255]>Black Dawn</> can't approach it because of it.",
    "20050113": "<textColor=[78:148:215:255]>Captain</> abandoned this camp and ran away first!",
    "20050114": "That's right! We ran all alone without even looking!",
    "20050115": "Hmmmm! <myHero.name/> \nCan you help me again this time?",
    "20050116": "(The surrounding <textColor=[215:94:94:255]>Black Dawn</> said they've already chased enough)",
    "20050117": "I'm not doing this out of fear! \nIt's just that <textColor=[110:216:175:255]>Cave</> is hard to find!",
    "20050118": "My feat has been added!",
    "20050119": "Heh! It would be better to quickly correct it as us!",
    "20050120": "Wow! That's right! \nYou always try to get the ball alone!",
    "20050121": "Our! feat has been added!",
    "20050122": "<textColor=[215:94:94:255]>The Black Dawn</> had a lot of interference...\nTo accomplish such a great job... I'm proud of you!",
    "20050123": "(they say it's really great)",
    "20050124": "<myHero.name/>, \nYou did well as an honorary <textColor=[78:148:215:255]>The Pioneer Barongdan</>!",
    "20050125": "(Okay, so be careful in the future)",
    "20050126": "(I think I've seen it before in <textColor=[110:216:175:255]>Fertile Ruins</>)",
    "20050127": "That's right. I went out too.",
    "20050128": "(Ask about <textColor=[78:148:215:255]>Song Song-guk</>)",
    "20050129": "Ah... I don't know all of his feelings...\nI can only guess, so I'll just say that.",
    "20050130": "But I'm afraid that you might hear noises around you\nIt's a bit awkward to talk about here.",
    "20050131": "Is it ok to change locations?",
    "20050132": "In the past, <textColor=[78:148:215:255]>Song Si-guk</> did say that he was the eldest son of Mun-ju, and that everyone\n would become the next Mun-ju.",
    "20050133": "<textColor=[78:148:215:255]>Arang</> and <textColor=[78:148:215:255]>Biryuha</> rose to prominence at a young age I paid for it, but no one thought I would become a munju with it.",
    "20050134": "<textColor=[78:148:215:255]>Pungbaekmun</> Because traditionally, unless there is a reason for disqualification, the child of the munju\nwould become the next munju.",
    "20050135": "<textColor=[78:148:215:255]>Song Si-guk</> might not be someone with extraordinary abilities\nbut he wasn't lacking either.",
    "20050136": "Then <textColor=[78:148:215:255]>Munak Song</> appointed <textColor=[78:148:215:255]>Arang</> as the master ...\nIsn't that when things started to go wrong...",
    "20050137": "(Ask why <textColor=[78:148:215:255]>Arang</> became the owner of the text)",
    "20050138": "I don't even know that far. Looking back now,\nyou must have seen through your high abilities when you were young.",
    "20050139": "It is better for <textColor=[78:148:215:255]>Arang</> to take charge of the moonshine than your own children\n<textColor=[78:148:215:255]>Pungbaekmun< Maybe you made the decision thinking it was for</>?",
    "20050140": "(thanks for telling the story)",
    "20050141": "(Ask what's so strange)",
    "20050142": "I came here to do various research.",
    "20050143": "I recently went into <textColor=[110:216:175:255]>Dream Forest</> and found <textColor=[215:94:94:255]>Jellyfish</>. ",
    "20050144": "(<textColor=[215:94:94:255]>Jellyfish</> asks if it's anywhere in the world)",
    "20050145": "Yes. Various <textColor=[215:94:94:255]>Jellyfish</> live in oceans around the world...\nNot usually in forests.",
    "20050146": "(<textColor=[215:94:94:255]>Jellyfish</> asks why they live in the forest)",
    "20050147": "Oh! You have a similar question to mine.\nYou're right. I was wondering why <textColor=[215:94:94:255]>Jellyfish</> live in the forest.",
    "20050148": "You have to answer questions to unlock your personality...\nWould you like to go with me?",
    "20050149": "Okay! Then please.",
    "20050150": "(Ask for help)",
    "20050151": "I'd appreciate it if you could catch some <textColor=[215:94:94:255]>Jellyfish</> over there.\nEnough to experiment with.",
    "20050152": "Would it be possible to use it for food?\nI hope so...",
    "20050153": "Okay. Good. <textColor=[215:94:94:255]>Jellyfish</> usually lives in water...",
    "20050154": "(It's not in the sea, it's not even the beach)",
    "20050155": "The land in this area may have risen for some reason in the past.\nBefore that, this might have been the sea.",
    "20050156": "If you search the surrounding land carefully, you may find evidence that this place was a sea in the past, including shellfish.",
    "20050157": "(I wonder how <textColor=[215:94:94:255]>jellyfish</> live out of water)",
    "20050158": "I'll have to study that part from now on.",
    "20050159": "Assuming that the body has mutated for some reason...\nVarious types of mutations may have occurred.",
    "20050160": "There must have been <textColor=[215:94:94:255]>Jellyfish</> that live in water,\nand some that can live out of water.",
    "20050161": "In other words, among the various mutated forms, we may only be seeing\nthe ones that survived here.",
    "20050162": "But the truth is, I have no idea.\nI hope to find the answer by researching in the future.",
    "20050163": "I've come this far... \nCan you help me with other research?",
    "20050164": "(Ask what kind of study)",
    "20050165": "There was a research I wanted to do for a long time,\nIs it too difficult for me to do it alone?",
    "20050166": "(I'm not a researcher myself, so it won't be helpful)",
    "20050167": "What is high difficulty... high risk?\nIt's the same as high risk.",
    "20050168": "A very powerful and terrifying monster lives there.\nI entered the wrong place... I thought it would be my last work...",
    "20050169": "The research may not have been successful, so it won't be a posthumous job.\nAnyway, this is a research that I haven't tried because I fear that it will happen.",
    "20050170": "I can't see it for now. I'll look for the traces.",
    "20050171": "(he asks what to do)",
    "20050172": "Would you mind clearing up\napproaching enemies while I search for traces?",
    "20050173": "Okay. Traces found.",
    "20050174": "Let's go ahead over there.",
    "20050175": "It can get a little dangerous from now on\nYou must protect me.",
    "20050176": "(I will do my best)",
    "20050177": "(Ask for achievements)",
    "20050178": "Performance? It's definitely something around here.",
    "20050179": "I haven't checked the appearance yet...\nI've found something amazing.",
    "20050180": "(they say the atmosphere is weird)",
    "20050181": "I don't know the exact location... \nIt's definitely around.",
    "20050182": "If you look around,\nI think you'll find it, but...",
    "20050183": "I think it's too dangerous\nI'll just do this.",
    "20050184": "(Scholars say it's often risk taking)",
    "20050185": "Well, there are people like that, but...\nI want to live a long life and leave a lot of results.",
    "20050186": "Unless you want to shorten your life...\nI don't recommend looking for monsters anymore.",
    "20050187": "(Ask what's going on)",
    "20050188": "No. You can't help me with my research, but are you interrupting me?",
    "20050189": "Scholar, isn't this dangerous?",
    "20050190": "There are also <textColor=[215:94:94:255]>Blue people</> here. It's too dangerous.",
    "20050191": "(It's dangerous, so it's better to leave)",
    "20050192": "Did I say I would eat here!\nDid I say I would sleep here!",
    "20050193": "Can't get out! If I die, put it in a coffin and move it! ",
    "20050194": "(Ask the situation)",
    "20050195": "The scholar was in danger while on patrol.\nIt's dangerous here, so I asked you to leave.",
    "20050196": "What? I'm a scholar. I'm a scholar! You dare block my research?",
    "20050197": "Even though I haven't been recognized and I can't even get a research grant...\nDo you know if I have no money or no pride?",
    "20050198": "My father-in-law told me to change the topic because researching such things\nit won't make any money...",
    "20050199": "Just starve to death or quit research.\nYou can't stop me. You guys!",
    "20050200": "(What should I do?)",
    "20050201": "If it's dangerous, why don't you guys just protect me!",
    "20050202": "Isn't it something we can't protect every time?",
    "20050203": "Then I'll just die.\nPlease don't disturb me!",
    "20050204": "This is difficult.",
    "20050205": "The strata here aren't on the surface,\nbut they're deep underground.",
    "20050206": "This will be proof that the earth has risen!",
    "20050207": "(I think everyone knows that a dragon fell and the earth rose)",
    "20050208": "Did you see it? Did you see it? \nDid you see the dragon falling and the ground rising?",
    "20050209": "(It sounds like you've seen it\nYou've never actually seen it)",
    "20050210": "I don't know if the dragon fell...\nI'm looking for evidence to support the hypothesis that the ground rose.",
    "20050211": "I found a good resource thanks to you! Thank you!",
    "20050212": "And <textColor=[78:148:215:255]>Crew</>! I'm exaggerating. Forgive me.\nI know you're doing your job.",
    "20050213": "I know it's hard to deal with <textColor=[215:94:94:255]>Blue people</>...\nI'm always grateful",
    "20050214": "I have a favor for you. I hope you will.",
    "20050215": "(He said he would listen to the content and think about it)",
    "20050216": "There were several <textColor=[78:148:215:255]>geologists</> here besides me.\nBut strangely, they all disappeared.",
    "20050217": "(Something bad?)",
    "20050218": "Nothing is certain yet.\nBut I wondered if I was kidnapped...",
    "20050219": "Of course I'm doing research here,\nbut I'm also looking for colleagues.",
    "20050220": "The place I'm going to from now on is too dangerous for me to go alone.\nYou seem to be having a fight, so let's go together.",
    "20050221": "I found traces of people.\nThese may be traces of hijackers.",
    "20050222": "(Scholars ask if it's okay)",
    "20050223": "I don't know. But where are you going to use the scholars?",
    "20050224": "Ransom? But no contact...",
    "20050225": "(maybe not kidnapped)",
    "20050226": "Then... Maybe? No... It won't happen...\nDid you cut off contact with me because you didn't like me?",
    "20050227": "(He bows his head and doesn't say anything)",
    "20050228": "Ah... is this how the conversation ends?",
    "20050229": "Please don't attack!\nWe are human.",
    "20050230": "No, you guys!",
    "20050231": "You're a geeky grandpa! <textColor=[78:148:215:255]>Original land</>!\nHow about here?",
    "20050232": "Grandpa geek <textColor=[78:148:215:255]>Call me Sensei</>! These guys!\nYour appearance has changed, but I know who you are.",
    "20050233": "(The geeky grandpa asks if he admits it)",
    "20050234": "Well... I have to admit that.\nBut I'm curious about that now?",
    "20050235": "Aren't these people curious?\nThese are scholars who have disappeared.",
    "20050236": "Our bodies changed like this during research.\nI think it's an epidemic... ",
    "20050237": "There is not much time left to live for my grandparents.\nDon't do this here and leave quickly.",
    "20050238": "Don't waste your time on things like research.",
    "20050239": "Um... let me keep what you saw here a secret.",
    "20050240": "I'll investigate them and try to cure them.\nI'll have to take them to <textColor=[110:216:175:255]>Research Paper</> somehow...",
    "20050241": "(It is an epidemic, but it is said to be too dangerous)",
    "20050242": "Have you confirmed that it is contagious?\nI am not a person who believes easily without evidence.",
    "20050243": "(the party said not talking)",
    "20050244": "The person in question is well aware of his or her disease?\nThen there is no need to see a doctor!",
    "20050245": "Anyway, I'll take care of what's next... \nYou go.",
    "20050246": "(Scholar asks what to do)",
    "20050247": "Don't worry about things like me and leave quickly.\nThere's no evidence that it's not an epidemic.",
    "20050248": "(If it's an epidemic, ask if there is a way)",
    "20050249": "There is a way to do anything.\nThe problem is that there is no guarantee that it will work out.",
    "20050250": "So, first of all, we need to figure out the cause.\nFirst, as they say, it is an epidemic hypothesis",
    "20050251": "Or maybe it's the '<textColor=[215:94:94:255]>Germicidal</>'\nthat he spread the germs, a monster rumored to be from the south.",
    "20050252": "(<textColor=[215:94:94:255]>Aggravated Virgo</> asks if it spreads germs)",
    "20050253": "I don't know. \nI'm just going to list the possibilities.",
    "20050254": "But if that's the case, then it's strange that only geologists get caught.",
    "20050255": "I rather think there's something in the stones or dirt we're investigating.\nYou need some help with the investigation?",
    "20050256": "Can you collect the specimens here?\nExamine them and you'll find out something.",
    "20050257": "(If there's something on the stone or dirt,\nit asks if it's dangerous to touch)",
    "20050258": "Ah! That's right. That's right!\nIf this hypothesis is correct, it could be dangerous.",
    "20050259": "Then I will collect samples.\nThen I'll clean up the area in the meantime.",
    "20050260": "If this is true... <textColor=[78:148:215:255]>Geologists</> are at risk for\nany scholar doing research on it.",
    "20050261": "(Anyone who touches rocks or soil\nit can be dangerous)",
    "20050262": "That's right. Stonemasons can be dangerous too.\nWe haven't started farming here yet, so that's over...",
    "20050263": "Crews near stones are also dangerous.",
    "20050264": "(A quick investigation is needed)",
    "20050265": "Yeah... we need to investigate quickly and save \nthe people.",
    "20050266": "(Ask if something is bothering you)",
    "20050267": "I have to go to the <textColor=[110:216:175:255]>Research Journal</>.\nI have something to give, and something to receive.",
    "20050268": "(The road is a bit long and can be dangerous)",
    "20050269": "I still have to go, because I promised...",
    "20050270": "(He said he could deliver the goods)",
    "20050271": "No. It's my first job as a researcher...\nYou have to do it yourself.",
    "20050272": "When you get to <textColor=[110:216:175:255]>Cheers of Wave</>, follow the main road...",
    "20050273": "When a monster appears, I tell you to hide and then move and look left and right.",
    "20050274": "You have to be quiet, because the monsters might notice you if you make a noise.",
    "20050275": "(looks too dangerous...)",
    "20050276": "(Ask if you're okay)",
    "20050277": "It's ok. I wasn't nervous at all.",
    "20050278": "(Everyone seems to be nervous)",
    "20050279": "No. There are people waiting for these instruments right now...\nYou have to go quickly.",
    "20050280": "(Ask if you're really okay)",
    "20050281": "It's ok. I also took half of the calming pill...",
    "20050282": "I haven't seen it yet... but based on what I've heard, we'll have to go a little further.",
    "20050283": "(Now they're almost there)",
    "20050284": "Ah. It helped me to walk step by step without giving up.",
    "20050285": "(Congratulations)",
    "20050286": "Thanks to you. I only studied at home until I became a scholar...",
    "20050287": "There are many dangerous things to do outside like this...",
    "20050288": "There are people who are helping out like this instead.",
    "20050289": "I also want to study hard and become a person who helps the world!",
    "20050290": "(I will support you)",
    "20050291": "Hello? Sohyuk!\nI have a request for you.",
    "20050292": "I want to get some <textColor=[215:94:94:255]>Hongdon</> weapons.",
    "20050293": "(<textColor=[215:94:94:255]>Hongdon</> ask if there are many nearby)",
    "20050294": "I don't have a lot of talent for martial arts\nI'm a bit...",
    "20050295": "For a martial artist, the most important thing is of course\nI agree, but...",
    "20050296": "I keep my eyes on weapons and equipment.",
    "20050297": "No, if a strong martial artist has better equipment,\nthey'll get stronger.",
    "20050298": "(That's right)",
    "20050299": "Then please.",
    "20050300": "Thank you! Enough",
    "20050301": "This is... the same weapon, but the shape is different\nthere are some differences in quality.",
    "20050302": "(Ask so)",
    "20050303": "Obviously, if you look closely...\nThere are some crude parts.",
    "20050304": "But let's break it down a bit.",
    "20050305": "Still, the creators must have had concerns in the sloppy environment",
    "20050306": "I think you can get\nsome new ideas out of it.",
    "20050307": "(they say they want to get a lot)",
    "20050308": "Listen to me!",
    "20050309": "(Ask what's going on)",
    "20050310": "If you go over there <textColor=[110:216:175:255]>The Valley of the Autumn Leaves</>, there are a lot of <textColor=[215:94:94:255]>Scorpions</>.",
    "20050311": "No matter how much I think about it, <textColor=[215:94:94:255]>Scorpion</> is poison!",
    "20050312": "(<textColor=[215:94:94:255]>Scorpion</> says poison)",
    "20050313": "Are you sure? <textColor=[215:94:94:255]>Scorpion</>'s primary weapon is poison, isn't it?",
    "20050314": "By the way. \nThe little merchant next to me knows nothing.",
    "20050315": "<textColor=[215:94:94:255]>Scorpion</> is <textColor=[255:204:102:255]>Claws</> your main weapon, whatever... \nIt's nonsense. That!",
    "20050316": "I can't hear you properly...\nPlease tell me!",
    "20050317": "(<textColor=[215:94:94:255]>tells the story\nof the scorpion</>)",
    "20050318": "You can think so.\nYou can!",
    "20050319": "By the way! The venomous <textColor=[215:94:94:255]>Scorpion</> is\nthe weak <textColor=[215:94:94:255]>Scorpion</>. ",
    "20050320": "Because he's weak, he uses poison to protect himself.",
    "20050321": "For <textColor=[255:204:102:255]>strong claws</> <textColor=[215:94:94:255]>scorpion</>, poison is only secondary\nstrong. I don't need it.",
    "20050322": "(<textColor=[255:204:102:255]>strong claws</> asks if <textColor=[215:94:94:255]>Scorpion</>\nis weak venom) ",
    "20050323": "No need for strong poison.\n<textColor=[215:94:94:255]>Scorpion</>'s prime weapon, <textColor=[255:204:102:255]>Claws</> is there!",
    "20050324": "Why do you hold your opponent down!\nPut a saliva in them! Add venom! Whoa!",
    "20050325": "wouldn't you be killed by a counterattack?",
    "20050326": "The venomous <textColor=[215:94:94:255]>Scorpion</> is dangerous and people avoid it.\n<textColor=[255:204:102:255]>Tongs</> The strong <textColor=[215:94:94:255]>scorpion</> are coming to attack them.",
    "20050327": "<textColor=[255:204:102:255]>Those with strong claws</> have quick feet.\nI'm really scared!",
    "20050328": "(Ask if this will end the argument)",
    "20050329": "<textColor=[255:204:102:255]>Tongs</> and <textColor=[255:204:102:255]>Tails</>! Thank you!",
    "20050330": "Ah! But... how do you compare this?",
    "20050331": "If it is the same class, compare the strength and hardness",
    "20050332": "If it's the same poison, I'll see a fatality rate...",
    "20050333": "(He seems to have done \nwhat he has to do)",
    "20050334": "No, no! \nI didn't mean to ask for more.",
    "20050335": "Now that it's like this,\nI think we had a nonsensical argument.",
    "20050336": "If you talk to that guy,\nIt's weird because you're talking.",
    "20050337": "Ahahahaha!",
    "20050338": "(Laughter is said to be loud)",
    "20050339": "Is that so? I thought it was normal...",
    "20050340": "(the voice is said to be loud)",
    "20050341": "I am in charge of logging at <textColor=[78:148:215:255]>Pungbaekmun</>.\nI raise my voice while working in the field...",
    "20050342": "Ah! By the way... there is one problem.",
    "20050343": "These days, <textColor=[110:216:175:255]>logging</> <textColor=[215:94:94:255]>mandalas</> has increased tremendously.",
    "20050344": "The workers are dangerous\nto the extent that they won't be able to work.",
    "20050345": "(Reports that you have killed <textColor=[215:94:94:255]>Mandalas</> in <textColor=[110:216:175:255]>Lumberjack</>)",
    "20050346": "Aigoo! Thank you.",
    "20050347": "(<textColor=[215:94:94:255]>Mandalas</> are dangerous,\nand they say it's definitely noisy)",
    "20050348": "Noise? <textColor=[215:94:94:255]>Mandalas</> loud?",
    "20050349": "(it was said to be quite unpleasant)",
    "20050350": "Is that right? I must have been too engrossed in my work.",
    "20050351": "(You may have lost your hearing due to noise\nPlease see a doctor)",
    "20050352": "Ah. Is it? Come to think of it, it could be.",
    "20050353": "(and they say it would be nice to have noise suppression equipment for workers)",
    "20050354": "That's a good thing! I'll make a suggestion.",
    "20050355": "(Your face looks pale\nAsk if you're okay)",
    "20050356": "It's okay, because it's not a matter of a day or two.",
    "20050357": "(The fact that this has been going on for a long time\nI don't think it's a good thing)",
    "20050358": "But there is no way.",
    "20050359": "When I strangely see <textColor=[215:94:94:255]>Ashen Black Crawler</>...\nMy legs are shaking, my heart is beating...",
    "20050360": "My fists are not clenched properly,\nBecause my steps are heavy.",
    "20050361": "(Ask if you have any bad memories of \nsomething <textColor=[215:94:94:255]>Red Crab</>)",
    "20050362": "No. It's not like that.\nIt's been like that since the first time I saw it.",
    "20050363": "I thought it was a\nfear of something huge monster or disgusting...",
    "20050364": "Looking at other things and seeing things that aren't\nI don't think that's the case...",
    "20050365": "(I'll get rid of <textColor=[215:94:94:255]>rock moth</>\nask if you'd like to come and see it)",
    "20050366": "<textColor=[110:216:175:255]>Forest Veil</>? nI think I can go out once...",
    "20050367": "(Ask ok)",
    "20050368": "I'm sorry. I was meant to go...",
    "20050369": "I was moving, but the thought of <textColor=[215:94:94:255]>Rock crow</>...\nMy legs were shaking and I couldn't walk.",
    "20050370": "(It can't be helped)",
    "20050371": "I'm sure you've killed a lot of <textColor=[215:94:94:255]>rock moth</>...\nI don't know why I'm so scared.",
    "20050372": "I don't know if a timid person like me would fit <textColor=[78:148:215:255]>Pungbaekmun</>.",
    "20050373": "I think I should find another way now.",
    "20050374": "(Tell me not to rush)",
    "20050375": "(<textColor=[78:148:215:255]>Pungbaekmun</> should have a good legislator\nGo and ask)",
    "20050376": "Yes. Let's think about that.",
    "20050377": "Would you like to hear my story?",
    "20050378": "(Ask what's going on again this time)",
    "20050379": "There are <textColor=[110:216:175:255]>Ashen Jungle</><textColor=[215:94:94:255]>Western people</> appearing over there.",
    "20050380": "I thought, <textColor=[215:94:94:255]>Seoin</> is <textColor=[255:204:102:255]>Tooth</>, right?",
    "20050381": "(I think rats would eat something)",
    "20050382": "Is that right? <textColor=[255:204:102:255]>Tooth</> is correct no matter how you look at it.",
    "20050383": "By the way, the old merchant standing next to me, \nwho doesn't know anything.",
    "20050384": "When you say <textColor=[215:94:94:255]>Seoin</>, you insist on <textColor=[255:204:102:255]>claw</>\nagain. .",
    "20050385": "You don't even hear me properly anymore,\nPlease tell me what I'm saying.",
    "20050386": "(<textColor=[215:94:94:255]>tells the story of the Westerners</>\n)",
    "20050387": "I've seen mostly immature children\n<textColor=[255:204:102:255]>tooth</> obsessively.",
    "20050388": "Is that the feeling of bringing something to your mouth?",
    "20050389": "(Nods moderately)",
    "20050390": "<textColor=[255:204:102:255]>claw</> is a symbol of a grown creature.",
    "20050391": "It cannot be used properly without continuous maintenance\n.",
    "20050392": "<textColor=[255:204:102:255]>attacking with claws</> or biting with your mouth\nWhich do you think is more intelligent?",
    "20050393": "(Neither of them think intelligently, but\nIf I had to choose, I would say <textColor=[255:204:102:255]>Claw</>)",
    "20050394": "Is that true? <textColor=[255:204:102:255]>claw</>?\nI can't think of anything other than <textColor=[255:204:102:255]>claw</> .",
    "20050395": "And <textColor=[255:204:102:255]>claw</> and <textColor=[255:204:102:255]>tooth</> would be comparable.",
    "20050396": "Can you get them?",
    "20050397": "(Ask if you can compare this)",
    "20050398": "<textColor=[255:204:102:255]>claw</> and <textColor=[255:204:102:255]>tooth</>.",
    "20050399": "If you simply compare the strength and hardness,\n<textColor=[255:204:102:255]>Tooth</> seems to be overwhelmingly strong",
    "20050400": "That's why if you say <textColor=[255:204:102:255]>Tooth</> is your best weapon...\nIf an old merchant wouldn't approve, would you?",
    "20050401": "What should I do?",
    "20050402": "(I'm not sure about that...\n<textColor=[215:94:94:255]>The Westerners</> said they used separate weapons)",
    "20050403": "Yes? Even with such strong <textColor=[255:204:102:255]>teeth</> and <textColor=[255:204:102:255]>claws</>?",
    "20050404": "(Ask if something hurts)",
    "20050405": "I'm a little hungry. I ate <textColor=[255:204:102:255]>mushroom</> earlier, maybe that was the problem?",
    "20050406": "(Ask what <textColor=[255:204:102:255]>mushrooms</> ate)",
    "20050407": "The <textColor=[215:94:94:255]>The <textColor=[255:204:102:255]>mushroom</> that grows on the body of Samyojeong</>.\nAccidentally < textColor=[215:94:94:255]>I found a dead body</>",
    "20050408": "The <textColor=[255:204:102:255]>mushroom</> grown from the corpse caught my eye.",
    "20050409": "Ah! That's it! This can't be delicious!\nI've come to this conclusion.",
    "20050410": "(In the end, I ask how it tasted)",
    "20050411": "The taste is a little bitter. But when you reach that level,\nyou can enjoy the bitter taste.",
    "20050412": "(If poison<textColor=[255:204:102:255]>mushroom</>... \nthe corresponding <textColor=[255:204:102:255]>mushroom</> They say it needs to be investigated.)",
    "20050413": "No, it's fine.\nYou'll probably get a little stomach ache.",
    "20050414": "(Ask if anyone was here\nWhere did you go)",
    "20050415": "Ah. I fell down earlier and was taken to the senator.",
    "20050416": "(Ask if he fell down)",
    "20050417": "I think I ate something wrong...\nYour doctor needs to know that to be able to cure...",
    "20050418": "(<textColor=[215:94:94:255]>Samyojeong</>'s <textColor=[255:204:102:255]>Mushroom</> eaten\n< textColor=[255:204:102:255]>Give me mushrooms</>)",
    "20050465": "Okay! Then show your assistant by killing <textColor=[215:94:94:255]>Wolf</>!",
    "20050466": "Wow! It's the assistant!\nCan the assistant even beat these bad guys?",
    "20050467": "(<textColor=[215:94:94:255]>Hongdon</>? Of course)",
    "20050468": "Take care of these guys! \nThey stole our luggage and harassed us!",
    "20050469": "Mr. Kim was seriously injured because of them!\nThat's why I said <textColor=[78:148:215:255]>Pungbaekmun</> all of them were kicked out!",
    "20050470": "(He will kick you out, so he tells you to calm down)",
    "20050471": "I'm so excited!\nIt's the first time I've come this far, but I also scolded the <textColor=[215:94:94:255]>Hongdon people</>!",
    "20050472": "Let's go over that hill over there!",
    "20050473": "(He says it will be hard to go further)",
    "20050474": "Oh why! Let's go!",
    "20050475": "(I will take you next time)",
    "20050476": "Cheet...then I'll take you today to the <textColor=[110:216:175:255]>secret place</> I'm investigating.",
    "20050477": "(It's too late, Dad says he's worried)",
    "20050478": "Very close! <textColor=[110:216:175:255]>Just under Poongbaekmun</>Hey!\nIt's a very suspicious place. I found it!",
    "20050479": "Follow me! <textColor=[110:216:175:255]>Meet at the bottom of the stairs to Poongbaekmun</>!",
    "20050480": "(here the hell...)",
    "20050481": "I think... \nThis is a terrifying place where deaf people are locked up until they repent!",
    "20050482": "Is there a <textColor=[78:148:215:255]>Scary Uncle</> who comes here often? \nA ghostly man with long dark hair and a white face!",
    "20050483": "That <textColor=[78:148:215:255]>Uncle</> is here fighting <textColor=[78:148:215:255]>Elder</> every day!",
    "20050484": "(Ask what you're doing here)",
    "20050485": "You said nothing? I just got mad and went back. \n'The order is mine!' while doing this.",
    "20050486": "(From now on, please don't come here alone)",
    "20050487": "But... it's boring... ",
    "20050488": "(It's too late, let's go home soon)",
    "20050489": "Hey, you're here. \nWe're so excited that our <textColor=[78:148:215:255]>Doi</> had a great adventure.",
    "20050490": "(He said it was fun)",
    "20050491": "Hey, I know that taking care of a child is hard work.\nThank you very much.",
    "20050492": "(Ask about <textColor=[110:216:175:255]>dungeon</>)",
    "20050493": "<textColor=[110:216:175:255]>Dungeon</>? This is the first time <textColor=[78:148:215:255]>Pungbaekmun</> has such a place. Listen.\nI think the <textColor=[78:148:215:255]>Moonpawon</> people know better than me.",
    "20050494": "Ah, nephew. What's going on?",
    "20050495": "(<textColor=[110:216:175:255]>ask about dungeon</>)",
    "20050496": "How did the small council get there... it's... so...",
    "20050497": "It's not a secret, but for us <textColor=[78:148:215:255]>Pungbaekmun</>, it's embarrassing to say that it's such a cheesy place.",
    "20050498": "Hmm... That underground facility was not made by us. \n<textColor=[215:94:94:255]>The Black Dawn</>... made it.",
    "20050499": "Probably <textColor=[78:148:215:255]>Pungbaekmun</> soon settled here,\nso <textColor=[215:94:94:255]>black I'm guessing it was created around the time the dawn </> was created.",
    "20050500": "...they said they expected there to be a hiding place nearby at the time, but \nno one seems to have doubted under their feet.",
    "20050501": "I didn't get rid of that mistake so I wouldn't forget it,\nI didn't know there were children coming and going.",
    "20050502": "We will discuss with the other elders to make a closure.",
    "20050503": "(He said he would help too)",
    "20050504": "Hey, I won't refuse. Let's see... I can't get enough of ordinary wood from the water...\nAh! Hard <textColor=[255:204:102:255]>Aged maple</> Could you please save me?",
    "20050505": "You are very talented.\nYou must have collected them all...",
    "20050506": "Oops, <textColor=[110:216:175:255]>Prison</> has decided to close. \nWhat I'm doing is to create a playground for children.",
    "20050507": "I am going to go to <textColor=[110:216:175:255]>Lumberjack</> with the workers because it looks like it will be a full-fledged construction project.",
    "20050508": "So... can you help me clear the way?",
    "20050509": "(I gladly accept)",
    "20050510": "Thanks for your help.\nThanks to you, I can safely cut down trees.",
    "20050511": "...even now... on that hill there are many inspectors of <textColor=[78:148:215:255]>Pungbaekmun</> \n<textColor=[215:94:94:255]>We are fighting the Black Dawn</>.",
    "20050512": "When the <textColor=[215:94:94:255]>The Black Dawn</> begin to hatch in our <textColor=[110:216:175:255]>Underground of Poongbaekmun</> , \nIf you plucked those buds back then...",
    "20050513": "If that was the case, so many people wouldn't have been hurt and suffered as much as they do now.\nIt's a thing of the past, but everyone at <textColor=[78:148:215:255]>Pungbaekmun</> has the same regrets. will have it.",
    "20050514": "So... other things seem to have been trivial and not looked at closely.",
    "20050515": "I held on to a busy person and offered only exhaustive excuses.\nNow~~Now, leave the rest to me.",
    "20050516": "You can stop now! How long are you going to be like this?\nThe Vice-Captain has done enough!",
    "20050517": "...go...",
    "20050518": "Let's go back together. Please, okay?",
    "20050519": "(What's going on? Let's go and hear the story.)",
    "20050520": "(Ask what's going on)",
    "20050521": "Awful... I screamed out loud.",
    "20050522": "...do you know of the huge fertility mining incident that took place here in the past?\nThis man was <textColor=[78:148:215:255]>Chief of Discipline</> at the time.",
    "20050523": "He was the one who insisted that <textColor=[78:148:215:255]>Pungbaekmun</> secretly mine fertility.",
    "20050524": "On a tragic day, send all your troops to this <textColor=[110:216:175:255]>dig</> for support\nI am <textColor=[78:148:215:255]> It is said that they performed a sole mission to divert the gaze of Pungbaekmun</>.",
    "20050525": "...that's how he survived the tragedy alone.\nAll his crew and allies have turned into <textColor=[215:94:94:255]>verse verse</>.",
    "20050526": "But do you think this figure is alive?\nIf you scream in front of you or swear, you won't hear me.",
    "20050527": "(Ask what you're doing)",
    "20050528": "You're trying to find a peaceful death... for your subordinates who have become <textColor=[215:94:94:255]>Sciences</>.\nWith your own hands... End all You will carry the guilt yourself. Uh huh...",
    "20050529": "Since this area is so dangerous, I take turns watching with my colleagues...\nI'm worried that I won't be able to come for a while.",
    "20050530": "(He said he would help)",
    "20050531": "(here... get it)",
    "20050532": "...this...this...this...uh...uhhhh...",
    "20050533": "I'm sorry... I'm sorry... \nPlease don't forgive the bad commander...",
    "20050534": "Now... let's rest in peace...",
    "20050535": "How did you come up with all that?",
    "20050536": "(seen by chance)",
    "20050537": "It's been a while since I've seen you cry like that...",
    "20050538": "You look great, can you help a little more?",
    "20050539": "This <textColor=[110:216:175:255]>Fertile Surround</> is full of <textColor=[215:94:94:255]>Burnts</>.\n It's a dangerous place for a weary old man to go back alone.",
    "20050540": "(willing to help)",
    "20050541": "Thank you. I haven't been able to keep going, but I'm glad I met Sohyup.",
    "20050542": "(<textColor=[78:148:215:255]>Wild Conservation Society</> asks what's going on so far)",
    "20050543": "You?! Help me!\nIt's an urgent matter with a life at stake!",
    "20050544": "(Keep your excitement down and tell him)",
    "20050545": "Huh... I recently came to this fertile land to track \ndeer antlers that are illegally circulating in <textColor=[78:148:215:255]>Suwol Plains</>.",
    "20050546": "By the way! That's where those brutal <textColor=[215:94:94:255]>Burners</> are settling in!\nI should go and report this... ",
    "20050547": "I can't stop walking when I see deer dying with their antlers cut off.\nI beg you. Help me.",
    "20050548": "Thanks to you, we rescued all the deer that were captured.\nIt's a terrible thing to be slaughtered indiscriminately because of their beautiful antlers.",
    "20050549": "I'm planning to go back to <textColor=[110:216:175:255]>Soowol Plains</> only seeing this guy recover.\nGo, announce this and <textColor=[78:148:215:255]>Action </> should ask for assistance.",
    "20050550": "Thanks for your help. \nLet's meet again then!",
    "20050551": "Aww! I was surprised! I thought it was <textColor=[215:94:94:255]>mutated Samyojeong</>!",
    "20050552": "(Ask what you're doing here alone)",
    "20050553": "<textColor=[110:216:175:255]>I have a herb that I urgently need to send to the desert</>, so I came to look for <textColor=[78:148:215:255]>Lingling</> alone !",
    "20050554": "(<textColor=[110:216:175:255]>Desert</>?)",
    "20050555": "If you go a little further towards the sunrise, there is <textColor=[110:216:175:255]>a wide and hot desert</> nyang~\nIt's so hot over there that a lot of people get heat stroke. !",
    "20050556": "A little scary, but <textColor=[78:148:215:255]>Lingling</> should do it!",
    "20050557": "(willing to help)",
    "20050558": "Really? \nThen help me find the <textColor=[255:204:102:255]>Coolgunggung Flower</>!",
    "20050559": "<textColor=[255:204:102:255]>Flower of the cool breeze</> grows where the cold wind blows and \nthe smell of the dawning dawn blows! ",
    "20050560": "(...it's too difficult)",
    "20050561": "Then please protect me by my side.\nActually <textColor=[78:148:215:255]>Lingling</>Eunnyang... <textColor=[215:94:94:255]>Samyojeong</> is also scary, <textColor=[215:94:94:255]>Pussy </> is also very scary!",
    "20050562": "Look at this~! \n<textColor=[78:148:215:255]>Lingling</> I found it by myself!",
    "20050563": "(Good job)",
    "20050564": "But there's still one more left... \nTo make a cure for heat stroke, you'll also need to get <textColor=[255:204:102:255]>Watertail Grass</>!",
    "20050565": "(I will go with you)",
    "20050566": "Woah! It's the best! <textColor=[255:204:102:255]>Watertail grass</>Eun-nyang~ \nIt smells like warm salt and grows in a place where the fresh sunlight shines~!",
    "20050567": "Wow! This is <textColor=[255:204:102:255]>Watertail Grass</>Nyanya!\n<myHero.name/><ga/> Did you find it? That's great. Nyan!",
    "20050568": "(Thanks to <textColor=[78:148:215:255]>Lingling</> for detailed information)",
    "20050569": "We did it together!",
    "20050570": "As long as you only have these <textColor=[255:204:102:255]>Cool Gingerbread Flowers</> and <textColor=[255:204:102:255]>Watertail Grass</>~\nThe travelers who ate the heat in the desert will be able to recover safely~!",
    "20050571": "I'll have to bring it to you soon!\nThen we'll see you again~!",
    "20050572": "I... are you a traveler? \nWe've been robbed of money and everything, but... if there's any leftover food...",
    "20050573": "Ugh... The name of the honeymoon is... To beg for food today...",
    "20050574": "(Ask what's going on)",
    "20050575": "Didn't you see <textColor=[215:94:94:255]>Spears</> on the way?\nThey gave them money, gifts, and even a suitcase! They stole it all!",
    "20050576": "(The newlyweds ask what's going on here.)",
    "20050577": "I... for no reason asked me to take a boat ride at <textColor=[110:216:175:255]>Dragonhead Cape</>... so black",
    "20050578": "These days, it is fashionable for young newlyweds to go on long-term trips to the Haewol Continent.\nAlthough I usually only go around the safe <textColor=[110:216:175:255]>Taerokrim</>.",
    "20050579": "(It's dangerous here, so please go back)",
    "20050580": "Yeah... it was very dangerous... I desperately felt it. \nThank you for saving my life, but I don't have any money, so there's no way I can go back...",
    "20050581": "(He said he would find the luggage)",
    "20050582": "Really?! Really?!\nWe met you!!!",
    "20050583": "That big guy got a <textColor=[255:204:102:255]>Gold bag</>, and your girlfriend with a bow <textColor=[255:204:102:255]>Gift</>I stole it!\n<textColor=[255:204:102:255]>The suitcase</> was picked up by a young man and carried through that fence!!!",
    "20050584": "I told you to prepare a big bang, what are you doing with these little bastards?",
    "20050585": "Oh my gosh, that's what he said he was looking for <textColor=[255:204:102:255]>Luggage</>...",
    "20050586": "What? <textColor=[255:204:102:255]>Travel bag</>? Not a treasure?",
    "20050587": "Hurry up, you guys! I'm going to go find my treasure! Cuckoo",
    "20050588": "Hey, you spying rat. You're lucky today.",
    "20050589": "Hey, you're here! Are you not hurt anywhere?\nOh my God...! I guess that's it!!",
    "20050590": "<textColor=[255:204:102:255]>Gold bag</>, <textColor=[255:204:102:255]>Gift</>, <textColor=[255:204:102:255]>Travel bag</>...\nThank you, Daehyup! Thank you so much!",
    "20050591": "Huh~~ Now that I'm relieved, the beautiful scenery catches my eye.",
    "20050592": "Really!~ The beautiful Mt. Geumsugang, and even the kind guest~ \nSuddenly, the <textColor=[110:216:175:255]>Fertile Land</> is so good?",
    "20050593": "Shall we settle here soon?\nI heard that immigration support policies are good these days!",
    "20050594": "It's me, I'm fine wherever I am with you~",
    "20050595": "(...)",
    "20050596": "Oops, Daehyup! Here's a small castle. \nThank you so much for making our honeymoon a pleasant memory!",
    "20050597": "Isn't it <myHero.name/>?\nDid Lord Moon come with you?",
    "20050598": "(He said he came alone)",
    "20050599": "Ah... that's right. I need Munju-sama's action right now... \nHow do you do this?",
    "20050600": "(Ask what's going on)",
    "20050601": "I'm not sure how to explain it... \nHave you ever experienced cracks?",
    "20050602": "(Of course it is)",
    "20050603": "You know... \nthe unpleasant dark aura you can feel when you go near a rift.",
    "20050604": "The aura... A place filled with that aura that cannot be described in words has appeared.",
    "20050605": "(surprised and asks if there is such a dangerous place)",
    "20050606": "Yeah. So when Master Moon came, I was going to go together... \nAfter this, I'll have to go alone.",
    "20050607": "(You don't know what will happen\nHe said he would go with him)",
    "20050608": "(You can see a huge gap that seems to be connected somewhere and \nYou can see the Biryu River standing in front of it)",
    "20050609": "(Let's talk to Biryuha)",
    "20050610": "(Ask if you want to \nenter the crevice of Biryuha)",
    "20050611": "I originally intended to do that...\nThe Bulma energy is so much stronger than I expected.",
    "20050612": "That's why I'm going to investigate\ninformation around me until Lord Moon comes.",
    "20050613": "Are you planning to enter the small cooperative?",
    "20050614": "(nods head)",
    "20050615": "Be careful.\nYou can feel the energy of a huge fire inside. ",
    "20050616": "Probably, there are high-level bullies that you can't see outside... \nI guess.",
    "20050617": "(Answer you feel strong energy)",
    "20050618": "It seems too dangerous to deal with. \nI need to prepare thoroughly.",
    "20050619": "(I agree)",
    "20050620": "Then I'll start scouting around.\nPlease take care.",
    "20050419": "Ah! Did you eat this?",
    "20050420": "I'll bring it to you.",
    "20050421": "Thank you!",
    "20050422": "Hey! Wait there! \nIf you pass by yourself like that, you're in trouble!",
    "20050423": "(Ask what's going on)",
    "20050424": "Hey, that <textColor=[215:94:94:255]>Hongdon tribe</> is incredibly violent. I also lost all of my coverage!\nYou're lucky to have met me.",
    "20050425": "(Report material?)",
    "20050426": "Yes! I'm <textColor=[78:148:215:255]>Rookie Myunghye</> on a cross-ethnic investigation.\n<textColor=[215:94:94:255]> The Hongdon clan</> are violent, but they can communicate... so I tried to cover it.",
    "20050427": "At first, he seemed to be curious about the interview, but he suddenly got angry when asked how many bowls of rice a day he eats!",
    "20050428": "(...)",
    "20050429": "Anyway, I plan to wait for you to fall asleep and then secretly retrieve the data.\nWait with me too, then quietly pass by.",
    "20050430": "(He said he would find the material)",
    "20050431": "Hey... that's a cool weapon. People don't know about it, but the \n<textColor=[215:94:94:255]>Hongdon</> are a great race with gunsmithing skills as well.",
    "20050432": "Most heterogeneous except <textColor=[78:148:215:255]>Barong</>, <textColor=[78:148:215:255]>Suwa</> Now that we have lost our wisdom, \n<textColor=[215:94:94:255]>Exchange with the Hongdon clan</> will be a must for each other!",
    "20050433": "I can't just give up like this.\n<textColor=[215:94:94:255]>Hongdon on <textColor=[110:216:175:255]>Red Forest Road</> >I want to meet you too. Would you like to go with me?",
    "20050434": "(Let's go right away)",
    "20050435": "There's a female human! Why do you keep coming back?\nAura <textColor=[78:148:215:255]>Weeping</> why don't they even light their noses?",
    "20050436": "Eh... me? Am I the first to come?",
    "20050437": "Kooing? Humans are alike and confused. \nHumans, we have no intention of reconciling unless we keep this promise <textColor=[78:148:215:255]>Foster</> !",
    "20050438": "Promise? What promise?",
    "20050439": "Wow! I'm very patient. I'll tell you one last time.\nSo open your ears and listen carefully!!!!!",
    "20050440": "<textColor=[78:148:215:255]>Weeping</> is the land we will settle if we help clear <textColor=[110:216:175:255]>Sea Moon Continent</> You promised to give me money.\nWe did our best to help humans. But!!!!!!",
    "20050441": "But <textColor=[78:148:215:255]>Weeping</> didn't pay us anything!\nYou're always making cowardly excuses.",
    "20050442": "We can't stand it any longer. \nWe have no choice but to take the land by force!! ",
    "20050443": "Something like that... I didn't even know that...",
    "20050444": "My stomach hurts just thinking about it. That's why I can't lose weight!!!!\nHuman, if you know now, go ahead and tell me.",
    "20050445": "Okay! I'm sure I'll tell you!",
    "20050446": "Obviously the <textColor=[215:94:94:255]>Red Donkey</> is just annoying.\n<textColor=[78:148:215:255]>Weeping</> is a replacement For what reason did you use <textColor=[215:94:94:255]>Hongdon</> and throw it away?",
    "20050447": "(Ask what to do now)",
    "20050448": "On behalf of mankind, we must regain the lost trust!\nBefore that, we must also listen to <textColor=[78:148:215:255]>Discipline</>. I must be very busy for the time being.",
    "20050449": "Thanks for your help!\nThen I'll go first!",
    "20050450": "(Ask what is your concern)",
    "20050451": "...because of my son.\nI don't have any friends my age, so I always play alone, and I can't help but feel sorry for him.",
    "20050452": "I wonder if I just moved here...\nI can't get my job done.",
    "20050453": "(...you seem to be having a good time alone...)",
    "20050454": "Oh my poor bastard!!",
    "20050455": "(He says he'll play for a while)",
    "20050456": "Really? I'd like to ask you a second!",
    "20050457": "Who are you! Maybe... you came here to be my assistant, right?",
    "20050458": "(He seems to be absorbed in the detective game. First he nods his head)",
    "20050459": "Ahem! This body is <textColor=[78:148:215:255]>Kwon Doi</>!\nYou have to pass a test to become my assistant!",
    "20050460": "(I will know)",
    "20050461": "Where then... do you know how to do martial arts?",
    "20050462": "(say yes)",
    "20050463": "So can you catch <textColor=[215:94:94:255]>Wolf</> in <textColor=[110:216:175:255]>Pungbaekmun Forecourt</>?",
    "20050464": "(Say yes)"
}