{
    "1900000": "legs",
    "1900001": "head",
    "1900002": "tail",
    "1900003": "Cockpit",
    "1900004": "The Power Output Device",
    "1900005": "Jar",
    "1900006": "Wind Belt",
    "1900007": "Lightning Belt",
    "1900008": "Helm",
    "1900009": "tail",
    "1900010": "head",
    "1900011": "Sap Gum",
    "1900012": "Blackened Left Fist",
    "1900013": "Blackened Right Fist",
    "1900014": "Blackened Left Fist",
    "1900015": "Guardian Shield",
    "1900016": "right leg",
    "1900017": "Left leg",
    "1900018": "Both Claws",
    "1900019": "Hard Horn",
    "1900020": "Right Mace",
    "1900021": "Left Mace",
    "1900022": "Hongju Basket",
    "1900023": "wings",
    "1900024": "left hand",
    "1900025": "Mask",
    "1900026": "Forefoot"
}