{
    "12005000": "Conversation with Mail Kim",
    "12005001": "Hay Collection Request",
    "12005002": "Go to warehouse",
    "12005003": "Examine the corpses of sheep",
    "12005004": "Tracking Sheep Carcasses",
    "12005005": "Defeat the Mysterious Flock",
    "12005006": "Tracking Sheep Carcasses",
    "12005007": "Defeat the Mysterious Flock",
    "12005008": "Found a suspicious cave",
    "12005009": "Killing the Fighters",
    "12005010": "Conversation with Mail Kim",
    "12005011": "Conversation with Shim Ha-yeon",
    "12005012": "Content with Saho's spies",
    "12005013": "Conversation with Chi-Yeon",
    "12005014": "Battle with Chi-Yeon",
    "12005015": "Conversation with Chi-Yeon",
    "12005016": "Go to the abode of the gallows",
    "12005017": "Conversation with Chi-Yeon",
    "12005018": "Obtain a head with a dog",
    "12005019": "Application for Changdo Team",
    "12005020": "Conversation with Chi-Yeon",
    "12005021": "Move to the Buffalo Base",
    "12005022": "Killing the Fighters",
    "12005023": "Approaching the Brewmaster's Tent",
    "12005024": "Investigate Treasure Chest",
    "12005025": "Request for Stonefist Solo",
    "12005026": "Investigate military supplies",
    "12005027": "spears killed",
    "12005028": "Come out",
    "12005029": "Conversation with Chi-Yeon",
    "12005030": "Open inventory to use flares",
    "12005031": "Conversation with Shim Ha-yeon",
    "12005032": "Conversation with Soho Village Daeinbae",
    "12005033": "Visiting victims' families",
    "12005034": "Investigate the surrounding environment",
    "12005035": "Investigate Forest Driveway",
    "12005036": "Move into the forest",
    "12005037": "Approaching Dongja-ryeong",
    "12005038": "Kill nearby monsters",
    "12005039": "Tracking Dongja-ryeong",
    "12005040": "Kill nearby monsters",
    "12005041": "Tracking Dongja-ryeong",
    "12005042": "Conversation with a crying child",
    "12005043": "Tracking Dongja-ryeong",
    "12005044": "Kill nearby monsters",
    "12005045": "Tracking Dongja-ryeong",
    "12005046": "Check the child's status",
    "12005047": "Look around",
    "12005048": "Kill nearby monsters",
    "12005049": "Tracking Dongja-ryeong",
    "12005050": "Find Dongja-ryeong",
    "12005051": "Tracking Dongja-ryeong",
    "12005052": "Conversation with Dongja-ryeong",
    "12005053": "Defeat the seemingly dangerous",
    "12005054": "Conversation with Dongja-ryeong",
    "12005055": "Report to Soho Village Daeinbae",
    "12005056": "Conversation with Sohyang's parents",
    "12005057": "Go after the mysterious sound",
    "12005058": "Defeat the eroded beast",
    "12005059": "Check the source of the sound",
    "12005060": "Remove the fence blocking the door",
    "12005061": "Conversation with Wow",
    "12005062": "Defeat the eroded beast",
    "12005063": "Go to Suwa Point",
    "12005064": "Conversation with Wow",
    "12005065": "Conversation with refugee Wawa",
    "12005066": "Conversation with the village chief",
    "12005067": "Initiation of Retake Operation",
    "12005068": "Conversation with the village chief",
    "12005069": "Go to Valley Entrance",
    "12005070": "Defeat Iron Evil",
    "12005071": "Conversation with the village chief",
    "12005072": "Conversation with Dong-dong",
    "12005073": "Tracking Lim Yeonsu's whereabouts",
    "12005074": "Interrogation of Yeonsu Lim",
    "12005075": "Mercenary Big Mountain Killed",
    "12005076": "Listen to Saho's conversation",
    "12005077": "Conversation with Red Plum",
    "12005078": "Conversation with Shim Ha-yeon",
    "12005079": "Listen to Saho's speech",
    "12005080": "Speak with Perong Perong",
    "12005081": "Conversation with Chi-Yeon",
    "12005082": "Conversation with Wow",
    "12005083": "Waiting for Deep Ha-yeon",
    "12005084": "Move to Abandoned Tile House",
    "12005085": "Hay batch request",
    "12005086": "Collect Tiger Skin"
}