{
    "30016": {
        "deprecated": false,
        "Dev_Desc": "반달호수의 평화를 찾아서",
        "id": 30016,
        "alias": "Contents.AdventureChallenge.30016",
        "text": "숲의 타락한 감시자 초령목 처치"
    },
    "30017": {
        "deprecated": false,
        "Dev_Desc": "으스스한 골짜기의 괴물",
        "id": 30017,
        "alias": "Contents.AdventureChallenge.30017",
        "text": "골짜기의 괴수 강철악 저지"
    },
    "30018": {
        "deprecated": false,
        "Dev_Desc": "난파선 마지막 생존자",
        "id": 30018,
        "alias": "Contents.AdventureChallenge.30018",
        "text": "난파선 생존자 하초 혼쭐내기"
    },
    "30019": {
        "deprecated": false,
        "Dev_Desc": "비옥대지 몬스터 처치하기",
        "id": 30019,
        "alias": "Contents.AdventureChallenge.30019",
        "text": "비옥대지 몬스터 처치하기"
    },
    "30020": {
        "deprecated": false,
        "Dev_Desc": "원령의 언덕 위 검은 새벽단 처치하기",
        "id": 30020,
        "alias": "Contents.AdventureChallenge.30020",
        "text": "원령의 언덕 위 검은 새벽단 처치하기"
    },
    "30021": {
        "deprecated": false,
        "Dev_Desc": "거대비옥 주변의 불마자 처치하기",
        "id": 30021,
        "alias": "Contents.AdventureChallenge.30021",
        "text": "거대비옥 주변의 불마자 처치하기"
    },
    "30022": {
        "deprecated": false,
        "Dev_Desc": "태록림 몬스터 처치하기",
        "id": 30022,
        "alias": "Contents.AdventureChallenge.30022",
        "text": "태록림 몬스터 처치하기"
    },
    "30023": {
        "deprecated": false,
        "Dev_Desc": "녹색 뿔의 숲에서 녹각다귀 처치하기",
        "id": 30023,
        "alias": "Contents.AdventureChallenge.30023",
        "text": "녹색 뿔의 숲에서 녹각다귀 처치하기"
    },
    "30024": {
        "deprecated": false,
        "Dev_Desc": "혈비의 숲의 혈비패 처치하기",
        "id": 30024,
        "alias": "Contents.AdventureChallenge.30024",
        "text": "혈비의 숲의 혈비패 처치하기"
    },
    "30025": {
        "deprecated": false,
        "Dev_Desc": "비옥 폭포 몬스터 처치하기",
        "id": 30025,
        "alias": "Contents.AdventureChallenge.30025",
        "text": "비옥 폭포의 묘면족 처치하기"
    },
    "30026": {
        "deprecated": false,
        "Dev_Desc": "혈비패 은신처 몬스터 처치하기",
        "id": 30026,
        "alias": "Contents.AdventureChallenge.30026",
        "text": "혈비패 은신처의 혈비패 처치하기"
    },
    "30027": {
        "deprecated": false,
        "Dev_Desc": "숨겨진 낙원 몬스터 처치하기",
        "id": 30027,
        "alias": "Contents.AdventureChallenge.30027",
        "text": "숨겨진 낙원의 낙원족 처치하기"
    },
    "30028": {
        "deprecated": false,
        "Dev_Desc": "수와족 마을을 파괴시킨 주범",
        "id": 30028,
        "alias": "Contents.AdventureChallenge.30028",
        "text": "파괴된 수와족 마을의 대장 서인장 저지"
    },
    "30029": {
        "deprecated": false,
        "Dev_Desc": "무시무시한 생태계의 포식자들",
        "id": 30029,
        "alias": "Contents.AdventureChallenge.30029",
        "text": "구릉지의 흉포한 우두머리 포식자들 처치"
    },
    "30030": {
        "deprecated": false,
        "Dev_Desc": "사묘정 우두머리 위협",
        "id": 30030,
        "alias": "Contents.AdventureChallenge.30030",
        "text": "목초지 파수꾼 사묘정 우두머리 위협 저지"
    },
    "30031": {
        "deprecated": false,
        "Dev_Desc": "100년 묵은 거미",
        "id": 30031,
        "alias": "Contents.AdventureChallenge.30031",
        "text": " 묘지 숲 100년 묵은 대왕거미 처치"
    },
    "30032": {
        "deprecated": false,
        "Dev_Desc": "창도단 최고의 검사",
        "id": 30032,
        "alias": "Contents.AdventureChallenge.30032",
        "text": "창도단 최고의 검사 와륜과 겨루기"
    },
    "30033": {
        "deprecated": false,
        "Dev_Desc": "초목 정령의 분노",
        "id": 30033,
        "alias": "Contents.AdventureChallenge.30033",
        "text": "고도시 숲길을 가로막는 주범 적목 처치"
    },
    "30034": {
        "deprecated": false,
        "Dev_Desc": "투엽단 최고의 궁사",
        "id": 30034,
        "alias": "Contents.AdventureChallenge.30034",
        "text": "투엽단 최고의 궁사 채랑랑과 겨루기"
    },
    "30035": {
        "deprecated": false,
        "Dev_Desc": "얕은호수의 대장들",
        "id": 30035,
        "alias": "Contents.AdventureChallenge.30035",
        "text": "얕은호수의 대장들 혼쭐내기"
    },
    "30036": {
        "deprecated": false,
        "Dev_Desc": "서인족 감독관 저지",
        "id": 30036,
        "alias": "Contents.AdventureChallenge.30036",
        "text": "벌목지 감독관 서인장과 자비없는 협상"
    },
    "30037": {
        "deprecated": false,
        "Dev_Desc": "알 수 없는 강력한 기운",
        "id": 30037,
        "alias": "Contents.AdventureChallenge.30037",
        "text": "공허의 구덩이 균열 확장 세력 막기"
    },
    "30038": {
        "deprecated": false,
        "Dev_Desc": "무시무시한 생태계 포식자",
        "id": 30038,
        "alias": "Contents.AdventureChallenge.30038",
        "text": "무시무시한 생태계 포식자"
    },
    "30039": {
        "deprecated": false,
        "Dev_Desc": "파괴된 수와족 마을의 재건",
        "id": 30039,
        "alias": "Contents.AdventureChallenge.30039",
        "text": "파괴된 수와족 마을의 재건"
    },
    "30040": {
        "deprecated": false,
        "Dev_Desc": "반달호수 수호자",
        "id": 30040,
        "alias": "Contents.AdventureChallenge.30040",
        "text": "반달호수 수호자"
    },
    "30041": {
        "deprecated": false,
        "Dev_Desc": "은신처의 재앙! 폭군 백야금 처치",
        "id": 30041,
        "alias": "Contents.AdventureChallenge.30041",
        "text": "은신처의 재앙! 폭군 백야금 처치"
    },
    "30042": {
        "deprecated": false,
        "Dev_Desc": "산사태의 원인 유강독모 처치",
        "id": 30042,
        "alias": "Contents.AdventureChallenge.30042",
        "text": "산사태의 원인 유강독모 처치"
    },
    "30043": {
        "deprecated": false,
        "Dev_Desc": "붉은 숲길의 작은 악당 홍주 처치",
        "id": 30043,
        "alias": "Contents.AdventureChallenge.30043",
        "text": "붉은 숲길의 작은 악당 홍주 처치"
    },
    "30044": {
        "deprecated": false,
        "Dev_Desc": "검은 새벽단 최고 암살자 강우 처치",
        "id": 30044,
        "alias": "Contents.AdventureChallenge.30044",
        "text": "검은 새벽단 최고 암살자 강우 처치"
    },
    "30045": {
        "deprecated": false,
        "Dev_Desc": "물음표 살인광 어둑시니의 왕 처치",
        "id": 30045,
        "alias": "Contents.AdventureChallenge.30045",
        "text": "물음표 살인광 어둑시니의 왕 처치"
    },
    "30046": {
        "deprecated": false,
        "Dev_Desc": "벌목지를 울리는 정령 만다라 처치",
        "id": 30046,
        "alias": "Contents.AdventureChallenge.30046",
        "text": "벌목지를 울리는 정령 만다라 처치"
    },
    "30047": {
        "deprecated": false,
        "Dev_Desc": "심연에서 깨어난 염옥 처치",
        "id": 30047,
        "alias": "Contents.AdventureChallenge.30047",
        "text": "심연에서 깨어난 염옥 처치"
    },
    "30048": {
        "deprecated": false,
        "Dev_Desc": "되살아난 도살자 도총 처치",
        "id": 30048,
        "alias": "Contents.AdventureChallenge.30048",
        "text": "되살아난 도살자 도총 처치"
    },
    "30049": {
        "deprecated": false,
        "Dev_Desc": "백수의 정점 혈각대귀 처치",
        "id": 30049,
        "alias": "Contents.AdventureChallenge.30049",
        "text": "백수의 정점 혈각대귀 처치"
    },
    "30050": {
        "deprecated": false,
        "Dev_Desc": "바위보다 단단한 모구오 처치",
        "id": 30050,
        "alias": "Contents.AdventureChallenge.30050",
        "text": "바위보다 단단한 모구오 처치"
    },
    "30051": {
        "deprecated": false,
        "Dev_Desc": "인간 학살자 예조 처치",
        "id": 30051,
        "alias": "Contents.AdventureChallenge.30051",
        "text": "인간 학살자 예조 처치"
    },
    "30052": {
        "deprecated": false,
        "Dev_Desc": "숲의 악몽 꿈결 처치",
        "id": 30052,
        "alias": "Contents.AdventureChallenge.30052",
        "text": "숲의 악몽 꿈결 처치"
    },
    "30053": {
        "deprecated": false,
        "Dev_Desc": "타락한 청인족 검사 발루 처치",
        "id": 30053,
        "alias": "Contents.AdventureChallenge.30053",
        "text": "타락한 청인족 검사 발루 처치"
    },
    "30054": {
        "deprecated": false,
        "Dev_Desc": "창도단의 괴력난신 오경록 처치",
        "id": 30054,
        "alias": "Contents.AdventureChallenge.30054",
        "text": "창도단의 괴력난신 오경록 처치"
    },
    "30055": {
        "deprecated": false,
        "Dev_Desc": "비옥대지를 위협하는 대균열 저지",
        "id": 30055,
        "alias": "Contents.AdventureChallenge.30055",
        "text": "비옥대지를 위협하는 대균열 저지"
    },
    "30056": {
        "deprecated": false,
        "id": 30056
    },
    "30057": {
        "deprecated": false,
        "id": 30057
    },
    "30058": {
        "deprecated": false,
        "id": 30058
    },
    "30059": {
        "deprecated": false,
        "id": 30059
    },
    "30060": {
        "deprecated": false,
        "id": 30060
    },
    "30061": {
        "deprecated": false,
        "Dev_Desc": "환각 안개의 근원 대인면충 처치",
        "id": 30061,
        "alias": "Contents.AdventureChallenge.30061",
        "text": "환각 안개의 근원 대인면충 처치"
    },
    "30062": {
        "deprecated": false,
        "Dev_Desc": "낙원족의 수장 낙원대성 처치",
        "id": 30062,
        "alias": "Contents.AdventureChallenge.30062",
        "text": "낙원족의 수장 낙원대성 처치"
    },
    "30063": {
        "deprecated": false,
        "Dev_Desc": "다시 창궐하는 거미 흘인지주 처치",
        "id": 30063,
        "alias": "Contents.AdventureChallenge.30063",
        "text": "다시 창궐하는 거미 흘인지주 처치"
    },
    "30064": {
        "deprecated": false,
        "Dev_Desc": "깊은 숲 속의 위험 흑수대귀 처치",
        "id": 30064,
        "alias": "Contents.AdventureChallenge.30064",
        "text": "깊은 숲 속의 위험 흑수대귀 처치"
    },
    "30065": {
        "deprecated": false,
        "Dev_Desc": "끝없이 비명을 지르는 만달 처치",
        "id": 30065,
        "alias": "Contents.AdventureChallenge.30065",
        "text": "끝없이 비명을 지르는 만달 처치"
    },
    "30066": {
        "deprecated": false,
        "Dev_Desc": "순찰로를 막고 있는 황주오 처치",
        "id": 30066,
        "alias": "Contents.AdventureChallenge.30066",
        "text": "순찰로를 막고 있는 황주오 처치"
    },
    "30067": {
        "deprecated": false,
        "Dev_Desc": "먼저 올라선 자 대들보 위의 왕 처치",
        "id": 30067,
        "alias": "Contents.AdventureChallenge.30067",
        "text": "먼저 올라선 자 대들보 위의 왕 처치"
    },
    "30068": {
        "deprecated": false,
        "Dev_Desc": "난파된 자들을 기다리는 맹악 처치",
        "id": 30068,
        "alias": "Contents.AdventureChallenge.30068",
        "text": "난파된 자들을 기다리는 맹악 처치"
    },
    "30069": {
        "deprecated": false,
        "Dev_Desc": "골짜기의 폭군 백산웅 처치",
        "id": 30069,
        "alias": "Contents.AdventureChallenge.30069",
        "text": "골짜기의 폭군 백산웅 처치"
    },
    "30070": {
        "deprecated": false,
        "Dev_Desc": "악명높은 혈비패 부두목 운반해 처치",
        "id": 30070,
        "alias": "Contents.AdventureChallenge.30070",
        "text": "악명높은 혈비패 부두목 운반해 처치"
    },
    "30071": {
        "deprecated": false,
        "Dev_Desc": "포식하는 식물 식인영초 처치",
        "id": 30071,
        "alias": "Contents.AdventureChallenge.30071",
        "text": "포식하는 식물 식인영초 처치"
    },
    "30072": {
        "deprecated": false,
        "Dev_Desc": "굶주린 식탐 강탐악 처치",
        "id": 30072,
        "alias": "Contents.AdventureChallenge.30072",
        "text": "굶주린 식탐 강탐악 처치"
    },
    "30073": {
        "deprecated": false,
        "Dev_Desc": "군락의 지배자 분린충 처치",
        "id": 30073,
        "alias": "Contents.AdventureChallenge.30073",
        "text": "군락의 지배자 분린충 처치"
    },
    "30074": {
        "deprecated": false,
        "Dev_Desc": "구천을 떠도는 불빛 몽혼 처치",
        "id": 30074,
        "alias": "Contents.AdventureChallenge.30074",
        "text": "구천을 떠도는 불빛 몽혼 처치"
    },
    "30075": {
        "deprecated": false,
        "Dev_Desc": "습지의 대식가 식인귀초 처치",
        "id": 30075,
        "alias": "Contents.AdventureChallenge.30075",
        "text": "습지의 대식가 식인귀초 처치"
    },
    "30076": {
        "deprecated": false,
        "Dev_Desc": "낙원대성의 오른팔 낙원소성 처치",
        "id": 30076,
        "alias": "Contents.AdventureChallenge.30076",
        "text": "낙원대성의 오른팔 낙원소성 처치"
    },
    "30077": {
        "deprecated": false,
        "Dev_Desc": "거대한 덩치 흑태토악 처치",
        "id": 30077,
        "alias": "Contents.AdventureChallenge.30077",
        "text": "거대한 덩치 흑태토악 처치"
    },
    "30078": {
        "deprecated": false,
        "Dev_Desc": "주먹으로 비탈길을 제패한 청야묘 처치",
        "id": 30078,
        "alias": "Contents.AdventureChallenge.30078",
        "text": "주먹으로 비탈길을 제패한 청야묘 처치"
    },
    "30079": {
        "deprecated": false,
        "Dev_Desc": "나무를 먹고 자란 초향 처치",
        "id": 30079,
        "alias": "Contents.AdventureChallenge.30079",
        "text": "나무를 먹고 자란 초향 처치"
    },
    "30080": {
        "deprecated": false,
        "Dev_Desc": "태록림을 위협하는 대균열 저지",
        "id": 30080,
        "alias": "Contents.AdventureChallenge.30080",
        "text": "태록림을 위협하는 대균열 저지"
    }
}