{
    "60070000": {
        "deprecated": false,
        "Dev_Desc": "생령치유",
        "id": 60070000,
        "alias": "Contents.Skill.Name.RitualBell.7011",
        "text": "생령치유"
    },
    "60070001": {
        "deprecated": false,
        "Dev_Desc": "생령치유",
        "id": 60070001,
        "alias": "Contents.Skill.Desc.RitualBell.7011",
        "text": "대상을 치유하여 생명력을 회복시킵니다."
    },
    "60070002": {
        "deprecated": false,
        "Dev_Desc": "연섬뢰",
        "id": 60070002,
        "alias": "Contents.Skill.Name.RitualBell.7021",
        "text": "연섬뢰"
    },
    "60070003": {
        "deprecated": false,
        "Dev_Desc": "연섬뢰",
        "id": 60070003,
        "alias": "Contents.Skill.Desc.RitualBell.7021",
        "text": "순간적으로 여러 번의 피해를 입힙니다."
    },
    "60070004": {
        "deprecated": false,
        "Dev_Desc": "강섬뢰",
        "id": 60070004,
        "alias": "Contents.Skill.Name.RitualBell.7031",
        "text": "강섬뢰"
    },
    "60070005": {
        "deprecated": false,
        "Dev_Desc": "강섬뢰",
        "id": 60070005,
        "alias": "Contents.Skill.Desc.RitualBell.7031",
        "text": "대상을 강하게 공격합니다."
    },
    "60070006": {
        "deprecated": false,
        "Dev_Desc": "심판",
        "id": 60070006,
        "alias": "Contents.Skill.Name.RitualBell.7041",
        "text": "심판"
    },
    "60070007": {
        "deprecated": false,
        "Dev_Desc": "심판",
        "id": 60070007,
        "alias": "Contents.Skill.Desc.RitualBell.7041",
        "text": "하늘에서 내려 꽂히는 강한 일격을 가합니다."
    },
    "60070008": {
        "deprecated": false,
        "Dev_Desc": "심기일전",
        "id": 60070008,
        "alias": "Contents.Skill.Name.RitualBell.7051",
        "text": "심기일전"
    },
    "60070009": {
        "deprecated": false,
        "Dev_Desc": "심기일전",
        "id": 60070009,
        "alias": "Contents.Skill.Desc.RitualBell.7051",
        "text": "파티원 전체의 피해량을 5초간 증가시킵니다."
    },
    "60070010": {
        "deprecated": false,
        "Dev_Desc": "연쇄치유",
        "id": 60070010,
        "alias": "Contents.Skill.Name.RitualBell.7061",
        "text": "연쇄치유"
    },
    "60070011": {
        "deprecated": false,
        "Dev_Desc": "연쇄치유",
        "id": 60070011,
        "alias": "Contents.Skill.Desc.RitualBell.7061",
        "text": "주변 파티원을 최대 2인까지 연속적으로 치유합니다."
    },
    "60070012": {
        "deprecated": false,
        "Dev_Desc": "치유지대",
        "id": 60070012,
        "alias": "Contents.Skill.Name.RitualBell.7071",
        "text": "치유지대"
    },
    "60070013": {
        "deprecated": false,
        "Dev_Desc": "치유지대",
        "id": 60070013,
        "alias": "Contents.Skill.Desc.RitualBell.7071",
        "text": "대상 근처에 법함을 설치하여 주변 파티원의 생명력을 10초 동안 지속적으로 치유합니다."
    },
    "60070014": {
        "deprecated": false,
        "Dev_Desc": "수호",
        "id": 60070014,
        "alias": "Contents.Skill.Name.RitualBell.7081",
        "text": "수호"
    },
    "60070015": {
        "deprecated": false,
        "Dev_Desc": "수호",
        "id": 60070015,
        "alias": "Contents.Skill.Desc.RitualBell.7081",
        "text": "신령한 기운으로 대상을 보호하여 받는 피해를 25초간 감소시킵니다."
    },
    "60070016": {
        "deprecated": false,
        "Dev_Desc": "구원",
        "id": 60070016,
        "alias": "Contents.Skill.Name.RitualBell.7091",
        "text": "구원"
    },
    "60070017": {
        "deprecated": false,
        "Dev_Desc": "구원",
        "id": 60070017,
        "alias": "Contents.Skill.Desc.RitualBell.7091",
        "text": "파티원 전체의 해로운 효과 일부를 해제하며 생명력을 일정량 회복시킵니다."
    },
    "60070018": {
        "deprecated": false,
        "Dev_Desc": "청화",
        "id": 60070018,
        "alias": "Contents.Skill.Name.RitualBell.7101",
        "text": "청화"
    },
    "60070019": {
        "deprecated": false,
        "Dev_Desc": "청화",
        "id": 60070019,
        "alias": "Contents.Skill.Desc.RitualBell.7101",
        "text": "상서로운 청염의 힘으로 대상을 공격합니다."
    },
    "60070020": {
        "deprecated": false,
        "Dev_Desc": "우보법",
        "id": 60070020,
        "alias": "Contents.Skill.Name.RitualBell.7121",
        "text": "우보법"
    },
    "60070021": {
        "deprecated": false,
        "Dev_Desc": "우보법",
        "id": 60070021,
        "alias": "Contents.Skill.Desc.RitualBell.7121",
        "text": "파티원을 향해 빠르게 이동하며, 대상을 치유합니다."
    },
    "60070022": {
        "deprecated": false,
        "Dev_Desc": "광명청음",
        "id": 60070022,
        "alias": "Contents.Skill.Name.RitualBell.7111",
        "text": "광명청음"
    },
    "60070023": {
        "deprecated": false,
        "Dev_Desc": "광명청음",
        "id": 60070023,
        "alias": "Contents.Skill.Desc.RitualBell.7111",
        "text": "신령한 빛과 소리로 파티원 전체를 감쌉니다. 생명력을 대량 회복시키며 5초간 피해를 입지 않도록 보호합니다."
    },
    "60070024": {
        "deprecated": false,
        "Dev_Desc": "가호",
        "id": 60070024,
        "alias": "Contents.Skill.Name.RitualBell.7201",
        "text": "가호"
    },
    "60070025": {
        "deprecated": false,
        "Dev_Desc": "가호",
        "id": 60070025,
        "alias": "Contents.Skill.Desc.RitualBell.7201",
        "text": "하늘의 가호로 내력 재생이 증가합니다."
    },
    "60070026": {
        "deprecated": false,
        "Dev_Desc": "체화",
        "id": 60070026,
        "alias": "Contents.Skill.Name.RitualBell.7211",
        "text": "체화"
    },
    "60070027": {
        "deprecated": false,
        "Dev_Desc": "체화",
        "id": 60070027,
        "alias": "Contents.Skill.Desc.RitualBell.7211",
        "text": "신령한 기운을 몸으로 체화하여 받는 치유량이 증가합니다."
    },
    "60070028": {
        "deprecated": false,
        "Dev_Desc": "현자",
        "id": 60070028,
        "alias": "Contents.Skill.Name.RitualBell.7221",
        "text": "현자"
    },
    "60070029": {
        "deprecated": false,
        "Dev_Desc": "현자",
        "id": 60070029,
        "alias": "Contents.Skill.Desc.RitualBell.7221",
        "text": "심오한 사고로 지혜와 지능이 증가합니다."
    },
    "60070030": {
        "deprecated": false,
        "Dev_Desc": "득음",
        "id": 60070030,
        "alias": "Contents.Skill.Name.RitualBell.7231",
        "text": "득음"
    },
    "60070031": {
        "deprecated": false,
        "Dev_Desc": "득음",
        "id": 60070031,
        "alias": "Contents.Skill.Desc.RitualBell.7231",
        "text": "음에 대한 깨달음으로 종을 통해 더욱 강한 피해를 입힙니다."
    },
    "60070032": {
        "deprecated": false,
        "Dev_Desc": "은총",
        "id": 60070032,
        "alias": "Contents.Skill.Name.RitualBell.7241",
        "text": "은총"
    },
    "60070033": {
        "deprecated": false,
        "Dev_Desc": "은총",
        "id": 60070033,
        "alias": "Contents.Skill.Desc.RitualBell.7241",
        "text": "하늘의 은총으로 주는 치유량이 증가합니다."
    },
    "60070034": {
        "deprecated": false,
        "Dev_Desc": "현기",
        "id": 60070034,
        "alias": "Contents.Skill.Name.RitualBell.7251",
        "text": "현기"
    },
    "60070035": {
        "deprecated": false,
        "Dev_Desc": "현기",
        "id": 60070035,
        "alias": "Contents.Skill.Desc.RitualBell.7251",
        "text": "치유에 대한 이해가 깊어져 치유력이 증가합니다."
    },
    "60070036": {
        "deprecated": false,
        "Dev_Desc": "통달",
        "id": 60070036,
        "alias": "Contents.Skill.Name.RitualBell.7261",
        "text": "통달"
    },
    "60070037": {
        "deprecated": false,
        "Dev_Desc": "통달",
        "id": 60070037,
        "alias": "Contents.Skill.Desc.RitualBell.7261",
        "text": "만물에 통달하여 강제적인 통제에 더욱 쉽게 저항합니다."
    },
    "60070100": {
        "deprecated": false,
        "Dev_Desc": "생령치유_증폭_설명",
        "id": 60070100,
        "alias": "Contents.Skill.acquireEffectDesc.RitualBell.7012",
        "text": "재사용 대기시간 -2초"
    },
    "60070101": {
        "deprecated": false,
        "Dev_Desc": "생령치유_극한_설명",
        "id": 60070101,
        "alias": "Contents.Skill.acquireEffectDesc.RitualBell.7013",
        "text": "일정 확률로 두 번 치유"
    },
    "60070102": {
        "deprecated": false,
        "Dev_Desc": "생령치유_돌파_설명",
        "id": 60070102,
        "alias": "Contents.Skill.acquireEffectDesc.RitualBell.7014",
        "text": "더욱 높은 확률로 두 번 치유"
    },
    "60070103": {
        "deprecated": false,
        "Dev_Desc": "연섬뢰_증폭_설명",
        "id": 60070103,
        "alias": "Contents.Skill.acquireEffectDesc.RitualBell.7022",
        "text": "내력 소모량 -1"
    },
    "60070104": {
        "deprecated": false,
        "Dev_Desc": "연섬뢰_극한_설명",
        "id": 60070104,
        "alias": "Contents.Skill.acquireEffectDesc.RitualBell.7023",
        "text": "재사용 대기시간 -2초"
    },
    "60070105": {
        "deprecated": false,
        "Dev_Desc": "연섬뢰_돌파_설명",
        "id": 60070105,
        "alias": "Contents.Skill.acquireEffectDesc.RitualBell.7024",
        "text": "명중 시 일정 확률로 내력 +99"
    },
    "60070106": {
        "deprecated": false,
        "Dev_Desc": "강섬뢰_증폭_설명",
        "id": 60070106,
        "alias": "Contents.Skill.acquireEffectDesc.RitualBell.7032",
        "text": "재사용 대기시간 -3초"
    },
    "60070107": {
        "deprecated": false,
        "Dev_Desc": "강섬뢰_극한_설명",
        "id": 60070107,
        "alias": "Contents.Skill.acquireEffectDesc.RitualBell.7033",
        "text": "사용 중 기공 절대 명중 +10%"
    },
    "60070108": {
        "deprecated": false,
        "Dev_Desc": "강섬뢰_돌파_설명",
        "id": 60070108,
        "alias": "Contents.Skill.acquireEffectDesc.RitualBell.7034",
        "text": "치유력에 비례하여 추가 피해 적용"
    },
    "60070109": {
        "deprecated": false,
        "Dev_Desc": "심판_증폭_설명",
        "id": 60070109,
        "alias": "Contents.Skill.acquireEffectDesc.RitualBell.7042",
        "text": "피해량 증가"
    },
    "60070110": {
        "deprecated": false,
        "Dev_Desc": "심판_극한_설명",
        "id": 60070110,
        "alias": "Contents.Skill.acquireEffectDesc.RitualBell.7043",
        "text": "치유력에 비례하여 추가 피해 적용"
    },
    "60070111": {
        "deprecated": false,
        "Dev_Desc": "심판_돌파_설명",
        "id": 60070111,
        "alias": "Contents.Skill.acquireEffectDesc.RitualBell.7044",
        "text": "일정 확률로 \"기절\" 효과 적용"
    },
    "60070112": {
        "deprecated": false,
        "Dev_Desc": "심기일전_증폭_설명",
        "id": 60070112,
        "alias": "Contents.Skill.acquireEffectDesc.RitualBell.7052",
        "text": "지속시간 +2초"
    },
    "60070113": {
        "deprecated": false,
        "Dev_Desc": "심기일전_극한_설명",
        "id": 60070113,
        "alias": "Contents.Skill.acquireEffectDesc.RitualBell.7053",
        "text": "일정 확률로 정밀 +5"
    },
    "60070114": {
        "deprecated": false,
        "Dev_Desc": "심기일전_돌파_설명",
        "id": 60070114,
        "alias": "Contents.Skill.acquireEffectDesc.RitualBell.7054",
        "text": "일정 확률로 근거리, 원거리, 기공 절대 명중 +10%"
    },
    "60070115": {
        "deprecated": false,
        "Dev_Desc": "연쇄치유_증폭_설명",
        "id": 60070115,
        "alias": "Contents.Skill.acquireEffectDesc.RitualBell.7062",
        "text": "연쇄치유가 전달되는 거리 증가"
    },
    "60070116": {
        "deprecated": false,
        "Dev_Desc": "연쇄치유_극한_설명",
        "id": 60070116,
        "alias": "Contents.Skill.acquireEffectDesc.RitualBell.7063",
        "text": "기력 소모량 -50"
    },
    "60070117": {
        "deprecated": false,
        "Dev_Desc": "연쇄치유_돌파_설명",
        "id": 60070117,
        "alias": "Contents.Skill.acquireEffectDesc.RitualBell.7064",
        "text": "최대 4인까지 연속적으로 치유"
    },
    "60070118": {
        "deprecated": false,
        "Dev_Desc": "치유지대_증폭_설명",
        "id": 60070118,
        "alias": "Contents.Skill.acquireEffectDesc.RitualBell.7072",
        "text": "재사용 대기시간 -10초"
    },
    "60070119": {
        "deprecated": false,
        "Dev_Desc": "치유지대_극한_설명",
        "id": 60070119,
        "alias": "Contents.Skill.acquireEffectDesc.RitualBell.7073",
        "text": "유지시간 +5초"
    },
    "60070120": {
        "deprecated": false,
        "Dev_Desc": "치유지대_돌파_설명",
        "id": 60070120,
        "alias": "Contents.Skill.acquireEffectDesc.RitualBell.7074",
        "text": "치유 대상이 아군으로 확장\n치유 범위 증가"
    },
    "60070121": {
        "deprecated": false,
        "Dev_Desc": "수호_증폭_설명",
        "id": 60070121,
        "alias": "Contents.Skill.acquireEffectDesc.RitualBell.7082",
        "text": "내력 소모량 -2"
    },
    "60070122": {
        "deprecated": false,
        "Dev_Desc": "수호_극한_설명",
        "id": 60070122,
        "alias": "Contents.Skill.acquireEffectDesc.RitualBell.7083",
        "text": "받는 피해량 감소 +5%\n사용 거리 증가"
    },
    "60070123": {
        "deprecated": false,
        "Dev_Desc": "수호_돌파_설명",
        "id": 60070123,
        "alias": "Contents.Skill.acquireEffectDesc.RitualBell.7084",
        "text": "받는 피해량 감소 +10%\n반마화살[극한]까지의 해제 효과 무시"
    },
    "60070124": {
        "deprecated": false,
        "Dev_Desc": "구원_증폭_설명",
        "id": 60070124,
        "alias": "Contents.Skill.acquireEffectDesc.RitualBell.7092",
        "text": "\"출혈\", \"화상\", \"이동 속도 감소\", \"경직\" 추가 해제"
    },
    "60070125": {
        "deprecated": false,
        "Dev_Desc": "구원_극한_설명",
        "id": 60070125,
        "alias": "Contents.Skill.acquireEffectDesc.RitualBell.7093",
        "text": "재사용 대기시간 -10초"
    },
    "60070126": {
        "deprecated": false,
        "Dev_Desc": "구원_돌파_설명",
        "id": 60070126,
        "alias": "Contents.Skill.acquireEffectDesc.RitualBell.7094",
        "text": "\"공중\", \"도발\" 추가 해제\n블레이드 효과의 \"행동불능\" 추가 해제"
    },
    "60070127": {
        "deprecated": false,
        "Dev_Desc": "청화_증폭_설명",
        "id": 60070127,
        "alias": "Contents.Skill.acquireEffectDesc.RitualBell.7102",
        "text": "일정 확률로 치유력에 비례하여 대상의 내력 일부 제거"
    },
    "60070128": {
        "deprecated": false,
        "Dev_Desc": "청화_극한_설명",
        "id": 60070128,
        "alias": "Contents.Skill.acquireEffectDesc.RitualBell.7103",
        "text": "피해량 증가"
    },
    "60070129": {
        "deprecated": false,
        "Dev_Desc": "청화_돌파_설명",
        "id": 60070129,
        "alias": "Contents.Skill.acquireEffectDesc.RitualBell.7104",
        "text": "더욱 높은 확률로 치유력에 비례하여 대상의 내력 일부 제거"
    },
    "60070200": {
        "deprecated": false,
        "Dev_Desc": "심판_조건",
        "id": 60070200,
        "alias": "Contents.Effect.requirementDesc.RitualBell.7041"
    },
    "60070201": {
        "deprecated": false,
        "Dev_Desc": "심기일전_조건",
        "id": 60070201,
        "alias": "Contents.Effect.requirementDesc.RitualBell.7051",
        "text": "자신, 파티원 대상"
    },
    "60070202": {
        "deprecated": false,
        "Dev_Desc": "연쇄치유_조건",
        "id": 60070202,
        "alias": "Contents.Effect.requirementDesc.RitualBell.7061",
        "text": "자신, 파티원 대상"
    },
    "60070203": {
        "deprecated": false,
        "Dev_Desc": "치유지대_조건",
        "id": 60070203,
        "alias": "Contents.Effect.requirementDesc.RitualBell.7071",
        "text": "자신, 파티원 대상"
    },
    "60070204": {
        "deprecated": false,
        "Dev_Desc": "수호_조건",
        "id": 60070204,
        "alias": "Contents.Effect.requirementDesc.RitualBell.7081",
        "text": "자신, 파티원, 문파원, 동맹 문파원 대상"
    },
    "60070205": {
        "deprecated": false,
        "Dev_Desc": "구원_조건",
        "id": 60070205,
        "alias": "Contents.Effect.requirementDesc.RitualBell.7091",
        "text": "자신, 파티원 대상"
    },
    "60070206": {
        "deprecated": false,
        "Dev_Desc": "청화_조건",
        "id": 60070206,
        "alias": "Contents.Effect.requirementDesc.RitualBell.7101"
    },
    "60070207": {
        "deprecated": false,
        "Dev_Desc": "광명청음 조건",
        "id": 60070207,
        "alias": "Contents.Effect.requirementDesc.RitualBell.7111",
        "text": "자신, 파티원 대상"
    },
    "60070208": {
        "deprecated": false,
        "Dev_Desc": "생령치유_효과",
        "id": 60070208,
        "alias": "Contents.Skill.UseEffect.RitualBell.7011"
    },
    "60070209": {
        "deprecated": false,
        "Dev_Desc": "연섬뢰_효과",
        "id": 60070209,
        "alias": "Contents.Skill.UseEffect.RitualBell.7021"
    },
    "60070210": {
        "deprecated": false,
        "Dev_Desc": "강섬뢰_효과",
        "id": 60070210,
        "alias": "Contents.Skill.UseEffect.RitualBell.7031"
    },
    "60070211": {
        "deprecated": false,
        "Dev_Desc": "심판_효과",
        "id": 60070211,
        "alias": "Contents.Skill.UseEffect.RitualBell.7041"
    },
    "60070212": {
        "deprecated": false,
        "Dev_Desc": "심기일전_효과",
        "id": 60070212,
        "alias": "Contents.Skill.UseEffect.RitualBell.7051",
        "text": "주는 피해량 증폭 +4%"
    },
    "60070213": {
        "deprecated": false,
        "Dev_Desc": "연쇄치유_효과",
        "id": 60070213,
        "alias": "Contents.Skill.UseEffect.RitualBell.7061"
    },
    "60070214": {
        "deprecated": false,
        "Dev_Desc": "치유지대_효과",
        "id": 60070214,
        "alias": "Contents.Skill.UseEffect.RitualBell.7071"
    },
    "60070215": {
        "deprecated": false,
        "Dev_Desc": "수호_효과",
        "id": 60070215,
        "alias": "Contents.Skill.UseEffect.RitualBell.7081",
        "text": "받는 피해량 감소 +10%"
    },
    "60070216": {
        "deprecated": false,
        "Dev_Desc": "구원_효과",
        "id": 60070216,
        "alias": "Contents.Skill.UseEffect.RitualBell.7091",
        "text": "기절, 빙결 해제"
    },
    "60070217": {
        "deprecated": false,
        "Dev_Desc": "청화_효과",
        "id": 60070217,
        "alias": "Contents.Skill.UseEffect.RitualBell.7101"
    },
    "60070218": {
        "deprecated": false,
        "Dev_Desc": "광명청음_효과",
        "id": 60070218,
        "alias": "Contents.Skill.UseEffect.RitualBell.7111"
    },
    "60070219": {
        "deprecated": false,
        "Dev_Desc": "가호_효과",
        "id": 60070219,
        "alias": "Contents.Skill.UseEffect.RitualBell.7201",
        "text": "내력 재생 +1"
    },
    "60070220": {
        "deprecated": false,
        "Dev_Desc": "체화_효과",
        "id": 60070220,
        "alias": "Contents.Skill.UseEffect.RitualBell.7211",
        "text": "받는 치유량 +2.0%"
    },
    "60070221": {
        "deprecated": false,
        "Dev_Desc": "현자_효과",
        "id": 60070221,
        "alias": "Contents.Skill.UseEffect.RitualBell.7221",
        "text": "지능 +1, 지혜 +1"
    },
    "60070222": {
        "deprecated": false,
        "Dev_Desc": "득음_효과",
        "id": 60070222,
        "alias": "Contents.Skill.UseEffect.RitualBell.7231",
        "text": "법종 공격력 +3"
    },
    "60070223": {
        "deprecated": false,
        "Dev_Desc": "은총_효과",
        "id": 60070223,
        "alias": "Contents.Skill.UseEffect.RitualBell.7241",
        "text": "주는 치유량 +3.0%"
    },
    "60070224": {
        "deprecated": false,
        "Dev_Desc": "현기_효과",
        "id": 60070224,
        "alias": "Contents.Skill.UseEffect.RitualBell.7251",
        "text": "치유력 +10"
    },
    "60070225": {
        "deprecated": false,
        "Dev_Desc": "통달_효과",
        "id": 60070225,
        "alias": "Contents.Skill.UseEffect.RitualBell.7261",
        "text": "통제 저항률 +8.0%"
    },
    "60070300": {
        "deprecated": false,
        "Dev_Desc": "심기일전_피해량_버프창",
        "id": 60070300,
        "alias": "Contents.Effect.Name.RitualBell.705100",
        "text": "심기일전 (피해량)"
    },
    "60070301": {
        "deprecated": false,
        "Dev_Desc": "심기일전_피해량_버프창",
        "id": 60070301,
        "alias": "Contents.Effect.Desc.RitualBell.705100",
        "text": "주는 피해량 증폭"
    },
    "60070302": {
        "deprecated": false,
        "Dev_Desc": "심기일전_정밀_버프창",
        "id": 60070302,
        "alias": "Contents.Effect.Name.RitualBell.705350",
        "text": "심기일전 (정밀)"
    },
    "60070303": {
        "deprecated": false,
        "Dev_Desc": "심기일전_정밀_버프창",
        "id": 60070303,
        "alias": "Contents.Effect.Desc.RitualBell.705350",
        "text": "정밀 증가"
    },
    "60070304": {
        "deprecated": false,
        "Dev_Desc": "심기일전_명중_버프창",
        "id": 60070304,
        "alias": "Contents.Effect.Name.RitualBell.705250",
        "text": "심기일전 (절대 명중)"
    },
    "60070305": {
        "deprecated": false,
        "Dev_Desc": "심기일전_명중_버프창",
        "id": 60070305,
        "alias": "Contents.Effect.Desc.RitualBell.705250",
        "text": "절대 명중 증가"
    },
    "60070306": {
        "deprecated": false,
        "Dev_Desc": "수호_기본_피해감소_버프창",
        "id": 60070306,
        "alias": "Contents.Effect.Name.RitualBell.708100",
        "text": "수호"
    },
    "60070307": {
        "deprecated": false,
        "Dev_Desc": "수호_증폭_피해감소_버프창",
        "id": 60070307,
        "alias": "Contents.Effect.Name.RitualBell.708200",
        "text": "수호[증폭]"
    },
    "60070308": {
        "deprecated": false,
        "Dev_Desc": "수호_극한_피해감소_버프창",
        "id": 60070308,
        "alias": "Contents.Effect.Name.RitualBell.708300",
        "text": "수호[극한]"
    },
    "60070309": {
        "deprecated": false,
        "Dev_Desc": "수호_돌파_피해감소_버프창",
        "id": 60070309,
        "alias": "Contents.Effect.Name.RitualBell.708400",
        "text": "수호[돌파]"
    },
    "60070310": {
        "deprecated": false,
        "Dev_Desc": "수호_피해감소_버프창",
        "id": 60070310,
        "alias": "Contents.Effect.Desc.RitualBell.708100",
        "text": "받는 피해량 감소"
    },
    "60070311": {
        "deprecated": false,
        "Dev_Desc": "구원_통제저항_버프창",
        "id": 60070311,
        "alias": "Contents.Effect.Name.RitualBell.709100",
        "text": "구원"
    },
    "60070312": {
        "deprecated": false,
        "Dev_Desc": "구원_통제저항_버프창",
        "id": 60070312,
        "alias": "Contents.Effect.Desc.RitualBell.709100",
        "text": "통제 저항률 증가"
    },
    "60070313": {
        "deprecated": false,
        "Dev_Desc": "심기일전_피해량_버프창",
        "id": 60070313,
        "alias": "Contents.Effect.Option.RitualBell.705100",
        "text": "주는 피해량 증폭 4.0%"
    },
    "60070314": {
        "deprecated": false,
        "Dev_Desc": "심기일전_피해량_버프창",
        "id": 60070314,
        "alias": "Contents.Effect.Option.RitualBell.705101",
        "text": "주는 피해량 증폭 4.3%"
    },
    "60070315": {
        "deprecated": false,
        "Dev_Desc": "심기일전_피해량_버프창",
        "id": 60070315,
        "alias": "Contents.Effect.Option.RitualBell.705102",
        "text": "주는 피해량 증폭 4.6%"
    },
    "60070316": {
        "deprecated": false,
        "Dev_Desc": "심기일전_피해량_버프창",
        "id": 60070316,
        "alias": "Contents.Effect.Option.RitualBell.705103",
        "text": "주는 피해량 증폭 5.0%"
    },
    "60070317": {
        "deprecated": false,
        "Dev_Desc": "심기일전_피해량_버프창",
        "id": 60070317,
        "alias": "Contents.Effect.Option.RitualBell.705104",
        "text": "주는 피해량 증폭 5.3%"
    },
    "60070318": {
        "deprecated": false,
        "Dev_Desc": "심기일전_피해량_버프창",
        "id": 60070318,
        "alias": "Contents.Effect.Option.RitualBell.705105",
        "text": "주는 피해량 증폭 5.6%"
    },
    "60070319": {
        "deprecated": false,
        "Dev_Desc": "심기일전_피해량_버프창",
        "id": 60070319,
        "alias": "Contents.Effect.Option.RitualBell.705106",
        "text": "주는 피해량 증폭 6.0%"
    },
    "60070320": {
        "deprecated": false,
        "Dev_Desc": "심기일전_피해량_버프창",
        "id": 60070320,
        "alias": "Contents.Effect.Option.RitualBell.705107",
        "text": "주는 피해량 증폭 6.3%"
    },
    "60070321": {
        "deprecated": false,
        "Dev_Desc": "심기일전_피해량_버프창",
        "id": 60070321,
        "alias": "Contents.Effect.Option.RitualBell.705108",
        "text": "주는 피해량 증폭 6.6%"
    },
    "60070322": {
        "deprecated": false,
        "Dev_Desc": "심기일전_피해량_버프창",
        "id": 60070322,
        "alias": "Contents.Effect.Option.RitualBell.705109",
        "text": "주는 피해량 증폭 7.0%"
    },
    "60070323": {
        "deprecated": false,
        "Dev_Desc": "심기일전_정밀_버프창",
        "id": 60070323,
        "alias": "Contents.Effect.Option.RitualBell.705350",
        "text": "정밀 +5"
    },
    "60070324": {
        "deprecated": false,
        "Dev_Desc": "심기일전_명중_버프창",
        "id": 60070324,
        "alias": "Contents.Effect.Option.RitualBell.705250",
        "text": "근거리 절대 명중 +10%\n원거리 절대 명중 +10%\n기공 절대 명중 +10%"
    },
    "60070325": {
        "deprecated": false,
        "Dev_Desc": "수호_기본_피해감소_버프창",
        "id": 60070325,
        "alias": "Contents.Effect.Option.RitualBell.708100",
        "text": "받는 피해량 감소 10.0%"
    },
    "60070326": {
        "deprecated": false,
        "Dev_Desc": "수호_기본_피해감소_버프창",
        "id": 60070326,
        "alias": "Contents.Effect.Option.RitualBell.708101",
        "text": "받는 피해량 감소 10.6%"
    },
    "60070327": {
        "deprecated": false,
        "Dev_Desc": "수호_기본_피해감소_버프창",
        "id": 60070327,
        "alias": "Contents.Effect.Option.RitualBell.708102",
        "text": "받는 피해량 감소 11.1%"
    },
    "60070328": {
        "deprecated": false,
        "Dev_Desc": "수호_기본_피해감소_버프창",
        "id": 60070328,
        "alias": "Contents.Effect.Option.RitualBell.708103",
        "text": "받는 피해량 감소 11.7%"
    },
    "60070329": {
        "deprecated": false,
        "Dev_Desc": "수호_기본_피해감소_버프창",
        "id": 60070329,
        "alias": "Contents.Effect.Option.RitualBell.708104",
        "text": "받는 피해량 감소 12.2%"
    },
    "60070330": {
        "deprecated": false,
        "Dev_Desc": "수호_기본_피해감소_버프창",
        "id": 60070330,
        "alias": "Contents.Effect.Option.RitualBell.708105",
        "text": "받는 피해량 감소 12.8%"
    },
    "60070331": {
        "deprecated": false,
        "Dev_Desc": "수호_기본_피해감소_버프창",
        "id": 60070331,
        "alias": "Contents.Effect.Option.RitualBell.708106",
        "text": "받는 피해량 감소 13.3%"
    },
    "60070332": {
        "deprecated": false,
        "Dev_Desc": "수호_기본_피해감소_버프창",
        "id": 60070332,
        "alias": "Contents.Effect.Option.RitualBell.708107",
        "text": "받는 피해량 감소 13.9%"
    },
    "60070333": {
        "deprecated": false,
        "Dev_Desc": "수호_기본_피해감소_버프창",
        "id": 60070333,
        "alias": "Contents.Effect.Option.RitualBell.708108",
        "text": "받는 피해량 감소 14.4%"
    },
    "60070334": {
        "deprecated": false,
        "Dev_Desc": "수호_기본_피해감소_버프창",
        "id": 60070334,
        "alias": "Contents.Effect.Option.RitualBell.708109",
        "text": "받는 피해량 감소 15.0%"
    },
    "60070335": {
        "deprecated": false,
        "Dev_Desc": "수호_증폭_피해감소_버프창",
        "id": 60070335,
        "alias": "Contents.Effect.Option.RitualBell.708200",
        "text": "받는 피해량 감소 10.0%"
    },
    "60070336": {
        "deprecated": false,
        "Dev_Desc": "수호_증폭_피해감소_버프창",
        "id": 60070336,
        "alias": "Contents.Effect.Option.RitualBell.708201",
        "text": "받는 피해량 감소 10.6%"
    },
    "60070337": {
        "deprecated": false,
        "Dev_Desc": "수호_증폭_피해감소_버프창",
        "id": 60070337,
        "alias": "Contents.Effect.Option.RitualBell.708202",
        "text": "받는 피해량 감소 11.1%"
    },
    "60070338": {
        "deprecated": false,
        "Dev_Desc": "수호_증폭_피해감소_버프창",
        "id": 60070338,
        "alias": "Contents.Effect.Option.RitualBell.708203",
        "text": "받는 피해량 감소 11.7%"
    },
    "60070339": {
        "deprecated": false,
        "Dev_Desc": "수호_증폭_피해감소_버프창",
        "id": 60070339,
        "alias": "Contents.Effect.Option.RitualBell.708204",
        "text": "받는 피해량 감소 12.2%"
    },
    "60070340": {
        "deprecated": false,
        "Dev_Desc": "수호_증폭_피해감소_버프창",
        "id": 60070340,
        "alias": "Contents.Effect.Option.RitualBell.708205",
        "text": "받는 피해량 감소 12.8%"
    },
    "60070341": {
        "deprecated": false,
        "Dev_Desc": "수호_증폭_피해감소_버프창",
        "id": 60070341,
        "alias": "Contents.Effect.Option.RitualBell.708206",
        "text": "받는 피해량 감소 13.3%"
    },
    "60070342": {
        "deprecated": false,
        "Dev_Desc": "수호_증폭_피해감소_버프창",
        "id": 60070342,
        "alias": "Contents.Effect.Option.RitualBell.708207",
        "text": "받는 피해량 감소 13.9%"
    },
    "60070343": {
        "deprecated": false,
        "Dev_Desc": "수호_증폭_피해감소_버프창",
        "id": 60070343,
        "alias": "Contents.Effect.Option.RitualBell.708208",
        "text": "받는 피해량 감소 14.4%"
    },
    "60070344": {
        "deprecated": false,
        "Dev_Desc": "수호_증폭_피해감소_버프창",
        "id": 60070344,
        "alias": "Contents.Effect.Option.RitualBell.708209",
        "text": "받는 피해량 감소 15.0%"
    },
    "60070345": {
        "deprecated": false,
        "Dev_Desc": "수호_극한_피해감소_버프창",
        "id": 60070345,
        "alias": "Contents.Effect.Option.RitualBell.708300",
        "text": "받는 피해량 감소 15.0%"
    },
    "60070346": {
        "deprecated": false,
        "Dev_Desc": "수호_극한_피해감소_버프창",
        "id": 60070346,
        "alias": "Contents.Effect.Option.RitualBell.708301",
        "text": "받는 피해량 감소 15.6%"
    },
    "60070347": {
        "deprecated": false,
        "Dev_Desc": "수호_극한_피해감소_버프창",
        "id": 60070347,
        "alias": "Contents.Effect.Option.RitualBell.708302",
        "text": "받는 피해량 감소 16.1%"
    },
    "60070348": {
        "deprecated": false,
        "Dev_Desc": "수호_극한_피해감소_버프창",
        "id": 60070348,
        "alias": "Contents.Effect.Option.RitualBell.708303",
        "text": "받는 피해량 감소 16.7%"
    },
    "60070349": {
        "deprecated": false,
        "Dev_Desc": "수호_극한_피해감소_버프창",
        "id": 60070349,
        "alias": "Contents.Effect.Option.RitualBell.708304",
        "text": "받는 피해량 감소 17.2%"
    },
    "60070350": {
        "deprecated": false,
        "Dev_Desc": "수호_극한_피해감소_버프창",
        "id": 60070350,
        "alias": "Contents.Effect.Option.RitualBell.708305",
        "text": "받는 피해량 감소 17.8%"
    },
    "60070351": {
        "deprecated": false,
        "Dev_Desc": "수호_극한_피해감소_버프창",
        "id": 60070351,
        "alias": "Contents.Effect.Option.RitualBell.708306",
        "text": "받는 피해량 감소 18.3%"
    },
    "60070352": {
        "deprecated": false,
        "Dev_Desc": "수호_극한_피해감소_버프창",
        "id": 60070352,
        "alias": "Contents.Effect.Option.RitualBell.708307",
        "text": "받는 피해량 감소 18.9%"
    },
    "60070353": {
        "deprecated": false,
        "Dev_Desc": "수호_극한_피해감소_버프창",
        "id": 60070353,
        "alias": "Contents.Effect.Option.RitualBell.708308",
        "text": "받는 피해량 감소 19.4%"
    },
    "60070354": {
        "deprecated": false,
        "Dev_Desc": "수호_극한_피해감소_버프창",
        "id": 60070354,
        "alias": "Contents.Effect.Option.RitualBell.708309",
        "text": "받는 피해량 감소 20.0%"
    },
    "60070355": {
        "deprecated": false,
        "Dev_Desc": "수호_돌파_피해감소_버프창",
        "id": 60070355,
        "alias": "Contents.Effect.Option.RitualBell.708400",
        "text": "받는 피해량 감소 25.0%"
    },
    "60070356": {
        "deprecated": false,
        "Dev_Desc": "수호_돌파_피해감소_버프창",
        "id": 60070356,
        "alias": "Contents.Effect.Option.RitualBell.708401",
        "text": "받는 피해량 감소 25.6%"
    },
    "60070357": {
        "deprecated": false,
        "Dev_Desc": "수호_돌파_피해감소_버프창",
        "id": 60070357,
        "alias": "Contents.Effect.Option.RitualBell.708402",
        "text": "받는 피해량 감소 26.1%"
    },
    "60070358": {
        "deprecated": false,
        "Dev_Desc": "수호_돌파_피해감소_버프창",
        "id": 60070358,
        "alias": "Contents.Effect.Option.RitualBell.708403",
        "text": "받는 피해량 감소 26.7%"
    },
    "60070359": {
        "deprecated": false,
        "Dev_Desc": "수호_돌파_피해감소_버프창",
        "id": 60070359,
        "alias": "Contents.Effect.Option.RitualBell.708404",
        "text": "받는 피해량 감소 27.2%"
    },
    "60070360": {
        "deprecated": false,
        "Dev_Desc": "수호_돌파_피해감소_버프창",
        "id": 60070360,
        "alias": "Contents.Effect.Option.RitualBell.708405",
        "text": "받는 피해량 감소 27.8%"
    },
    "60070361": {
        "deprecated": false,
        "Dev_Desc": "수호_돌파_피해감소_버프창",
        "id": 60070361,
        "alias": "Contents.Effect.Option.RitualBell.708406",
        "text": "받는 피해량 감소 28.3%"
    },
    "60070362": {
        "deprecated": false,
        "Dev_Desc": "수호_돌파_피해감소_버프창",
        "id": 60070362,
        "alias": "Contents.Effect.Option.RitualBell.708407",
        "text": "받는 피해량 감소 28.9%"
    },
    "60070363": {
        "deprecated": false,
        "Dev_Desc": "수호_돌파_피해감소_버프창",
        "id": 60070363,
        "alias": "Contents.Effect.Option.RitualBell.708408",
        "text": "받는 피해량 감소 29.4%"
    },
    "60070364": {
        "deprecated": false,
        "Dev_Desc": "수호_돌파_피해감소_버프창",
        "id": 60070364,
        "alias": "Contents.Effect.Option.RitualBell.708409",
        "text": "받는 피해량 감소 30.0%"
    },
    "60070365": {
        "deprecated": false,
        "Dev_Desc": "구원_통제저항_버프창",
        "id": 60070365,
        "alias": "Contents.Effect.Option.RitualBell.709100",
        "text": "통제 저항률 +1.0%"
    },
    "60070366": {
        "deprecated": false,
        "Dev_Desc": "구원_통제저항_버프창",
        "id": 60070366,
        "alias": "Contents.Effect.Option.RitualBell.709101",
        "text": "통제 저항률 +1.3%"
    },
    "60070367": {
        "deprecated": false,
        "Dev_Desc": "구원_통제저항_버프창",
        "id": 60070367,
        "alias": "Contents.Effect.Option.RitualBell.709102",
        "text": "통제 저항률 +1.6%"
    },
    "60070368": {
        "deprecated": false,
        "Dev_Desc": "구원_통제저항_버프창",
        "id": 60070368,
        "alias": "Contents.Effect.Option.RitualBell.709103",
        "text": "통제 저항률 +2.0%"
    },
    "60070369": {
        "deprecated": false,
        "Dev_Desc": "구원_통제저항_버프창",
        "id": 60070369,
        "alias": "Contents.Effect.Option.RitualBell.709104",
        "text": "통제 저항률 +2.3%"
    },
    "60070370": {
        "deprecated": false,
        "Dev_Desc": "구원_통제저항_버프창",
        "id": 60070370,
        "alias": "Contents.Effect.Option.RitualBell.709105",
        "text": "통제 저항률 +2.6%"
    },
    "60070371": {
        "deprecated": false,
        "Dev_Desc": "구원_통제저항_버프창",
        "id": 60070371,
        "alias": "Contents.Effect.Option.RitualBell.709106",
        "text": "통제 저항률 +3.0%"
    },
    "60070372": {
        "deprecated": false,
        "Dev_Desc": "구원_통제저항_버프창",
        "id": 60070372,
        "alias": "Contents.Effect.Option.RitualBell.709107",
        "text": "통제 저항률 +3.3%"
    },
    "60070373": {
        "deprecated": false,
        "Dev_Desc": "구원_통제저항_버프창",
        "id": 60070373,
        "alias": "Contents.Effect.Option.RitualBell.709108",
        "text": "통제 저항률 +3.6%"
    },
    "60070374": {
        "deprecated": false,
        "Dev_Desc": "구원_통제저항_버프창",
        "id": 60070374,
        "alias": "Contents.Effect.Option.RitualBell.709109",
        "text": "통제 저항률 +5.0%"
    },
    "60070500": {
        "deprecated": false,
        "Dev_Desc": "무공 강화 업그레이드 툴팁",
        "id": 60070500,
        "alias": "Contents.Skill.Upgrade.Name.7000",
        "text": "치유 계수 증가"
    },
    "60070501": {
        "deprecated": false,
        "Dev_Desc": "무공 강화 업그레이드 툴팁",
        "id": 60070501,
        "alias": "Contents.Skill.Upgrade.Name.7001",
        "text": "무공 피해 계수 증가"
    },
    "60070502": {
        "deprecated": false,
        "Dev_Desc": "무공 강화 업그레이드 툴팁",
        "id": 60070502,
        "alias": "Contents.Skill.Upgrade.Name.7002",
        "text": "주는 피해량 증폭"
    },
    "60070503": {
        "deprecated": false,
        "Dev_Desc": "무공 강화 업그레이드 툴팁",
        "id": 60070503,
        "alias": "Contents.Skill.Upgrade.Name.7003",
        "text": "받는 피해량 감소율 증가"
    },
    "60070504": {
        "deprecated": false,
        "Dev_Desc": "무공 강화 업그레이드 툴팁",
        "id": 60070504,
        "alias": "Contents.Skill.Upgrade.Name.7004",
        "text": "통제 저항률 증가"
    },
    "60070505": {
        "deprecated": false,
        "Dev_Desc": "무공 강화 업그레이드 툴팁",
        "id": 60070505,
        "alias": "Contents.Skill.Upgrade.Name.7005",
        "text": "부활 생명력 증가"
    },
    "60070506": {
        "deprecated": false,
        "Dev_Desc": "무공 강화 업그레이드 툴팁",
        "id": 60070506,
        "alias": "Contents.Skill.Upgrade.Name.7006",
        "text": "무적 유지시간 증가"
    },
    "60070507": {
        "deprecated": false,
        "Dev_Desc": "무공 강화 업그레이드 툴팁 패시브",
        "id": 60070507,
        "alias": "Contents.Skill.Upgrade.Name.7007",
        "text": "내력 재생 증가"
    },
    "60070508": {
        "deprecated": false,
        "Dev_Desc": "무공 강화 업그레이드 툴팁 패시브",
        "id": 60070508,
        "alias": "Contents.Skill.Upgrade.Name.7008",
        "text": "치유력 증가"
    },
    "60070509": {
        "deprecated": false,
        "Dev_Desc": "무공 강화 업그레이드 툴팁 패시브",
        "id": 60070509,
        "alias": "Contents.Skill.Upgrade.Name.7009",
        "text": "지능 증가"
    },
    "60070510": {
        "deprecated": false,
        "Dev_Desc": "무공 강화 업그레이드 툴팁 패시브",
        "id": 60070510,
        "alias": "Contents.Skill.Upgrade.Name.7010",
        "text": "지혜 증가"
    },
    "60070511": {
        "deprecated": false,
        "Dev_Desc": "무공 강화 업그레이드 툴팁 패시브",
        "id": 60070511,
        "alias": "Contents.Skill.Upgrade.Name.7011",
        "text": "법종 공격력 증가"
    },
    "60070512": {
        "deprecated": false,
        "Dev_Desc": "무공 강화 업그레이드 툴팁 패시브",
        "id": 60070512,
        "alias": "Contents.Skill.Upgrade.Name.7012",
        "text": "받는 치유량 증가"
    },
    "60070513": {
        "deprecated": false,
        "Dev_Desc": "무공 강화 업그레이드 툴팁 패시브",
        "id": 60070513,
        "alias": "Contents.Skill.Upgrade.Name.7013",
        "text": "통제 저항률 증가"
    },
    "60070514": {
        "deprecated": false,
        "Dev_Desc": "무공 강화 업그레이드 툴팁 패시브",
        "id": 60070514,
        "alias": "Contents.Skill.Upgrade.Name.7014",
        "text": "주는 치유량 증가"
    }
}