{
    "30040000": {
        "deprecated": false,
        "Dev_Desc": "비류하",
        "id": 30040000,
        "alias": "Contents.Gossip.40000",
        "text": "이번에도 늦으셨습니다~ <textColor=[78:148:215:255]>문주님</>! 하하.\n간만에 돌아오신 걸 환영합니다!"
    },
    "30040001": {
        "deprecated": false,
        "Dev_Desc": "풍백문파원",
        "id": 30040001,
        "alias": "Contents.Gossip.40001",
        "text": "(소문대로 백발이시네!)"
    },
    "30040002": {
        "deprecated": false,
        "Dev_Desc": "풍백문파원",
        "id": 30040002,
        "alias": "Contents.Gossip.40002",
        "text": "(<textColor=[78:148:215:255]>시로님</>의 기운을 이어받아서 그렇대!)"
    },
    "30040003": {
        "deprecated": false,
        "Dev_Desc": "풍백문파원",
        "id": 30040003,
        "alias": "Contents.Gossip.40003",
        "text": "(멋져...)"
    },
    "30040004": {
        "deprecated": false,
        "Dev_Desc": "비류하",
        "id": 30040004,
        "alias": "Contents.Gossip.40004",
        "text": "<textColor=[215:94:94:255]>홍돈족</> 일은 <textColor=[78:148:215:255]>순찰조장</>이 처리하고 있습니다.\n<textColor=[78:148:215:255]>순찰조장</>에게 가보시지요."
    },
    "30040005": {
        "deprecated": false,
        "Dev_Desc": "순찰조장",
        "id": 30040005,
        "alias": "Contents.Gossip.40005",
        "text": "<textColor=[78:148:215:255]>홍돈칠</>만 믿고 있어도 괜찮을까?\n하, 그래도 지금은 그 방법 밖에..."
    },
    "30040006": {
        "deprecated": false,
        "Dev_Desc": "순찰조원",
        "id": 30040006,
        "alias": "Contents.Gossip.40006",
        "text": "<textColor=[215:94:94:255]>홍돈족</> 녀석에게 도움을 받겠다니!\n<textColor=[78:148:215:255]>장로님</>이랑 <textColor=[78:148:215:255]>조장님</>은 무슨 생각이시지?"
    },
    "30040007": {
        "deprecated": false,
        "Dev_Desc": "순찰조원",
        "id": 30040007,
        "alias": "Contents.Gossip.40007",
        "text": "그래도 다 계획이 있으시겠지.\n우리는 두 분을 믿고 따르는 수 밖에."
    },
    "30040008": {
        "deprecated": false,
        "Dev_Desc": "홍돈칠",
        "id": 30040008,
        "alias": "Contents.Gossip.40008",
        "text": "우리 부족의 운명은 어디로 가는거셔...\n<textColor=[110:216:175:255]>수월평원</>이 그리우셔..."
    },
    "30040009": {
        "deprecated": false,
        "Dev_Desc": "홍돈칠",
        "id": 30040009,
        "alias": "Contents.Gossip.40009",
        "text": "잘 부탁하셔~!\n우리 부족의 운명은 둘의 손에 달렸으셔!"
    },
    "30040010": {
        "deprecated": false,
        "Dev_Desc": "홍도니",
        "id": 30040010,
        "alias": "Contents.Gossip.40010",
        "text": "이쪽이셔~!"
    },
    "30040011": {
        "deprecated": false,
        "Dev_Desc": "홍돈칠",
        "id": 30040011,
        "alias": "Contents.Gossip.40011",
        "text": "<textColor=[78:148:215:255]>도니</>한테 얘기 들었으셔.\n고생 많았으셔!"
    },
    "30040012": {
        "deprecated": false,
        "Dev_Desc": "전투조장",
        "id": 30040012,
        "alias": "Contents.Gossip.40012",
        "text": "생각보다 <textColor=[215:94:94:255]>검은새벽단</>의 저항이 강하네.\n증원을 고려할 때인가?"
    },
    "30040013": {
        "deprecated": false,
        "Dev_Desc": "전투조장",
        "id": 30040013,
        "alias": "Contents.Gossip.40013",
        "text": "<textColor=[78:148:215:255]>문주님</>과 동행하는 저 소협은 누구지?\n뭔가 묘한 기운이 느껴지는데."
    },
    "30040014": {
        "deprecated": false,
        "Dev_Desc": "백인장",
        "id": 30040014,
        "alias": "Contents.Gossip.40014",
        "text": "깜짝놀랄만한 증원이라는게 대체 뭐지?\n어!? 저, 저분은??"
    },
    "30040015": {
        "deprecated": false,
        "Dev_Desc": "사로잡힌 문파원",
        "id": 30040015,
        "alias": "Contents.Gossip.40015",
        "text": "윽... 실책이다.\n이봐, 괜찮아?"
    },
    "30040016": {
        "deprecated": false,
        "Dev_Desc": "사로잡힌 문파원",
        "id": 30040016,
        "alias": "Contents.Gossip.40016",
        "text": "내 걱정보다 자네 걱정이나해.\n피가 철철나고 있잖아."
    },
    "30040017": {
        "deprecated": false,
        "Dev_Desc": "십인장",
        "id": 30040017,
        "alias": "Contents.Gossip.40017",
        "text": "아, <textColor=[78:148:215:255]>아랑님</>이다!\n<textColor=[78:148:215:255]>문주님</>! 여깁니다!"
    },
    "30040018": {
        "deprecated": false,
        "Dev_Desc": "부상당한 전투조원",
        "id": 30040018,
        "alias": "Contents.Gossip.40018",
        "text": "휴... 살았어..."
    },
    "30040019": {
        "deprecated": false,
        "Dev_Desc": "부상당한 전투조원",
        "id": 30040019,
        "alias": "Contents.Gossip.40019",
        "text": "<textColor=[78:148:215:255]>문주님</>이 와주시다니!"
    },
    "30040020": {
        "deprecated": false,
        "Dev_Desc": "부상당한 전투조원",
        "id": 30040020,
        "alias": "Contents.Gossip.40020",
        "text": "<textColor=[78:148:215:255]>아랑님</>과 함께라니 영광이야!"
    },
    "30040021": {
        "deprecated": false,
        "Dev_Desc": "십인장",
        "id": 30040021,
        "alias": "Contents.Gossip.40021",
        "text": "어떻게...하죠 <textColor=[78:148:215:255]>문주님</>?\n앞은 절벽입니다."
    },
    "30040022": {
        "deprecated": false,
        "Dev_Desc": "아랑",
        "id": 30040022,
        "alias": "Contents.Gossip.40022",
        "text": "음... 이정도 높이면 가능할 수도 있겠는데?\n다들 괜찮겠지?"
    },
    "30040023": {
        "deprecated": false,
        "Dev_Desc": "송문악",
        "id": 30040023,
        "alias": "Contents.Gossip.40023",
        "text": "저, 저 녀석이!! 언제쯤 철이 들는지.\n<textColor=[78:148:215:255]>문주님</>께 도움 되지는 못할망정...!"
    },
    "30040024": {
        "deprecated": false,
        "Dev_Desc": "아랑",
        "id": 30040024,
        "alias": "Contents.Gossip.40024",
        "text": "오우... 지금은 안되겠는데...?"
    },
    "30040025": {
        "deprecated": false,
        "Dev_Desc": "비류하",
        "id": 30040025,
        "alias": "Contents.Gossip.40025",
        "text": "그, 그러게요. 잠시 시간을 두고 오실까요?"
    },
    "30040026": {
        "deprecated": false,
        "Dev_Desc": "문파원",
        "id": 30040026,
        "alias": "Contents.Gossip.40026",
        "text": "<textColor=[78:148:215:255]>시국 사형</>은 왜 그렇게 삐뚤어져 버린 걸 까?\n어렸을 때는 정말 착했는데..."
    },
    "30040027": {
        "deprecated": false,
        "Dev_Desc": "문파원",
        "id": 30040027,
        "alias": "Contents.Gossip.40027",
        "text": "아니 저 <textColor=[255:204:102:255]>낡은 삭도</>를 타고 가다니 제정신인가?\n어휴... 사람이 어쩌다 그렇게 된 건지..."
    }
}