{
    "60030001": {
        "deprecated": false,
        "Dev_Desc": "기공패 디버프 화상_이름",
        "id": 60030001,
        "alias": "Contents.Effect.Name.FireBangle.300001",
        "text": "화상"
    },
    "60030002": {
        "deprecated": false,
        "Dev_Desc": "기공패 디버프 화상_내용",
        "id": 60030002,
        "alias": "Contents.Effect.Desc.FireBangle.300001",
        "text": "지속적인 피해"
    },
    "60030003": {
        "deprecated": false,
        "Dev_Desc": "기공패 디버프 화상_옵션",
        "id": 60030003,
        "alias": "Contents.Effect.Option.FireBangle.300001",
        "text": "유지시간 동안 지속 피해"
    },
    "60030004": {
        "deprecated": false,
        "Dev_Desc": "기공패 디버프 불씨_이름",
        "id": 60030004,
        "alias": "Contents.Effect.Name.FireBangle.300002",
        "text": "불씨"
    },
    "60030005": {
        "deprecated": false,
        "Dev_Desc": "기공패 디버프 불씨_내용",
        "id": 60030005,
        "alias": "Contents.Effect.Desc.FireBangle.300002",
        "text": "화상 효과 적용 가능"
    },
    "60030006": {
        "deprecated": false,
        "Dev_Desc": "기공패 디버프 불씨_옵션",
        "id": 60030006,
        "alias": "Contents.Effect.Option.FireBangle.300002",
        "text": "지속 피해를 주는 \"화상\" 효과 적용 가능"
    },
    "60030007": {
        "deprecated": false,
        "Dev_Desc": "기공패 디버프 둔화_이름",
        "id": 60030007,
        "alias": "Contents.Effect.Name.FireBangle.300020",
        "text": "둔화"
    },
    "60030008": {
        "deprecated": false,
        "Dev_Desc": "기공패 디버프 둔화_내용",
        "id": 60030008,
        "alias": "Contents.Effect.Desc.FireBangle.300020",
        "text": "이동 속도 감소"
    },
    "60030009": {
        "deprecated": false,
        "Dev_Desc": "기공패 디버프 둔화_옵션",
        "id": 60030009,
        "alias": "Contents.Effect.Option.FireBangle.300020",
        "text": "이동 속도 감소율 30%"
    },
    "60030010": {
        "deprecated": false,
        "Dev_Desc": "기공패 용렬빙하 빙결_이름",
        "id": 60030010,
        "alias": "Contents.Effect.Name.FireBangle.300019",
        "text": "빙결"
    },
    "60030011": {
        "deprecated": false,
        "Dev_Desc": "기공패 용렬빙하 빙결_내용",
        "id": 60030011,
        "alias": "Contents.Effect.Desc.FireBangle.300019",
        "text": "이동 및 일부 무공 사용 불가"
    },
    "60030012": {
        "deprecated": false,
        "Dev_Desc": "기공패 용렬빙하 빙결_옵션",
        "id": 60030012,
        "alias": "Contents.Effect.Option.FireBangle.300019",
        "text": "이동 불가\n일부 무공 사용 불가"
    },
    "60030013": {
        "deprecated": false,
        "Dev_Desc": "기공패 디버프 홍염_이름",
        "id": 60030013,
        "alias": "Contents.Effect.Name.FireBangle.300040",
        "text": "홍염"
    },
    "60030014": {
        "deprecated": false,
        "Dev_Desc": "기공패 디버프 홍염_내용",
        "id": 60030014,
        "alias": "Contents.Effect.Desc.FireBangle.300040",
        "text": "기공 절대 방어력 감소"
    },
    "60030015": {
        "deprecated": false,
        "Dev_Desc": "기공패 디버프 홍염_옵션",
        "id": 60030015,
        "alias": "Contents.Effect.Option.FireBangle.300040",
        "text": "기공 절대 방어력 -5%"
    },
    "60030016": {
        "deprecated": false,
        "Dev_Desc": "기공패 디버프 홍염_옵션",
        "id": 60030016,
        "alias": "Contents.Effect.Option.FireBangle.300041",
        "text": "기공 방어력 -3"
    },
    "60030017": {
        "deprecated": false,
        "Dev_Desc": "기공패 디버프 홍염_옵션",
        "id": 60030017,
        "alias": "Contents.Effect.Option.FireBangle.300042",
        "text": "기공 방어력 -4"
    },
    "60030018": {
        "deprecated": false,
        "Dev_Desc": "기공패 디버프 홍염_옵션",
        "id": 60030018,
        "alias": "Contents.Effect.Option.FireBangle.300043",
        "text": "기공 방어력 -5"
    },
    "60030019": {
        "deprecated": false,
        "Dev_Desc": "기공패 디버프 홍염_옵션",
        "id": 60030019,
        "alias": "Contents.Effect.Option.FireBangle.300044",
        "text": "기공 방어력 -6"
    },
    "60030020": {
        "deprecated": false,
        "Dev_Desc": "기공패 디버프 홍염_옵션",
        "id": 60030020,
        "alias": "Contents.Effect.Option.FireBangle.300045",
        "text": "기공 방어력 -7"
    },
    "60030021": {
        "deprecated": false,
        "Dev_Desc": "기공패 디버프 홍염_옵션",
        "id": 60030021,
        "alias": "Contents.Effect.Option.FireBangle.300046",
        "text": "기공 방어력 -8"
    },
    "60030022": {
        "deprecated": false,
        "Dev_Desc": "기공패 디버프 홍염_옵션",
        "id": 60030022,
        "alias": "Contents.Effect.Option.FireBangle.300047",
        "text": "기공 방어력 -9"
    },
    "60030023": {
        "deprecated": false,
        "Dev_Desc": "기공패 디버프 홍염_옵션",
        "id": 60030023,
        "alias": "Contents.Effect.Option.FireBangle.300048",
        "text": "기공 방어력 -10"
    },
    "60030024": {
        "deprecated": false,
        "Dev_Desc": "기공패 디버프 홍염_옵션",
        "id": 60030024,
        "alias": "Contents.Effect.Option.FireBangle.300049",
        "text": "기공 방어력 -12"
    },
    "60030025": {
        "deprecated": false,
        "Dev_Desc": "화륜 가열_평타+무공공속증가_세부",
        "id": 60030025,
        "alias": "Contents.Effect.Name.FireBangle.344111",
        "text": "가열"
    },
    "60030026": {
        "deprecated": false,
        "Dev_Desc": "화륜 가열_평타+무공공속증가_세부",
        "id": 60030026,
        "alias": "Contents.Effect.Desc.FireBangle.344111",
        "text": "공격 속도 관련 능력 증가"
    },
    "60030027": {
        "deprecated": false,
        "Dev_Desc": "화륜 가열_평타+무공공속증가_세부",
        "id": 60030027,
        "alias": "Contents.Effect.Option.FireBangle.344111",
        "text": "기본 공격 속도 +50%"
    },
    "60030028": {
        "deprecated": false,
        "Dev_Desc": "화륜 가열_평타+무공공속증가_세부",
        "id": 60030028,
        "alias": "Contents.Effect.Option.FireBangle.344112",
        "text": "기본 공격 속도 +52%"
    },
    "60030029": {
        "deprecated": false,
        "Dev_Desc": "화륜 가열_평타+무공공속증가_세부",
        "id": 60030029,
        "alias": "Contents.Effect.Option.FireBangle.344113",
        "text": "기본 공격 속도 +54%"
    },
    "60030030": {
        "deprecated": false,
        "Dev_Desc": "화륜 가열_평타+무공공속증가_세부",
        "id": 60030030,
        "alias": "Contents.Effect.Option.FireBangle.344114",
        "text": "기본 공격 속도 +56%"
    },
    "60030031": {
        "deprecated": false,
        "Dev_Desc": "화륜 가열_평타+무공공속증가_세부",
        "id": 60030031,
        "alias": "Contents.Effect.Option.FireBangle.344115",
        "text": "기본 공격 속도 +58%"
    },
    "60030032": {
        "deprecated": false,
        "Dev_Desc": "화륜 가열_평타+무공공속증가_세부",
        "id": 60030032,
        "alias": "Contents.Effect.Option.FireBangle.344116",
        "text": "기본 공격 속도 +60%"
    },
    "60030033": {
        "deprecated": false,
        "Dev_Desc": "화륜 가열_평타+무공공속증가_세부",
        "id": 60030033,
        "alias": "Contents.Effect.Option.FireBangle.344117",
        "text": "기본 공격 속도 +62%"
    },
    "60030034": {
        "deprecated": false,
        "Dev_Desc": "화륜 가열_평타+무공공속증가_세부",
        "id": 60030034,
        "alias": "Contents.Effect.Option.FireBangle.344118",
        "text": "기본 공격 속도 +64%"
    },
    "60030035": {
        "deprecated": false,
        "Dev_Desc": "화륜 가열_평타+무공공속증가_세부",
        "id": 60030035,
        "alias": "Contents.Effect.Option.FireBangle.344119",
        "text": "기본 공격 속도 +66%"
    },
    "60030036": {
        "deprecated": false,
        "Dev_Desc": "화륜 가열_평타+무공공속증가_세부",
        "id": 60030036,
        "alias": "Contents.Effect.Option.FireBangle.344120",
        "text": "기본 공격 속도 +68%"
    },
    "60030037": {
        "deprecated": false,
        "Dev_Desc": "패시브_순환_지능 효과 표시",
        "id": 60030037,
        "alias": "Contents.Skill.useEffectDesc.FireBangle.3031",
        "text": "지능 +1"
    },
    "60030038": {
        "deprecated": false,
        "Dev_Desc": "패시브_냉정_기공패 피해량 효과 표시",
        "id": 60030038,
        "alias": "Contents.Skill.useEffectDesc.FireBangle.3032",
        "text": "기공패 공격력 +2"
    },
    "60030039": {
        "deprecated": false,
        "Dev_Desc": "패시브_열정_기공 공격력 효과 표시",
        "id": 60030039,
        "alias": "Contents.Skill.useEffectDesc.FireBangle.3033",
        "text": "기공 공격력 +2"
    },
    "60030040": {
        "deprecated": false,
        "Dev_Desc": "패시브_폭열_기공 관통력 효과 표시",
        "id": 60030040,
        "alias": "Contents.Skill.useEffectDesc.FireBangle.3034",
        "text": "기공 관통력 +5"
    },
    "60030041": {
        "deprecated": false,
        "Dev_Desc": "패시브_빙백_지혜 효과 표시",
        "id": 60030041,
        "alias": "Contents.Skill.useEffectDesc.FireBangle.3035",
        "text": "지혜 +4"
    },
    "60030042": {
        "deprecated": false,
        "Dev_Desc": "패시브_조화_무공공속",
        "id": 60030042,
        "alias": "Contents.Skill.useEffectDesc.FireBangle.3036",
        "text": "무공 공격 속도 +"
    },
    "60030043": {
        "deprecated": false,
        "Dev_Desc": "패시브_염제_기공 명중",
        "id": 60030043,
        "alias": "Contents.Skill.useEffectDesc.FireBangle.3037",
        "text": "기공 명중 +13"
    },
    "60030044": {
        "deprecated": false,
        "Dev_Desc": "패시브_홍염_기공방어력감소",
        "id": 60030044,
        "alias": "Contents.Skill.useEffectDesc.FireBangle.3038",
        "text": "대상의 기공 절대 방어력 -5%"
    },
    "60030045": {
        "deprecated": false,
        "Dev_Desc": "패시브_빙정_둔화중빙결시빙결추가",
        "id": 60030045,
        "alias": "Contents.Skill.useEffectDesc.FireBangle.3039",
        "text": "\"빙결\" 상태이상 적중 확률 증가"
    },
    "60030046": {
        "deprecated": false,
        "Dev_Desc": "기공패 효과 표시 화상",
        "id": 60030046,
        "alias": "Contents.Skill.useEffectDesc.FireBangle.3000",
        "text": "화상"
    },
    "60030047": {
        "deprecated": false,
        "Dev_Desc": "기공패 효과 표시 둔화",
        "id": 60030047,
        "alias": "Contents.Skill.useEffectDesc.FireBangle.3001",
        "text": "이동 속도 감소율 +30%"
    },
    "60030048": {
        "deprecated": false,
        "Dev_Desc": "기공패 효과 표시 빙결",
        "id": 60030048,
        "alias": "Contents.Skill.useEffectDesc.FireBangle.3004",
        "text": "빙결"
    },
    "60030049": {
        "deprecated": false,
        "Dev_Desc": "기공패 효과 표시 기절 해제",
        "id": 60030049,
        "alias": "Contents.Skill.useEffectDesc.FireBangle.3331",
        "text": "기절 해제, 통제 저항률 +8%"
    },
    "60030050": {
        "deprecated": false,
        "Dev_Desc": "기공패 조건 표시 화상",
        "id": 60030050,
        "alias": "Contents.Skill.requirementDesc.FireBangle.3000",
        "text": "화상"
    },
    "60030051": {
        "deprecated": false,
        "Dev_Desc": "기공패 조건 표시 발화",
        "id": 60030051,
        "alias": "Contents.Skill.requirementDesc.FireBangle.3271",
        "text": "발화"
    },
    "60030052": {
        "deprecated": false,
        "Dev_Desc": "기공패 조건 표시 기절",
        "id": 60030052,
        "alias": "Contents.Skill.requirementDesc.FireBangle.3331",
        "text": "기절"
    },
    "60030053": {
        "deprecated": false,
        "Dev_Desc": "기공패 효과 표시 연화",
        "id": 60030053,
        "alias": "Contents.Skill.useEffectDesc.FireBangle.3351",
        "text": "발화"
    },
    "60030054": {
        "deprecated": false,
        "Dev_Desc": "기공패 효과 표시 가열_기본공속",
        "id": 60030054,
        "alias": "Contents.Skill.useEffectDesc.FireBangle.3441",
        "text": "기본 공격 속도 +50%"
    },
    "60030055": {
        "deprecated": false,
        "Dev_Desc": "기공패 화광소천 효과 표시",
        "id": 60030055,
        "alias": "Contents.Skill.useEffectDesc.FireBangle.3651",
        "text": "당기기, 밀치기, 기절, 화상"
    },
    "60030056": {
        "deprecated": false,
        "Dev_Desc": "기공패 버프 발화Lv1_이름",
        "id": 60030056,
        "alias": "Contents.Effect.Name.FireBangle.300012",
        "text": "발화"
    },
    "60030057": {
        "deprecated": false,
        "Dev_Desc": "기공패 버프 발화_내용",
        "id": 60030057,
        "alias": "Contents.Effect.Desc.FireBangle.300012",
        "text": "화염 무공 활성화"
    },
    "60030058": {
        "deprecated": false,
        "Dev_Desc": "기공패 버프 발화_옵션",
        "id": 60030058,
        "alias": "Contents.Effect.Option.FireBangle.300012",
        "text": "유성, 비륜연휘 사용 가능"
    },
    "60030059": {
        "deprecated": false,
        "Dev_Desc": "기공패 버프 발화_세부",
        "id": 60030059,
        "alias": "Contents.Effect.Detail.FireBangle.300012"
    },
    "60030060": {
        "deprecated": false,
        "Dev_Desc": "화련장",
        "id": 60030060,
        "alias": "Contents.Skill.Name.FireBangle.3061",
        "text": "화련장"
    },
    "60030061": {
        "deprecated": false,
        "Dev_Desc": "기공패 무공 화련장_설명",
        "id": 60030061,
        "alias": "Contents.Skill.Desc.FireBangle.3061",
        "text": "적에게 화염구를 발사하여 피해를 입힙니다."
    },
    "60030062": {
        "deprecated": false,
        "Dev_Desc": "비륜연휘",
        "id": 60030062,
        "alias": "Contents.Skill.Name.FireBangle.3271",
        "text": "비륜연휘"
    },
    "60030063": {
        "deprecated": false,
        "Dev_Desc": "기공패 무공 비륜연휘_설명",
        "id": 60030063,
        "alias": "Contents.Skill.Desc.FireBangle.3271",
        "text": "초고온의 불덩이를 난사하여 피해를 입힙니다.\n\"발화\" 효과를 소모하여 사용 가능합니다."
    },
    "60030064": {
        "deprecated": false,
        "Dev_Desc": "회진보",
        "id": 60030064,
        "alias": "Contents.Skill.Name.FireBangle.3331",
        "text": "회진보"
    },
    "60030065": {
        "deprecated": false,
        "Dev_Desc": "기공패 무공 회진보_설명",
        "id": 60030065,
        "alias": "Contents.Skill.Desc.FireBangle.3331",
        "text": "불과 재의 모습으로 변하여 \"기절\" 효과를 해제하고 후방으로 회피 합니다. 사용 시, 5초간 통제 저항률이 증가합니다."
    },
    "60030066": {
        "deprecated": false,
        "Dev_Desc": "연화",
        "id": 60030066,
        "alias": "Contents.Skill.Name.FireBangle.3351",
        "text": "연화"
    },
    "60030067": {
        "deprecated": false,
        "Dev_Desc": "기공패 무공 연화_설명",
        "id": 60030067,
        "alias": "Contents.Skill.Desc.FireBangle.3351",
        "text": "대상에게 즉각 화기를 주입하여 피해를 입힙니다.\n명중 시, 특정 무공 사용을 가능하게 하는 \"발화\" 효과를 5.5초간 얻습니다."
    },
    "60030068": {
        "deprecated": false,
        "Dev_Desc": "얼음창-기본",
        "id": 60030068,
        "alias": "Contents.Skill.Name.FireBangle.3371",
        "text": "얼음창"
    },
    "60030069": {
        "deprecated": false,
        "Dev_Desc": "기공패 무공 얼음창_설명",
        "id": 60030069,
        "alias": "Contents.Skill.Desc.FireBangle.3371",
        "text": "다수의 얼음창을 소환하여 적에게 발사합니다.\n일정 확률로 이동 속도를 감소시키는 \"둔화\" 효과를 적용합니다."
    },
    "60030070": {
        "deprecated": false,
        "Dev_Desc": "유성",
        "id": 60030070,
        "alias": "Contents.Skill.Name.FireBangle.3627",
        "text": "유성"
    },
    "60030071": {
        "deprecated": false,
        "Dev_Desc": "기공패 무공 유성_설명",
        "id": 60030071,
        "alias": "Contents.Skill.Desc.FireBangle.3627",
        "text": "유성을 떨궈 피해를 입히고 일정 확률로 주기적인 피해를 주는 \"화상\" 효과를 적용합니다. \"발화\" 효과를 소모하며 범위 내 최대 3인까지 적중합니다."
    },
    "60030072": {
        "deprecated": false,
        "Dev_Desc": "봉황시",
        "id": 60030072,
        "alias": "Contents.Skill.Name.FireBangle.3381",
        "text": "봉황시"
    },
    "60030073": {
        "deprecated": false,
        "Dev_Desc": "기공패 무공 봉황시_설명",
        "id": 60030073,
        "alias": "Contents.Skill.Desc.FireBangle.3381",
        "text": "공중으로 날아올라 작열하는 봉황의 깃털을 연사합니다."
    },
    "60030074": {
        "deprecated": false,
        "Dev_Desc": "용렬빙하",
        "id": 60030074,
        "alias": "Contents.Skill.Name.FireBangle.3401",
        "text": "용렬빙하"
    },
    "60030075": {
        "deprecated": false,
        "Dev_Desc": "기공패 무공 용렬빙하_설명",
        "id": 60030075,
        "alias": "Contents.Skill.Desc.FireBangle.3401",
        "text": "전방으로 길게 솟아오르는 빙하를 형성하여, 일정 확률로 이동을 방해하는 \"빙결\" 효과를 적용합니다.\n범위 내 최대 3인까지 적중합니다."
    },
    "60030076": {
        "deprecated": false,
        "Dev_Desc": "결빙공-기본",
        "id": 60030076,
        "alias": "Contents.Skill.Name.FireBangle.3411",
        "text": "결빙공"
    },
    "60030077": {
        "deprecated": false,
        "Dev_Desc": "기공패 무공 결빙공-기본_설명",
        "id": 60030077,
        "alias": "Contents.Skill.Desc.FireBangle.3411",
        "text": "자신을 얼음으로 감싸 보호합니다.\n4초간 모든 방향의 공격으로부터 방어합니다."
    },
    "60030078": {
        "deprecated": false,
        "Dev_Desc": "무공 화륜",
        "id": 60030078,
        "alias": "Contents.Skill.Name.FireBangle.3441",
        "text": "화륜"
    },
    "60030079": {
        "deprecated": false,
        "Dev_Desc": "무공 화륜 설명",
        "id": 60030079,
        "alias": "Contents.Skill.Desc.FireBangle.3441",
        "text": "내재된 화기를 방출하여 파티원들의 기본 공격 속도를 증가시키는 \"가열\" 효과를 12초간 부여합니다."
    },
    "60030080": {
        "deprecated": false,
        "Dev_Desc": "화광소천",
        "id": 60030080,
        "alias": "Contents.Skill.Name.FireBangle.3651",
        "text": "화광소천"
    },
    "60030081": {
        "deprecated": false,
        "Dev_Desc": "기공패 무공 화광소천_설명",
        "id": 60030081,
        "alias": "Contents.Skill.Desc.FireBangle.3651",
        "text": "궁극의 화염폭풍을 형성하여 일정 확률로 끌어당긴 후 폭발시켜 밀어냅니다.\n범위 내 최대 5인까지 적중합니다.\n사용 중 통제 상태에 면역이 됩니다."
    },
    "60030082": {
        "deprecated": false,
        "Dev_Desc": "기공패 패시브 순환",
        "id": 60030082,
        "alias": "Contents.Skill.Name.FireBangle.3031",
        "text": "순환"
    },
    "60030083": {
        "deprecated": false,
        "Dev_Desc": "기공패 패시브 순환_설명",
        "id": 60030083,
        "alias": "Contents.Skill.Desc.FireBangle.3031",
        "text": "열기와 냉기의 순환을 이해합니다.\n지능이 증가합니다."
    },
    "60030084": {
        "deprecated": false,
        "Dev_Desc": "기공패 패시브 냉정",
        "id": 60030084,
        "alias": "Contents.Skill.Name.FireBangle.3032",
        "text": "냉정"
    },
    "60030085": {
        "deprecated": false,
        "Dev_Desc": "기공패 패시브 냉정_설명",
        "id": 60030085,
        "alias": "Contents.Skill.Desc.FireBangle.3032",
        "text": "냉정을 유지하는 침착한 마음가짐을 갖습니다.\n기공패 공격력이 증가합니다."
    },
    "60030086": {
        "deprecated": false,
        "Dev_Desc": "기공패 패시브 열정",
        "id": 60030086,
        "alias": "Contents.Skill.Name.FireBangle.3033",
        "text": "열정"
    },
    "60030087": {
        "deprecated": false,
        "Dev_Desc": "기공패 패시브 열정_설명",
        "id": 60030087,
        "alias": "Contents.Skill.Desc.FireBangle.3033",
        "text": "무공에 대한 열정으로 스스로를 연마합니다.\n기공 공격력이 증가합니다."
    },
    "60030088": {
        "deprecated": false,
        "Dev_Desc": "기공패 패시브 폭열",
        "id": 60030088,
        "alias": "Contents.Skill.Name.FireBangle.3034",
        "text": "폭열"
    },
    "60030089": {
        "deprecated": false,
        "Dev_Desc": "기공패 패시브 폭열_설명",
        "id": 60030089,
        "alias": "Contents.Skill.Desc.FireBangle.3034",
        "text": "불의 이치를 깨닫습니다.\n기공 관통력이 증가합니다."
    },
    "60030090": {
        "deprecated": false,
        "Dev_Desc": "기공패 패시브 빙백",
        "id": 60030090,
        "alias": "Contents.Skill.Name.FireBangle.3035",
        "text": "빙백"
    },
    "60030091": {
        "deprecated": false,
        "Dev_Desc": "기공패 패시브 빙백_설명",
        "id": 60030091,
        "alias": "Contents.Skill.Desc.FireBangle.3035",
        "text": "얼음의 이치를 깨닫습니다.\n지혜가 증가합니다."
    },
    "60030092": {
        "deprecated": false,
        "Dev_Desc": "기공패 패시브 조화",
        "id": 60030092,
        "alias": "Contents.Skill.Name.FireBangle.3036",
        "text": "조화"
    },
    "60030093": {
        "deprecated": false,
        "Dev_Desc": "기공패 패시브 조화_설명",
        "id": 60030093,
        "alias": "Contents.Skill.Desc.FireBangle.3036",
        "text": "얼음과 불의 조화를 이뤄냅니다.\n무공 공격 속도가 증가합니다."
    },
    "60030094": {
        "deprecated": false,
        "Dev_Desc": "기공패 패시브 염제",
        "id": 60030094,
        "alias": "Contents.Skill.Name.FireBangle.3037",
        "text": "염제"
    },
    "60030095": {
        "deprecated": false,
        "Dev_Desc": "기공패 패시브 염제_설명",
        "id": 60030095,
        "alias": "Contents.Skill.Desc.FireBangle.3037",
        "text": "불을 다루는 무공에 통달합니다.\n기공 명중이 증가합니다."
    },
    "60030096": {
        "deprecated": false,
        "Dev_Desc": "기공패 패시브 홍염",
        "id": 60030096,
        "alias": "Contents.Skill.Name.FireBangle.3038",
        "text": "홍염"
    },
    "60030097": {
        "deprecated": false,
        "Dev_Desc": "기공패 패시브 홍염_설명",
        "id": 60030097,
        "alias": "Contents.Skill.Desc.FireBangle.3038",
        "text": "더욱 맹렬하고 붉은 화염을 다루게 됩니다.\n대상이 \"화상\" 상태가 되었을 때, 대상의 기공 절대 방어력을 감소시키는 \"홍염\" 효과를 부여합니다."
    },
    "60030098": {
        "deprecated": false,
        "Dev_Desc": "기공패 패시브 빙정",
        "id": 60030098,
        "alias": "Contents.Skill.Name.FireBangle.3039",
        "text": "빙정"
    },
    "60030099": {
        "deprecated": false,
        "Dev_Desc": "기공패 패시브 빙정_설명",
        "id": 60030099,
        "alias": "Contents.Skill.Desc.FireBangle.3039",
        "text": "얼음을 다루는 무공에 통달합니다.\n\"둔화\" 효과가 적용 중인 대상을 상대로\n\"빙결\" 상태이상의 적중 확률이 올라갑니다."
    },
    "60030100": {
        "deprecated": false,
        "Dev_Desc": "화련장_일반_증폭_성장설명",
        "id": 60030100,
        "alias": "Contents.Skill.acquireEffectDesc.3062",
        "text": "지능에 비례하여 추가 피해 적용"
    },
    "60030101": {
        "deprecated": false,
        "Dev_Desc": "화련장_희귀_극한_성장설명",
        "id": 60030101,
        "alias": "Contents.Skill.acquireEffectDesc.3063",
        "text": "광역 피해로 전환\n범위 내 최대 3인까지 적중"
    },
    "60030102": {
        "deprecated": false,
        "Dev_Desc": "화련장_영웅_돌파_성장설명",
        "id": 60030102,
        "alias": "Contents.Skill.acquireEffectDesc.3064",
        "text": "일정 확률로 5.5초간 자신에게 \"발화\" 효과 부여"
    },
    "60030103": {
        "deprecated": false,
        "Dev_Desc": "비륜연휘_증폭_성장설명",
        "id": 60030103,
        "alias": "Contents.Skill.acquireEffectDesc.3281",
        "text": "사용 중 기공 절대 관통력 +10%"
    },
    "60030104": {
        "deprecated": false,
        "Dev_Desc": "비륜연휘_극한_성장설명",
        "id": 60030104,
        "alias": "Contents.Skill.acquireEffectDesc.3291",
        "text": "일정 확률로 5.5초간 자신에게 \"발화\" 효과 부여"
    },
    "60030105": {
        "deprecated": false,
        "Dev_Desc": "비륜연휘_돌파_성장설명",
        "id": 60030105,
        "alias": "Contents.Skill.acquireEffectDesc.3321",
        "text": "강력한 폭발을 일으키는 기폭양염 연계\n대상 주변의 \"화상\" 상태인 적은 함께 피격"
    },
    "60030106": {
        "deprecated": false,
        "Dev_Desc": "회진보_증폭_성장설명",
        "id": 60030106,
        "alias": "Contents.Skill.acquireEffectDesc.3332",
        "text": "내력 소모량 -5"
    },
    "60030107": {
        "deprecated": false,
        "Dev_Desc": "회진보 극한_성장설명",
        "id": 60030107,
        "alias": "Contents.Skill.acquireEffectDesc.3333",
        "text": "재사용 대기시간 -5초"
    },
    "60030108": {
        "deprecated": false,
        "Dev_Desc": "회진보_돌파_성장설명",
        "id": 60030108,
        "alias": "Contents.Skill.acquireEffectDesc.3334",
        "text": "시전 시, 지능에 비례하여 체력 회복"
    },
    "60030109": {
        "deprecated": false,
        "Dev_Desc": "연화_일반_증폭_성장설명",
        "id": 60030109,
        "alias": "Contents.Skill.acquireEffectDesc.3352",
        "text": "일정 확률로 \"화상\" 효과 적용"
    },
    "60030110": {
        "deprecated": false,
        "Dev_Desc": "연화_상급_극한_성장설명",
        "id": 60030110,
        "alias": "Contents.Skill.acquireEffectDesc.3353",
        "text": "재사용 대기시간 -2초"
    },
    "60030111": {
        "deprecated": false,
        "Dev_Desc": "연화_영웅_돌파_성장설명",
        "id": 60030111,
        "alias": "Contents.Skill.acquireEffectDesc.3354",
        "text": "사용 중 기공 절대 명중 +25%"
    },
    "60030112": {
        "deprecated": false,
        "Dev_Desc": "얼음창_상급_증폭_성장설명",
        "id": 60030112,
        "alias": "Contents.Skill.acquireEffectDesc.3372",
        "text": "내력 소모량 -2"
    },
    "60030113": {
        "deprecated": false,
        "Dev_Desc": "얼음창_희귀_극한_성장설명",
        "id": 60030113,
        "alias": "Contents.Skill.acquireEffectDesc.3373",
        "text": "재사용 대기시간 -2초"
    },
    "60030114": {
        "deprecated": false,
        "Dev_Desc": "얼음창_영웅_돌파_성장설명",
        "id": 60030114,
        "alias": "Contents.Skill.acquireEffectDesc.3374",
        "text": "일정 확률로 \"빙결\" 효과 적용"
    },
    "60030115": {
        "deprecated": false,
        "Dev_Desc": "봉황시_증폭_성장설명",
        "id": 60030115,
        "alias": "Contents.Skill.acquireEffectDesc.3382",
        "text": "사용 중 기공 절대 관통력 +10%"
    },
    "60030116": {
        "deprecated": false,
        "Dev_Desc": "봉황시_극한_성장설명",
        "id": 60030116,
        "alias": "Contents.Skill.acquireEffectDesc.3383",
        "text": "사용 중 기공 절대 관통력 +20%"
    },
    "60030117": {
        "deprecated": false,
        "Dev_Desc": "봉황시_돌파_성장설명",
        "id": 60030117,
        "alias": "Contents.Skill.acquireEffectDesc.3384",
        "text": "지능에 비례하여 추가 피해 적용"
    },
    "60030118": {
        "deprecated": false,
        "Dev_Desc": "용렬빙하_증폭_성장설명",
        "id": 60030118,
        "alias": "Contents.Skill.acquireEffectDesc.3402",
        "text": "지속시간 +1초"
    },
    "60030119": {
        "deprecated": false,
        "Dev_Desc": "용렬빙하_극한_성장설명",
        "id": 60030119,
        "alias": "Contents.Skill.acquireEffectDesc.3403",
        "text": "일정 확률로 \"둔화\" 효과 적용"
    },
    "60030120": {
        "deprecated": false,
        "Dev_Desc": "용렬빙하_돌파_성장설명",
        "id": 60030120,
        "alias": "Contents.Skill.acquireEffectDesc.3404",
        "text": "용렬빙하 범위 폭 증가\n범위 내 최대 5인까지 적중"
    },
    "60030121": {
        "deprecated": false,
        "Dev_Desc": "결빙공_증폭_성장설명",
        "id": 60030121,
        "alias": "Contents.Skill.acquireEffectDesc.3421",
        "text": "기력 소모량 -100"
    },
    "60030122": {
        "deprecated": false,
        "Dev_Desc": "결빙공_극한_성장설명",
        "id": 60030122,
        "alias": "Contents.Skill.acquireEffectDesc.3422",
        "text": "방어 성공 시, 공격한 대상에게 피해 적용"
    },
    "60030123": {
        "deprecated": false,
        "Dev_Desc": "결빙공_돌파_성장설명",
        "id": 60030123,
        "alias": "Contents.Skill.acquireEffectDesc.3431",
        "text": "방어 성공 시, 일정 확률로 \"둔화\" 효과 적용"
    },
    "60030124": {
        "deprecated": false,
        "Dev_Desc": "화륜_증폭_성장설명",
        "id": 60030124,
        "alias": "Contents.Skill.acquireEffectDesc.3442",
        "text": "무공 공격 속도 +30%"
    },
    "60030125": {
        "deprecated": false,
        "Dev_Desc": "화륜_극한_성장설명",
        "id": 60030125,
        "alias": "Contents.Skill.acquireEffectDesc.3443",
        "text": "재사용 대기시간 -20초"
    },
    "60030126": {
        "deprecated": false,
        "Dev_Desc": "화륜_돌파_성장설명",
        "id": 60030126,
        "alias": "Contents.Skill.acquireEffectDesc.3444",
        "text": "소울 발동률 +5%"
    },
    "60030127": {
        "deprecated": false,
        "Dev_Desc": "유성_상급_증폭_성장설명",
        "id": 60030127,
        "alias": "Contents.Skill.acquireEffectDesc.3628",
        "text": "일정 확률로 5.5초간 자신에게 \"발화\" 효과 부여"
    },
    "60030128": {
        "deprecated": false,
        "Dev_Desc": "유성_희귀_극한_성장설명",
        "id": 60030128,
        "alias": "Contents.Skill.acquireEffectDesc.3629",
        "text": "얼음 유성을 추가 발사하여, 일정 확률로 \"둔화\" 효과 적용"
    },
    "60030129": {
        "deprecated": false,
        "Dev_Desc": "유성_영웅_돌파_성장설명",
        "id": 60030129,
        "alias": "Contents.Skill.acquireEffectDesc.3630",
        "text": "유성 범위 증가\n범위 내 최대 5인까지 적중"
    },
    "60030130": {
        "deprecated": false,
        "Dev_Desc": "강화텍스트_지능",
        "id": 60030130,
        "alias": "Contents.Skill.Upgrade.Name.3031",
        "text": "지능 증가"
    },
    "60030131": {
        "deprecated": false,
        "Dev_Desc": "강화텍스트_기공패 공격력",
        "id": 60030131,
        "alias": "Contents.Skill.Upgrade.Name.3032",
        "text": "기공패 공격력 증가"
    },
    "60030132": {
        "deprecated": false,
        "Dev_Desc": "강화텍스트_기공 공격력",
        "id": 60030132,
        "alias": "Contents.Skill.Upgrade.Name.3033",
        "text": "기공 공격력 증가"
    },
    "60030133": {
        "deprecated": false,
        "Dev_Desc": "강화텍스트_기공 관통력",
        "id": 60030133,
        "alias": "Contents.Skill.Upgrade.Name.3034",
        "text": "기공 관통력 증가"
    },
    "60030134": {
        "deprecated": false,
        "Dev_Desc": "강화텍스트_지혜",
        "id": 60030134,
        "alias": "Contents.Skill.Upgrade.Name.3035",
        "text": "지혜 증가"
    },
    "60030135": {
        "deprecated": false,
        "Dev_Desc": "강화텍스트_기공 명중",
        "id": 60030135,
        "alias": "Contents.Skill.Upgrade.Name.3037",
        "text": "기공 명중 증가"
    },
    "60030136": {
        "deprecated": false,
        "Dev_Desc": "강화텍스트_무공 피해 계수 증가",
        "id": 60030136,
        "alias": "Contents.Skill.Upgrade.Name.3000",
        "text": "무공 피해 계수 증가"
    },
    "60030137": {
        "deprecated": false,
        "Dev_Desc": "강화텍스트_통제 저항률 증가",
        "id": 60030137,
        "alias": "Contents.Skill.Upgrade.Name.3331",
        "text": "통제 저항률 증가"
    },
    "60030138": {
        "deprecated": false,
        "Dev_Desc": "강화텍스트_막기 중 받는 피해량 감소",
        "id": 60030138,
        "alias": "Contents.Skill.Upgrade.Name.3410",
        "text": "막기 피해량 감소"
    },
    "60030139": {
        "deprecated": false,
        "Dev_Desc": "강화텍스트_기본 공격 속도",
        "id": 60030139,
        "alias": "Contents.Skill.Upgrade.Name.3441",
        "text": "기본 공격 속도 증가"
    },
    "60030140": {
        "deprecated": false,
        "Dev_Desc": "회진보 극한 통제저항률 증가",
        "id": 60030140,
        "alias": "Contents.Effect.Name.FireBangle.333110",
        "text": "회진보"
    },
    "60030141": {
        "deprecated": false,
        "Dev_Desc": "회진보 극한 통제저항률 증가",
        "id": 60030141,
        "alias": "Contents.Effect.Desc.FireBangle.333110",
        "text": "통제 저항률 증가"
    },
    "60030142": {
        "deprecated": false,
        "Dev_Desc": "회진보 극한 통제저항률 증가",
        "id": 60030142,
        "alias": "Contents.Effect.Option.FireBangle.333110",
        "text": "통제 저항률 +8%"
    },
    "60030143": {
        "deprecated": false,
        "Dev_Desc": "회진보 극한 통제저항률 증가",
        "id": 60030143,
        "alias": "Contents.Effect.Option.FireBangle.333120",
        "text": "통제 저항률 +11%"
    },
    "60030144": {
        "deprecated": false,
        "Dev_Desc": "회진보 극한 통제저항률 증가",
        "id": 60030144,
        "alias": "Contents.Effect.Option.FireBangle.333130",
        "text": "통제 저항률 +14%"
    },
    "60030145": {
        "deprecated": false,
        "Dev_Desc": "회진보 극한 통제저항률 증가",
        "id": 60030145,
        "alias": "Contents.Effect.Option.FireBangle.333140",
        "text": "통제 저항률 +17%"
    },
    "60030146": {
        "deprecated": false,
        "Dev_Desc": "회진보 극한 통제저항률 증가",
        "id": 60030146,
        "alias": "Contents.Effect.Option.FireBangle.333150",
        "text": "통제 저항률 +20%"
    },
    "60030147": {
        "deprecated": false,
        "Dev_Desc": "회진보 극한 통제저항률 증가",
        "id": 60030147,
        "alias": "Contents.Effect.Option.FireBangle.333160",
        "text": "통제 저항률 +23%"
    },
    "60030148": {
        "deprecated": false,
        "Dev_Desc": "회진보 극한 통제저항률 증가",
        "id": 60030148,
        "alias": "Contents.Effect.Option.FireBangle.333170",
        "text": "통제 저항률 +26%"
    },
    "60030149": {
        "deprecated": false,
        "Dev_Desc": "회진보 극한 통제저항률 증가",
        "id": 60030149,
        "alias": "Contents.Effect.Option.FireBangle.333180",
        "text": "통제 저항률 +29%"
    },
    "60030150": {
        "deprecated": false,
        "Dev_Desc": "회진보 극한 통제저항률 증가",
        "id": 60030150,
        "alias": "Contents.Effect.Option.FireBangle.333190",
        "text": "통제 저항률 +32%"
    },
    "60030151": {
        "deprecated": false,
        "Dev_Desc": "회진보 극한 통제저항률 증가",
        "id": 60030151,
        "alias": "Contents.Effect.Option.FireBangle.333200",
        "text": "통제 저항률 +35%"
    },
    "60030152": {
        "deprecated": false,
        "Dev_Desc": "화륜 가열_평타+무공공속증가_세부",
        "id": 60030152,
        "alias": "Contents.Effect.Option.FireBangle.344211",
        "text": "기본 공격 속도 +50%\n무공 공격 속도 +30%"
    },
    "60030153": {
        "deprecated": false,
        "Dev_Desc": "화륜 가열_평타+무공공속증가_세부",
        "id": 60030153,
        "alias": "Contents.Effect.Option.FireBangle.344212",
        "text": "기본 공격 속도 +52%\n무공 공격 속도 +30%"
    },
    "60030154": {
        "deprecated": false,
        "Dev_Desc": "화륜 가열_평타+무공공속증가_세부",
        "id": 60030154,
        "alias": "Contents.Effect.Option.FireBangle.344213",
        "text": "기본 공격 속도 +54%\n무공 공격 속도 +30%"
    },
    "60030155": {
        "deprecated": false,
        "Dev_Desc": "화륜 가열_평타+무공공속증가_세부",
        "id": 60030155,
        "alias": "Contents.Effect.Option.FireBangle.344214",
        "text": "기본 공격 속도 +56%\n무공 공격 속도 +30%"
    },
    "60030156": {
        "deprecated": false,
        "Dev_Desc": "화륜 가열_평타+무공공속증가_세부",
        "id": 60030156,
        "alias": "Contents.Effect.Option.FireBangle.344215",
        "text": "기본 공격 속도 +58%\n무공 공격 속도 +30%"
    },
    "60030157": {
        "deprecated": false,
        "Dev_Desc": "화륜 가열_평타+무공공속증가_세부",
        "id": 60030157,
        "alias": "Contents.Effect.Option.FireBangle.344216",
        "text": "기본 공격 속도 +60%\n무공 공격 속도 +30%"
    },
    "60030158": {
        "deprecated": false,
        "Dev_Desc": "화륜 가열_평타+무공공속증가_세부",
        "id": 60030158,
        "alias": "Contents.Effect.Option.FireBangle.344217",
        "text": "기본 공격 속도 +62%\n무공 공격 속도 +30%"
    },
    "60030159": {
        "deprecated": false,
        "Dev_Desc": "화륜 가열_평타+무공공속증가_세부",
        "id": 60030159,
        "alias": "Contents.Effect.Option.FireBangle.344218",
        "text": "기본 공격 속도 +64%\n무공 공격 속도 +30%"
    },
    "60030160": {
        "deprecated": false,
        "Dev_Desc": "화륜 가열_평타+무공공속증가_세부",
        "id": 60030160,
        "alias": "Contents.Effect.Option.FireBangle.344219",
        "text": "기본 공격 속도 +66%\n무공 공격 속도 +30%"
    },
    "60030161": {
        "deprecated": false,
        "Dev_Desc": "화륜 가열_평타+무공공속증가_세부",
        "id": 60030161,
        "alias": "Contents.Effect.Option.FireBangle.344220",
        "text": "기본 공격 속도 +68%\n무공 공격 속도 +30%"
    },
    "60030162": {
        "deprecated": false,
        "Dev_Desc": "화륜 가열_평타+무공공속+소울 증가_세부",
        "id": 60030162,
        "alias": "Contents.Effect.Option.FireBangle.344411",
        "text": "기본 공격 속도 +50%\n무공 공격 속도 +30%\n소울 발동률 +5%"
    },
    "60030163": {
        "deprecated": false,
        "Dev_Desc": "화륜 가열_평타+무공공속+소울 증가_세부",
        "id": 60030163,
        "alias": "Contents.Effect.Option.FireBangle.344412",
        "text": "기본 공격 속도 +52%\n무공 공격 속도 +30%\n소울 발동률 +5%"
    },
    "60030164": {
        "deprecated": false,
        "Dev_Desc": "화륜 가열_평타+무공공속+소울 증가_세부",
        "id": 60030164,
        "alias": "Contents.Effect.Option.FireBangle.344413",
        "text": "기본 공격 속도 +54%\n무공 공격 속도 +30%\n소울 발동률 +5%"
    },
    "60030165": {
        "deprecated": false,
        "Dev_Desc": "화륜 가열_평타+무공공속+소울 증가_세부",
        "id": 60030165,
        "alias": "Contents.Effect.Option.FireBangle.344414",
        "text": "기본 공격 속도 +56%\n무공 공격 속도 +30%\n소울 발동률 +5%"
    },
    "60030166": {
        "deprecated": false,
        "Dev_Desc": "화륜 가열_평타+무공공속+소울 증가_세부",
        "id": 60030166,
        "alias": "Contents.Effect.Option.FireBangle.344415",
        "text": "기본 공격 속도 +58%\n무공 공격 속도 +30%\n소울 발동률 +5%"
    },
    "60030167": {
        "deprecated": false,
        "Dev_Desc": "화륜 가열_평타+무공공속+소울 증가_세부",
        "id": 60030167,
        "alias": "Contents.Effect.Option.FireBangle.344416",
        "text": "기본 공격 속도 +60%\n무공 공격 속도 +30%\n소울 발동률 +5%"
    },
    "60030168": {
        "deprecated": false,
        "Dev_Desc": "화륜 가열_평타+무공공속+소울 증가_세부",
        "id": 60030168,
        "alias": "Contents.Effect.Option.FireBangle.344417",
        "text": "기본 공격 속도 +62%\n무공 공격 속도 +30%\n소울 발동률 +5%"
    },
    "60030169": {
        "deprecated": false,
        "Dev_Desc": "화륜 가열_평타+무공공속+소울 증가_세부",
        "id": 60030169,
        "alias": "Contents.Effect.Option.FireBangle.344418",
        "text": "기본 공격 속도 +64%\n무공 공격 속도 +30%\n소울 발동률 +5%"
    },
    "60030170": {
        "deprecated": false,
        "Dev_Desc": "화륜 가열_평타+무공공속+소울 증가_세부",
        "id": 60030170,
        "alias": "Contents.Effect.Option.FireBangle.344419",
        "text": "기본 공격 속도 +66%\n무공 공격 속도 +30%\n소울 발동률 +5%"
    },
    "60030171": {
        "deprecated": false,
        "Dev_Desc": "화륜 가열_평타+무공공속+소울 증가_세부",
        "id": 60030171,
        "alias": "Contents.Effect.Option.FireBangle.344420",
        "text": "기본 공격 속도 +68%\n무공 공격 속도 +30%\n소울 발동률 +5%"
    }
}