{
    "30010000": {
        "deprecated": false,
        "Dev_Desc": "반달서브_10000_0_동네꼬마1",
        "id": 30010000,
        "alias": "Contents.Gossip.10000",
        "text": "내 창을 받아라~!"
    },
    "30010001": {
        "deprecated": false,
        "Dev_Desc": "반달서브_10000_0_동네꼬마2",
        "id": 30010001,
        "alias": "Contents.Gossip.10001",
        "text": "방패로 다 막아주지!!"
    },
    "30010002": {
        "deprecated": false,
        "Dev_Desc": "반달서브_10001_0_금경철문장인1",
        "id": 30010002,
        "alias": "Contents.Gossip.10002",
        "text": "자네 실력으로 나한테 어림없지."
    },
    "30010003": {
        "deprecated": false,
        "Dev_Desc": "반달서브_10001_0_금경철문 장인2",
        "id": 30010003,
        "alias": "Contents.Gossip.10003",
        "text": "이 사람아. 자네야 말로 어림없지!"
    },
    "30010004": {
        "deprecated": false,
        "Dev_Desc": "반달서브_10001_0_금경철문 장인1",
        "id": 30010004,
        "alias": "Contents.Gossip.10004",
        "text": "그 <textColor=[78:148:215:255]>사내</>는 잘 지내고 있나...?"
    },
    "30010005": {
        "deprecated": false,
        "Dev_Desc": "반달서브_10002_김규녈 기본",
        "id": 30010005,
        "alias": "Contents.Gossip.10005",
        "text": "..."
    },
    "30010006": {
        "deprecated": false,
        "Dev_Desc": "반달서브_10002_김규녈 기본",
        "id": 30010006,
        "alias": "Contents.Gossip.10006",
        "text": "후우..."
    },
    "30010007": {
        "deprecated": false,
        "Dev_Desc": "반달서브_10002_김규녈 기본",
        "id": 30010007,
        "alias": "Contents.Gossip.10007",
        "text": "집중하자, 집중."
    },
    "30010008": {
        "deprecated": false,
        "Dev_Desc": "반달서브_10003_3_김규녈(사용X)",
        "id": 30010008,
        "alias": "Contents.Gossip.10008",
        "text": "흥분돼서 온몸이 떨리는군..."
    },
    "30010009": {
        "deprecated": false,
        "Dev_Desc": "반달서브_10003_2_김규녈(사용X)",
        "id": 30010009,
        "alias": "Contents.Gossip.10009",
        "text": "그 <textColor=[255:204:102:255]>표본</>을 손에 넣기만 한다면...!"
    },
    "30010010": {
        "deprecated": false,
        "Dev_Desc": "반달서브_10002_4_김규녈",
        "id": 30010010,
        "alias": "Contents.Gossip.10010",
        "text": "좋아! 이제 <textColor=[255:204:102:255]>균열</>에 대해서\n드디어 알아낼 수 있겠어!!"
    },
    "30010011": {
        "deprecated": false,
        "Dev_Desc": "반달서브_10002_4_김규녈",
        "id": 30010011,
        "alias": "Contents.Gossip.10011",
        "text": "으하핫! 균열에 대해서\n이 <textColor=[78:148:215:255]>김규녈</>을 따라올 자가 없다구!"
    },
    "30010012": {
        "deprecated": false,
        "Dev_Desc": "반달서브_10002_4_김규녈",
        "id": 30010012,
        "alias": "Contents.Gossip.10012",
        "text": "자… 어떤 <textColor=[255:204:102:255]>표본</>부터 연구해볼까..."
    },
    "30010013": {
        "deprecated": false,
        "Dev_Desc": "반달서브_10004_0_조사훈",
        "id": 30010013,
        "alias": "Contents.Gossip.10013",
        "text": "방법이 없을까...?"
    },
    "30010014": {
        "deprecated": false,
        "Dev_Desc": "반달서브_10007_0_창도단 도적1",
        "id": 30010014,
        "alias": "Contents.Gossip.10014",
        "text": "늙은 해적 녀석 꼴좋다!"
    },
    "30010015": {
        "deprecated": false,
        "Dev_Desc": "반달서브_10007_0_창도단 도적2",
        "id": 30010015,
        "alias": "Contents.Gossip.10015",
        "text": "허풍쟁이는 사절이라구!"
    },
    "30010016": {
        "deprecated": false,
        "Dev_Desc": "반달서브_10008_근심많은 나무꾼 수락",
        "id": 30010016,
        "alias": "Contents.Gossip.10016",
        "text": "괜히 가져와서는...\n이게 무슨 일이람..."
    },
    "30010017": {
        "deprecated": false,
        "Dev_Desc": "반달서브_10010_0_걱정 많은 남자",
        "id": 30010017,
        "alias": "Contents.Gossip.10017",
        "text": "이놈의 집구석 증말...!"
    },
    "30010018": {
        "deprecated": false,
        "Dev_Desc": "반달서브_10012_2_네이냥",
        "id": 30010018,
        "alias": "Contents.Gossip.10018",
        "text": "어디서 봤더라냥...\n아! 그건가냥?!"
    },
    "30010019": {
        "deprecated": false,
        "Dev_Desc": "반달서브_10015_1_잿빛바람",
        "id": 30010019,
        "alias": "Contents.Gossip.10019",
        "text": "저 <textColor=[215:94:94:255]>투엽단</> 놈들을\n어찌하면 좋단 말인가..."
    },
    "30010020": {
        "deprecated": false,
        "Dev_Desc": "반달서브_10015_4_잿빛바람",
        "id": 30010020,
        "alias": "Contents.Gossip.10020",
        "text": "살펴 가시오."
    },
    "30010021": {
        "deprecated": false,
        "Dev_Desc": "반달서브_10016_2_뿡이냥",
        "id": 30010021,
        "alias": "Contents.Gossip.10021",
        "text": "정말 신비로운 유적지다냥...!"
    },
    "30010022": {
        "deprecated": false,
        "Dev_Desc": "반달서브_10016_5_흥이냥",
        "id": 30010022,
        "alias": "Contents.Gossip.10022",
        "text": "후에엥~ 살았다냥!"
    },
    "30010023": {
        "deprecated": false,
        "Dev_Desc": "반달서브_10017_0_흥이냥",
        "id": 30010023,
        "alias": "Contents.Gossip.10023",
        "text": "히힛! 흥이냥 기분 좋다냥...\n땅이 흥이냥 잡아먹는다냐앙...!"
    },
    "30010024": {
        "deprecated": false,
        "Dev_Desc": "반달서브_10017_3_흥이냥",
        "id": 30010024,
        "alias": "Contents.Gossip.10024",
        "text": "흠냐... 어떻게 된 일이냥...?\n기억이 하나도 안난다냥..."
    },
    "30010025": {
        "deprecated": false,
        "Dev_Desc": "반달서브_10018_0_뿡이냥",
        "id": 30010025,
        "alias": "Contents.Gossip.10025",
        "text": "아앗... 이 일을 어쩐다냥...\n단장님께 혼나겠다냥.."
    },
    "30010026": {
        "deprecated": false,
        "Dev_Desc": "반달서브_10019_0_흥이냥",
        "id": 30010026,
        "alias": "Contents.Gossip.10026",
        "text": "히유~ 죽는 줄 알았다냥!"
    },
    "30010027": {
        "deprecated": false,
        "Dev_Desc": "반달서브_10019_0_뿡이냥",
        "id": 30010027,
        "alias": "Contents.Gossip.10027",
        "text": "이게 다 흥이냥 때문이다냥!"
    },
    "30010028": {
        "deprecated": false,
        "Dev_Desc": "반달서브_10020_0_오돌",
        "id": 30010028,
        "alias": "Contents.Gossip.10028",
        "text": "위대하신 지미갓님과 함께 할\n호구, 아, 아니, 단원 모집!"
    },
    "30010029": {
        "deprecated": false,
        "Dev_Desc": "반달서브_10020_0_차돌",
        "id": 30010029,
        "alias": "Contents.Gossip.10029",
        "text": "고액 보수 보장!\n평생 일자리 보장!"
    },
    "30010030": {
        "deprecated": false,
        "Dev_Desc": "반달서브_10020_0_지미갓",
        "id": 30010030,
        "alias": "Contents.Gossip.10030",
        "text": "자자~ 날이면 날마다 오는\n단원 모집이 아니야~ "
    },
    "30010031": {
        "deprecated": false,
        "Dev_Desc": "반달서브_10020_1_지미갓",
        "id": 30010031,
        "alias": "Contents.Gossip.10031",
        "text": "어디 한번 잘 해보라고~"
    },
    "30010032": {
        "deprecated": false,
        "Dev_Desc": "반달서브_10020_3_오돌",
        "id": 30010032,
        "alias": "Contents.Gossip.10032",
        "text": "대장, 저 놈이 도움이 되기는 할까요?"
    },
    "30010033": {
        "deprecated": false,
        "Dev_Desc": "반달서브_10020_3_지미갓",
        "id": 30010033,
        "alias": "Contents.Gossip.10033",
        "text": "쓰읍, 이 대장을 뭘로 보고?\n단물만 쏙 빼먹고 버릴 거라고."
    },
    "30010034": {
        "deprecated": false,
        "Dev_Desc": "반달서브_10020_3_차돌",
        "id": 30010034,
        "alias": "Contents.Gossip.10034",
        "text": "과연 우리 대장!"
    },
    "30010035": {
        "deprecated": false,
        "Dev_Desc": "반달서브_10021_7_오돌",
        "id": 30010035,
        "alias": "Contents.Gossip.10035",
        "text": "음메메?\n대장, 저놈이 진짜 찾았는데요?"
    },
    "30010036": {
        "deprecated": false,
        "Dev_Desc": "반달서브_10021_7_차돌",
        "id": 30010036,
        "alias": "Contents.Gossip.10036",
        "text": "히익... 생각보다 더\n어마어마한데요, 대장."
    },
    "30010037": {
        "deprecated": false,
        "Dev_Desc": "반달서브_10021_7_지미갓",
        "id": 30010037,
        "alias": "Contents.Gossip.10037",
        "text": "이거 일이 커지는데?"
    },
    "30010038": {
        "deprecated": false,
        "Dev_Desc": "반달서브_10021_8_오돌",
        "id": 30010038,
        "alias": "Contents.Gossip.10038",
        "text": "대장, 같이 가요!"
    },
    "30010039": {
        "deprecated": false,
        "Dev_Desc": "반달서브_10021_8_차돌",
        "id": 30010039,
        "alias": "Contents.Gossip.10039",
        "text": "대, 대장!!"
    },
    "30010040": {
        "deprecated": false,
        "Dev_Desc": "반달서브_10022_0_뿡이냥",
        "id": 30010040,
        "alias": "Contents.Gossip.10040",
        "text": "대체 어디 있는 거냥..."
    },
    "30010041": {
        "deprecated": false,
        "Dev_Desc": "반달서브_10022_0_흥이냥",
        "id": 30010041,
        "alias": "Contents.Gossip.10041",
        "text": "이러다 못 만나고 가는 거 아니냥?"
    },
    "30010042": {
        "deprecated": false,
        "Dev_Desc": "반달서브_10022_1_매화단원 도달재(사용X)",
        "id": 30010042,
        "alias": "Contents.Gossip.10042",
        "text": "오늘부터 모든 활동은 정지됩니다."
    },
    "30010043": {
        "deprecated": false,
        "Dev_Desc": "반달서브_10022_1_매화단원 금소이(사용X)",
        "id": 30010043,
        "alias": "Contents.Gossip.10043",
        "text": "물건들도 어서 싹 빼세요."
    },
    "30010044": {
        "deprecated": false,
        "Dev_Desc": "반달서브_10022_6_네이냥(사용X)",
        "id": 30010044,
        "alias": "Contents.Gossip.10044",
        "text": "정말? 정말이냥?\n정말 다행이다냥!!"
    },
    "30010045": {
        "deprecated": false,
        "Dev_Desc": "반달서브_10022_7_네이냥(사용X)",
        "id": 30010045,
        "alias": "Contents.Gossip.10045",
        "text": "수월항에서 보자냥!"
    },
    "30010046": {
        "deprecated": false,
        "Dev_Desc": "반달서브_10023_1_네이냥(사용X)",
        "id": 30010046,
        "alias": "Contents.Gossip.10046",
        "text": "개척은 계속된다냥!"
    },
    "30010047": {
        "deprecated": false,
        "Dev_Desc": "반달서브_10023_1_뿡이냥(사용X)",
        "id": 30010047,
        "alias": "Contents.Gossip.10047",
        "text": "준비됐다냥!"
    },
    "30010048": {
        "deprecated": false,
        "Dev_Desc": "반달서브_10023_1_흥이냥(사용X)",
        "id": 30010048,
        "alias": "Contents.Gossip.10048",
        "text": "떠나보자냥!"
    },
    "30010049": {
        "deprecated": false,
        "Dev_Desc": "반달서브_10023_2_네이냥",
        "id": 30010049,
        "alias": "Contents.Gossip.10049",
        "text": "인연이 닿으면 또 만나자냥!"
    },
    "30010050": {
        "deprecated": false,
        "Dev_Desc": "반달서브_10023_2_뿡이냥",
        "id": 30010050,
        "alias": "Contents.Gossip.10050",
        "text": "잘 가라냥!"
    },
    "30010051": {
        "deprecated": false,
        "Dev_Desc": "반달서브_10023_2_흥이냥",
        "id": 30010051,
        "alias": "Contents.Gossip.10051",
        "text": "또 보자냥!"
    },
    "30010052": {
        "deprecated": false,
        "Dev_Desc": "반달서브_10005_1 의문의 사내 Progress",
        "id": 30010052,
        "alias": "Contents.Gossip.10052",
        "text": "그래 너 말이야! 이쪽으로 오라고~"
    },
    "30010053": {
        "deprecated": false,
        "Dev_Desc": "반달서브_10005_1 의문의 사내 Progress",
        "id": 30010053,
        "alias": "Contents.Gossip.10053",
        "text": "이쪽이야~!"
    },
    "30010054": {
        "deprecated": false,
        "Dev_Desc": "반달서브_10005_1 의문의 사내 Progress",
        "id": 30010054,
        "alias": "Contents.Gossip.10054",
        "text": "너 부르는 거 맞거든?"
    },
    "30010055": {
        "deprecated": false,
        "Dev_Desc": "반달서브_10005 의문의 사내 기본",
        "id": 30010055,
        "alias": "Contents.Gossip.10055",
        "text": "아아~ <textColor=[78:148:215:255]>비사문</> 신비로운 존재들이여!"
    },
    "30010056": {
        "deprecated": false,
        "Dev_Desc": "반달서브_10005 의문의 사내 기본",
        "id": 30010056,
        "alias": "Contents.Gossip.10056",
        "text": "나도 언젠가는 꼭...!!"
    },
    "30010057": {
        "deprecated": false,
        "Dev_Desc": "반달서브_10005 의문의 사내 기본",
        "id": 30010057,
        "alias": "Contents.Gossip.10057",
        "text": "나도 <textColor=[78:148:215:255]>비사문</>에 입단하고 싶다아~"
    },
    "30010058": {
        "deprecated": false,
        "Dev_Desc": "반달서브_10024_0_민경한",
        "id": 30010058,
        "alias": "Contents.Gossip.10058",
        "text": "안돼! \n단장님의 소중한 역작이!"
    },
    "30010059": {
        "deprecated": false,
        "Dev_Desc": "반달서브_10024_0_민경한",
        "id": 30010059,
        "alias": "Contents.Gossip.10059",
        "text": "이 일을 단장님이 알면 \n얼마나 속상해하실까..."
    },
    "30010060": {
        "deprecated": false,
        "Dev_Desc": "반달서브_10024_3_의문의사내",
        "id": 30010060,
        "alias": "Contents.Gossip.10060",
        "text": "너… 넌, 뭐야! \n가까이 오지 말랬다!!!"
    },
    "30010061": {
        "deprecated": false,
        "Dev_Desc": "반달서브_10024_3_의문의사내",
        "id": 30010061,
        "alias": "Contents.Gossip.10061",
        "text": "오지 마!!오지 말라고!"
    },
    "30010062": {
        "deprecated": false,
        "Dev_Desc": "반달서브_10024_5_의문의사내",
        "id": 30010062,
        "alias": "Contents.Gossip.10062",
        "text": "흑흑, 나도 사정이 있었다고..."
    },
    "30010063": {
        "deprecated": false,
        "Dev_Desc": "반달서브_10024_5_의문의사내",
        "id": 30010063,
        "alias": "Contents.Gossip.10063",
        "text": "이제 와서는 다 부질없는 짓이지만,\n화를 주체할 수 없었어... 미안해."
    },
    "30010064": {
        "deprecated": false,
        "Dev_Desc": "반달서브_10000_2_동네꼬마1",
        "id": 30010064,
        "alias": "Contents.Gossip.10064",
        "text": "히힛! 이건 못 막을걸~?"
    },
    "30010065": {
        "deprecated": false,
        "Dev_Desc": "반달서브_10000_2_동네꼬마2",
        "id": 30010065,
        "alias": "Contents.Gossip.10065",
        "text": "나중에 창 부러졌다고 울기 없기!"
    },
    "30010066": {
        "deprecated": false,
        "Dev_Desc": "반달서브_동네꼬마2_기본",
        "id": 30010066,
        "alias": "Contents.Gossip.10066",
        "text": "우리 엄마가 그러는데\n무술대회장이 난리가 났었대."
    },
    "30010067": {
        "deprecated": false,
        "Dev_Desc": "반달서브_동네꼬마2_기본",
        "id": 30010067,
        "alias": "Contents.Gossip.10067",
        "text": "하늘에 이~따만한\n구멍이 났다는 거야!"
    },
    "30010068": {
        "deprecated": false,
        "Dev_Desc": "반달서브_동네꼬마1_기본",
        "id": 30010068,
        "alias": "Contents.Gossip.10068",
        "text": "야~ 거짓말 하지 마! 하늘에 구멍이 어떻게 나냐?"
    },
    "30010069": {
        "deprecated": false,
        "Dev_Desc": "반달서브_동네꼬마2_기본",
        "id": 30010069,
        "alias": "Contents.Gossip.10069",
        "text": "씨이, 진짠데?!"
    },
    "30010070": {
        "deprecated": false,
        "Dev_Desc": "반달서브_10001_금경철문 장인1_기본",
        "id": 30010070,
        "alias": "Contents.Gossip.10070",
        "text": "아이고! 삭신이야.\n조금만 쉬었다 하면 안 되겠는가?"
    },
    "30010071": {
        "deprecated": false,
        "Dev_Desc": "반달서브_10001_금경철문 장인2_기본",
        "id": 30010071,
        "alias": "Contents.Gossip.10071",
        "text": "자네, 그런 식으로 일하다간\n문주님께 크게 혼이 날 걸세."
    },
    "30010072": {
        "deprecated": false,
        "Dev_Desc": "반달서브_10002_2_김규녈(사용X)",
        "id": 30010072,
        "alias": "Contents.Gossip.10072",
        "text": "으악!!! 깜짝아!!!"
    },
    "30010073": {
        "deprecated": false,
        "Dev_Desc": "반달서브_10008_근심많은 나무꾼 수락",
        "id": 30010073,
        "alias": "Contents.Gossip.10073",
        "text": "에휴..."
    },
    "30010074": {
        "deprecated": false,
        "Dev_Desc": "반달서브_10009_말 많은 노인 수락",
        "id": 30010074,
        "alias": "Contents.Gossip.10074",
        "text": "아, 대체 어딜 가신 게야...?"
    },
    "30010075": {
        "deprecated": false,
        "Dev_Desc": "반달서브_10011_꼬마아이 수락",
        "id": 30010075,
        "alias": "Contents.Gossip.10075",
        "text": "진짜 신기하다~"
    },
    "30010076": {
        "deprecated": false,
        "Dev_Desc": "반달서브_10012_2_네이냥",
        "id": 30010076,
        "alias": "Contents.Gossip.10076",
        "text": "이 근처에 있을 거다냥!"
    },
    "30010077": {
        "deprecated": false,
        "Dev_Desc": "반달서브_10016_4_흥이냥",
        "id": 30010077,
        "alias": "Contents.Gossip.10077",
        "text": "흥이냥 살려라냥!!!!"
    },
    "30010078": {
        "deprecated": false,
        "Dev_Desc": "반달서브_10017_2_흥이냥",
        "id": 30010078,
        "alias": "Contents.Gossip.10078",
        "text": "흠냐아앙..."
    },
    "30010079": {
        "deprecated": false,
        "Dev_Desc": "반달서브_10018_1_뿡이냥",
        "id": 30010079,
        "alias": "Contents.Gossip.10079",
        "text": "아앗!!"
    },
    "30010080": {
        "deprecated": false,
        "Dev_Desc": "반달서브_10018_2_뿡이냥",
        "id": 30010080,
        "alias": "Contents.Gossip.10080",
        "text": "조심히 다뤄야한다냥!"
    },
    "30010081": {
        "deprecated": false,
        "Dev_Desc": "반달서브_10018_3_뿡이냥",
        "id": 30010081,
        "alias": "Contents.Gossip.10081",
        "text": "왜 안오지냥...?"
    },
    "30010082": {
        "deprecated": false,
        "Dev_Desc": "반달서브_10022_6_매화단원 금소이",
        "id": 30010082,
        "alias": "Contents.Gossip.10082",
        "text": "좀 서둘러주시겠어요?"
    },
    "30010083": {
        "deprecated": false,
        "Dev_Desc": "반달서브_10022_6_매화단원 도달재",
        "id": 30010083,
        "alias": "Contents.Gossip.10083",
        "text": "협조해 주셔야 합니다."
    },
    "30010084": {
        "deprecated": false,
        "Dev_Desc": "반달서브_10022_6_네이냥",
        "id": 30010084,
        "alias": "Contents.Gossip.10084",
        "text": "아이참냥... \n조금만 기다려달라냥..."
    },
    "30010085": {
        "deprecated": false,
        "Dev_Desc": "반달서브_10010_0_걱정 많은 남자",
        "id": 30010085,
        "alias": "Contents.Gossip.10085",
        "text": "누구한테 부탁을 한담...?"
    },
    "30010086": {
        "deprecated": false,
        "Dev_Desc": "반달서브_10027_0_야생 보전회 마파람",
        "id": 30010086,
        "alias": "Contents.Gossip.10086",
        "text": "더 이상은 못 참아!\n내 방식대로 처리하겠어."
    },
    "30010087": {
        "deprecated": false,
        "Dev_Desc": "반달서브_10027_0_야생 보전회 마파람",
        "id": 30010087,
        "alias": "Contents.Gossip.10087",
        "text": "넌 뭐야?\n도와줄 게 아니라면 꺼져."
    },
    "30010088": {
        "deprecated": false,
        "Dev_Desc": "반달서브_10028_3_소향의 아버지 곽사",
        "id": 30010088,
        "alias": "Contents.Gossip.10088",
        "text": "아이고, 소향아...!"
    },
    "30010089": {
        "deprecated": false,
        "Dev_Desc": "반달서브_10028_3_소향의 동생 독고",
        "id": 30010089,
        "alias": "Contents.Gossip.10089",
        "text": "...누나... 잘 가...!"
    },
    "30010090": {
        "deprecated": false,
        "Dev_Desc": "반달서브_10028_3_소향의 어머니 임소영",
        "id": 30010090,
        "alias": "Contents.Gossip.10090",
        "text": "흐윽... 소향아..."
    },
    "30010091": {
        "deprecated": false,
        "Dev_Desc": "반달서브_10029_0_이상한 도깨비",
        "id": 30010091,
        "alias": "Contents.Gossip.10091",
        "text": "이게 뭐야~\n으아아앙!"
    },
    "30010092": {
        "deprecated": false,
        "Dev_Desc": "반달서브_10029_1_이상한 도깨비",
        "id": 30010092,
        "alias": "Contents.Gossip.10092",
        "text": "엉엉... 돌아갈래요."
    },
    "30010093": {
        "deprecated": false,
        "Dev_Desc": "반달서브_10029_1_이상한 도깨비",
        "id": 30010093,
        "alias": "Contents.Gossip.10093",
        "text": "이게 뭐야아아..."
    },
    "30010094": {
        "deprecated": false,
        "Dev_Desc": "반달서브_10030_0_반달목장 일꾼 제채기",
        "id": 30010094,
        "alias": "Contents.Gossip.10094",
        "text": "엣취!!!!!"
    },
    "30010095": {
        "deprecated": false,
        "Dev_Desc": "반달서브_10030_1_반달목장 일꾼 제채기",
        "id": 30010095,
        "alias": "Contents.Gossip.10095",
        "text": "으에엣취히!!"
    },
    "30010096": {
        "deprecated": false,
        "Dev_Desc": "반달서브_10031_0_수와족 대장장이 모와",
        "id": 30010096,
        "alias": "Contents.Gossip.10096",
        "text": "그래수와...!\n그렇게 하면 되겠다수와!"
    },
    "30010097": {
        "deprecated": false,
        "Dev_Desc": "반달서브_10032_0_수와족 대장장이 모와",
        "id": 30010097,
        "alias": "Contents.Gossip.10097",
        "text": "그런데... 어떻게 구하지수와?"
    },
    "30010098": {
        "deprecated": false,
        "Dev_Desc": "반달서브_10032_1_수와족 대장장이 모와",
        "id": 30010098,
        "alias": "Contents.Gossip.10098",
        "text": "마을 탈환을 준비하수와!"
    },
    "30010099": {
        "deprecated": false,
        "Dev_Desc": "반달서브_10032_1_수와족 대장장이 모와",
        "id": 30010099,
        "alias": "Contents.Gossip.10099",
        "text": "무기와 방어구가 준비됐다수와!"
    },
    "30010100": {
        "deprecated": false,
        "Dev_Desc": "반달서브_10022_0_네이냥",
        "id": 30010100,
        "alias": "Contents.Gossip.10100",
        "text": "그런 말 말라냥! 두 눈 크게 뜨고 찾으라냥!"
    },
    "30010101": {
        "deprecated": false,
        "Dev_Desc": "반달서브_10003_0_균열 연구가 김규녈",
        "id": 30010101,
        "alias": "Contents.Gossip.10101",
        "text": "생체 표본만 있으면 완벽한데 말이야..."
    },
    "30010102": {
        "deprecated": false,
        "Dev_Desc": "반달서브_10027_1_마파람",
        "id": 30010102,
        "alias": "Contents.Gossip.10102",
        "text": "도와줘서 고마워."
    },
    "30010103": {
        "deprecated": false,
        "Dev_Desc": "반달서브_10027_1_마파람",
        "id": 30010103,
        "alias": "Contents.Gossip.10103",
        "text": "투엽단의 근거지는\n그리 멀지 않은 곳에 있어."
    },
    "30010104": {
        "deprecated": false,
        "Dev_Desc": "반달서브_10028_1_대인배",
        "id": 30010104,
        "alias": "Contents.Gossip.10104",
        "text": "쯧쯧... 딱해서 어쩌누..."
    },
    "30010105": {
        "deprecated": false,
        "Dev_Desc": "반달서브_10032_0_아랑",
        "id": 30010105,
        "alias": "Contents.Gossip.10105",
        "text": "잠깐, 나 좀 봐."
    },
    "30010106": {
        "deprecated": false,
        "Dev_Desc": "반달서브_10033_0_아랑",
        "id": 30010106,
        "alias": "Contents.Gossip.10106",
        "text": "<textColor=[255:204:102:255]><myHero.name/>! 저거 봤어?"
    },
    "30010107": {
        "deprecated": false,
        "Dev_Desc": "반달서브_10032_1_아랑",
        "id": 30010107,
        "alias": "Contents.Gossip.10107",
        "text": "조심히 다녀와!"
    },
    "30010108": {
        "deprecated": false,
        "Dev_Desc": "반달서브_10033_1_아랑",
        "id": 30010108,
        "alias": "Contents.Gossip.10108",
        "text": "이따 보자!"
    },
    "30010109": {
        "deprecated": false,
        "Dev_Desc": "반달서브_10026_0_산들바람",
        "id": 30010109,
        "alias": "Contents.Gossip.10109",
        "text": "조금만 참아.\n곧 낫게 해줄게"
    },
    "30010110": {
        "deprecated": false,
        "Dev_Desc": "반달서브_10026_0_산들바람",
        "id": 30010110,
        "alias": "Contents.Gossip.10110",
        "text": "후우... 어떻게 한담...\n부쩍 늘어난 것 같은데..."
    },
    "30010111": {
        "deprecated": false,
        "Dev_Desc": "반달서브_10024_6_의문의 사내",
        "id": 30010111,
        "alias": "Contents.Gossip.10111",
        "text": "아무튼...\n미안하게 됐어."
    }
}