{
    "12045000": {
        "deprecated": false,
        "Dev_Desc": "비옥스페셜_45000_1",
        "id": 12045000,
        "alias": "Contents.Quest.Mission.45000",
        "text": "수수께끼 벌판으로"
    },
    "12045001": {
        "deprecated": false,
        "Dev_Desc": "비옥스페셜_45000_2",
        "id": 12045001,
        "alias": "Contents.Quest.Mission.45001",
        "text": "온영인과 대화"
    },
    "12045002": {
        "deprecated": false,
        "Dev_Desc": "비옥스페셜_45000_3",
        "id": 12045002,
        "alias": "Contents.Quest.Mission.45002",
        "text": "주변의 안전 확보"
    },
    "12045003": {
        "deprecated": false,
        "Dev_Desc": "비옥스페셜_45000_4",
        "id": 12045003,
        "alias": "Contents.Quest.Mission.45003",
        "text": "온영인과 대화"
    },
    "12045004": {
        "deprecated": false,
        "Dev_Desc": "비옥스페셜_45001_1",
        "id": 12045004,
        "alias": "Contents.Quest.Mission.45004",
        "text": "잿빛 밀림으로 이동"
    },
    "12045005": {
        "deprecated": false,
        "Dev_Desc": "비옥스페셜_45001_2",
        "id": 12045005,
        "alias": "Contents.Quest.Mission.45005",
        "text": "온영인과 대화"
    },
    "12045006": {
        "deprecated": false,
        "Dev_Desc": "비옥스페셜_45001_3",
        "id": 12045006,
        "alias": "Contents.Quest.Mission.45006",
        "text": "주변의 적 처치"
    },
    "12045007": {
        "deprecated": false,
        "Dev_Desc": "비옥스페셜_45001_4",
        "id": 12045007,
        "alias": "Contents.Quest.Mission.45007",
        "text": "온영인과 대화"
    },
    "12045008": {
        "deprecated": false,
        "Dev_Desc": "비옥스페셜_45001_5",
        "id": 12045008,
        "alias": "Contents.Quest.Mission.45008",
        "text": "장규리와 대화"
    },
    "12045009": {
        "deprecated": false,
        "Dev_Desc": "비옥스페셜_45002_1",
        "id": 12045009,
        "alias": "Contents.Quest.Mission.45009",
        "text": "붉은 뿔의 길로 이동"
    },
    "12045010": {
        "deprecated": false,
        "Dev_Desc": "비옥스페셜_45002_2",
        "id": 12045010,
        "alias": "Contents.Quest.Mission.45010",
        "text": "장규리와 대화"
    },
    "12045011": {
        "deprecated": false,
        "Dev_Desc": "비옥스페셜_45002_3",
        "id": 12045011,
        "alias": "Contents.Quest.Mission.45011",
        "text": "경제적 가치 확인"
    },
    "12045012": {
        "deprecated": false,
        "Dev_Desc": "비옥스페셜_45002_4",
        "id": 12045012,
        "alias": "Contents.Quest.Mission.45012",
        "text": "장규리와 대화"
    },
    "12045013": {
        "deprecated": false,
        "Dev_Desc": "비옥스페셜_45100_1",
        "id": 12045013,
        "alias": "Contents.Quest.Mission.45013",
        "text": "솟을바위 경사로로 이동"
    },
    "12045014": {
        "deprecated": false,
        "Dev_Desc": "비옥스페셜_45100_2",
        "id": 12045014,
        "alias": "Contents.Quest.Mission.45014",
        "text": "호수석과 대화"
    },
    "12045015": {
        "deprecated": false,
        "Dev_Desc": "비옥스페셜_45100_3",
        "id": 12045015,
        "alias": "Contents.Quest.Mission.45015",
        "text": "시귀 처치"
    },
    "12045016": {
        "deprecated": false,
        "Dev_Desc": "비옥스페셜_45100_4",
        "id": 12045016,
        "alias": "Contents.Quest.Mission.45016",
        "text": "호수석과 대화"
    },
    "12045017": {
        "deprecated": false,
        "Dev_Desc": "비옥스페셜_45100_5",
        "id": 12045017,
        "alias": "Contents.Quest.Mission.45017",
        "text": "수양대원과 대화"
    },
    "12045018": {
        "deprecated": false,
        "Dev_Desc": "비옥스페셜_45100_6",
        "id": 12045018,
        "alias": "Contents.Quest.Mission.45018",
        "text": "아래쪽으로 장소 이동"
    },
    "12045019": {
        "deprecated": false,
        "Dev_Desc": "비옥스페셜_45100_7",
        "id": 12045019,
        "alias": "Contents.Quest.Mission.45019",
        "text": "장인 안정시키기"
    },
    "12045020": {
        "deprecated": false,
        "Dev_Desc": "비옥스페셜_45101_1",
        "id": 12045020,
        "alias": "Contents.Quest.Mission.45020",
        "text": "매화단 청수국 찾기"
    },
    "12045021": {
        "deprecated": false,
        "Dev_Desc": "비옥스페셜_45101_2",
        "id": 12045021,
        "alias": "Contents.Quest.Mission.45021",
        "text": "청수국과 대화"
    },
    "12045022": {
        "deprecated": false,
        "Dev_Desc": "비옥스페셜_45101_4",
        "id": 12045022,
        "alias": "Contents.Quest.Mission.45022",
        "text": "용머리 곶으로 이동"
    },
    "12045023": {
        "deprecated": false,
        "Dev_Desc": "비옥스페셜_45101_5",
        "id": 12045023,
        "alias": "Contents.Quest.Mission.45023",
        "text": "창도단 처치"
    },
    "12045024": {
        "deprecated": false,
        "Dev_Desc": "비옥스페셜_45101_6",
        "id": 12045024,
        "alias": "Contents.Quest.Mission.45024",
        "text": "청수국과 대화"
    },
    "12045025": {
        "deprecated": false,
        "Dev_Desc": "비옥스페셜_45102_1",
        "id": 12045025,
        "alias": "Contents.Quest.Mission.45025",
        "text": "청수국과 대화"
    },
    "12045026": {
        "deprecated": false,
        "Dev_Desc": "비옥스페셜_45102_2",
        "id": 12045026,
        "alias": "Contents.Quest.Mission.45026",
        "text": "창도단 장비 얻기"
    },
    "12045027": {
        "deprecated": false,
        "Dev_Desc": "비옥스페셜_45102_3",
        "id": 12045027,
        "alias": "Contents.Quest.Mission.45027",
        "text": "탐사지로 이동"
    },
    "12045028": {
        "deprecated": false,
        "Dev_Desc": "비옥스페셜_45102_4",
        "id": 12045028,
        "alias": "Contents.Quest.Mission.45028",
        "text": "청수국과 대화"
    },
    "12045029": {
        "deprecated": false,
        "Dev_Desc": "비옥스페셜_45103_1",
        "id": 12045029,
        "alias": "Contents.Quest.Mission.45029",
        "text": "곽호룡과의 대화"
    },
    "12045030": {
        "deprecated": false,
        "Dev_Desc": "비옥스페셜_45103_2",
        "id": 12045030,
        "alias": "Contents.Quest.Mission.45030",
        "text": "뒤를 따라가기"
    },
    "12045031": {
        "deprecated": false,
        "Dev_Desc": "비옥스페셜_45103_3",
        "id": 12045031,
        "alias": "Contents.Quest.Mission.45031",
        "text": "곽호룡 찾기"
    },
    "12045032": {
        "deprecated": false,
        "Dev_Desc": "비옥스페셜_45103_4",
        "id": 12045032,
        "alias": "Contents.Quest.Mission.45032",
        "text": "둘의 대화 듣기"
    },
    "12045033": {
        "deprecated": false,
        "Dev_Desc": "비옥스페셜_45101_3",
        "id": 12045033,
        "alias": "Contents.Quest.Mission.45033",
        "text": "청인족 처치"
    },
    "12045034": {
        "deprecated": false,
        "Dev_Desc": "비옥스페셜_45003_1",
        "id": 12045034,
        "alias": "Contents.Quest.Mission.45034",
        "text": "주변 위협 제거"
    },
    "12045035": {
        "deprecated": false,
        "Dev_Desc": "비옥스페셜_45003_2",
        "id": 12045035,
        "alias": "Contents.Quest.Mission.45035",
        "text": "가치 있는 물건 조사"
    },
    "12045036": {
        "deprecated": false,
        "Dev_Desc": "비옥스페셜_45003_3",
        "id": 12045036,
        "alias": "Contents.Quest.Mission.45036",
        "text": "다른 장소 조사"
    },
    "12045037": {
        "deprecated": false,
        "Dev_Desc": "비옥스페셜_45003_4",
        "id": 12045037,
        "alias": "Contents.Quest.Mission.45037",
        "text": "온영인과 대화"
    },
    "12045038": {
        "deprecated": false,
        "Dev_Desc": "비옥스페셜_45004_1",
        "id": 12045038,
        "alias": "Contents.Quest.Mission.45038",
        "text": "비옥 폐허로 이동"
    },
    "12045039": {
        "deprecated": false,
        "Dev_Desc": "비옥스페셜_45004_2",
        "id": 12045039,
        "alias": "Contents.Quest.Mission.45039",
        "text": "불마자의 핵 수집"
    },
    "12045040": {
        "deprecated": false,
        "Dev_Desc": "비옥스페셜_45004_3",
        "id": 12045040,
        "alias": "Contents.Quest.Mission.45040",
        "text": "온영인과 대화"
    }
}