{
    "84101001": {
        "deprecated": false,
        "id": 84101001,
        "alias": "Contents.Item.Name.4101001",
        "text": "천 장삼"
    },
    "84101002": {
        "deprecated": false,
        "id": 84101002,
        "alias": "Contents.Item.Name.4101002",
        "text": "피풍의"
    },
    "84101003": {
        "deprecated": false,
        "id": 84101003,
        "alias": "Contents.Item.Name.4101003",
        "text": "호피갑"
    },
    "84101004": {
        "deprecated": false,
        "id": 84101004,
        "alias": "Contents.Item.Name.4101004",
        "text": "모피옷"
    },
    "84101005": {
        "deprecated": false,
        "id": 84101005,
        "alias": "Contents.Item.Name.4101005",
        "text": "무명장삼"
    },
    "84101006": {
        "deprecated": false,
        "id": 84101006,
        "alias": "Contents.Item.Name.4101006",
        "text": "가죽무복"
    },
    "84101007": {
        "deprecated": false,
        "id": 84101007,
        "alias": "Contents.Item.Name.4101007",
        "text": "청동갑옷"
    },
    "84101008": {
        "deprecated": false,
        "id": 84101008,
        "alias": "Contents.Item.Name.4101008",
        "text": "비늘갑옷"
    },
    "84101201": {
        "deprecated": false,
        "id": 84101201,
        "alias": "Contents.Item.Name.4101201",
        "text": "학사의"
    },
    "84101202": {
        "deprecated": false,
        "id": 84101202,
        "alias": "Contents.Item.Name.4101202",
        "text": "청단령"
    },
    "84101203": {
        "deprecated": false,
        "id": 84101203,
        "alias": "Contents.Item.Name.4101203",
        "text": "두정갑"
    },
    "84101204": {
        "deprecated": false,
        "id": 84101204,
        "alias": "Contents.Item.Name.4101204",
        "text": "쇄자갑"
    },
    "84101205": {
        "deprecated": false,
        "id": 84101205,
        "alias": "Contents.Item.Name.4101205",
        "text": "주술의 도포"
    },
    "84101206": {
        "deprecated": false,
        "id": 84101206,
        "alias": "Contents.Item.Name.4101206",
        "text": "무녀의 장삼"
    },
    "84101207": {
        "deprecated": false,
        "id": 84101207,
        "alias": "Contents.Item.Name.4101207",
        "text": "흑철릭"
    },
    "84101208": {
        "deprecated": false,
        "id": 84101208,
        "alias": "Contents.Item.Name.4101208",
        "text": "강화된 두정갑"
    },
    "84101209": {
        "deprecated": false,
        "id": 84101209,
        "alias": "Contents.Item.Name.4101209",
        "text": "개량된 쇄자갑"
    },
    "84101210": {
        "deprecated": false,
        "id": 84101210,
        "alias": "Contents.Item.Name.4101210",
        "text": "수도승의 장삼"
    },
    "84101211": {
        "deprecated": false,
        "id": 84101211,
        "alias": "Contents.Item.Name.4101211",
        "text": "명인의 가죽옷"
    },
    "84101212": {
        "deprecated": false,
        "id": 84101212,
        "alias": "Contents.Item.Name.4101212",
        "text": "어린갑"
    },
    "84101401": {
        "deprecated": false,
        "id": 84101401,
        "alias": "Contents.Item.Name.4101401",
        "text": "백련갑"
    },
    "84101402": {
        "deprecated": false,
        "id": 84101402,
        "alias": "Contents.Item.Name.4101402",
        "text": "흑조의 깃털"
    },
    "84101403": {
        "deprecated": false,
        "id": 84101403,
        "alias": "Contents.Item.Name.4101403",
        "text": "금경도포"
    },
    "84101404": {
        "deprecated": false,
        "id": 84101404,
        "alias": "Contents.Item.Name.4101404",
        "text": "북방의 수호자"
    },
    "84101405": {
        "deprecated": false,
        "id": 84101405,
        "alias": "Contents.Item.Name.4101405",
        "text": "설화갑"
    },
    "84101406": {
        "deprecated": false,
        "id": 84101406,
        "alias": "Contents.Item.Name.4101406",
        "text": "기원의 도포"
    },
    "84101601": {
        "deprecated": false,
        "id": 84101601,
        "alias": "Contents.Item.Name.4101601",
        "text": "투쟁의 갑주"
    },
    "84101602": {
        "deprecated": false,
        "id": 84101602,
        "alias": "Contents.Item.Name.4101602",
        "text": "진마의 열망"
    },
    "84101603": {
        "deprecated": false,
        "id": 84101603,
        "alias": "Contents.Item.Name.4101603",
        "text": "하얀 인도자"
    },
    "84101801": {
        "deprecated": false,
        "id": 84101801,
        "alias": "Contents.Item.Name.4101801",
        "text": "영원의 심장"
    },
    "84102001": {
        "deprecated": false,
        "id": 84102001,
        "alias": "Contents.Item.Name.4102001",
        "text": "천 장갑"
    },
    "84102002": {
        "deprecated": false,
        "id": 84102002,
        "alias": "Contents.Item.Name.4102002",
        "text": "가죽장갑"
    },
    "84102003": {
        "deprecated": false,
        "id": 84102003,
        "alias": "Contents.Item.Name.4102003",
        "text": "비단장갑"
    },
    "84102004": {
        "deprecated": false,
        "id": 84102004,
        "alias": "Contents.Item.Name.4102004",
        "text": "강철장갑"
    },
    "84102005": {
        "deprecated": false,
        "id": 84102005,
        "alias": "Contents.Item.Name.4102005",
        "text": "청동장갑"
    },
    "84102006": {
        "deprecated": false,
        "id": 84102006,
        "alias": "Contents.Item.Name.4102006",
        "text": "무명장갑"
    },
    "84102201": {
        "deprecated": false,
        "id": 84102201,
        "alias": "Contents.Item.Name.4102201",
        "text": "사냥꾼의 수갑"
    },
    "84102202": {
        "deprecated": false,
        "id": 84102202,
        "alias": "Contents.Item.Name.4102202",
        "text": "명사수의 골무"
    },
    "84102203": {
        "deprecated": false,
        "id": 84102203,
        "alias": "Contents.Item.Name.4102203",
        "text": "묵철장갑"
    },
    "84102204": {
        "deprecated": false,
        "id": 84102204,
        "alias": "Contents.Item.Name.4102204",
        "text": "쇄자장갑"
    },
    "84102205": {
        "deprecated": false,
        "id": 84102205,
        "alias": "Contents.Item.Name.4102205",
        "text": "수정장갑"
    },
    "84102206": {
        "deprecated": false,
        "id": 84102206,
        "alias": "Contents.Item.Name.4102206",
        "text": "기백의 장갑"
    },
    "84102207": {
        "deprecated": false,
        "id": 84102207,
        "alias": "Contents.Item.Name.4102207",
        "text": "청의 수갑"
    },
    "84102208": {
        "deprecated": false,
        "id": 84102208,
        "alias": "Contents.Item.Name.4102208",
        "text": "주술장갑"
    },
    "84102401": {
        "deprecated": false,
        "id": 84102401,
        "alias": "Contents.Item.Name.4102401",
        "text": "금경장갑"
    },
    "84102402": {
        "deprecated": false,
        "id": 84102402,
        "alias": "Contents.Item.Name.4102402",
        "text": "백뢰장갑"
    },
    "84102403": {
        "deprecated": false,
        "id": 84102403,
        "alias": "Contents.Item.Name.4102403",
        "text": "거짓의 장갑"
    },
    "84102404": {
        "deprecated": false,
        "id": 84102404,
        "alias": "Contents.Item.Name.4102404",
        "text": "진인의 장갑"
    },
    "84102405": {
        "deprecated": false,
        "id": 84102405,
        "alias": "Contents.Item.Name.4102405",
        "text": "진실의 장갑"
    },
    "84102601": {
        "deprecated": false,
        "id": 84102601,
        "alias": "Contents.Item.Name.4102601",
        "text": "전신의 재림"
    },
    "84102602": {
        "deprecated": false,
        "id": 84102602,
        "alias": "Contents.Item.Name.4102602",
        "text": "명왕의 선고"
    },
    "84102603": {
        "deprecated": false,
        "id": 84102603,
        "alias": "Contents.Item.Name.4102603",
        "text": "노을의 물결"
    },
    "84102801": {
        "deprecated": false,
        "id": 84102801,
        "alias": "Contents.Item.Name.4102801",
        "text": "서광의 비호"
    },
    "84103001": {
        "deprecated": false,
        "id": 84103001,
        "alias": "Contents.Item.Name.4103001",
        "text": "천 허리띠"
    },
    "84103002": {
        "deprecated": false,
        "id": 84103002,
        "alias": "Contents.Item.Name.4103002",
        "text": "질긴 천 허리띠"
    },
    "84103003": {
        "deprecated": false,
        "id": 84103003,
        "alias": "Contents.Item.Name.4103003",
        "text": "가죽혁대"
    },
    "84103004": {
        "deprecated": false,
        "id": 84103004,
        "alias": "Contents.Item.Name.4103004",
        "text": "철 허리띠"
    },
    "84103201": {
        "deprecated": false,
        "id": 84103201,
        "alias": "Contents.Item.Name.4103201",
        "text": "질 좋은 가죽혁대"
    },
    "84103202": {
        "deprecated": false,
        "id": 84103202,
        "alias": "Contents.Item.Name.4103202",
        "text": "연화 옥대"
    },
    "84103203": {
        "deprecated": false,
        "id": 84103203,
        "alias": "Contents.Item.Name.4103203",
        "text": "주술의 허리띠"
    },
    "84103204": {
        "deprecated": false,
        "id": 84103204,
        "alias": "Contents.Item.Name.4103204",
        "text": "투지의 허리띠"
    },
    "84103205": {
        "deprecated": false,
        "id": 84103205,
        "alias": "Contents.Item.Name.4103205",
        "text": "쇄자 허리띠"
    },
    "84103401": {
        "deprecated": false,
        "id": 84103401,
        "alias": "Contents.Item.Name.4103401",
        "text": "금경혁대"
    },
    "84103402": {
        "deprecated": false,
        "id": 84103402,
        "alias": "Contents.Item.Name.4103402",
        "text": "맹약의 혁대"
    },
    "84103403": {
        "deprecated": false,
        "id": 84103403,
        "alias": "Contents.Item.Name.4103403",
        "text": "대지의 허리띠"
    },
    "84103404": {
        "deprecated": false,
        "id": 84103404,
        "alias": "Contents.Item.Name.4103404",
        "text": "신농의 옥대"
    },
    "84103405": {
        "deprecated": false,
        "id": 84103405,
        "alias": "Contents.Item.Name.4103405",
        "text": "방호의 허리띠"
    },
    "84103601": {
        "deprecated": false,
        "id": 84103601,
        "alias": "Contents.Item.Name.4103601",
        "text": "신령의 가호"
    },
    "84103602": {
        "deprecated": false,
        "id": 84103602,
        "alias": "Contents.Item.Name.4103602",
        "text": "교룡의 분노"
    },
    "84103603": {
        "deprecated": false,
        "id": 84103603,
        "alias": "Contents.Item.Name.4103603",
        "text": "염왕의 축원"
    },
    "84104001": {
        "deprecated": false,
        "id": 84104001,
        "alias": "Contents.Item.Name.4104001",
        "text": "삼베바지"
    },
    "84104002": {
        "deprecated": false,
        "id": 84104002,
        "alias": "Contents.Item.Name.4104002",
        "text": "가죽바지"
    },
    "84104003": {
        "deprecated": false,
        "id": 84104003,
        "alias": "Contents.Item.Name.4104003",
        "text": "강철각반"
    },
    "84104004": {
        "deprecated": false,
        "id": 84104004,
        "alias": "Contents.Item.Name.4104004",
        "text": "질긴 가죽바지"
    },
    "84104005": {
        "deprecated": false,
        "id": 84104005,
        "alias": "Contents.Item.Name.4104005",
        "text": "목화바지"
    },
    "84104006": {
        "deprecated": false,
        "id": 84104006,
        "alias": "Contents.Item.Name.4104006",
        "text": "청동각반"
    },
    "84104201": {
        "deprecated": false,
        "id": 84104201,
        "alias": "Contents.Item.Name.4104201",
        "text": "비단바지"
    },
    "84104202": {
        "deprecated": false,
        "id": 84104202,
        "alias": "Contents.Item.Name.4104202",
        "text": "거랑의 각반"
    },
    "84104203": {
        "deprecated": false,
        "id": 84104203,
        "alias": "Contents.Item.Name.4104203",
        "text": "백은 치마"
    },
    "84104204": {
        "deprecated": false,
        "id": 84104204,
        "alias": "Contents.Item.Name.4104204",
        "text": "도깨비 치마"
    },
    "84104205": {
        "deprecated": false,
        "id": 84104205,
        "alias": "Contents.Item.Name.4104205",
        "text": "주술 깃든 각반"
    },
    "84104206": {
        "deprecated": false,
        "id": 84104206,
        "alias": "Contents.Item.Name.4104206",
        "text": "어둑시니 바지"
    },
    "84104207": {
        "deprecated": false,
        "id": 84104207,
        "alias": "Contents.Item.Name.4104207",
        "text": "습격자의 각반"
    },
    "84104208": {
        "deprecated": false,
        "id": 84104208,
        "alias": "Contents.Item.Name.4104208",
        "text": "사냥꾼의 바지"
    },
    "84104401": {
        "deprecated": false,
        "id": 84104401,
        "alias": "Contents.Item.Name.4104401",
        "text": "파사의 각반"
    },
    "84104402": {
        "deprecated": false,
        "id": 84104402,
        "alias": "Contents.Item.Name.4104402",
        "text": "대초원의 바지"
    },
    "84104403": {
        "deprecated": false,
        "id": 84104403,
        "alias": "Contents.Item.Name.4104403",
        "text": "믿음의 치마"
    },
    "84104404": {
        "deprecated": false,
        "id": 84104404,
        "alias": "Contents.Item.Name.4104404",
        "text": "금경각반"
    },
    "84104405": {
        "deprecated": false,
        "id": 84104405,
        "alias": "Contents.Item.Name.4104405",
        "text": "서약의 각반"
    },
    "84104601": {
        "deprecated": false,
        "id": 84104601,
        "alias": "Contents.Item.Name.4104601",
        "text": "연옥의 심판"
    },
    "84104602": {
        "deprecated": false,
        "id": 84104602,
        "alias": "Contents.Item.Name.4104602",
        "text": "고목의 줄기"
    },
    "84104603": {
        "deprecated": false,
        "id": 84104603,
        "alias": "Contents.Item.Name.4104603",
        "text": "타락의 바지"
    },
    "84104801": {
        "deprecated": false,
        "id": 84104801,
        "alias": "Contents.Item.Name.4104801",
        "text": "불사의 비원"
    },
    "84105001": {
        "deprecated": false,
        "id": 84105001,
        "alias": "Contents.Item.Name.4105001",
        "text": "천신발"
    },
    "84105002": {
        "deprecated": false,
        "id": 84105002,
        "alias": "Contents.Item.Name.4105002",
        "text": "풀잎 무늬 당혜"
    },
    "84105003": {
        "deprecated": false,
        "id": 84105003,
        "alias": "Contents.Item.Name.4105003",
        "text": "가죽장화"
    },
    "84105004": {
        "deprecated": false,
        "id": 84105004,
        "alias": "Contents.Item.Name.4105004",
        "text": "목화신"
    },
    "84105005": {
        "deprecated": false,
        "id": 84105005,
        "alias": "Contents.Item.Name.4105005",
        "text": "군화"
    },
    "84105006": {
        "deprecated": false,
        "id": 84105006,
        "alias": "Contents.Item.Name.4105006",
        "text": "청동 신발"
    },
    "84105201": {
        "deprecated": false,
        "id": 84105201,
        "alias": "Contents.Item.Name.4105201",
        "text": "질긴 가죽 장화"
    },
    "84105202": {
        "deprecated": false,
        "id": 84105202,
        "alias": "Contents.Item.Name.4105202",
        "text": "방랑자의 신발"
    },
    "84105203": {
        "deprecated": false,
        "id": 84105203,
        "alias": "Contents.Item.Name.4105203",
        "text": "행군의 신발"
    },
    "84105204": {
        "deprecated": false,
        "id": 84105204,
        "alias": "Contents.Item.Name.4105204",
        "text": "맹습의 장화"
    },
    "84105205": {
        "deprecated": false,
        "id": 84105205,
        "alias": "Contents.Item.Name.4105205",
        "text": "주술의 장화"
    },
    "84105206": {
        "deprecated": false,
        "id": 84105206,
        "alias": "Contents.Item.Name.4105206",
        "text": "숙련의 가죽장화"
    },
    "84105207": {
        "deprecated": false,
        "id": 84105207,
        "alias": "Contents.Item.Name.4105207",
        "text": "야인의 신발"
    },
    "84105208": {
        "deprecated": false,
        "id": 84105208,
        "alias": "Contents.Item.Name.4105208",
        "text": "퇴마의 신발"
    },
    "84105401": {
        "deprecated": false,
        "id": 84105401,
        "alias": "Contents.Item.Name.4105401",
        "text": "금경장화"
    },
    "84105402": {
        "deprecated": false,
        "id": 84105402,
        "alias": "Contents.Item.Name.4105402",
        "text": "퇴마의 태사혜"
    },
    "84105403": {
        "deprecated": false,
        "id": 84105403,
        "alias": "Contents.Item.Name.4105403",
        "text": "정복자의 강철군화"
    },
    "84105404": {
        "deprecated": false,
        "id": 84105404,
        "alias": "Contents.Item.Name.4105404",
        "text": "기원의 가죽장화"
    },
    "84105405": {
        "deprecated": false,
        "id": 84105405,
        "alias": "Contents.Item.Name.4105405",
        "text": "쾌속의 진격"
    },
    "84105601": {
        "deprecated": false,
        "id": 84105601,
        "alias": "Contents.Item.Name.4105601",
        "text": "멸신의 도약"
    },
    "84105602": {
        "deprecated": false,
        "id": 84105602,
        "alias": "Contents.Item.Name.4105602",
        "text": "타락의 비익"
    },
    "84105603": {
        "deprecated": false,
        "id": 84105603,
        "alias": "Contents.Item.Name.4105603",
        "text": "바람의 산책"
    },
    "84105801": {
        "deprecated": false,
        "id": 84105801,
        "alias": "Contents.Item.Name.4105801",
        "text": "풍신의 발걸음"
    },
    "84106001": {
        "deprecated": false,
        "id": 84106001,
        "alias": "Contents.Item.Name.4106001",
        "text": "가죽견갑"
    },
    "84106002": {
        "deprecated": false,
        "id": 84106002,
        "alias": "Contents.Item.Name.4106002",
        "text": "강철견갑"
    },
    "84106003": {
        "deprecated": false,
        "id": 84106003,
        "alias": "Contents.Item.Name.4106003",
        "text": "쇄자견갑"
    },
    "84106004": {
        "deprecated": false,
        "id": 84106004,
        "alias": "Contents.Item.Name.4106004",
        "text": "황동견갑"
    },
    "84106005": {
        "deprecated": false,
        "id": 84106005,
        "alias": "Contents.Item.Name.4106005",
        "text": "망자의 어깨"
    },
    "84106006": {
        "deprecated": false,
        "id": 84106006,
        "alias": "Contents.Item.Name.4106006",
        "text": "청동견갑"
    },
    "84106201": {
        "deprecated": false,
        "id": 84106201,
        "alias": "Contents.Item.Name.4106201",
        "text": "누비견갑"
    },
    "84106202": {
        "deprecated": false,
        "id": 84106202,
        "alias": "Contents.Item.Name.4106202",
        "text": "덧쇠 강철견갑"
    },
    "84106203": {
        "deprecated": false,
        "id": 84106203,
        "alias": "Contents.Item.Name.4106203",
        "text": "질긴 가죽견갑"
    },
    "84106204": {
        "deprecated": false,
        "id": 84106204,
        "alias": "Contents.Item.Name.4106204",
        "text": "철판 덧댄 견갑"
    },
    "84106205": {
        "deprecated": false,
        "id": 84106205,
        "alias": "Contents.Item.Name.4106205",
        "text": "수도승의 신조"
    },
    "84106206": {
        "deprecated": false,
        "id": 84106206,
        "alias": "Contents.Item.Name.4106206",
        "text": "순례의 어깨덮개"
    },
    "84106207": {
        "deprecated": false,
        "id": 84106207,
        "alias": "Contents.Item.Name.4106207",
        "text": "광신의 견갑"
    },
    "84106208": {
        "deprecated": false,
        "id": 84106208,
        "alias": "Contents.Item.Name.4106208",
        "text": "항마의 견갑"
    },
    "84106209": {
        "deprecated": false,
        "id": 84106209,
        "alias": "Contents.Item.Name.4106209",
        "text": "맹금의 견갑"
    },
    "84106210": {
        "deprecated": false,
        "id": 84106210,
        "alias": "Contents.Item.Name.4106210",
        "text": "강화 쇄자 견갑"
    },
    "84106401": {
        "deprecated": false,
        "id": 84106401,
        "alias": "Contents.Item.Name.4106401",
        "text": "나찰의 견갑"
    },
    "84106402": {
        "deprecated": false,
        "id": 84106402,
        "alias": "Contents.Item.Name.4106402",
        "text": "수렵의 견갑"
    },
    "84106403": {
        "deprecated": false,
        "id": 84106403,
        "alias": "Contents.Item.Name.4106403",
        "text": "금경견갑"
    },
    "84106404": {
        "deprecated": false,
        "id": 84106404,
        "alias": "Contents.Item.Name.4106404",
        "text": "고행의 견갑"
    },
    "84106405": {
        "deprecated": false,
        "id": 84106405,
        "alias": "Contents.Item.Name.4106405",
        "text": "강철의 가호"
    },
    "84106406": {
        "deprecated": false,
        "id": 84106406,
        "alias": "Contents.Item.Name.4106406",
        "text": "은둔의 견갑"
    },
    "84106601": {
        "deprecated": false,
        "id": 84106601,
        "alias": "Contents.Item.Name.4106601",
        "text": "전투의 열광"
    },
    "84106602": {
        "deprecated": false,
        "id": 84106602,
        "alias": "Contents.Item.Name.4106602",
        "text": "요괴의 껍질"
    },
    "84106603": {
        "deprecated": false,
        "id": 84106603,
        "alias": "Contents.Item.Name.4106603",
        "text": "번뇌의 무게"
    },
    "84106801": {
        "deprecated": false,
        "id": 84106801,
        "alias": "Contents.Item.Name.4106801",
        "text": "오만의 견갑"
    },
    "84107001": {
        "deprecated": false,
        "id": 84107001,
        "alias": "Contents.Item.Name.4107001",
        "text": "병사의 고혼"
    },
    "84107002": {
        "deprecated": false,
        "id": 84107002,
        "alias": "Contents.Item.Name.4107002",
        "text": "학사의 유혼"
    },
    "84107201": {
        "deprecated": false,
        "id": 84107201,
        "alias": "Contents.Item.Name.4107201",
        "text": "용사의 잔혼"
    },
    "84107202": {
        "deprecated": false,
        "id": 84107202,
        "alias": "Contents.Item.Name.4107202",
        "text": "투사의 원혼"
    },
    "84107203": {
        "deprecated": false,
        "id": 84107203,
        "alias": "Contents.Item.Name.4107203",
        "text": "현사의 의념"
    },
    "84107401": {
        "deprecated": false,
        "id": 84107401,
        "alias": "Contents.Item.Name.4107401",
        "text": "불꽃의 영혼"
    },
    "84107402": {
        "deprecated": false,
        "id": 84107402,
        "alias": "Contents.Item.Name.4107402",
        "text": "물의 사념"
    },
    "84107403": {
        "deprecated": false,
        "id": 84107403,
        "alias": "Contents.Item.Name.4107403",
        "text": "뇌전의 영령"
    },
    "84107404": {
        "deprecated": false,
        "id": 84107404,
        "alias": "Contents.Item.Name.4107404",
        "text": "선조의 영혼"
    },
    "84108001": {
        "deprecated": false,
        "id": 84108001,
        "alias": "Contents.Item.Name.4108001",
        "text": "향나무 수호패"
    },
    "84108002": {
        "deprecated": false,
        "id": 84108002,
        "alias": "Contents.Item.Name.4108002",
        "text": "소나무 수호패"
    },
    "84108003": {
        "deprecated": false,
        "id": 84108003,
        "alias": "Contents.Item.Name.4108003",
        "text": "오동나무 수호패"
    },
    "84108201": {
        "deprecated": false,
        "id": 84108201,
        "alias": "Contents.Item.Name.4108201",
        "text": "견고의 수호패"
    },
    "84108202": {
        "deprecated": false,
        "id": 84108202,
        "alias": "Contents.Item.Name.4108202",
        "text": "재주의 수호패"
    },
    "84108203": {
        "deprecated": false,
        "id": 84108203,
        "alias": "Contents.Item.Name.4108203",
        "text": "명경의 수호패"
    },
    "84108204": {
        "deprecated": false,
        "id": 84108204,
        "alias": "Contents.Item.Name.4108204",
        "text": "조화의 수호패"
    },
    "84108401": {
        "deprecated": false,
        "id": 84108401,
        "alias": "Contents.Item.Name.4108401",
        "text": "성자의 축복"
    },
    "84108402": {
        "deprecated": false,
        "id": 84108402,
        "alias": "Contents.Item.Name.4108402",
        "text": "업화의 수호"
    },
    "84108403": {
        "deprecated": false,
        "id": 84108403,
        "alias": "Contents.Item.Name.4108403",
        "text": "군주의 지원"
    },
    "84108404": {
        "deprecated": false,
        "id": 84108404,
        "alias": "Contents.Item.Name.4108404",
        "text": "평안의 가호"
    },
    "84108405": {
        "deprecated": false,
        "id": 84108405,
        "alias": "Contents.Item.Name.4108405",
        "text": "고결의 표식"
    },
    "84201001": {
        "deprecated": false,
        "id": 84201001,
        "alias": "Contents.Item.Name.4201001",
        "text": "천 장삼(각인)"
    },
    "84201002": {
        "deprecated": false,
        "id": 84201002,
        "alias": "Contents.Item.Name.4201002",
        "text": "피풍의(각인)"
    },
    "84201003": {
        "deprecated": false,
        "id": 84201003,
        "alias": "Contents.Item.Name.4201003",
        "text": "호피갑(각인)"
    },
    "84201004": {
        "deprecated": false,
        "id": 84201004,
        "alias": "Contents.Item.Name.4201004",
        "text": "모피옷(각인)"
    },
    "84201005": {
        "deprecated": false,
        "id": 84201005,
        "alias": "Contents.Item.Name.4201005",
        "text": "무명장삼(각인)"
    },
    "84201006": {
        "deprecated": false,
        "id": 84201006,
        "alias": "Contents.Item.Name.4201006",
        "text": "가죽무복(각인)"
    },
    "84201007": {
        "deprecated": false,
        "id": 84201007,
        "alias": "Contents.Item.Name.4201007",
        "text": "청동갑옷(각인)"
    },
    "84201008": {
        "deprecated": false,
        "id": 84201008,
        "alias": "Contents.Item.Name.4201008",
        "text": "비늘갑옷(각인)"
    },
    "84201201": {
        "deprecated": false,
        "id": 84201201,
        "alias": "Contents.Item.Name.4201201",
        "text": "학사의(각인)"
    },
    "84201202": {
        "deprecated": false,
        "id": 84201202,
        "alias": "Contents.Item.Name.4201202",
        "text": "청단령(각인)"
    },
    "84201203": {
        "deprecated": false,
        "id": 84201203,
        "alias": "Contents.Item.Name.4201203",
        "text": "두정갑(각인)"
    },
    "84201204": {
        "deprecated": false,
        "id": 84201204,
        "alias": "Contents.Item.Name.4201204",
        "text": "쇄자갑(각인)"
    },
    "84201205": {
        "deprecated": false,
        "id": 84201205,
        "alias": "Contents.Item.Name.4201205",
        "text": "주술의 도포(각인)"
    },
    "84201206": {
        "deprecated": false,
        "id": 84201206,
        "alias": "Contents.Item.Name.4201206",
        "text": "무녀의 장삼(각인)"
    },
    "84201207": {
        "deprecated": false,
        "id": 84201207,
        "alias": "Contents.Item.Name.4201207",
        "text": "흑철릭(각인)"
    },
    "84201208": {
        "deprecated": false,
        "id": 84201208,
        "alias": "Contents.Item.Name.4201208",
        "text": "강화된 두정갑(각인)"
    },
    "84201209": {
        "deprecated": false,
        "id": 84201209,
        "alias": "Contents.Item.Name.4201209",
        "text": "개량된 쇄자갑(각인)"
    },
    "84201210": {
        "deprecated": false,
        "id": 84201210,
        "alias": "Contents.Item.Name.4201210",
        "text": "수도승의 장삼(각인)"
    },
    "84201211": {
        "deprecated": false,
        "id": 84201211,
        "alias": "Contents.Item.Name.4201211",
        "text": "명인의 가죽옷(각인)"
    },
    "84201212": {
        "deprecated": false,
        "id": 84201212,
        "alias": "Contents.Item.Name.4201212",
        "text": "어린갑(각인)"
    },
    "84201401": {
        "deprecated": false,
        "id": 84201401,
        "alias": "Contents.Item.Name.4201401",
        "text": "백련갑(각인)"
    },
    "84201402": {
        "deprecated": false,
        "id": 84201402,
        "alias": "Contents.Item.Name.4201402",
        "text": "흑조의 깃털(각인)"
    },
    "84201403": {
        "deprecated": false,
        "id": 84201403,
        "alias": "Contents.Item.Name.4201403",
        "text": "금경도포(각인)"
    },
    "84201404": {
        "deprecated": false,
        "id": 84201404,
        "alias": "Contents.Item.Name.4201404",
        "text": "북방의 수호자(각인)"
    },
    "84201405": {
        "deprecated": false,
        "id": 84201405,
        "alias": "Contents.Item.Name.4201405",
        "text": "설화갑(각인)"
    },
    "84201406": {
        "deprecated": false,
        "id": 84201406,
        "alias": "Contents.Item.Name.4201406",
        "text": "기원의 도포(각인)"
    },
    "84201601": {
        "deprecated": false,
        "id": 84201601,
        "alias": "Contents.Item.Name.4201601",
        "text": "투쟁의 갑주(각인)"
    },
    "84201602": {
        "deprecated": false,
        "id": 84201602,
        "alias": "Contents.Item.Name.4201602",
        "text": "진마의 열망(각인)"
    },
    "84201603": {
        "deprecated": false,
        "id": 84201603,
        "alias": "Contents.Item.Name.4201603",
        "text": "하얀 인도자(각인)"
    },
    "84201801": {
        "deprecated": false,
        "id": 84201801,
        "alias": "Contents.Item.Name.4201801",
        "text": "영원의 심장(각인)"
    },
    "84202001": {
        "deprecated": false,
        "id": 84202001,
        "alias": "Contents.Item.Name.4202001",
        "text": "천 장갑(각인)"
    },
    "84202002": {
        "deprecated": false,
        "id": 84202002,
        "alias": "Contents.Item.Name.4202002",
        "text": "가죽장갑(각인)"
    },
    "84202003": {
        "deprecated": false,
        "id": 84202003,
        "alias": "Contents.Item.Name.4202003",
        "text": "비단장갑(각인)"
    },
    "84202004": {
        "deprecated": false,
        "id": 84202004,
        "alias": "Contents.Item.Name.4202004",
        "text": "강철장갑(각인)"
    },
    "84202005": {
        "deprecated": false,
        "id": 84202005,
        "alias": "Contents.Item.Name.4202005",
        "text": "청동장갑(각인)"
    },
    "84202006": {
        "deprecated": false,
        "id": 84202006,
        "alias": "Contents.Item.Name.4202006",
        "text": "무명장갑(각인)"
    },
    "84202201": {
        "deprecated": false,
        "id": 84202201,
        "alias": "Contents.Item.Name.4202201",
        "text": "사냥꾼의 수갑(각인)"
    },
    "84202202": {
        "deprecated": false,
        "id": 84202202,
        "alias": "Contents.Item.Name.4202202",
        "text": "명사수의 골무(각인)"
    },
    "84202203": {
        "deprecated": false,
        "id": 84202203,
        "alias": "Contents.Item.Name.4202203",
        "text": "묵철장갑(각인)"
    },
    "84202204": {
        "deprecated": false,
        "id": 84202204,
        "alias": "Contents.Item.Name.4202204",
        "text": "쇄자장갑(각인)"
    },
    "84202205": {
        "deprecated": false,
        "id": 84202205,
        "alias": "Contents.Item.Name.4202205",
        "text": "수정장갑(각인)"
    },
    "84202206": {
        "deprecated": false,
        "id": 84202206,
        "alias": "Contents.Item.Name.4202206",
        "text": "기백의 장갑(각인)"
    },
    "84202207": {
        "deprecated": false,
        "id": 84202207,
        "alias": "Contents.Item.Name.4202207",
        "text": "청의 수갑(각인)"
    },
    "84202208": {
        "deprecated": false,
        "id": 84202208,
        "alias": "Contents.Item.Name.4202208",
        "text": "주술장갑(각인)"
    },
    "84202401": {
        "deprecated": false,
        "id": 84202401,
        "alias": "Contents.Item.Name.4202401",
        "text": "금경장갑(각인)"
    },
    "84202402": {
        "deprecated": false,
        "id": 84202402,
        "alias": "Contents.Item.Name.4202402",
        "text": "백뢰장갑(각인)"
    },
    "84202403": {
        "deprecated": false,
        "id": 84202403,
        "alias": "Contents.Item.Name.4202403",
        "text": "거짓의 장갑(각인)"
    },
    "84202404": {
        "deprecated": false,
        "id": 84202404,
        "alias": "Contents.Item.Name.4202404",
        "text": "진인의 장갑(각인)"
    },
    "84202405": {
        "deprecated": false,
        "id": 84202405,
        "alias": "Contents.Item.Name.4202405",
        "text": "진실의 장갑(각인)"
    },
    "84202601": {
        "deprecated": false,
        "id": 84202601,
        "alias": "Contents.Item.Name.4202601",
        "text": "전신의 재림(각인)"
    },
    "84202602": {
        "deprecated": false,
        "id": 84202602,
        "alias": "Contents.Item.Name.4202602",
        "text": "명왕의 선고(각인)"
    },
    "84202603": {
        "deprecated": false,
        "id": 84202603,
        "alias": "Contents.Item.Name.4202603",
        "text": "노을의 물결(각인)"
    },
    "84202801": {
        "deprecated": false,
        "id": 84202801,
        "alias": "Contents.Item.Name.4202801",
        "text": "서광의 비호(각인)"
    },
    "84203001": {
        "deprecated": false,
        "id": 84203001,
        "alias": "Contents.Item.Name.4203001",
        "text": "천 허리띠(각인)"
    },
    "84203002": {
        "deprecated": false,
        "id": 84203002,
        "alias": "Contents.Item.Name.4203002",
        "text": "질긴 천 허리띠(각인)"
    },
    "84203003": {
        "deprecated": false,
        "id": 84203003,
        "alias": "Contents.Item.Name.4203003",
        "text": "가죽혁대(각인)"
    },
    "84203004": {
        "deprecated": false,
        "id": 84203004,
        "alias": "Contents.Item.Name.4203004",
        "text": "철 허리띠(각인)"
    },
    "84203005": {
        "deprecated": false,
        "id": 84203005,
        "alias": "Contents.Item.Name.4203005",
        "text": "허름한 혁대(각인)"
    },
    "84203201": {
        "deprecated": false,
        "id": 84203201,
        "alias": "Contents.Item.Name.4203201",
        "text": "질 좋은 가죽혁대(각인)"
    },
    "84203202": {
        "deprecated": false,
        "id": 84203202,
        "alias": "Contents.Item.Name.4203202",
        "text": "연화 옥대(각인)"
    },
    "84203203": {
        "deprecated": false,
        "id": 84203203,
        "alias": "Contents.Item.Name.4203203",
        "text": "주술의 허리띠(각인)"
    },
    "84203204": {
        "deprecated": false,
        "id": 84203204,
        "alias": "Contents.Item.Name.4203204",
        "text": "투지의 허리띠(각인)"
    },
    "84203205": {
        "deprecated": false,
        "id": 84203205,
        "alias": "Contents.Item.Name.4203205",
        "text": "쇄자 허리띠(각인)"
    },
    "84203401": {
        "deprecated": false,
        "id": 84203401,
        "alias": "Contents.Item.Name.4203401",
        "text": "금경혁대(각인)"
    },
    "84203402": {
        "deprecated": false,
        "id": 84203402,
        "alias": "Contents.Item.Name.4203402",
        "text": "맹약의 혁대(각인)"
    },
    "84203403": {
        "deprecated": false,
        "id": 84203403,
        "alias": "Contents.Item.Name.4203403",
        "text": "대지의 허리띠(각인)"
    },
    "84203404": {
        "deprecated": false,
        "id": 84203404,
        "alias": "Contents.Item.Name.4203404",
        "text": "신농의 옥대(각인)"
    },
    "84203405": {
        "deprecated": false,
        "id": 84203405,
        "alias": "Contents.Item.Name.4203405",
        "text": "방호의 허리띠(각인)"
    },
    "84203601": {
        "deprecated": false,
        "id": 84203601,
        "alias": "Contents.Item.Name.4203601",
        "text": "신령의 가호(각인)"
    },
    "84203602": {
        "deprecated": false,
        "id": 84203602,
        "alias": "Contents.Item.Name.4203602",
        "text": "교룡의 분노(각인)"
    },
    "84203603": {
        "deprecated": false,
        "id": 84203603,
        "alias": "Contents.Item.Name.4203603",
        "text": "염왕의 축원(각인)"
    },
    "84204001": {
        "deprecated": false,
        "id": 84204001,
        "alias": "Contents.Item.Name.4204001",
        "text": "삼베바지(각인)"
    },
    "84204002": {
        "deprecated": false,
        "id": 84204002,
        "alias": "Contents.Item.Name.4204002",
        "text": "가죽바지(각인)"
    },
    "84204003": {
        "deprecated": false,
        "id": 84204003,
        "alias": "Contents.Item.Name.4204003",
        "text": "강철각반(각인)"
    },
    "84204004": {
        "deprecated": false,
        "id": 84204004,
        "alias": "Contents.Item.Name.4204004",
        "text": "질긴 가죽바지(각인)"
    },
    "84204005": {
        "deprecated": false,
        "id": 84204005,
        "alias": "Contents.Item.Name.4204005",
        "text": "목화바지(각인)"
    },
    "84204006": {
        "deprecated": false,
        "id": 84204006,
        "alias": "Contents.Item.Name.4204006",
        "text": "청동각반(각인)"
    },
    "84204201": {
        "deprecated": false,
        "id": 84204201,
        "alias": "Contents.Item.Name.4204201",
        "text": "비단바지(각인)"
    },
    "84204202": {
        "deprecated": false,
        "id": 84204202,
        "alias": "Contents.Item.Name.4204202",
        "text": "거랑의 각반(각인)"
    },
    "84204203": {
        "deprecated": false,
        "id": 84204203,
        "alias": "Contents.Item.Name.4204203",
        "text": "백은 치마(각인)"
    },
    "84204204": {
        "deprecated": false,
        "id": 84204204,
        "alias": "Contents.Item.Name.4204204",
        "text": "도깨비 치마(각인)"
    },
    "84204205": {
        "deprecated": false,
        "id": 84204205,
        "alias": "Contents.Item.Name.4204205",
        "text": "주술 깃든 각반(각인)"
    },
    "84204206": {
        "deprecated": false,
        "id": 84204206,
        "alias": "Contents.Item.Name.4204206",
        "text": "어둑시니 바지(각인)"
    },
    "84204207": {
        "deprecated": false,
        "id": 84204207,
        "alias": "Contents.Item.Name.4204207",
        "text": "습격자의 각반(각인)"
    },
    "84204208": {
        "deprecated": false,
        "id": 84204208,
        "alias": "Contents.Item.Name.4204208",
        "text": "사냥꾼의 바지(각인)"
    },
    "84204401": {
        "deprecated": false,
        "id": 84204401,
        "alias": "Contents.Item.Name.4204401",
        "text": "파사의 각반(각인)"
    },
    "84204402": {
        "deprecated": false,
        "id": 84204402,
        "alias": "Contents.Item.Name.4204402",
        "text": "대초원의 바지(각인)"
    },
    "84204403": {
        "deprecated": false,
        "id": 84204403,
        "alias": "Contents.Item.Name.4204403",
        "text": "믿음의 치마(각인)"
    },
    "84204404": {
        "deprecated": false,
        "id": 84204404,
        "alias": "Contents.Item.Name.4204404",
        "text": "금경각반(각인)"
    },
    "84204405": {
        "deprecated": false,
        "id": 84204405,
        "alias": "Contents.Item.Name.4204405",
        "text": "서약의 각반(각인)"
    },
    "84204601": {
        "deprecated": false,
        "id": 84204601,
        "alias": "Contents.Item.Name.4204601",
        "text": "연옥의 심판(각인)"
    },
    "84204602": {
        "deprecated": false,
        "id": 84204602,
        "alias": "Contents.Item.Name.4204602",
        "text": "고목의 줄기(각인)"
    },
    "84204603": {
        "deprecated": false,
        "id": 84204603,
        "alias": "Contents.Item.Name.4204603",
        "text": "타락의 바지(각인)"
    },
    "84204801": {
        "deprecated": false,
        "id": 84204801,
        "alias": "Contents.Item.Name.4204801",
        "text": "불사의 비원(각인)"
    },
    "84205001": {
        "deprecated": false,
        "id": 84205001,
        "alias": "Contents.Item.Name.4205001",
        "text": "천신발(각인)"
    },
    "84205002": {
        "deprecated": false,
        "id": 84205002,
        "alias": "Contents.Item.Name.4205002",
        "text": "풀잎 무늬 당혜(각인)"
    },
    "84205003": {
        "deprecated": false,
        "id": 84205003,
        "alias": "Contents.Item.Name.4205003",
        "text": "가죽장화(각인)"
    },
    "84205004": {
        "deprecated": false,
        "id": 84205004,
        "alias": "Contents.Item.Name.4205004",
        "text": "목화신(각인)"
    },
    "84205005": {
        "deprecated": false,
        "id": 84205005,
        "alias": "Contents.Item.Name.4205005",
        "text": "군화(각인)"
    },
    "84205006": {
        "deprecated": false,
        "id": 84205006,
        "alias": "Contents.Item.Name.4205006",
        "text": "청동 신발(각인)"
    },
    "84205201": {
        "deprecated": false,
        "id": 84205201,
        "alias": "Contents.Item.Name.4205201",
        "text": "질긴 가죽 장화(각인)"
    },
    "84205202": {
        "deprecated": false,
        "id": 84205202,
        "alias": "Contents.Item.Name.4205202",
        "text": "방랑자의 신발(각인)"
    },
    "84205203": {
        "deprecated": false,
        "id": 84205203,
        "alias": "Contents.Item.Name.4205203",
        "text": "행군의 신발(각인)"
    },
    "84205204": {
        "deprecated": false,
        "id": 84205204,
        "alias": "Contents.Item.Name.4205204",
        "text": "맹습의 장화(각인)"
    },
    "84205205": {
        "deprecated": false,
        "id": 84205205,
        "alias": "Contents.Item.Name.4205205",
        "text": "주술의 장화(각인)"
    },
    "84205206": {
        "deprecated": false,
        "id": 84205206,
        "alias": "Contents.Item.Name.4205206",
        "text": "숙련의 가죽장화(각인)"
    },
    "84205207": {
        "deprecated": false,
        "id": 84205207,
        "alias": "Contents.Item.Name.4205207",
        "text": "야인의 신발(각인)"
    },
    "84205208": {
        "deprecated": false,
        "id": 84205208,
        "alias": "Contents.Item.Name.4205208",
        "text": "퇴마의 신발(각인)"
    },
    "84205401": {
        "deprecated": false,
        "id": 84205401,
        "alias": "Contents.Item.Name.4205401",
        "text": "금경장화(각인)"
    },
    "84205402": {
        "deprecated": false,
        "id": 84205402,
        "alias": "Contents.Item.Name.4205402",
        "text": "퇴마의 태사혜(각인)"
    },
    "84205403": {
        "deprecated": false,
        "id": 84205403,
        "alias": "Contents.Item.Name.4205403",
        "text": "정복자의 강철군화(각인)"
    },
    "84205404": {
        "deprecated": false,
        "id": 84205404,
        "alias": "Contents.Item.Name.4205404",
        "text": "기원의 가죽장화(각인)"
    },
    "84205405": {
        "deprecated": false,
        "id": 84205405,
        "alias": "Contents.Item.Name.4205405",
        "text": "쾌속의 진격(각인)"
    },
    "84205601": {
        "deprecated": false,
        "id": 84205601,
        "alias": "Contents.Item.Name.4205601",
        "text": "멸신의 도약(각인)"
    },
    "84205602": {
        "deprecated": false,
        "id": 84205602,
        "alias": "Contents.Item.Name.4205602",
        "text": "타락의 비익(각인)"
    },
    "84205603": {
        "deprecated": false,
        "id": 84205603,
        "alias": "Contents.Item.Name.4205603",
        "text": "바람의 산책(각인)"
    },
    "84205801": {
        "deprecated": false,
        "id": 84205801,
        "alias": "Contents.Item.Name.4205801",
        "text": "풍신의 발걸음(각인)"
    },
    "84206001": {
        "deprecated": false,
        "id": 84206001,
        "alias": "Contents.Item.Name.4206001",
        "text": "가죽견갑(각인)"
    },
    "84206002": {
        "deprecated": false,
        "id": 84206002,
        "alias": "Contents.Item.Name.4206002",
        "text": "강철견갑(각인)"
    },
    "84206003": {
        "deprecated": false,
        "id": 84206003,
        "alias": "Contents.Item.Name.4206003",
        "text": "쇄자견갑(각인)"
    },
    "84206004": {
        "deprecated": false,
        "id": 84206004,
        "alias": "Contents.Item.Name.4206004",
        "text": "황동견갑(각인)"
    },
    "84206005": {
        "deprecated": false,
        "id": 84206005,
        "alias": "Contents.Item.Name.4206005",
        "text": "망자의 어깨(각인)"
    },
    "84206006": {
        "deprecated": false,
        "id": 84206006,
        "alias": "Contents.Item.Name.4206006",
        "text": "청동견갑(각인)"
    },
    "84206201": {
        "deprecated": false,
        "id": 84206201,
        "alias": "Contents.Item.Name.4206201",
        "text": "누비견갑(각인)"
    },
    "84206202": {
        "deprecated": false,
        "id": 84206202,
        "alias": "Contents.Item.Name.4206202",
        "text": "덧쇠 강철견갑(각인)"
    },
    "84206203": {
        "deprecated": false,
        "id": 84206203,
        "alias": "Contents.Item.Name.4206203",
        "text": "질긴 가죽견갑(각인)"
    },
    "84206204": {
        "deprecated": false,
        "id": 84206204,
        "alias": "Contents.Item.Name.4206204",
        "text": "철판 덧댄 견갑(각인)"
    },
    "84206205": {
        "deprecated": false,
        "id": 84206205,
        "alias": "Contents.Item.Name.4206205",
        "text": "수도승의 신조(각인)"
    },
    "84206206": {
        "deprecated": false,
        "id": 84206206,
        "alias": "Contents.Item.Name.4206206",
        "text": "순례의 어깨덮개(각인)"
    },
    "84206207": {
        "deprecated": false,
        "id": 84206207,
        "alias": "Contents.Item.Name.4206207",
        "text": "광신의 견갑(각인)"
    },
    "84206208": {
        "deprecated": false,
        "id": 84206208,
        "alias": "Contents.Item.Name.4206208",
        "text": "항마의 견갑(각인)"
    },
    "84206209": {
        "deprecated": false,
        "id": 84206209,
        "alias": "Contents.Item.Name.4206209",
        "text": "맹금의 견갑(각인)"
    },
    "84206210": {
        "deprecated": false,
        "id": 84206210,
        "alias": "Contents.Item.Name.4206210",
        "text": "강화 쇄자 견갑(각인)"
    },
    "84206401": {
        "deprecated": false,
        "id": 84206401,
        "alias": "Contents.Item.Name.4206401",
        "text": "나찰의 견갑(각인)"
    },
    "84206402": {
        "deprecated": false,
        "id": 84206402,
        "alias": "Contents.Item.Name.4206402",
        "text": "수렵의 견갑(각인)"
    },
    "84206403": {
        "deprecated": false,
        "id": 84206403,
        "alias": "Contents.Item.Name.4206403",
        "text": "금경견갑(각인)"
    },
    "84206404": {
        "deprecated": false,
        "id": 84206404,
        "alias": "Contents.Item.Name.4206404",
        "text": "고행의 견갑(각인)"
    },
    "84206405": {
        "deprecated": false,
        "id": 84206405,
        "alias": "Contents.Item.Name.4206405",
        "text": "강철의 가호(각인)"
    },
    "84206406": {
        "deprecated": false,
        "id": 84206406,
        "alias": "Contents.Item.Name.4206406",
        "text": "은둔의 견갑(각인)"
    },
    "84206601": {
        "deprecated": false,
        "id": 84206601,
        "alias": "Contents.Item.Name.4206601",
        "text": "전투의 열광(각인)"
    },
    "84206602": {
        "deprecated": false,
        "id": 84206602,
        "alias": "Contents.Item.Name.4206602",
        "text": "요괴의 껍질(각인)"
    },
    "84206603": {
        "deprecated": false,
        "id": 84206603,
        "alias": "Contents.Item.Name.4206603",
        "text": "번뇌의 무게(각인)"
    },
    "84206801": {
        "deprecated": false,
        "id": 84206801,
        "alias": "Contents.Item.Name.4206801",
        "text": "오만의 견갑(각인)"
    },
    "84207001": {
        "deprecated": false,
        "id": 84207001,
        "alias": "Contents.Item.Name.4207001",
        "text": "병사의 고혼(각인)"
    },
    "84207002": {
        "deprecated": false,
        "id": 84207002,
        "alias": "Contents.Item.Name.4207002",
        "text": "학사의 유혼(각인)"
    },
    "84207201": {
        "deprecated": false,
        "id": 84207201,
        "alias": "Contents.Item.Name.4207201",
        "text": "용사의 잔혼(각인)"
    },
    "84207202": {
        "deprecated": false,
        "id": 84207202,
        "alias": "Contents.Item.Name.4207202",
        "text": "투사의 원혼(각인)"
    },
    "84207203": {
        "deprecated": false,
        "id": 84207203,
        "alias": "Contents.Item.Name.4207203",
        "text": "현사의 의념(각인)"
    },
    "84207401": {
        "deprecated": false,
        "id": 84207401,
        "alias": "Contents.Item.Name.4207401",
        "text": "불꽃의 영혼(각인)"
    },
    "84207402": {
        "deprecated": false,
        "id": 84207402,
        "alias": "Contents.Item.Name.4207402",
        "text": "물의 사념(각인)"
    },
    "84207403": {
        "deprecated": false,
        "id": 84207403,
        "alias": "Contents.Item.Name.4207403",
        "text": "뇌전의 영령(각인)"
    },
    "84207404": {
        "deprecated": false,
        "id": 84207404,
        "alias": "Contents.Item.Name.4207404",
        "text": "선조의 영혼(각인)"
    },
    "84208001": {
        "deprecated": false,
        "id": 84208001,
        "alias": "Contents.Item.Name.4208001",
        "text": "향나무 수호패(각인)"
    },
    "84208002": {
        "deprecated": false,
        "id": 84208002,
        "alias": "Contents.Item.Name.4208002",
        "text": "소나무 수호패(각인)"
    },
    "84208003": {
        "deprecated": false,
        "id": 84208003,
        "alias": "Contents.Item.Name.4208003",
        "text": "오동나무 수호패(각인)"
    },
    "84208201": {
        "deprecated": false,
        "id": 84208201,
        "alias": "Contents.Item.Name.4208201",
        "text": "견고의 수호패(각인)"
    },
    "84208202": {
        "deprecated": false,
        "id": 84208202,
        "alias": "Contents.Item.Name.4208202",
        "text": "재주의 수호패(각인)"
    },
    "84208203": {
        "deprecated": false,
        "id": 84208203,
        "alias": "Contents.Item.Name.4208203",
        "text": "명경의 수호패(각인)"
    },
    "84208204": {
        "deprecated": false,
        "id": 84208204,
        "alias": "Contents.Item.Name.4208204",
        "text": "조화의 수호패(각인)"
    },
    "84208401": {
        "deprecated": false,
        "id": 84208401,
        "alias": "Contents.Item.Name.4208401",
        "text": "성자의 축복(각인)"
    },
    "84208402": {
        "deprecated": false,
        "id": 84208402,
        "alias": "Contents.Item.Name.4208402",
        "text": "업화의 수호(각인)"
    },
    "84208403": {
        "deprecated": false,
        "id": 84208403,
        "alias": "Contents.Item.Name.4208403",
        "text": "군주의 지원(각인)"
    },
    "84208404": {
        "deprecated": false,
        "id": 84208404,
        "alias": "Contents.Item.Name.4208404",
        "text": "평안의 가호(각인)"
    },
    "84208405": {
        "deprecated": false,
        "id": 84208405,
        "alias": "Contents.Item.Name.4208405",
        "text": "고결의 표식(각인)"
    }
}