{
    "30050000": {
        "deprecated": false,
        "Dev_Desc": "비옥서브_50001_0_풍백문 다돈보 (풍백문)",
        "id": 30050000,
        "alias": "Contents.Gossip.50000",
        "text": "다 덤벼라! 세상아!"
    },
    "30050001": {
        "deprecated": false,
        "Dev_Desc": "비옥서브_50002_3_오돌 (퀘던)",
        "id": 30050001,
        "alias": "Contents.Gossip.50001",
        "text": "<textColor=[215:94:94:255]>대야금</>! 넌 민중의 적이다!"
    },
    "30050002": {
        "deprecated": false,
        "Dev_Desc": "비옥서브_50002_3_차돌 (퀘던)",
        "id": 30050002,
        "alias": "Contents.Gossip.50002",
        "text": "오늘이 네 마지막 날이다!"
    },
    "30050003": {
        "deprecated": false,
        "Dev_Desc": "비옥서브_50002_3_지미갓 (퀘던)",
        "id": 30050003,
        "alias": "Contents.Gossip.50003",
        "text": "내가 해결사를 데려왔다!"
    },
    "30050004": {
        "deprecated": false,
        "Dev_Desc": "비옥서브_50100_0_박식물 (기본)",
        "id": 30050004,
        "alias": "Contents.Gossip.50004",
        "text": "신기하다. 신기해... 어떻게 그럴 수 있지?"
    },
    "30050005": {
        "deprecated": false,
        "Dev_Desc": "비옥서브_50102_0_지질학자 원토지",
        "id": 30050005,
        "alias": "Contents.Gossip.50005",
        "text": "아니, 내가 연구하는데 당신이 날 도와줘야지!"
    },
    "30050006": {
        "deprecated": false,
        "Dev_Desc": "비옥서브_50102_0_수양 성요통",
        "id": 30050006,
        "alias": "Contents.Gossip.50006",
        "text": "아이고. 여기서 이러시면 곤란합니다."
    },
    "30050007": {
        "deprecated": false,
        "Dev_Desc": "비옥서브 구대선 (풍백문)",
        "id": 30050007,
        "alias": "Contents.Gossip.50007",
        "text": "더 많은 경험을 전해 주고 싶은데..."
    },
    "30050008": {
        "deprecated": false,
        "Dev_Desc": "비옥서브 집애만 (풍백문)",
        "id": 30050008,
        "alias": "Contents.Gossip.50008",
        "text": "어디서든 배울 것이 있다. 열심히 하자!"
    },
    "30050009": {
        "deprecated": false,
        "Dev_Desc": "비옥서브 이연비 (풍백문)",
        "id": 30050009,
        "alias": "Contents.Gossip.50009",
        "text": "다음 시간은 뭐였더라?"
    },
    "30050010": {
        "deprecated": false,
        "Dev_Desc": "비옥서브 이연비 (풍백문)",
        "id": 30050010,
        "alias": "Contents.Gossip.50010",
        "text": "이건 내가 궁금하다기보단... \n모두를 위한 거니까..."
    },
    "30050011": {
        "deprecated": false,
        "Dev_Desc": "비옥서브 다돈보 (풍백문)",
        "id": 30050011,
        "alias": "Contents.Gossip.50011",
        "text": "아이고! 엄마! 스승님. 제발 살려주십시오."
    },
    "30050012": {
        "deprecated": false,
        "Dev_Desc": "비옥서브 지미갓",
        "id": 30050012,
        "alias": "Contents.Gossip.50012",
        "text": "내 이익이 결국 공공의 이익과 연결되지. \n난 좋은 사람이야."
    },
    "30050013": {
        "deprecated": false,
        "Dev_Desc": "비옥서브 오돌",
        "id": 30050013,
        "alias": "Contents.Gossip.50013",
        "text": "역시! 대장! 크게 보는 시야!"
    },
    "30050014": {
        "deprecated": false,
        "Dev_Desc": "비옥서브 차돌",
        "id": 30050014,
        "alias": "Contents.Gossip.50014",
        "text": "대장과 함께해서 행운이라고 생각해."
    },
    "30050015": {
        "deprecated": false,
        "Dev_Desc": "네이냥",
        "id": 30050015,
        "alias": "Contents.Gossip.50015",
        "text": "<textColor=[78:148:215:255]>개척바롱단</>의 위기다냥..."
    },
    "30050016": {
        "deprecated": false,
        "Dev_Desc": "흥이냥",
        "id": 30050016,
        "alias": "Contents.Gossip.50016",
        "text": "흥! <textColor=[78:148:215:255]>단장님</>, \n고민이 있으면 우리한테 말하는 거다냥!"
    },
    "30050017": {
        "deprecated": false,
        "Dev_Desc": "뿡이냥",
        "id": 30050017,
        "alias": "Contents.Gossip.50017",
        "text": "뿡! 우리가 도와주겠다냥!"
    },
    "30050018": {
        "deprecated": false,
        "Dev_Desc": "장소미 (풍백문)",
        "id": 30050018,
        "alias": "Contents.Gossip.50018",
        "text": "마음이 답답하구나..."
    },
    "30050019": {
        "deprecated": false,
        "Dev_Desc": "유무선 (풍백문)",
        "id": 30050019,
        "alias": "Contents.Gossip.50019",
        "text": "좀 상태가 좋은 거로 손에 넣고 싶은데..."
    },
    "30050020": {
        "deprecated": false,
        "Dev_Desc": "좌요한 (도화상전)",
        "id": 30050020,
        "alias": "Contents.Gossip.50020",
        "text": "아니... 아무리 생각해도 그건 아니지..."
    },
    "30050021": {
        "deprecated": false,
        "Dev_Desc": "우진희 (도화상전)",
        "id": 30050021,
        "alias": "Contents.Gossip.50021",
        "text": "또... 이분 또 이러시네... 독이 무슨..."
    },
    "30050022": {
        "deprecated": false,
        "Dev_Desc": "노강슬 (풍백문)",
        "id": 30050022,
        "alias": "Contents.Gossip.50022",
        "text": "뭐라고? 목소리를 좀 크게 해봐. 안 들려."
    },
    "30050023": {
        "deprecated": false,
        "Dev_Desc": "한소애 (풍백문)",
        "id": 30050023,
        "alias": "Contents.Gossip.50023",
        "text": "아... <textColor=[110:216:175:255]>해월지부</> 밖에 못 나가겠어.\n너무 무서워..."
    },
    "30050024": {
        "deprecated": false,
        "Dev_Desc": "우진희 (도화상전)",
        "id": 30050024,
        "alias": "Contents.Gossip.50024",
        "text": "뭐가 성숙이고 미성숙이야... \n<textColor=[255:204:102:255]>이빨</>이지... <textColor=[255:204:102:255]>이빨</>"
    },
    "30050025": {
        "deprecated": false,
        "Dev_Desc": "좌요한 (도화상전)",
        "id": 30050025,
        "alias": "Contents.Gossip.50025",
        "text": "머리가 있으면 생각을 할 수 있죠. \n장식이 아니라면요."
    },
    "30050026": {
        "deprecated": false,
        "Dev_Desc": "동물학자 박식물",
        "id": 30050026,
        "alias": "Contents.Gossip.50026",
        "text": "여기까지 왔는데... 조금만 더 보고 싶은데..."
    },
    "30050027": {
        "deprecated": false,
        "Dev_Desc": "지질학자 원토지",
        "id": 30050027,
        "alias": "Contents.Gossip.50027",
        "text": "잘 되었군... 도움이 되겠어."
    },
    "30050028": {
        "deprecated": false,
        "Dev_Desc": "지질학자 원토지",
        "id": 30050028,
        "alias": "Contents.Gossip.50028",
        "text": "힘들 땐 결국 혼자야... 내가 해야 해."
    },
    "30050029": {
        "deprecated": false,
        "Dev_Desc": "지질학자 난생초 (기본)",
        "id": 30050029,
        "alias": "Contents.Gossip.50029",
        "text": "난 할 수 있다! 할 수 있어..."
    },
    "30050030": {
        "deprecated": false,
        "Dev_Desc": "금경철문 금빛송이",
        "id": 30050030,
        "alias": "Contents.Gossip.50030",
        "text": "아... 배가 좀 아픈데...\n아까 <textColor=[255:204:102:255]>버섯</>이 문제였나..."
    },
    "30050031": {
        "deprecated": false,
        "Dev_Desc": "50200_0_채란",
        "id": 30050031,
        "alias": "Contents.Gossip.50031",
        "text": "아... 어쩌지...\n쟤네는 잠도 안자나..."
    },
    "30050032": {
        "deprecated": false,
        "Dev_Desc": "50200_0_채란",
        "id": 30050032,
        "alias": "Contents.Gossip.50032",
        "text": "이대로 돌아가면 분명 혼날 텐데..."
    },
    "30050033": {
        "deprecated": false,
        "Dev_Desc": "50200_1_채란",
        "id": 30050033,
        "alias": "Contents.Gossip.50033",
        "text": "홍돈족이 계속 행인들을 괴롭히면..."
    },
    "30050034": {
        "deprecated": false,
        "Dev_Desc": "50200_1_채란",
        "id": 30050034,
        "alias": "Contents.Gossip.50034",
        "text": "인간과의 사이가 완전히 틀어져 버릴 텐데..."
    },
    "30050035": {
        "deprecated": false,
        "Dev_Desc": "50200_4_채란",
        "id": 30050035,
        "alias": "Contents.Gossip.50035",
        "text": "아니! 대화, 대화 좀 하자구요!!!"
    },
    "30050036": {
        "deprecated": false,
        "Dev_Desc": "50200_4_채란",
        "id": 30050036,
        "alias": "Contents.Gossip.50036",
        "text": "으아악!! 사람 살려!!"
    },
    "30050037": {
        "deprecated": false,
        "Dev_Desc": "50200_6_홍돈삼",
        "id": 30050037,
        "alias": "Contents.Gossip.50037",
        "text": "인간!!! 왜 자꾸 찾아오는 거셔?!"
    },
    "30050038": {
        "deprecated": false,
        "Dev_Desc": "50200_8_채란",
        "id": 30050038,
        "alias": "Contents.Gossip.50038",
        "text": "단장님도 홍돈족과 대화를 시도했었군요..."
    },
    "30050039": {
        "deprecated": false,
        "Dev_Desc": "50201_0_권도이",
        "id": 30050039,
        "alias": "Contents.Gossip.50039",
        "text": "오호! 뚱뚱한 개미로군! \n내 감자를 뺏아먹는 녀석은 분명, 너다!"
    },
    "30050040": {
        "deprecated": false,
        "Dev_Desc": "50201_0_권도이",
        "id": 30050040,
        "alias": "Contents.Gossip.50040",
        "text": "어떠냐~ 내 추리가! 크크!"
    },
    "30050041": {
        "deprecated": false,
        "Dev_Desc": "50201_0_남묵철",
        "id": 30050041,
        "alias": "Contents.Gossip.50041",
        "text": "불쌍한 내 새끼... \n혼자 두고 출근할 수도 없고..."
    },
    "30050042": {
        "deprecated": false,
        "Dev_Desc": "50201_2_권도이",
        "id": 30050042,
        "alias": "Contents.Gossip.50042",
        "text": "대박!! 엄청나다!!"
    },
    "30050043": {
        "deprecated": false,
        "Dev_Desc": "50201_3_권도이",
        "id": 30050043,
        "alias": "Contents.Gossip.50043",
        "text": "뭐야! 이 나쁜 놈들, 왜 여기 있어!"
    },
    "30050044": {
        "deprecated": false,
        "Dev_Desc": "50201_8_권도이",
        "id": 30050044,
        "alias": "Contents.Gossip.50044",
        "text": "여기야, 여기! "
    },
    "30050045": {
        "deprecated": false,
        "Dev_Desc": "50201_10_권도이",
        "id": 30050045,
        "alias": "Contents.Gossip.50045",
        "text": "내가 찾아낸 비밀 장소야! \n조수한테만 특별히 알려줄게!"
    },
    "30050046": {
        "deprecated": false,
        "Dev_Desc": "50202_0_권도이",
        "id": 30050046,
        "alias": "Contents.Gossip.50046",
        "text": "늑대도 내쫓고 홍돈족도 혼내줬어!"
    },
    "30050047": {
        "deprecated": false,
        "Dev_Desc": "50202_0_남묵철",
        "id": 30050047,
        "alias": "Contents.Gossip.50047",
        "text": "우리 도이, 재미있게 놀았나 보구나."
    },
    "30050048": {
        "deprecated": false,
        "Dev_Desc": "50202_3_비류하",
        "id": 30050048,
        "alias": "Contents.Gossip.50048",
        "text": "역시나 실력이 대단하시군요."
    },
    "30050049": {
        "deprecated": false,
        "Dev_Desc": "50203_0_고만후",
        "id": 30050049,
        "alias": "Contents.Gossip.50049",
        "text": "이제 그만 하시고 돌아갑시다, 네?"
    },
    "30050050": {
        "deprecated": false,
        "Dev_Desc": "50203_0_이부형",
        "id": 30050050,
        "alias": "Contents.Gossip.50050",
        "text": "......"
    },
    "30050051": {
        "deprecated": false,
        "Dev_Desc": "50203_4_고만후",
        "id": 30050051,
        "alias": "Contents.Gossip.50051",
        "text": "저 가야 해요, 정말. 갑니다. 네?"
    },
    "30050052": {
        "deprecated": false,
        "Dev_Desc": "50203_4_이부형",
        "id": 30050052,
        "alias": "Contents.Gossip.50052",
        "text": "..."
    },
    "30050053": {
        "deprecated": false,
        "Dev_Desc": "50204_0_마파람",
        "id": 30050053,
        "alias": "Contents.Gossip.50053",
        "text": "투엽단 녀석들!!! 이곳까지!!!"
    },
    "30050054": {
        "deprecated": false,
        "Dev_Desc": "50204_0_마파람",
        "id": 30050054,
        "alias": "Contents.Gossip.50054",
        "text": "이대로 돌아갈 순 없어! \n불쌍한 사슴들은 구해내야 해!"
    },
    "30050055": {
        "deprecated": false,
        "Dev_Desc": "50204_3_마파람",
        "id": 30050055,
        "alias": "Contents.Gossip.50055",
        "text": "여기야, 여기!"
    },
    "30050056": {
        "deprecated": false,
        "Dev_Desc": "50204_5_마파람",
        "id": 30050056,
        "alias": "Contents.Gossip.50056",
        "text": "어서 정신을 차려야 할 텐데..."
    },
    "30050057": {
        "deprecated": false,
        "Dev_Desc": "50205_0_링링",
        "id": 30050057,
        "alias": "Contents.Gossip.50057",
        "text": "링링은 무섭지 않다냥! \n혼자 할 수 있다냥...!"
    },
    "30050058": {
        "deprecated": false,
        "Dev_Desc": "50205_0_링링",
        "id": 30050058,
        "alias": "Contents.Gossip.50058",
        "text": "서, 서늘궁궁이 꽃아 어디있냥~~! "
    },
    "30050059": {
        "deprecated": false,
        "Dev_Desc": "50205_1_링링",
        "id": 30050059,
        "alias": "Contents.Gossip.50059",
        "text": "이제 혼자가 아니다냥~!"
    },
    "30050060": {
        "deprecated": false,
        "Dev_Desc": "50205_1_링링",
        "id": 30050060,
        "alias": "Contents.Gossip.50060",
        "text": "서늘궁궁이~꽃아~ 어디있~~냥~~~!"
    },
    "30050061": {
        "deprecated": false,
        "Dev_Desc": "50205_3_링링",
        "id": 30050061,
        "alias": "Contents.Gossip.50061",
        "text": "따뜻한 소금 향기가 난다냥~\n햇빛도 산뜻하다냥!"
    },
    "30050062": {
        "deprecated": false,
        "Dev_Desc": "50205_6_링링",
        "id": 30050062,
        "alias": "Contents.Gossip.50062",
        "text": "아주 가까운 곳에서 향기가 나는데냥..."
    },
    "30050063": {
        "deprecated": false,
        "Dev_Desc": "50206_0_신호언",
        "id": 30050063,
        "alias": "Contents.Gossip.50063",
        "text": "자기야... 나 배고파..."
    },
    "30050064": {
        "deprecated": false,
        "Dev_Desc": "50206_0_여혜은",
        "id": 30050064,
        "alias": "Contents.Gossip.50064",
        "text": "...오늘도 노숙해야겠지...?"
    },
    "30050065": {
        "deprecated": false,
        "Dev_Desc": "50206_6_동충",
        "id": 30050065,
        "alias": "Contents.Gossip.50065",
        "text": "니들 지금 뭐하냐?"
    },
    "30050066": {
        "deprecated": false,
        "Dev_Desc": "50206_6_부하1",
        "id": 30050066,
        "alias": "Contents.Gossip.50066",
        "text": "도, 동충님 오셨습니까?"
    },
    "30050067": {
        "deprecated": false,
        "Dev_Desc": "50206_6_동충",
        "id": 30050067,
        "alias": "Contents.Gossip.50067",
        "text": "보물아 기다려라! \n동충님이 가신다!"
    },
    "30050068": {
        "deprecated": false,
        "Dev_Desc": "50206_8_신호언",
        "id": 30050068,
        "alias": "Contents.Gossip.50068",
        "text": "해코지당하셨으면 어쩌지?"
    },
    "30050069": {
        "deprecated": false,
        "Dev_Desc": "50206_8_여혜은",
        "id": 30050069,
        "alias": "Contents.Gossip.50069",
        "text": "아니야, 엄청 강해 보이셨어! \n믿고 기다리자!"
    },
    "30050070": {
        "deprecated": false,
        "Dev_Desc": "50206_8_신호언",
        "id": 30050070,
        "alias": "Contents.Gossip.50070",
        "text": "이 장엄한 폭포~ 푸른 바다~ \n너무 아름답다!"
    },
    "30050071": {
        "deprecated": false,
        "Dev_Desc": "50206_8_여혜은",
        "id": 30050071,
        "alias": "Contents.Gossip.50071",
        "text": "우리 우선 밥부터 먹을까? 하하하"
    },
    "30050072": {
        "deprecated": false,
        "Dev_Desc": "50206_5_권도이",
        "id": 30050072,
        "alias": "Contents.Gossip.50072",
        "text": "이 나쁜 놈들아! \n우리 그만 괴롭혀라!"
    },
    "30050073": {
        "deprecated": false,
        "Dev_Desc": "50206_5_권도이",
        "id": 30050073,
        "alias": "Contents.Gossip.50073",
        "text": "내 조수가 너네 다 혼내줄 거다!!"
    },
    "30050074": {
        "deprecated": false,
        "Dev_Desc": "50207_0_비류하",
        "id": 30050074,
        "alias": "Contents.Gossip.50074",
        "text": "겁먹어선 안돼. 잊지 마.\n내가 풍백문의 장로란 걸."
    },
    "30050075": {
        "deprecated": false,
        "Dev_Desc": "50203_2_고만후",
        "id": 30050075,
        "alias": "Contents.Gossip.50075",
        "text": "사고였습니다. 사고. \n아무도 예상하지 못한 사고요. "
    },
    "30050076": {
        "deprecated": false,
        "Dev_Desc": "50203_2_고만후",
        "id": 30050076,
        "alias": "Contents.Gossip.50076",
        "text": "이제 그만... 스스로를 용서해주십시오."
    },
    "30050077": {
        "deprecated": false,
        "Dev_Desc": "50203_2_이부형",
        "id": 30050077,
        "alias": "Contents.Gossip.50077",
        "text": "나는 쉴... 자격이 없네... \n...그만 가보게..."
    },
    "30050078": {
        "deprecated": false,
        "Dev_Desc": "50203_5_이부형",
        "id": 30050078,
        "alias": "Contents.Gossip.50078",
        "text": "미안하다... 미안해... 흐으윽..."
    },
    "30050079": {
        "deprecated": false,
        "Dev_Desc": "50203_5_이부형",
        "id": 30050079,
        "alias": "Contents.Gossip.50079",
        "text": "날 용서하지 말거라... "
    }
}