{
    "400010000": {
        "deprecated": false,
        "Dev_Desc": "반달서브_10000_1_완료_PC",
        "id": 400010000,
        "alias": "Contents.Quest.Guide.10000",
        "text": "(일단 <textColor=[255:204:102:255]>쓸만한 나무</>를 \n구해보자)"
    },
    "400010001": {
        "deprecated": false,
        "Dev_Desc": "반달서브_10000_3_완료_PC",
        "id": 400010001,
        "alias": "Contents.Quest.Guide.10001",
        "text": "(이제 <textColor=[110:216:175:255]>금경철문</>으로 \n가보자)"
    },
    "400010002": {
        "deprecated": false,
        "Dev_Desc": "반달서브_10000_4_완료_PC",
        "id": 400010002,
        "alias": "Contents.Quest.Guide.10002",
        "text": "(아이들에게 \n돌아가 보자)"
    },
    "400010003": {
        "deprecated": false,
        "Dev_Desc": "반달서브_10001_1_완료_PC",
        "id": 400010003,
        "alias": "Contents.Quest.Guide.10003",
        "text": "(<textColor=[78:148:215:255]>흉터 난 사내</>, <textColor=[78:148:215:255]>강철 면갑</>... \n뭔지 모르겠군)"
    },
    "400010006": {
        "deprecated": false,
        "Dev_Desc": "반달서브_10002_0_완료_김규녈",
        "id": 400010006,
        "alias": "Contents.Quest.Guide.10006",
        "text": "<textColor=[255:204:102:255]>표본</>은 많을수록 좋은 법!\n잘 부탁드립니다~!"
    },
    "400010007": {
        "deprecated": false,
        "Dev_Desc": "반달서브_10002_1_완료_PC",
        "id": 400010007,
        "alias": "Contents.Quest.Guide.10007",
        "text": "(표본은 이정도면 된 것 같으니\n김규녈에게로 돌아가자)"
    },
    "400010008": {
        "deprecated": false,
        "Dev_Desc": "반달서브_10002_3_완료_PC",
        "id": 400010008,
        "alias": "Contents.Quest.Guide.10008",
        "text": "(<textColor=[78:148:215:255]>균열 연구가</>에게 가져다 주자)"
    },
    "400010009": {
        "deprecated": false,
        "Dev_Desc": "사용X",
        "id": 400010009,
        "alias": "Contents.Quest.Guide.10009",
        "text": "이 엄청난 <textColor=[255:204:102:255]>생체 표본</>을 \n꼭 구해다 주세요!!\n부탁드리겠습니다!"
    },
    "400010010": {
        "deprecated": false,
        "Dev_Desc": "사용X",
        "id": 400010010,
        "alias": "Contents.Quest.Guide.10010",
        "text": "(<textColor=[255:204:102:255]>특별한 생체 표본</>을\n김규녈에게 전달하자)"
    },
    "400010012": {
        "deprecated": false,
        "Dev_Desc": "반달서브_10004_1_완료_PC",
        "id": 400010012,
        "alias": "Contents.Quest.Guide.10012",
        "text": "(이 근처에 있을 것 같은데...)"
    },
    "400010013": {
        "deprecated": false,
        "Dev_Desc": "반달서브_10004_2_완료_PC",
        "id": 400010013,
        "alias": "Contents.Quest.Guide.10013",
        "text": "(찾았다! 잘 기억해두자)"
    },
    "400010014": {
        "deprecated": false,
        "Dev_Desc": "반달서브_10004_3_완료_PC",
        "id": 400010014,
        "alias": "Contents.Quest.Guide.10014",
        "text": "(어디 보자...\n여기 어디쯤...)"
    },
    "400010015": {
        "deprecated": false,
        "Dev_Desc": "반달서브_10004_4_완료_PC",
        "id": 400010015,
        "alias": "Contents.Quest.Guide.10015",
        "text": "(여기 있다! 잘 외워서\n<textColor=[78:148:215:255]>조사훈</>에게 알려주자)"
    },
    "400010016": {
        "deprecated": false,
        "Dev_Desc": "반달서브_10005_1_완료_PC",
        "id": 400010016,
        "alias": "Contents.Quest.Guide.10016",
        "text": "(<textColor=[255:204:102:255]>흔적</>이 안쪽까지\n이어지고 있다)"
    },
    "400010017": {
        "deprecated": false,
        "Dev_Desc": "반달서브_10005_2_완료_PC",
        "id": 400010017,
        "alias": "Contents.Quest.Guide.10017",
        "text": "(협곡 깊은 곳에\n<textColor=[78:148:215:255]>발자국의 주인</>이 있을까?)"
    },
    "400010018": {
        "deprecated": false,
        "Dev_Desc": "반달서브_10006_2_완료_PC",
        "id": 400010018,
        "alias": "Contents.Quest.Guide.10018",
        "text": "(<textColor=[255:204:102:255]>봉인된 일지</>의 봉인을\n풀어서 확인해보자)"
    },
    "400010019": {
        "deprecated": false,
        "Dev_Desc": "반달서브_10006_3_완료_PC",
        "id": 400010019,
        "alias": "Contents.Quest.Guide.10019",
        "text": "(<textColor=[255:204:102:255]>항해 일지</>인가?)"
    },
    "400010020": {
        "deprecated": false,
        "Dev_Desc": "반달서브_10007_1_완료_PC",
        "id": 400010020,
        "alias": "Contents.Quest.Guide.10020",
        "text": "(<textColor=[78:148:215:255]>난파선의 청인족</> 이야긴가?\n무리에서 쫓겨난 거였군)"
    },
    "400010021": {
        "deprecated": false,
        "Dev_Desc": "반달서브_10008_2_완료_PC",
        "id": 400010021,
        "alias": "Contents.Quest.Guide.10021",
        "text": "(수목정령 혼령들이\n장난을 쳤던 모양이다)"
    },
    "400010022": {
        "deprecated": false,
        "Dev_Desc": "반달서브_10008_3_완료_PC",
        "id": 400010022,
        "alias": "Contents.Quest.Guide.10022",
        "text": "(이걸로 된 거겠지...?)"
    },
    "400010023": {
        "deprecated": false,
        "Dev_Desc": "반달서브_10009_0_완료_PC",
        "id": 400010023,
        "alias": "Contents.Quest.Guide.10023",
        "text": "(이상한 사람의 \n헛소리 같다)"
    },
    "400010024": {
        "deprecated": false,
        "Dev_Desc": "반달서브_10009_0_완료_PC",
        "id": 400010024,
        "alias": "Contents.Quest.Guide.10024",
        "text": "(그래도 주변을 \n한 번 살펴볼까?)"
    },
    "400010025": {
        "deprecated": false,
        "Dev_Desc": "반달서브_10009_1_1_1_완료_PC",
        "id": 400010025,
        "alias": "Contents.Quest.Guide.10025",
        "text": "(별거 없군.\n역시 헛소리였나...)"
    },
    "400010026": {
        "deprecated": false,
        "Dev_Desc": "반달서브_10009_1_2_1_완료_PC",
        "id": 400010026,
        "alias": "Contents.Quest.Guide.10026",
        "text": "(이런 곳에 <textColor=[255:204:102:255]>비석</>이...?)"
    },
    "400010027": {
        "deprecated": false,
        "Dev_Desc": "반달서브_10009_1_3_1_완료_PC",
        "id": 400010027,
        "alias": "Contents.Quest.Guide.10027",
        "text": "(별거 없군.\n역시 헛소리였나...)"
    },
    "400010028": {
        "deprecated": false,
        "Dev_Desc": "반달서브_10009_1_완료_PC",
        "id": 400010028,
        "alias": "Contents.Quest.Guide.10028",
        "text": "(신목이란 게 \n정말로 있다는 건가?)"
    },
    "400010029": {
        "deprecated": false,
        "Dev_Desc": "반달서브_10010_1_완료_PC",
        "id": 400010029,
        "alias": "Contents.Quest.Guide.10029",
        "text": "(남자의 일터로 가서\n<textColor=[215:94:94:255]>거미</> 토벌을 시작하자)"
    },
    "400010030": {
        "deprecated": false,
        "Dev_Desc": "반달서브_10011_1_완료_수목정령/PC",
        "id": 400010030,
        "alias": "Contents.Quest.Guide.10030",
        "text": "(무슨... 소리가 \n난 것 같은데...?)"
    },
    "400010031": {
        "deprecated": false,
        "Dev_Desc": "반달서브_10011_1_완료_수목정령/PC",
        "id": 400010031,
        "alias": "Contents.Quest.Guide.10031",
        "text": "..."
    },
    "400010032": {
        "deprecated": false,
        "Dev_Desc": "반달서브_10011_2_완료_PC",
        "id": 400010032,
        "alias": "Contents.Quest.Guide.10032",
        "text": "(<textColor=[215:94:94:255]>수목정령</>들을 찾자)"
    },
    "400010033": {
        "deprecated": false,
        "Dev_Desc": "반달서브_10011_3_완료_PC",
        "id": 400010033,
        "alias": "Contents.Quest.Guide.10033",
        "text": "(<textColor=[78:148:215:255]>수목정령</>에게 돌아가자)"
    },
    "400010034": {
        "deprecated": false,
        "Dev_Desc": "반달서브_10011_4_완료_PC",
        "id": 400010034,
        "alias": "Contents.Quest.Guide.10034",
        "text": "(정령이 사라졌다.\n형제들을 구하러 \n간 것일까?)"
    },
    "400010035": {
        "deprecated": false,
        "Dev_Desc": "반달서브_10012_1_완료_PC",
        "id": 400010035,
        "alias": "Contents.Quest.Guide.10035",
        "text": "(뭔가 반짝이는 걸 \n발견했다)"
    },
    "400010036": {
        "deprecated": false,
        "Dev_Desc": "반달서브_10012_1_완료_PC",
        "id": 400010036,
        "alias": "Contents.Quest.Guide.10036",
        "text": "(<textColor=[78:148:215:255]>네이냥</>이라면 \n알 것 같은데...)"
    },
    "400010038": {
        "deprecated": false,
        "Dev_Desc": "반달서브_10012_3_완료_PC",
        "id": 400010038,
        "alias": "Contents.Quest.Guide.10038",
        "text": "(<textColor=[215:94:94:255]>수호병</>들이잖아?!)"
    },
    "400010039": {
        "deprecated": false,
        "Dev_Desc": "반달서브_10012_4_완료_PC",
        "id": 400010039,
        "alias": "Contents.Quest.Guide.10039",
        "text": "(휴, 해치웠나?)"
    },
    "400010040": {
        "deprecated": false,
        "Dev_Desc": "반달서브_10012_5_완료_PC",
        "id": 400010040,
        "alias": "Contents.Quest.Guide.10040",
        "text": "(이번엔... 진짜 끝이겠지?)"
    },
    "400010041": {
        "deprecated": false,
        "Dev_Desc": "반달서브_10012_6_완료_PC",
        "id": 400010041,
        "alias": "Contents.Quest.Guide.10041",
        "text": "(얼른 버려야겠다!)"
    },
    "400010042": {
        "deprecated": false,
        "Dev_Desc": "반달서브_10013_1_완료_PC",
        "id": 400010042,
        "alias": "Contents.Quest.Guide.10042",
        "text": "(사연이 있어 보이는\n<textColor=[78:148:215:255]>나침반</>을 발견했다)"
    },
    "400010043": {
        "deprecated": false,
        "Dev_Desc": "반달서브_10013_2_완료_PC",
        "id": 400010043,
        "alias": "Contents.Quest.Guide.10043",
        "text": "(<textColor=[78:148:215:255]>잊혀진 탐사대</>라...\n흥미로운 이야기다)"
    },
    "400010044": {
        "deprecated": false,
        "Dev_Desc": "반달서브_10014_0_완료_PC",
        "id": 400010044,
        "alias": "Contents.Quest.Guide.10044",
        "text": "(으아아... \n<textColor=[78:148:215:255]>이상한 사람</>이 날 부른다)"
    },
    "400010045": {
        "deprecated": false,
        "Dev_Desc": "반달서브_10014_2_완료_PC",
        "id": 400010045,
        "alias": "Contents.Quest.Guide.10045",
        "text": "(종종 <textColor=[255:204:102:255]>협행표목</>을 살펴봐야겠다)"
    },
    "400010046": {
        "deprecated": false,
        "Dev_Desc": "반달서브_10015_1_완료_PC",
        "id": 400010046,
        "alias": "Contents.Quest.Guide.10046",
        "text": "(반달호수의 치안 유지를 위해 <textColor=[78:148:215:255]>야생 보전회</>를 돕자)"
    },
    "400010047": {
        "deprecated": false,
        "Dev_Desc": "반달서브_10015_2_완료_PC",
        "id": 400010047,
        "alias": "Contents.Quest.Guide.10047",
        "text": "(<textColor=[110:216:175:255]>야생 보전회 거점</>으로\n돌아가도록 하자)"
    },
    "400010048": {
        "deprecated": false,
        "Dev_Desc": "반달서브_10015_3_완료_PC",
        "id": 400010048,
        "alias": "Contents.Quest.Guide.10048",
        "text": "(야생 보전회가 \n투엽단에 맞서 이겨내길 \n마음으로 응원해본다)"
    },
    "400010049": {
        "deprecated": false,
        "Dev_Desc": "반달서브_10016_1_PC",
        "id": 400010049,
        "alias": "Contents.Quest.Guide.10049",
        "text": "(개척바롱단으로 보이는\n바롱들을 찾아보자!)"
    },
    "400010050": {
        "deprecated": false,
        "Dev_Desc": "반달서브_10016_2_PC",
        "id": 400010050,
        "alias": "Contents.Quest.Guide.10050",
        "text": "(저기 <textColor=[255:204:102:255]>바롱</>이 보인다!)"
    },
    "400010051": {
        "deprecated": false,
        "Dev_Desc": "사용X",
        "id": 400010051,
        "alias": "Contents.Quest.Guide.10051",
        "text": "살려달랴냥!\n구해달라냥!"
    },
    "400010052": {
        "deprecated": false,
        "Dev_Desc": "반달서브_10016_5_완료_PC",
        "id": 400010052,
        "alias": "Contents.Quest.Guide.10052",
        "text": "(<textColor=[78:148:215:255]>네이냥</>에게 돌아가자)"
    },
    "400010053": {
        "deprecated": false,
        "Dev_Desc": "반달서브_10016_6_완료_PC",
        "id": 400010053,
        "alias": "Contents.Quest.Guide.10053",
        "text": "(뿡이냥과 흥이냥은\n끝까지 눈을 피했다)"
    },
    "400010054": {
        "deprecated": false,
        "Dev_Desc": "반달서브_10017_1_완료_PC",
        "id": 400010054,
        "alias": "Contents.Quest.Guide.10054",
        "text": "(<textColor=[255:204:102:255]>바구니</>를 먼저 찾아보자)"
    },
    "400010055": {
        "deprecated": false,
        "Dev_Desc": "반달서브_10017_2_완료_PC",
        "id": 400010055,
        "alias": "Contents.Quest.Guide.10055",
        "text": "(바구니를 찾았다. 킁킁...\n<textColor=[255:204:102:255]>풀</>을 담았던 것 같은데)"
    },
    "400010056": {
        "deprecated": false,
        "Dev_Desc": "반달서브_10017_3_완료_PC",
        "id": 400010056,
        "alias": "Contents.Quest.Guide.10056",
        "text": "(킁킁... 바구니에서 나던\n냄새와 같은 냄새가 난다)"
    },
    "400010057": {
        "deprecated": false,
        "Dev_Desc": "반달서브_10017_3_완료_PC",
        "id": 400010057,
        "alias": "Contents.Quest.Guide.10057",
        "text": "(이제 바구니와 풀을\n<textColor=[78:148:215:255]>흥이냥</>에게 갖다 주자)"
    },
    "400010058": {
        "deprecated": false,
        "Dev_Desc": "반달서브_10017_4_완료_PC",
        "id": 400010058,
        "alias": "Contents.Quest.Guide.10058",
        "text": "(문득 개척바롱단은 \n이대로 괜찮은 건지 \n궁금해졌다)"
    },
    "400010059": {
        "deprecated": false,
        "Dev_Desc": "반달서브_10018_1_완료_PC",
        "id": 400010059,
        "alias": "Contents.Quest.Guide.10059",
        "text": "(짐승들을 사냥해서\n털을 구하자)"
    },
    "400010060": {
        "deprecated": false,
        "Dev_Desc": "반달서브_10018_2_완료_PC",
        "id": 400010060,
        "alias": "Contents.Quest.Guide.10060",
        "text": "(얼핏 봐도 저품질의 \n털들이다. 딱히 쓸만해 \n보이진 않는데...)"
    },
    "400010061": {
        "deprecated": false,
        "Dev_Desc": "반달서브_10019_1_완료_PC",
        "id": 400010061,
        "alias": "Contents.Quest.Guide.10061",
        "text": "(어쩐지 속은 기분이지만\n궁금하긴 궁금하다)"
    },
    "400010062": {
        "deprecated": false,
        "Dev_Desc": "반달서브_10019_1_완료_PC",
        "id": 400010062,
        "alias": "Contents.Quest.Guide.10062",
        "text": "(속는 셈 치고 \n한번 들어가볼까?)"
    },
    "400010063": {
        "deprecated": false,
        "Dev_Desc": "반달서브_10020_1_완료_PC",
        "id": 400010063,
        "alias": "Contents.Quest.Guide.10063",
        "text": "(<textColor=[215:94:94:255]>동물</>들을 사냥해서\n실력을 증명해보이자)"
    },
    "400010064": {
        "deprecated": false,
        "Dev_Desc": "반달서브_10020_2_완료_PC",
        "id": 400010064,
        "alias": "Contents.Quest.Guide.10064",
        "text": "(<textColor=[78:148:215:255]>지미갓</>에게 돌아가자)"
    },
    "400010065": {
        "deprecated": false,
        "Dev_Desc": "반달서브_10020_3_완료_PC",
        "id": 400010065,
        "alias": "Contents.Quest.Guide.10065",
        "text": "(어쩐지 이용당하는\n기분이 든다)"
    },
    "400010066": {
        "deprecated": false,
        "Dev_Desc": "반달서브_10021_2_완료_PC",
        "id": 400010066,
        "alias": "Contents.Quest.Guide.10066",
        "text": "(<textColor=[255:204:102:255]>사체</>를 확인해보자)"
    },
    "400010067": {
        "deprecated": false,
        "Dev_Desc": "반달서브_10021_5_완료_PC",
        "id": 400010067,
        "alias": "Contents.Quest.Guide.10067",
        "text": "(<textColor=[255:204:102:255]>사체</>를 확인해보자)"
    },
    "400010068": {
        "deprecated": false,
        "Dev_Desc": "반달서브_10021_8_완료_PC",
        "id": 400010068,
        "alias": "Contents.Quest.Guide.10068",
        "text": "(<textColor=[78:148:215:255]>해수 사냥꾼</>들이 도망쳐버렸다)"
    },
    "400010069": {
        "deprecated": false,
        "Dev_Desc": "반달서브_10021_8_완료_PC",
        "id": 400010069,
        "alias": "Contents.Quest.Guide.10069",
        "text": "(혼자 상대하기는\n버거울 듯하니 함께 할\n사람들을 찾아봐야겠다)"
    },
    "400010070": {
        "deprecated": false,
        "Dev_Desc": "반달서브_10022_0_수락_PC",
        "id": 400010070,
        "alias": "Contents.Quest.Guide.10070",
        "text": "<textColor=[255:204:102:255]><myHero.name/></>!! 여기 좀 보라냥!!"
    },
    "400010071": {
        "deprecated": false,
        "Dev_Desc": "반달서브_10022_2_완료_PC",
        "id": 400010071,
        "alias": "Contents.Quest.Guide.10071",
        "text": "(<textColor=[78:148:215:255]>개척바롱단</>과 작별 인사를 \n했다. <textColor=[78:148:215:255]>네이냥</>이 말한 \n선물을 찾아볼까?)"
    },
    "400010081": {
        "deprecated": false,
        "Dev_Desc": "반달서브_10022_3_완료_PC",
        "id": 400010081,
        "alias": "Contents.Quest.Guide.10081",
        "text": "(네이냥이 남긴 선물을 찾았다)"
    },
    "400010082": {
        "deprecated": false,
        "Dev_Desc": "반달서브_10022_4_완료_PC",
        "id": 400010082,
        "alias": "Contents.Quest.Guide.10082",
        "text": "(네이냥이 <textColor=[255:204:102:255]>편지</>를 남겼다.\n읽어보자)"
    },
    "400010083": {
        "deprecated": false,
        "Dev_Desc": "반달서브_10002_Name_김규녈",
        "id": 400010083,
        "alias": "Contents.Quest.Guide.10083",
        "text": "균열 연구가 김규녈"
    },
    "400010084": {
        "deprecated": false,
        "Dev_Desc": "반달서브_10011_Name_수목정령",
        "id": 400010084,
        "alias": "Contents.Quest.Guide.10084",
        "text": "괴로운 수목정령"
    },
    "400010085": {
        "deprecated": false,
        "Dev_Desc": "반달서브_10016_Name_흥이냥",
        "id": 400010085,
        "alias": "Contents.Quest.Guide.10085",
        "text": "개척바롱단 흥이냥"
    },
    "400010086": {
        "deprecated": false,
        "Dev_Desc": "반달서브_10024_1_완료_PC",
        "id": 400010086,
        "alias": "Contents.Quest.Guide.10086",
        "text": "(<textColor=[255:204:102:255]>경공</>으로 건너가 보자)"
    },
    "400010087": {
        "deprecated": false,
        "Dev_Desc": "반달서브_10024_Name_의문의 사내",
        "id": 400010087,
        "alias": "Contents.Quest.Guide.10087",
        "text": "의문의 사내"
    },
    "400010088": {
        "deprecated": false,
        "Dev_Desc": "반달서브_10024_3_완료_의문의사내",
        "id": 400010088,
        "alias": "Contents.Quest.Guide.10088",
        "text": "쫓아오면 가만 안 둘 거야!"
    },
    "400010089": {
        "deprecated": false,
        "Dev_Desc": "반달서브_10024_5_완료_PC",
        "id": 400010089,
        "alias": "Contents.Quest.Guide.10089",
        "text": "(대체 어떤 내용인지 \n<textColor=[255:204:102:255]>야화</>를 확인해 보자)"
    },
    "400010090": {
        "deprecated": false,
        "Dev_Desc": "반달서브_10024_6_완료_PC",
        "id": 400010090,
        "alias": "Contents.Quest.Guide.10090",
        "text": "(여기 적힌 사람이 \n아까 말한 원수인 걸까?)"
    },
    "400010091": {
        "deprecated": false,
        "Dev_Desc": "반달서브_10024_6_완료_PC",
        "id": 400010091,
        "alias": "Contents.Quest.Guide.10091",
        "text": "(뒤 내용이 궁금해진다.\n시간이 되면, 다른 <textColor=[255:204:102:255]>야화</>도 \n찾아보자)"
    },
    "400010092": {
        "deprecated": false,
        "Dev_Desc": "반달서브_10024_6_완료_PC",
        "id": 400010092,
        "alias": "Contents.Quest.Guide.10092",
        "text": "(사건의 진상은 \n명혜단에게 알려줘야겠군)"
    },
    "400010093": {
        "deprecated": false,
        "Dev_Desc": "반달서브_10024_0_수락_PC",
        "id": 400010093,
        "alias": "Contents.Quest.Guide.10093",
        "text": "(고민이 있어 보인다.\n얘기를 한 번 들어보자)"
    },
    "400010094": {
        "deprecated": false,
        "Dev_Desc": "반달서브_10000_2_완료_PC",
        "id": 400010094,
        "alias": "Contents.Quest.Guide.10094",
        "text": "(이걸론 부족할 것 같다.\n더 구할 수 없을까?)"
    },
    "400010095": {
        "deprecated": false,
        "Dev_Desc": "반달서브_10021_0_수락_PC",
        "id": 400010095,
        "alias": "Contents.Quest.Guide.10095",
        "text": "(이용당하는 기분이 들지만\n이왕 밑은 일이니 시작해볼까?)"
    },
    "400010097": {
        "deprecated": false,
        "Dev_Desc": "반달서브_10018_3_완료_PC",
        "id": 400010097,
        "alias": "Contents.Quest.Guide.10097",
        "text": "(뿡이냥이 홀연히 사라졌다.\n뭐야! 그래서 어디 쓰는 건데)"
    },
    "400010100": {
        "deprecated": false,
        "Dev_Desc": "반달서브_10026_1_완료_PC",
        "id": 400010100,
        "alias": "Contents.Quest.Guide.10100",
        "text": "(이 정도면 호랑이는\n충분히 처리한 것 같다)"
    },
    "400010101": {
        "deprecated": false,
        "Dev_Desc": "반달서브_10027_1_완료_PC",
        "id": 400010101,
        "alias": "Contents.Quest.Guide.10101",
        "text": "(목적은 충분히 달성한 것 같다.\n<textColor=[78:148:215:255]>마파람</>에게 돌아가 보고하자)"
    },
    "400010104": {
        "deprecated": false,
        "Dev_Desc": "반달서브_10029_1_1_1_완료_PC",
        "id": 400010104,
        "alias": "Contents.Quest.Guide.10104",
        "text": "(음~ \n고소한 팥 냄새가 난다.\n도깨비들은 싫어하겠지만...)"
    },
    "400010105": {
        "deprecated": false,
        "Dev_Desc": "반달서브_10029_1_2_1_완료_PC",
        "id": 400010105,
        "alias": "Contents.Quest.Guide.10105",
        "text": "(이만하면 \n나올 때도 됐는데...)"
    },
    "400010106": {
        "deprecated": false,
        "Dev_Desc": "반달서브_10029_1_완료_PC",
        "id": 400010106,
        "alias": "Contents.Quest.Guide.10106",
        "text": "(나타날 때가 됐는데...)"
    },
    "400010107": {
        "deprecated": false,
        "Dev_Desc": "반달서브_10029_2_완료_PC",
        "id": 400010107,
        "alias": "Contents.Quest.Guide.10107",
        "text": "(원래대로 돌아왔는지\n확인하러 가보자)"
    },
    "400010108": {
        "deprecated": false,
        "Dev_Desc": "반달서브_10030_0_완료_PC",
        "id": 400010108,
        "alias": "Contents.Quest.Guide.10108",
        "text": "(어우, 어마어마하게\n뭐가 막 날리는 것 \n같은데?)"
    },
    "400010109": {
        "deprecated": false,
        "Dev_Desc": "반달서브_10030_0_완료_PC",
        "id": 400010109,
        "alias": "Contents.Quest.Guide.10109",
        "text": "(개체 수가 줄어들면\n좀 나아질 것 같다)"
    },
    "400010110": {
        "deprecated": false,
        "Dev_Desc": "반달서브_10030_1_완료_PC",
        "id": 400010110,
        "alias": "Contents.Quest.Guide.10110",
        "text": "(멀리서 들리던 일꾼의\n재채기가 줄어든 것 같다)"
    },
    "400010111": {
        "deprecated": false,
        "Dev_Desc": "반달서브_10031_0_수락_PC",
        "id": 400010111,
        "alias": "Contents.Quest.Guide.10111",
        "text": "(침식된 짐승들의\n가죽과 이빨을 구해가자)"
    },
    "400010112": {
        "deprecated": false,
        "Dev_Desc": "반달서브_10031_1_완료_PC",
        "id": 400010112,
        "alias": "Contents.Quest.Guide.10112",
        "text": "(충분히 모은 것 같다)"
    },
    "400010113": {
        "deprecated": false,
        "Dev_Desc": "반달서브_10006_1_완료_PC",
        "id": 400010113,
        "alias": "Contents.Quest.Guide.10113",
        "text": "(이제 상자를 살펴보자)"
    },
    "400010114": {
        "deprecated": false,
        "Dev_Desc": "반달서브_10010_2_완료_PC",
        "id": 400010114,
        "alias": "Contents.Quest.Guide.10114",
        "text": "(남자 몫의 일을 \n끝낸 것 같다. 가족은 \n잘 찾았으려나...?)"
    },
    "400010115": {
        "deprecated": false,
        "Dev_Desc": "반달서브_10011_0_수락_PC",
        "id": 400010115,
        "alias": "Contents.Quest.Guide.10115",
        "text": "(그런 게 있을 리가 없지만,\n한번 확인해볼까?)"
    },
    "400010116": {
        "deprecated": false,
        "Dev_Desc": "반달서브_10022_Name_네이냥",
        "id": 400010116,
        "alias": "Contents.Quest.Guide.10116",
        "text": "개척바롱단 네이냥"
    },
    "400010117": {
        "deprecated": false,
        "Dev_Desc": "반달서브_10013_1_완료_PC",
        "id": 400010117,
        "alias": "Contents.Quest.Guide.10117",
        "text": "(탐사와 관련된 물건이니\n<textColor=[110:216:175:255]>매화단</>에 물어볼까?)"
    },
    "400010119": {
        "deprecated": false,
        "Dev_Desc": "반달서브_10029_1_완료_PC",
        "id": 400010119,
        "alias": "Contents.Quest.Guide.10119",
        "text": "그만, 그만!!"
    },
    "400010120": {
        "deprecated": false,
        "Dev_Desc": "반달서브_10029_Name_도깨비",
        "id": 400010120,
        "alias": "Contents.Quest.Guide.10120",
        "text": "장난꾸러기 도깨비"
    },
    "400010121": {
        "deprecated": false,
        "Dev_Desc": "반달서브_10017_2_완료_PC",
        "id": 400010121,
        "alias": "Contents.Quest.Guide.10121",
        "text": "(아, 무슨 <textColor=[255:204:102:255]>풀</>인지 알겠다!\n마침 저쪽에도 피어있다)"
    },
    "400010123": {
        "deprecated": false,
        "Dev_Desc": "반달서브_10002_3_완료_PC",
        "id": 400010123,
        "alias": "Contents.Quest.Guide.10123",
        "text": "(잠깐! 저기 <textColor=[255:204:102:255]>불마자의 사체</>로\n보이는 것이 있다)"
    },
    "400010124": {
        "deprecated": false,
        "Dev_Desc": "반달서브_10032_0_수락_PC",
        "id": 400010124,
        "alias": "Contents.Quest.Guide.10124",
        "text": "(후우, 들어가 볼까?)"
    },
    "400010125": {
        "deprecated": false,
        "Dev_Desc": "반달서브_10032_6_완료_PC",
        "id": 400010125,
        "alias": "Contents.Quest.Guide.10125",
        "text": "(새로운 경공을 습득했다!)"
    },
    "400010126": {
        "deprecated": false,
        "Dev_Desc": "반달서브_10032_6_완료_PC",
        "id": 400010126,
        "alias": "Contents.Quest.Guide.10126",
        "text": "(이제부터 <textColor=[255:204:102:255]>활강</>을\n사용할 수 있게 되었다!)"
    },
    "400010127": {
        "deprecated": false,
        "Dev_Desc": "반달서브_10033_2_완료_PC",
        "id": 400010127,
        "alias": "Contents.Quest.Guide.10127",
        "text": "(각성의 회랑을 둘러보자)"
    },
    "400010128": {
        "deprecated": false,
        "Dev_Desc": "반달서브_10033_2_수락_PC",
        "id": 400010128,
        "alias": "Contents.Quest.Guide.10128",
        "text": "(이번에도 새로운 경공을 습득했다!)"
    },
    "400010129": {
        "deprecated": false,
        "Dev_Desc": "반달서브_10033_2_완료_PC",
        "id": 400010129,
        "alias": "Contents.Quest.Guide.10129",
        "text": "(이제부터 <textColor=[255:204:102:255]>회류비</>를\n사용할 수 있게 되었다!)"
    },
    "400010130": {
        "deprecated": false,
        "Dev_Desc": "반달서브_10008_2_퀘던입장_PC",
        "id": 400010130,
        "alias": "Contents.Quest.Guide.10130",
        "text": "(앗?!)"
    },
    "400010131": {
        "deprecated": false,
        "Dev_Desc": "반달서브_10021_7_완료_PC",
        "id": 400010131,
        "alias": "Contents.Quest.Guide.10131",
        "text": "(<textColor=[110:216:175:255]>해수의 은신처</>를 찾았다!\n마침 지미갓도 온 것 같다)"
    },
    "400010132": {
        "deprecated": false,
        "Dev_Desc": "반달서브_10032_2_완료_PC",
        "id": 400010132,
        "alias": "Contents.Quest.Guide.10132",
        "text": "(앗?! 수호병들이다!)"
    },
    "400010133": {
        "deprecated": false,
        "Dev_Desc": "반달서브_10032_4_완료_PC",
        "id": 400010133,
        "alias": "Contents.Quest.Guide.10133",
        "text": "(수호병이 문을 가로막았다.\n처치하고 지나가자!)"
    },
    "400010134": {
        "deprecated": false,
        "Dev_Desc": "반달서브_10032_5_완료_PC",
        "id": 400010134,
        "alias": "Contents.Quest.Guide.10134",
        "text": "(저번에도 보았던 장치 같은데...\n한번 조작해 볼까?)"
    },
    "400010135": {
        "deprecated": false,
        "Dev_Desc": "반달서브_10032_1_완료_PC",
        "id": 400010135,
        "alias": "Contents.Quest.Guide.10135",
        "text": "(각성의 회랑 끝까지\n꼼꼼히 살펴 보자)"
    },
    "400010136": {
        "deprecated": false,
        "Dev_Desc": "반달서브_10033_2_완료_PC",
        "id": 400010136,
        "alias": "Contents.Quest.Guide.10136",
        "text": "(이번 회랑도 끝까지\n꼼꼼히 살펴 보자)"
    },
    "400010137": {
        "deprecated": false,
        "Dev_Desc": "반달서브_10033_7_완료_PC",
        "id": 400010137,
        "alias": "Contents.Quest.Guide.10137",
        "text": "(저기 익숙한 장치가 있다.\n조작해 보자)"
    },
    "400010138": {
        "deprecated": false,
        "Dev_Desc": "반달서브_10032_4_완료_PC",
        "id": 400010138,
        "alias": "Contents.Quest.Guide.10138",
        "text": "(문이 열렸다!\n길을 따라 이동하자)"
    },
    "400010139": {
        "deprecated": false,
        "Dev_Desc": "반달서브_10032_5_완료_PC",
        "id": 400010139,
        "alias": "Contents.Quest.Guide.10139",
        "text": "(여기 계단이 있잖아?)"
    },
    "400010140": {
        "deprecated": false,
        "Dev_Desc": "반달서브_10033_3_완료_PC",
        "id": 400010140,
        "alias": "Contents.Quest.Guide.10140",
        "text": "(절벽 위로 올라가야겠어)"
    },
    "400010141": {
        "deprecated": false,
        "Dev_Desc": "반달서브_10033_5_완료_PC",
        "id": 400010141,
        "alias": "Contents.Quest.Guide.10141",
        "text": "(수호병이 앞을 가로막았다.\n처치하고 지나가자!)"
    },
    "400010142": {
        "deprecated": false,
        "Dev_Desc": "반달서브_10033_8_완료_PC",
        "id": 400010142,
        "alias": "Contents.Quest.Guide.10142",
        "text": "(문이 열렸으니 좀 더\n안쪽으로 이동해 볼까?)"
    },
    "400010143": {
        "deprecated": false,
        "Dev_Desc": "반달서브_10033_9_완료_PC",
        "id": 400010143,
        "alias": "Contents.Quest.Guide.10143",
        "text": "(앗, 저기!\n수호병 뒤에 문이 보인다)"
    },
    "400010144": {
        "deprecated": false,
        "Dev_Desc": "반달서브_10033_9_완료_PC",
        "id": 400010144,
        "alias": "Contents.Quest.Guide.10144",
        "text": "(저기로 건너가야겠어)"
    },
    "400010145": {
        "deprecated": false,
        "Dev_Desc": "반달서브_10032_9_완료_PC",
        "id": 400010145,
        "alias": "Contents.Quest.Guide.10145",
        "text": "(<textColor=[255:204:102:255]>활강</>으로 건너편에 있는\n출구까지 이동해볼까?)"
    },
    "400010146": {
        "deprecated": false,
        "Dev_Desc": "반달서브_10024_2_PC",
        "id": 400010146,
        "alias": "Contents.Quest.Guide.10146",
        "text": "(저 위로 올라가려면\n<textColor=[255:204:102:255]>특별한 경공</>이 필요할 것 같다)"
    }
}