{
    "47000000": {
        "deprecated": false,
        "Dev_Desc": "풍신",
        "id": 47000000,
        "alias": "Contents.Quest.Guide.7000000",
        "text": "네임가이드 테스트1"
    },
    "47000001": {
        "deprecated": false,
        "Dev_Desc": "풍신",
        "id": 47000001,
        "alias": "Contents.Quest.Guide.7000001",
        "text": "메세지가이드 테스트2"
    },
    "47000002": {
        "deprecated": false,
        "Dev_Desc": "백야금",
        "id": 47000002,
        "alias": "Contents.Quest.Guide.7000002",
        "text": "백야금"
    },
    "47000003": {
        "deprecated": false,
        "Dev_Desc": "낙원대성",
        "id": 47000003,
        "alias": "Contents.Quest.Guide.7000003",
        "text": "낙원대성"
    },
    "47000004": {
        "deprecated": false,
        "Dev_Desc": "낙원대성",
        "id": 47000004,
        "alias": "Contents.Quest.Guide.7000004",
        "text": "네 위치는 이곳과 어울리지 않는다.."
    },
    "47000005": {
        "deprecated": false,
        "Dev_Desc": "낙원대성",
        "id": 47000005,
        "alias": "Contents.Quest.Guide.7000005",
        "text": "더 신나게 놀아보자고~!"
    },
    "47000006": {
        "deprecated": false,
        "Dev_Desc": "낙원대성",
        "id": 47000006,
        "alias": "Contents.Quest.Guide.7000006",
        "text": "쉽지 않을 것이다"
    },
    "47000007": {
        "deprecated": false,
        "Dev_Desc": "백야금",
        "id": 47000007,
        "alias": "Contents.Quest.Guide.7000007",
        "text": "하찮은 것들! 네놈들이 내 상대가 될 것 같으냐!!"
    },
    "47000008": {
        "deprecated": false,
        "Dev_Desc": "백야금",
        "id": 47000008,
        "alias": "Contents.Quest.Guide.7000008",
        "text": "귀찮게 하는 군.."
    },
    "47000009": {
        "deprecated": false,
        "Dev_Desc": "백야금",
        "id": 47000009,
        "alias": "Contents.Quest.Guide.7000009",
        "text": "네놈들도 곧 시체로 만들어주지!"
    },
    "47000010": {
        "deprecated": false,
        "Dev_Desc": "백야금",
        "id": 47000010,
        "alias": "Contents.Quest.Guide.7000010",
        "text": "건방진 놈들! 불바다로 만들어주마!!"
    },
    "47000011": {
        "deprecated": false,
        "Dev_Desc": "초소장",
        "id": 47000011,
        "alias": "Contents.Quest.Guide.7000011",
        "text": "초소장"
    },
    "47000012": {
        "deprecated": false,
        "Dev_Desc": "초소장",
        "id": 47000012,
        "alias": "Contents.Quest.Guide.7000012",
        "text": "ㄷ,당장 막아!! 나를 지키라고!!"
    },
    "47000013": {
        "deprecated": false,
        "Dev_Desc": "초소장",
        "id": 47000013,
        "alias": "Contents.Quest.Guide.7000013",
        "text": "온다! 어서 막아!!"
    },
    "47000014": {
        "deprecated": false,
        "Dev_Desc": "폭주가디언",
        "id": 47000014,
        "alias": "Contents.Quest.Guide.7000014",
        "text": "[제어권 이탈] 적 섬멸 진행"
    },
    "47000015": {
        "deprecated": false,
        "Dev_Desc": "폭주가디언",
        "id": 47000015,
        "alias": "Contents.Quest.Guide.7000015",
        "text": "[주의] 신력 과출력\n과부하 50% 도달"
    },
    "47000016": {
        "deprecated": false,
        "Dev_Desc": "폭주가디언",
        "id": 47000016,
        "alias": "Contents.Quest.Guide.7000016",
        "text": "[경고] 신력 과출력\n과부하 80% 도달"
    },
    "47000017": {
        "deprecated": false,
        "Dev_Desc": "폭주가디언",
        "id": 47000017,
        "alias": "Contents.Quest.Guide.7000017",
        "text": "[위험] 과출력 신력 소모 진행"
    },
    "47000018": {
        "deprecated": false,
        "Dev_Desc": "폭주가디언",
        "id": 47000018,
        "alias": "Contents.Quest.Guide.7000018",
        "text": "[경계] 침입자 발견\n적 섬멸 진행"
    },
    "47000019": {
        "deprecated": false,
        "Dev_Desc": "자경단 초소장",
        "id": 47000019,
        "alias": "Contents.Quest.Guide.7000019",
        "text": "ㄷ,당장 막아!! 나를 지키라고!!"
    },
    "47000020": {
        "deprecated": false,
        "Dev_Desc": "자경단 초소장",
        "id": 47000020,
        "alias": "Contents.Quest.Guide.7000020",
        "text": "온다! 어서 막아!!"
    },
    "47000021": {
        "deprecated": false,
        "Dev_Desc": "백야금",
        "id": 47000021,
        "alias": "Contents.Quest.Guide.7000021",
        "text": "하찮은 것들! 네놈들이 내 상대가 될 것 같으냐!!"
    },
    "47000022": {
        "deprecated": false,
        "Dev_Desc": "백야금",
        "id": 47000022,
        "alias": "Contents.Quest.Guide.7000022",
        "text": "귀찮게 하는군.."
    },
    "47000023": {
        "deprecated": false,
        "Dev_Desc": "백야금",
        "id": 47000023,
        "alias": "Contents.Quest.Guide.7000023",
        "text": "건방진 놈들! 불바다로 만들어주마!!"
    },
    "47000024": {
        "deprecated": false,
        "Dev_Desc": "백야금",
        "id": 47000024,
        "alias": "Contents.Quest.Guide.7000024",
        "text": "네놈들도 곧 시체로 만들어주지!"
    },
    "47000025": {
        "deprecated": false,
        "Dev_Desc": "낙원대성",
        "id": 47000025,
        "alias": "Contents.Quest.Guide.7000025",
        "text": "네 위치는 이곳과 어울리지 않는다.."
    },
    "47000026": {
        "deprecated": false,
        "Dev_Desc": "낙원대성",
        "id": 47000026,
        "alias": "Contents.Quest.Guide.7000026",
        "text": "더 신나게 놀아보자고~!"
    },
    "47000027": {
        "deprecated": false,
        "Dev_Desc": "낙원대성",
        "id": 47000027,
        "alias": "Contents.Quest.Guide.7000027",
        "text": "쉽지 않을 것이다"
    },
    "47000028": {
        "deprecated": false,
        "Dev_Desc": "에레다 수장 하름",
        "id": 47000028,
        "alias": "Contents.Quest.Guide.7000028",
        "text": "죽어라! 버러지 같은 자식들!"
    },
    "47000029": {
        "deprecated": false,
        "Dev_Desc": "에레다 수장 하름",
        "id": 47000029,
        "alias": "Contents.Quest.Guide.7000029",
        "text": "진정한 힘을 보아라!"
    },
    "47000030": {
        "deprecated": false,
        "Dev_Desc": "하름(반기수)",
        "id": 47000030,
        "alias": "Contents.Quest.Guide.7000030",
        "text": "크크크... 살살 다뤄줄테니 어디 한번 받아봐랏!"
    },
    "47000031": {
        "deprecated": false,
        "Dev_Desc": "하름(반기수)",
        "id": 47000031,
        "alias": "Contents.Quest.Guide.7000031",
        "text": "흥! 시시하군… 유흥은 끝났다. 이만 끝내주도록 하지!"
    },
    "47000032": {
        "deprecated": false,
        "Dev_Desc": "모극_유성우 낙하",
        "id": 47000032,
        "alias": "Contents.Quest.Guide.7000032",
        "text": "##%&$%@#$ !!!"
    },
    "47000033": {
        "deprecated": false,
        "Dev_Desc": "녹력대귀",
        "id": 47000033,
        "alias": "Contents.Quest.Guide.7000033",
        "text": "그르르르!!"
    },
    "47000034": {
        "deprecated": false,
        "Dev_Desc": "녹력대귀",
        "id": 47000034,
        "alias": "Contents.Quest.Guide.7000034",
        "text": "크르릉!!"
    },
    "47000035": {
        "deprecated": false,
        "Dev_Desc": "녹력대귀",
        "id": 47000035,
        "alias": "Contents.Quest.Guide.7000035",
        "text": "크아아아아!!"
    },
    "47000036": {
        "deprecated": false,
        "Dev_Desc": "거곤",
        "id": 47000036,
        "alias": "Contents.Quest.Guide.7000036",
        "text": "##@$%%& !@#$@#!"
    },
    "47000037": {
        "deprecated": false,
        "Dev_Desc": "대인면충",
        "id": 47000037,
        "alias": "Contents.Quest.Guide.7000037",
        "text": "안개 너머... ㅇ,어둠이 온다"
    },
    "47000038": {
        "deprecated": false,
        "Dev_Desc": "대인면충",
        "id": 47000038,
        "alias": "Contents.Quest.Guide.7000038",
        "text": "흐아아아!! 죽어라 ㄷ,다…!"
    },
    "47000039": {
        "deprecated": false,
        "Dev_Desc": "대인면충",
        "id": 47000039,
        "alias": "Contents.Quest.Guide.7000039",
        "text": "크아아악! 끼에엑!!"
    },
    "47000040": {
        "deprecated": false,
        "Dev_Desc": "팔독모",
        "id": 47000040,
        "alias": "Contents.Quest.Guide.7000040",
        "text": "크어어! 끼에에엑!!"
    },
    "47000041": {
        "deprecated": false,
        "Dev_Desc": "팔독모",
        "id": 47000041,
        "alias": "Contents.Quest.Guide.7000041",
        "text": "크아아악! 끼엑!!"
    },
    "47000042": {
        "deprecated": false,
        "Dev_Desc": "유강독모",
        "id": 47000042,
        "alias": "Contents.Quest.Guide.7000042",
        "text": "크르르... 끼에엑!"
    },
    "47000043": {
        "deprecated": false,
        "Dev_Desc": "유강독모",
        "id": 47000043,
        "alias": "Contents.Quest.Guide.7000043",
        "text": "크아아악! 끼엑!!"
    },
    "47000044": {
        "deprecated": false,
        "Dev_Desc": "초령목",
        "id": 47000044,
        "alias": "Contents.Quest.Guide.7000044",
        "text": "나의 분신들아. 전투의 시간이다!"
    },
    "47000045": {
        "deprecated": false,
        "Dev_Desc": "초령목",
        "id": 47000045,
        "alias": "Contents.Quest.Guide.7000045",
        "text": "더러운 몸뚱아리를 꿰뚫어 주겠다!"
    },
    "47000046": {
        "deprecated": false,
        "Dev_Desc": "강철악_돌진(크워!!~~!!)",
        "id": 47000046,
        "alias": "Contents.Quest.Guide.7000046",
        "text": "크워!!~~!!"
    },
    "47000047": {
        "deprecated": false,
        "Dev_Desc": "강철악_환경변화(크와악~! 쿠왁!)",
        "id": 47000047,
        "alias": "Contents.Quest.Guide.7000047",
        "text": "크와악~! 쿠왁!"
    },
    "47000048": {
        "deprecated": false,
        "Dev_Desc": "굴락_연속 내려찍기(꾸워워어~~!)",
        "id": 47000048,
        "alias": "Contents.Quest.Guide.7000048",
        "text": "꾸워워어~~!"
    },
    "47000049": {
        "deprecated": false,
        "Dev_Desc": "굴락_3연속 발사체 쏘기(구르르르륵!!!)",
        "id": 47000049,
        "alias": "Contents.Quest.Guide.7000049",
        "text": "구르르르륵!!!"
    },
    "47000050": {
        "deprecated": false,
        "Dev_Desc": "리오리노_권와광포(권! 와! 광! 포!)",
        "id": 47000050,
        "alias": "Contents.Quest.Guide.7000050",
        "text": "권! 와! 광! 포!"
    },
    "47000051": {
        "deprecated": false,
        "Dev_Desc": "리오리노_3연속 찍기(크아아!! 다 쓸어버린다!!)",
        "id": 47000051,
        "alias": "Contents.Quest.Guide.7000051",
        "text": "크아아!! 다 쓸어버린다!!"
    },
    "47000052": {
        "deprecated": false,
        "Dev_Desc": "동충_돌풍의눈(어디한번 도망쳐봐라 약해빠진 놈들아 크크크…)",
        "id": 47000052,
        "alias": "Contents.Quest.Guide.7000052",
        "text": "어디한번 도망쳐봐라 약해빠진 놈들아 크크크…"
    },
    "47000053": {
        "deprecated": false,
        "Dev_Desc": "동충_산울림(나의 힘은 산을 울릴지어니!!)",
        "id": 47000053,
        "alias": "Contents.Quest.Guide.7000053",
        "text": "나의 힘은 산을 울릴지어니!!"
    },
    "47000054": {
        "deprecated": false,
        "Dev_Desc": "모순학_이 창은 무엇이든 뚫을 수 있지!!",
        "id": 47000054,
        "alias": "Contents.Quest.Guide.7000054",
        "text": "이 창은 무엇이든 뚫을 수 있지!!"
    },
    "47000055": {
        "deprecated": false,
        "Dev_Desc": "모순학_그 이후로 많은 노력을 거듭했다!",
        "id": 47000055,
        "alias": "Contents.Quest.Guide.7000055",
        "text": "그 이후로 많은 노력을 거듭했다!"
    },
    "47000056": {
        "deprecated": false,
        "Dev_Desc": "모순학_한계를 넘어서는 모습을 보여주마!!",
        "id": 47000056,
        "alias": "Contents.Quest.Guide.7000056",
        "text": "한계를 넘어서는 모습을 보여주마!!"
    },
    "47000057": {
        "deprecated": false,
        "Dev_Desc": "낙원대성_전투 시작",
        "id": 47000057,
        "alias": "Contents.Quest.Guide.7000057",
        "text": "감이 이곳을 넘보다니!!"
    },
    "47000058": {
        "deprecated": false,
        "Dev_Desc": "낙원대성_큰휠윈드",
        "id": 47000058,
        "alias": "Contents.Quest.Guide.7000058",
        "text": "죽음을 두려워하지 마라.."
    },
    "47000059": {
        "deprecated": false,
        "Dev_Desc": "낙원대성_집중",
        "id": 47000059,
        "alias": "Contents.Quest.Guide.7000059",
        "text": "정신집중!"
    },
    "47000060": {
        "deprecated": false,
        "Dev_Desc": "낙원대성_롤링",
        "id": 47000060,
        "alias": "Contents.Quest.Guide.7000060",
        "text": "화염의 소용돌이!!"
    },
    "47000061": {
        "deprecated": false,
        "Dev_Desc": "우와_분노의 포효(꾸워워어~~!)",
        "id": 47000061,
        "alias": "Contents.Quest.Guide.7000061",
        "text": "꾸워워어~~!"
    },
    "47000062": {
        "deprecated": false,
        "Dev_Desc": "우와_독액 발사(구르르르륵!!!)",
        "id": 47000062,
        "alias": "Contents.Quest.Guide.7000062",
        "text": "구르르르륵!!!"
    },
    "47000063": {
        "deprecated": false,
        "Dev_Desc": "탐욕거미",
        "id": 47000063,
        "alias": "Contents.Quest.Guide.7000063",
        "text": "크아아악! 끼에엑!!"
    },
    "47000064": {
        "deprecated": false,
        "Dev_Desc": "마두",
        "id": 47000064,
        "alias": "Contents.Quest.Guide.7000064",
        "text": "뀨르르… 뀨뀨?!"
    },
    "47000065": {
        "deprecated": false,
        "Dev_Desc": "돌판 위의 왕",
        "id": 47000065,
        "alias": "Contents.Quest.Guide.7000065",
        "text": "여기 재밌겠는데? 나랑놀자!"
    },
    "47000066": {
        "deprecated": false,
        "Dev_Desc": "도굴해",
        "id": 47000066,
        "alias": "Contents.Quest.Guide.7000066",
        "text": "어이!!! 여긴 네 몫 없어! 훠이~!!"
    },
    "47000067": {
        "deprecated": false,
        "Dev_Desc": "미궁소성",
        "id": 47000067,
        "alias": "Contents.Quest.Guide.7000067",
        "text": "나한테 한 수 배우러 온거야?"
    }
}