{
    "40000500": {
        "deprecated": false,
        "Dev_Desc": "이동 튜토리얼",
        "id": 40000500,
        "alias": "Contents.Tutorial.Guide.500",
        "text": "<textColor=[255:204:102:255]>질주</>를 사용하지 않으면\n나보다 빨리 갈 수 없을 걸?\n이동하면서 <textColor=[255:204:102:255]>여기를 눌러봐!</>"
    },
    "40000501": {
        "deprecated": false,
        "Dev_Desc": "이동 튜토리얼",
        "id": 40000501,
        "alias": "Contents.Tutorial.Guide.501",
        "text": "<textColor=[255:204:102:255]>질주</> 중에 이걸 누르고 있으면,\n멋지게 <textColor=[255:204:102:255]>활루</>할 수 있어!"
    },
    "40000502": {
        "deprecated": false,
        "Dev_Desc": "장착 튜토리얼",
        "id": 40000502,
        "alias": "Contents.Tutorial.Guide.502",
        "text": "잠시만요! <textColor=[255:204:102:255]>무기</>는 착용하셨나요~?\n<textColor=[255:204:102:255]>가방을 열어</> 보시면,"
    },
    "40000503": {
        "deprecated": false,
        "Dev_Desc": "장착 튜토리얼",
        "id": 40000503,
        "alias": "Contents.Tutorial.Guide.503",
        "text": "제가 드린 <textColor=[255:204:102:255]>무기</>가 있을 거예요!\n<textColor=[255:204:102:255]>눌러서 장착</>하시면 돼요!"
    },
    "40000504": {
        "deprecated": false,
        "Dev_Desc": "자동 물약 튜토리얼",
        "id": 40000504,
        "alias": "Contents.Tutorial.Guide.504",
        "text": "아 참! <textColor=[255:204:102:255]>여기를 누르면</>\n<textColor=[255:204:102:255]>회복약</>을 자동으로 쓸 수 있으니, 꼭 기억해 주세요~!"
    },
    "40000505": {
        "deprecated": false,
        "Dev_Desc": "자동 사용 튜토리얼",
        "id": 40000505,
        "alias": "Contents.Tutorial.Guide.505",
        "text": "마지막으로\n<textColor=[255:204:102:255]>가방</>을 한번 더 <textColor=[255:204:102:255]>열어</> 보세요~"
    },
    "40000506": {
        "deprecated": false,
        "Dev_Desc": "자동 사용 튜토리얼",
        "id": 40000506,
        "alias": "Contents.Tutorial.Guide.506",
        "text": "<textColor=[255:204:102:255]>영신단</>이 보이시죠?\n그걸 <textColor=[255:204:102:255]>누르신</> 다음에,"
    },
    "40000507": {
        "deprecated": false,
        "Dev_Desc": "자동 사용 튜토리얼",
        "id": 40000507,
        "alias": "Contents.Tutorial.Guide.507",
        "text": "여기를 <textColor=[255:204:102:255]>눌러서</>\n<textColor=[255:204:102:255]>퀵슬롯</>에 등록해 보시겠어요?"
    },
    "40000508": {
        "deprecated": false,
        "Dev_Desc": "자동 사용 튜토리얼",
        "id": 40000508,
        "alias": "Contents.Tutorial.Guide.508",
        "text": "그 다음 <textColor=[255:204:102:255]>아래로 내리면</>,\n<textColor=[255:204:102:255]>자동</>으로 사용된답니다~\n자주 활용해 보세요!"
    },
    "40000509": {
        "deprecated": false,
        "Dev_Desc": "보상 받기 튜토리얼",
        "id": 40000509,
        "alias": "Contents.Tutorial.Guide.509",
        "text": "아! <textColor=[255:204:102:255]>자동으로 이동</>하려면,\n여길 <textColor=[255:204:102:255]>누르면</> 되는 거 알지?\n자, 이제 가볼까?"
    },
    "40000510": {
        "deprecated": false,
        "Dev_Desc": "자동 진행 튜토리얼",
        "id": 40000510,
        "alias": "Contents.Tutorial.Guide.510",
        "text": "(어서 <textColor=[215:94:94:255]>불마자</>들을 처치해서\n발발이를 구해주자!)"
    },
    "40000511": {
        "deprecated": false,
        "Dev_Desc": "보상 받기 튜토리얼",
        "id": 40000511,
        "alias": "Contents.Tutorial.Guide.511",
        "text": "(이제 몸이 좀 풀린 것 같다.\n참, 잊지 말고\n<textColor=[255:204:102:255]>보상</>도 챙겨야지)"
    },
    "40000512": {
        "deprecated": false,
        "Dev_Desc": "자동 사용 튜토리얼",
        "id": 40000512,
        "alias": "Contents.Tutorial.Guide.512",
        "text": "(<textColor=[255:204:102:255]>영신단</>을 먹었으니\n더 <textColor=[255:204:102:255]>빠르게 공격</>할 수 있겠어.\n자, 몸을 풀어볼까?)"
    },
    "40000517": {
        "deprecated": false,
        "Dev_Desc": "이동 튜토리얼",
        "id": 40000517,
        "alias": "Contents.Tutorial.Guide.517",
        "text": "마침 내리막길이 있네.\n<textColor=[255:204:102:255]>질주</> 중에 이걸 <textColor=[255:204:102:255]>누르고 있으면</>, <textColor=[255:204:102:255]>활루</>할 수 있어."
    },
    "40000518": {
        "deprecated": false,
        "Dev_Desc": "이동 튜토리얼",
        "id": 40000518,
        "alias": "Contents.Tutorial.Guide.518",
        "text": "우선 여기를 <textColor=[255:204:102:255]>눌러서</>\n<textColor=[255:204:102:255]>질주</>를 시작해 볼까?"
    },
    "40000519": {
        "deprecated": false,
        "Dev_Desc": "이동 튜토리얼",
        "id": 40000519,
        "alias": "Contents.Tutorial.Guide.519",
        "text": "지금이야!\n<textColor=[255:204:102:255]>활루</>를 사용해봐!"
    },
    "40000520": {
        "deprecated": false,
        "Dev_Desc": "자동 진행 튜토리얼4",
        "id": 40000520,
        "alias": "Contents.Tutorial.Guide.520",
        "text": "(<textColor=[110:216:175:255]>신 대어방 총타</>로 이동하도록 하자)"
    },
    "40000521": {
        "deprecated": false,
        "Dev_Desc": "자동 진행 튜토리얼2",
        "id": 40000521,
        "alias": "Contents.Tutorial.Guide.521",
        "text": "(<textColor=[255:204:102:255]>발발이</>는 괜찮을까?\n살펴봐야겠어)"
    },
    "40000522": {
        "deprecated": false,
        "Dev_Desc": "막기 튜토리얼",
        "id": 40000522,
        "alias": "Contents.Tutorial.Guide.522",
        "text": "(이 공격은 <textColor=[255:204:102:255]>막을 수 있겠어!</>)"
    },
    "40000523": {
        "deprecated": false,
        "Dev_Desc": "자동 진행 튜토리얼3",
        "id": 40000523,
        "alias": "Contents.Tutorial.Guide.523",
        "text": "(<textColor=[215:94:94:255]>염환</>을 쓰러뜨리자!)"
    },
    "40000524": {
        "deprecated": false,
        "Dev_Desc": "장착 튜토리얼",
        "id": 40000524,
        "alias": "Contents.Tutorial.Guide.524",
        "text": "(<textColor=[255:204:102:255]>무기</>를 <textColor=[255:204:102:255]>착용</>해 볼까?)"
    }
}