{
    "99220000": {
        "deprecated": false,
        "Dev_Desc": "가면 만들기 재료",
        "id": 99220000,
        "alias": "Contents.Item.Desc.9220000",
        "text": "어떤 장식이나 무늬도 없는 흰색의 밋밋한 가면. 여기에 색을 칠해 가면을 만들 수 있습니다."
    },
    "99220001": {
        "deprecated": false,
        "Dev_Desc": "무술대회 참가 추천서",
        "id": 99220001,
        "alias": "Contents.Item.Desc.9220001",
        "text": "무술대회에 참가하려면 꼭 준비해야 하는 추천서입니다."
    },
    "99220002": {
        "deprecated": false,
        "Dev_Desc": "혼파탕",
        "id": 99220002,
        "alias": "Contents.Item.Desc.9220002",
        "text": "반달호수 특산품으로 만든 궁극의 요리! \n... 라지만, 어쩐지 이상한 냄새가 납니다..."
    },
    "99220003": {
        "deprecated": false,
        "Dev_Desc": "보물상자 열쇠",
        "id": 99220003,
        "alias": "Contents.Item.Desc.9220003",
        "text": "반달호수 어딘가에 숨겨져 있는 보물상자를 열 수 있는 열쇠입니다."
    },
    "99220004": {
        "deprecated": false,
        "Dev_Desc": "조합장의 추천서",
        "id": 99220004,
        "alias": "Contents.Item.Desc.9220004",
        "text": "무술대회에 참가하려면 꼭 준비해야 하는 추천서입니다."
    },
    "99220005": {
        "deprecated": false,
        "Dev_Desc": "경비대장의 추천서",
        "id": 99220005,
        "alias": "Contents.Item.Desc.9220005",
        "text": "무술대회에 참가하려면 꼭 준비해야 하는 추천서입니다."
    },
    "99220006": {
        "deprecated": false,
        "Dev_Desc": "객점주인의 추천서",
        "id": 99220006,
        "alias": "Contents.Item.Desc.9220006",
        "text": "무술대회에 참가하려면 꼭 준비해야 하는 추천서입니다."
    },
    "99220007": {
        "deprecated": false,
        "Dev_Desc": "여관주인의 추천서",
        "id": 99220007,
        "alias": "Contents.Item.Desc.9220007",
        "text": "무술대회에 참가하려면 꼭 준비해야 하는 추천서입니다."
    },
    "99220008": {
        "deprecated": false,
        "Dev_Desc": "낡은 상자",
        "id": 99220008,
        "alias": "Contents.Item.Desc.9220008",
        "text": "낡은 상자입니다. 분명 주인이 없는 물건일 겁니다. 아마도.."
    },
    "99220009": {
        "deprecated": false,
        "Dev_Desc": "초심자 상자",
        "id": 99220009,
        "alias": "Contents.Item.Desc.9220009",
        "text": "제법 그럴듯해 보이는 상자입니다."
    },
    "99220010": {
        "deprecated": false,
        "Dev_Desc": "나무 상자",
        "id": 99220010,
        "alias": "Contents.Item.Desc.9220010",
        "text": "뭐가 들어있는지 모르는 상자라는건 언제나 작은 기대감을 가져옵니다"
    },
    "99220011": {
        "deprecated": false,
        "Dev_Desc": "거대 수호병의 상자",
        "id": 99220011,
        "alias": "Contents.Item.Desc.9220011",
        "text": "큰 자물쇠가 굳건히 걸려있습니다. 상자를 열기 위해선 수호병의 열쇠가 필요합니다."
    },
    "99220012": {
        "deprecated": false,
        "Dev_Desc": "수호병의 열쇠",
        "id": 99220012,
        "alias": "Contents.Item.Desc.9220012",
        "text": "거대 수호병의 상자를 열 수 있는 열쇠입니다."
    },
    "99220013": {
        "deprecated": false,
        "Dev_Desc": "바나나",
        "id": 99220013,
        "alias": "Contents.Item.Desc.9220013",
        "text": "낙원족이 좋아하는 노란 바나나입니다."
    },
    "99220014": {
        "deprecated": false,
        "Dev_Desc": "돈주머니",
        "id": 99220014,
        "alias": "Contents.Item.Desc.9220014",
        "text": "빈민가 사람들을 괴롭히는 불량배들의 돈주머니입니다."
    },
    "99220015": {
        "deprecated": false,
        "Dev_Desc": "곡괭이",
        "id": 99220015,
        "alias": "Contents.Item.Desc.9220015",
        "text": "단단한 땅을 파는데 쓰는 곡괭이입니다."
    },
    "99220016": {
        "deprecated": false,
        "Dev_Desc": "홍보석 목걸이",
        "id": 99220016,
        "alias": "Contents.Item.Desc.9220016",
        "text": "붉은 보석이 달린 목걸이입니다. \n피난민의 죽은 아내가 남긴 유일한 유품입니다."
    },
    "99220017": {
        "deprecated": false,
        "Dev_Desc": "훼손된 무술대회 출전권",
        "id": 99220017,
        "alias": "Contents.Item.Desc.9220017",
        "text": "심하게 훼손되어 내용을 알아보기가 어렵습니다."
    },
    "99220018": {
        "deprecated": false,
        "Dev_Desc": "작은 돈주머니",
        "id": 99220018,
        "alias": "Contents.Item.Desc.9220018",
        "text": "동전이 들어있는 작은 주머니입니다."
    },
    "99220019": {
        "deprecated": false,
        "Dev_Desc": "인장이 찍힌 증서",
        "id": 99220019,
        "alias": "Contents.Item.Desc.9220019",
        "text": "풍년기원제 인장이 찍혀있는 증서입니다."
    },
    "99220020": {
        "deprecated": false,
        "Dev_Desc": "배 표",
        "id": 99220020,
        "alias": "Contents.Item.Desc.9220020",
        "text": "'척월'이라는 이름이 새겨져 있는 낚싯대입니다."
    },
    "99220021": {
        "deprecated": false,
        "Dev_Desc": "앨리의 푸른 구슬",
        "id": 99220021,
        "alias": "Contents.Item.Desc.9220021",
        "text": "비공식적으로 배를 탈 수 있는 징표입니다."
    },
    "99220022": {
        "deprecated": false,
        "Dev_Desc": "망가진 낚싯대",
        "id": 99220022,
        "alias": "Contents.Item.Desc.9220022",
        "text": "푸른 색이 영롱하게 빛나는 유리구슬입니다."
    },
    "99220023": {
        "deprecated": false,
        "Dev_Desc": "토미의 펜던트",
        "id": 99220023,
        "alias": "Contents.Item.Desc.9220023",
        "text": "토미와 아내로 보이는 여인이 그려진 펜던트다."
    },
    "99220024": {
        "deprecated": false,
        "Dev_Desc": "푸른색 천 조각",
        "id": 99220024,
        "alias": "Contents.Item.Desc.9220024",
        "text": "고급스런 느낌의 천 조각입니다. <fontStyle=[TestStyleB]>잡화상인</>에게 비싼 값에 팔 수 있을 것 같습니다.<br/><br/><br/>\"지금은 찢어져 있으나 아마도 묶을 수 있는 길이의 천 정도 되었을 것 같습니다.<br/><br/>푸른색은 한때 선주회를 상징하는 색이었습니다. 선주회 출신인 프라이그는 선주회가 다시 일어날 날을 꿈꾸며 자신의 신도들에게 이것을 하사하였습니다.<br/><br/>가짜 에레다 단원들은 이 푸른색 천을 자신의 옷에 묶어 서로를 알아보는 수단으로 사용한다고 합니다.\""
    },
    "99220025": {
        "deprecated": false,
        "Dev_Desc": "빛나는 비늘 조각",
        "id": 99220025,
        "alias": "Contents.Item.Desc.9220025",
        "text": "신비로운 비늘 조각입니다. <fontStyle=[TestStyleB]>잡화상인</>에게 비싼 값에 팔 수 있을 것 같습니다.<br/><br/><br/>\"반짝이는 비늘 조각.<br/><br/>요새는 물고기의 비늘 조각일 뿐이지만, 사실 이 조각은 많은 사람들의 입에 의해 다양하게 변모하였습니다.<br/><br/>누군가는 인어의 비늘이라고 말했고, 누군가는 오래전 바다를 지켰던 용의 비늘이라고 말해왔지만 지금은 모두 잊혀졌습니다.\""
    },
    "99220026": {
        "deprecated": false,
        "Dev_Desc": "오염된 피부조직",
        "id": 99220026,
        "alias": "Contents.Item.Desc.9220026",
        "text": "손 대고 싶지 않은 물건입니다. 하지만 <fontStyle=[TestStyleB]>잡화상인</>에게 팔 수 있을 것 같습니다.<br/><br/><br/>\"부자연스럽게 부식된 피부조직입니다.<br/><br/>부식된 부분은 검은 색으로 물들어 있고, 이상한 냄새를 풍깁니다. 이 냄새는 균열이 발생한 곳에서 맡은 냄새와 비슷합니다…\""
    },
    "99220027": {
        "deprecated": false,
        "Dev_Desc": "피 묻은 목찰",
        "id": 99220027,
        "alias": "Contents.Item.Desc.9220027",
        "text": "섬뜩한 느낌이 드는 목찰입니다. <fontStyle=[TestStyleB]>잡화상인</>에게 비싼 값에 팔 수 있을 것 같습니다.<br/><br/><br/>\"'도화상전'이라는 글씨가 새겨져 있는 낡은 나무패 입니다.<br/><br/>패에 묻어있는 혈흔이, 목찰 주인이 맞아야만 했던 비극적인 최후를 알려주는 것 같습니다.\""
    },
    "99220028": {
        "deprecated": false,
        "Dev_Desc": "균열 잔여물",
        "id": 99220028,
        "alias": "Contents.Item.Desc.9220028",
        "text": "정체를 알 수 없는 물건입니다. 하지만 <fontStyle=[TestStyleB]>잡화상인</>에게 팔 수 있을 것 같습니다.<br/><br/><br/>\"믿기 어렵지만 균열의 잔여물이 피부에 닿을 때마다 누군가 속삭이는 듯한 소리가 들립니다.<br/><br/>이 소리는 달콤하기도 하고 매혹적이기도 하며, 때로는 두렵고 때로는 애절합니다.<br/><br/>혹자는 할로우 안에 남아있는 영혼의 외침이라고도 합니다.\""
    },
    "99220029": {
        "deprecated": false,
        "Dev_Desc": "반짝이는 가루",
        "id": 99220029,
        "alias": "Contents.Item.Desc.9220029",
        "text": "신비한 기운이 느껴지는 고운 가루입니다. <fontStyle=[TestStyleB]>잡화상인</>에게 비싼 값에 팔 수 있을 것 같습니다.<br/><br/><br/>\"신비한 결정에서 묻어난 가루입니다.<br/><br/>충격에 약한 신비한 결정은 약간의 충격에도 금새 바스라지곤 합니다.<br/><br/>가루 형태의 신비한 결정은 금새 힘을 잃어버리기 때문에, 특별한 기술을 가진 기술자만이 온전한 형태의 신비한 결정을 채굴할 수 있습니다.\""
    },
    "99220030": {
        "deprecated": false,
        "Dev_Desc": "작은 결정",
        "id": 99220030,
        "alias": "Contents.Item.Desc.9220030",
        "text": "신기해보이는 작은 결정입니다. <fontStyle=[TestStyleB]>잡화상인</>에게 비싼 값에 팔 수 있을 것 같습니다.<br/><br/><br/>\"기술자들이 사용하다가 남은 결정입니다.<br/><br/>각종 도구들을 개발, 제작하는 기술자들은 없어서는 안될 존재지만, 이들의 노고를 인정해주는 지역은 많지 않습니다.\""
    },
    "99220031": {
        "deprecated": false,
        "Dev_Desc": "문양관광기념 메달 시험작",
        "id": 99220031,
        "alias": "Contents.Item.Desc.9220031",
        "text": "반짝이는 메달입니다. <fontStyle=[TestStyleB]>잡화상인</>에게 비싼 값에 팔 수 있을 것 같습니다.<br/><br/><br/>\"평원의 문양이 새겨진 메달입니다.<br/><br/>아르닛은 문양지에 학습 공원을 세워 경제적 가치를 창출하려고 합니다. 나중에 팔 상품을 구상하며  시험작으로 만든 관광기념 메달입니다. 평원의 문양을 단순화시킨 모양입니다만 완성도가 떨어져 보입니다.<br/><br/>이후 양산하면 잘 팔릴까요?\""
    },
    "99220032": {
        "deprecated": false,
        "Dev_Desc": "검은 새벽 은화",
        "id": 99220032,
        "alias": "Contents.Item.Desc.9220032",
        "text": "수상한 은화입니다. <fontStyle=[TestStyleB]>잡화상인</>에게 비싼 값에 팔 수 있을 것 같습니다.<br/><br/><br/>\"검은 새벽단에서 지급을 보증하는 화폐입니다.<br/><br/>은화라고 말하지만 실제로 은이 들어 있는 지도 의문입니다.<br/><br/>일반인들이 검은 새벽단을 찾아가 돈을 달라고 요구하기 어렵고, 그들이 순순히 돈을 내놓을 리도 없습니다.<br/><br/>자연스레 일반인들은 사용할 수 없고 단원들만 사용하면서, 큰 가치를 인정받지 못합니다.\""
    },
    "99220033": {
        "deprecated": false,
        "Dev_Desc": "낡은 회초리",
        "id": 99220033,
        "alias": "Contents.Item.Desc.9220033",
        "text": "금새 부러질 듯한 회초리입니다. <fontStyle=[TestStyleB]>잡화상인</>에게 비싼 값에 팔 수 있을 것 같습니다.<br/><br/><br/>\"굉장한 보물이 있을 줄 알았건만…<br/><br/>헥센드로 초대 왕의 생가 금고에서 나온 것은 피 묻은 도끼와 이 낡은 회초리뿐입니다.<br/><br/>신의 힘을 가진 초대 왕이 어린 시절을 보냈다기엔, 잡초만 무성한 낡은 흉가는 어쩐지 위화감을 줍니다.\""
    },
    "99220034": {
        "deprecated": false,
        "Dev_Desc": "선주회의 낡은 명령서",
        "id": 99220034,
        "alias": "Contents.Item.Desc.9220034",
        "text": "선주회와 관련 있어 보이는 문서입니다. <fontStyle=[TestStyleB]>잡화상인</>에게 비싼 값에 팔 수 있을 것 같습니다.<br/><br/><br/>\"선주회 명령이 적혀 있는 오래된 문서입니다.<br/><br/>바다상인연합회에게 밀려 세력이 무너진 이후 해당 명령서는 의미 없는 문서가 되었습니다만, 간혹 과거의 부흥을 꿈꾸는 일원들은 아직도 지니고 있다고 합니다.<br/><br/>▶ 차르인이 소유하는 바다를 통과하는 모든 배는 해당 바다의 소유주에게 선적물 가치의 10%를 통행세로 지불해야 한다.<br/>▶ 선적물의 가치는 해당 바다의 소유주 혹은 소유주가 인정한 사람이 매긴다.<br/>▶ 지불은 가치가 매겨진 날로부터 1달 안에 이루어져야 한다.<br/>▶ 1달 안에 지불하지 않으면, 선주회 연합이 지불을 강제집행 할수 있다. 선주회 연합에 소속된 배는 이를 면제한다.\""
    },
    "99220035": {
        "deprecated": false,
        "Dev_Desc": "대금업자의 계약서 낱장",
        "id": 99220035,
        "alias": "Contents.Item.Desc.9220035",
        "text": "대금업자들이 작성한 계약서입니다. <fontStyle=[TestStyleB]>잡화상인</>에게 비싼 값에 팔 수 있을 것 같습니다.<br/><br/><br/>\"대금업자들과의 계약서만 없애면 된다고 생각하는 사람들에 의해 버려진 낱장입니다.<br/><br/>하지만 개인 용병까지 부리는 이 거대한 세력의 눈을 피할 수는 없을 겁니다. 그들은 배를 담보로 돈을 빌려주며 자금을 키우고 대금회를 결성하여 세력을 규합시킨 다미르의 큰 손이니깐요.\""
    },
    "99220036": {
        "deprecated": false,
        "Dev_Desc": "경매장 입찰 종",
        "id": 99220036,
        "alias": "Contents.Item.Desc.9220036",
        "text": "경매장에서 사용하던 종입니다. <fontStyle=[TestStyleB]>잡화상인</>에게 비싼 값에 팔 수 있을 것 같습니다.<br/><br/><br/>\"다미르의 경매장은 관광객들에게도 유명합니다.<br/><br/>동방대륙의 신기한 물건들을 구경하고 싶다면 경매장으로 가라는 말이 있을 정도입니다. 인기 있는 물건이 나오면 끊임없이 종소리가 들리는 곳입니다.\""
    },
    "99220037": {
        "deprecated": false,
        "Dev_Desc": "고블린의 부싯돌",
        "id": 99220037,
        "alias": "Contents.Item.Desc.9220037",
        "text": "고블린들이 좋아하는 부싯돌입니다. <fontStyle=[TestStyleB]>잡화상인</>에게 비싼 값에 팔 수 있을 것 같습니다.<br/><br/><br/>\"플루 평원을 지나 다미르를 찾아오던 중 따뜻한 모닥불을 보았다고 해서, 사람들을 만날 수 있을 거란 생각은 버려야 합니다.<br/>불을 좋아하는 고블린들은 언제 어디서든 불을 피울 수 있도록 부싯돌을 갖고 다니거든요.\""
    },
    "99220038": {
        "deprecated": false,
        "Dev_Desc": "마르코의 인식표",
        "id": 99220038,
        "alias": "Contents.Item.Desc.9220038",
        "text": "마로코라는 군인의 인식표입니다. <fontStyle=[TestStyleB]>잡화상인</>에게 비싼 값에 팔 수 있을 것 같습니다.<br/><br/><br/>\"병사들이 가지고 다니는 인식표입니다.<br/><br/>평원 문양탑 관리단에서 근무했던 병사, 마르코의 인식표. 그는 군 복무가 끝나면 리바레스를 떠나 먼 곳으로 떠나고 싶어 했습니다. 임무 중에 목숨을 잃은 그를 애도하며, 그의 대장인 빈틀러는 일행에게 인식표를 건네며 부탁했습니다.<br/><br/>'최대한 멀리 가서 처분해줬으면 좋겠어…'\""
    },
    "99220039": {
        "deprecated": false,
        "Dev_Desc": "별조각",
        "id": 99220039,
        "alias": "Contents.Item.Desc.9220039",
        "text": "신비로운 느낌의 작은 돌 조각입니다. <fontStyle=[TestStyleB]>잡화상인</>에게 비싼 값에 팔 수 있을 것 같습니다.<br/><br/><br/>\"검은 돌입니다.<br/><br/>'하늘에서 별이 땅으로 떨어졌습니다. 사람들은 그걸 별조각이라고 불렀지만 실제 모습은 시커멓고 못생긴 검은 돌덩어리에 불과합니다. 밤하늘에 빛나는 별처럼 반짝반짝 빛나는 별조각을 기대한 사람들에겐 큰 실망을 안깁니다.<br/><br/>하지만 이런 못생긴 별조각을 비싼 값에 매입해주는 사람들이 있어, 오늘도 별조각을 바라보는 사람들의 눈은 반짝반짝 빛납니다.\""
    },
    "99220040": {
        "deprecated": false,
        "Dev_Desc": "빛나는 가루",
        "id": 99220040,
        "alias": "Contents.Item.Desc.9220040",
        "text": "반짝반짝 빛나는 가루입니다. <fontStyle=[TestStyleB]>잡화상인</>에게 비싼 값에 팔 수 있을 것 같습니다.<br/><br/><br/>\"빛이 나는 가루입니다.<br/><br/>영혼의 숲과 호수에 오래 머무르면 옷에 가루가 묻습니다. 다만, 그 가루가 어떻게 만들어지고 어디서 오는 것인지는 아직 정확히 밝혀지지 않았습니다.<br/><br/>가루는 어둠 속에서도 빛을 내기 때문에 조명이나 장식품을 만들 때 이용할 수 있을 것 같아 사람들의 흥미를 끌었습니다. 그러나 영혼의 숲을 떠나 시간이 지나고 나면 빛을 잃는다는 게 알려지면서 관심이 식었습니다.\""
    },
    "99220041": {
        "deprecated": false,
        "Dev_Desc": "타다 남은 재",
        "id": 99220041,
        "alias": "Contents.Item.Desc.9220041",
        "text": "지저분한 잿가루입니다. <fontStyle=[TestStyleB]>잡화상인</>에게 비싼 값에 팔 수 있을 것 같습니다.<br/><br/><br/>\"다 꺼진 모닥불에서 나온 타다 남은 재입니다.<br/><br/>변변한 난방 시설조차 없는 제강소 인부들은, 이렇게 모닥불을 피워 고지대의 냉기를 견뎌냅니다.<br/><br/>왕의 제강소라는 이름과는 어울리지 않는 이런 열악한 환경은, 차르의 왕이 얼마나 허울뿐인 자리인지 보여주는 것 같습니다.\""
    },
    "99220042": {
        "deprecated": false,
        "Dev_Desc": "구겨진 쪽지",
        "id": 99220042,
        "alias": "Contents.Item.Desc.9220042",
        "text": "구깃구깃한 종이 쪽지입니다. <fontStyle=[TestStyleB]>잡화상인</>에게 비싼 값에 팔 수 있을 것 같습니다.<br/><br/><br/>\"불 프록 야영지의 청인족이 떨어뜨린 듯한 쪽지입니다. <br/><br/>심하게 구겨진 쪽지를 겨우 펴서 읽어보면 '여왕님께'라는 단어를 발견할 수 있습니다.<br/><br/>그 바로 앞 단어가 아마도 이름 같은데 안타깝게도 번져서 알아볼 수 없습니다. 이것이 차르의 여왕을 말하는 것인지는 알 수 없습니다.\""
    },
    "99220043": {
        "deprecated": false,
        "Dev_Desc": "빛바랜 장신구",
        "id": 99220043,
        "alias": "Contents.Item.Desc.9220043",
        "text": "예쁘지만 낡은 장신구입니다. <fontStyle=[TestStyleB]>잡화상인</>에게 비싼 값에 팔 수 있을 것 같습니다.<br/><br/><br/>\"물의 신전 무녀들이 착용했던 것으로 보이는 장신구입니다. <br/><br/>한때는 신비한 힘을 숭상하던 무녀였을지 모를 그녀들은, 지금은 살아있는 것도, 죽은 것도 아닌 공허한 상태로 그저 호수 주변을 정처 없이 떠돌고 있습니다.\""
    },
    "99220044": {
        "deprecated": false,
        "Dev_Desc": "알록달록한 깃털",
        "id": 99220044,
        "alias": "Contents.Item.Desc.9220044",
        "text": "예쁘게 생긴 깃털입니다. <fontStyle=[TestStyleB]>잡화상인</>에게 비싼 값에 팔 수 있을 것 같습니다.<br/><br/><br/>\"화려한 색을 가진 예쁜 깃털입니다. <br/><br/>잘 활용하면 아름다운 장신구를 만들 수 있을 것 같습니다.<br/><br/>그러나 먹고살기 급급한 헥센드로 주민들은 장신구 따위에 신경 쓸 겨를이 없어 보입니다. 주민들에게는 장신구보단 이 거친 땅에서 발을 지켜줄 질긴 가죽 신발이 더 필요해 보입니다.\""
    },
    "99220045": {
        "deprecated": false,
        "Dev_Desc": "찢겨진 장부의 낱장",
        "id": 99220045,
        "alias": "Contents.Item.Desc.9220045",
        "text": "알 수 없는 장부의 낱장입니다. <fontStyle=[TestStyleB]>잡화상인</>에게 비싼 값에 팔 수 있을 것 같습니다.<br/><br/><br/>\"왕궁 조사관 올렉사가 급하게 가져가느라 실수로 떨어뜨린 '왕가 존속 협회' 장부의 찢겨진 낱장입니다. <br/><br/>일부분만 남아 있어 전체 내용을 정확히 알 순 없습니다. 다만, '차르 전체', '사생아', '수색'이란 단어가 급하게 휘갈겨 쓴 듯한 필체로 적혀 있습니다.\""
    },
    "99220046": {
        "deprecated": false,
        "Dev_Desc": "약탈자 돈주머니",
        "id": 99220046,
        "alias": "Contents.Item.Desc.9220046",
        "text": "꽤 두둑한 돈주머니 입니다. <fontStyle=[TestStyleB]>잡화상인</>에게 비싼 값에 팔 수 있을 것 같습니다.<br/><br/><br/>\"돈이 가득 들어있는 돈주머니입니다.<br/><br/>돈주머니 가죽 안쪽에는 이 곳으로 안내된 자는 모두 처리한다는 문구와 프라이그의 서명이 새겨져 있습니다.<br/><br/>아마도 프라이그가 자신이 본거지를 지키기 위해 약탈자와 거래를 했다는 중요한 증거물이 될 것 같습니다.\""
    },
    "99220047": {
        "deprecated": false,
        "Dev_Desc": "해월대륙 행 배표 - 금화",
        "id": 99220047,
        "alias": "Contents.Item.Desc.9220047",
        "text": "해월대륙 행 배 탑승 시 제출해야 하는 증표입니다."
    },
    "99220048": {
        "deprecated": false,
        "Dev_Desc": "해월대륙 행 배표 - 아이템",
        "id": 99220048,
        "alias": "Contents.Item.Desc.9220048",
        "text": "해월대륙 행 배 탑승 시 제출해야 하는 증표입니다."
    },
    "99220049": {
        "deprecated": false,
        "Dev_Desc": "배표 교환 아이템",
        "id": 99220049,
        "alias": "Contents.Item.Desc.9220049",
        "text": "이것을 소지하고 있는 자가 매화단 소속임을 증명하는 두루마리입니다. <br/> 매화단 책임자 홍매화의 인장이 찍혀 있습니다."
    },
    "99220050": {
        "deprecated": false,
        "Dev_Desc": "낡은 종이",
        "id": 99220050,
        "alias": "Contents.Item.Desc.9220050",
        "text": "\"찢어지고 헤진 매우 낡은 종이입니다.<br/><br/>대부분의 글자는 희미해져 읽기가 어렵습니다. 군데군데 '극락', '천신', '제물', '부활' 등의 영문을 알 수 없는 글자가 보입니다. 눈에 힘을 주고 몇 줄 읽어봤지만, 가치 없는 헛소리들이 빼곡하게 나열되어 있을 뿐이었습니다.\""
    },
    "99220051": {
        "deprecated": false,
        "Dev_Desc": "해월대륙 행 배표",
        "id": 99220051,
        "alias": "Contents.Item.Desc.9220051",
        "text": "해월대륙 행 배 탑승 시 제출해야 하는 증표입니다."
    },
    "99220052": {
        "deprecated": false,
        "Dev_Desc": "매화단 발급 증명서",
        "id": 99220052,
        "alias": "Contents.Item.Desc.9220052",
        "text": "이것을 소지하고 있는 자가 매화단 소속임을 증명하는 두루마리입니다.\n매화단 책임자 홍매화의 인장이 찍혀 있습니다."
    },
    "99220053": {
        "deprecated": false,
        "Dev_Desc": "개다래 가지 묶음",
        "id": 99220053,
        "alias": "Contents.Item.Desc.9220053",
        "text": "어쩐지 묘한 향기가 나는 것 같지만... 효과는 알 수 없습니다."
    },
    "99220054": {
        "deprecated": false,
        "Dev_Desc": "연금준의 시구 모음 1편",
        "id": 99220054,
        "alias": "Contents.Item.Desc.9220054",
        "text": "<더 이상 사용하지 않는 스토리 아이템입니다><br/>\"그렇게 대어방으로 가서 그녀가 좋아하는 낚시를 해. 무심한 척 준비 안 한 척 낚싯대를 던졌네\" <br/><br/>연금준이 두루마리에 적어둔 시구입니다. 연금준을 좋아하는 사람들은 이 노래를 들을 때마다 자신의  풋풋한 연애담을 떠올리지만, 모험가들에겐 딱히 필요 없는 물건입니다."
    },
    "99220055": {
        "deprecated": false,
        "Dev_Desc": "연금준의 시구 모음 2편",
        "id": 99220055,
        "alias": "Contents.Item.Desc.9220055",
        "text": "<더 이상 사용하지 않는 스토리 아이템입니다><br/>\"반달 밤 호수 이 등롱 불에 담긴 아름다운 얘기가 있어. 네게 들려주고파 엽서를 부쳐 뭐 하고있냐고\"<br/><br/>연금준이 두루마리에 적어둔 시구입니다. 연금준을 좋아하는 사람들은 이 노래를 들을 때마다 반달호수의 풍경을 떠올린다고 하지만 모험가들에겐 딱히 필요 없는 물건입니다."
    },
    "99220056": {
        "deprecated": false,
        "Dev_Desc": "연금준의 시구 모음 3편",
        "id": 99220056,
        "alias": "Contents.Item.Desc.9220056",
        "text": "<더 이상 사용하지 않는 스토리 아이템입니다><br/>\"난 몇 달째 수월항에 있었어. 근데 난 해월대륙에 가고 싶다고 말했지. 호수를 넘어 대양을 지나 개척자로서 해월대륙에 갈 거야.\"<br/><br/>연금준이 두루마리에 적어둔 시구입니다. 연금준을 좋아하는 사람들은 이 노래를 들을 때마다 해월대륙에 대한 환상에 가슴이 두근거린다고 하지만 모험가들에겐 딱히 필요 없는 물건입니다."
    },
    "99220057": {
        "deprecated": false,
        "Dev_Desc": "연금준의 시구 모음 4편",
        "id": 99220057,
        "alias": "Contents.Item.Desc.9220057",
        "text": "<더 이상 사용하지 않는 스토리 아이템입니다><br/>\"흔들리는 연잎 속에서 너의 창포 향이 느껴진 거야. 스쳐 지나간 건가? 방향 전환해보지만, 그냥 수목 정령들만 보이는 거야\"<br/><br/>연금준이 두루마리에 적어둔 시구입니다. 연금준을 좋아하는 사람들은 이 노래를 들을 때마다 창포의 향긋함을 느낀다고 하지만 모험가들에겐 딱히 필요 없는 물건입니다."
    },
    "99220058": {
        "deprecated": false,
        "Dev_Desc": "네이냥의 비밀 지도",
        "id": 99220058,
        "alias": "Contents.Item.Desc.9220058",
        "text": "\"이건 나밖에 모르는 정보다냥!\"<br/><br/>네이냥이 엄청나게 귀한 것인 양 거래하는 비밀 지도입니다. 지도의 수준이 조악하여 정말 찾아갈 수 있을지 의문인 데다, 동일한 지도를 여러 장 만들어 사람들과 거래하고 있어 가치를 높게 치기 어려운 지도입니다."
    },
    "99220059": {
        "deprecated": false,
        "Dev_Desc": "붉은 염료 견본품",
        "id": 99220059,
        "alias": "Contents.Item.Desc.9220059",
        "text": "붉은색을 얻기 위해 사용하는 염료는 다양하게 있습니다. 각각의 염료는 가격과 품질이 다릅니다. 발발이풀에서 얻는 염료는 발색이 우수하고 지속력이 괜찮은 편이라 좋은 값에 거래됩니다.<br/><br/>이것은 염료의 견본품으로 매우 소량의 염료가 들어 있어 이걸로는 손수건 한 장 염색하기 어려워 보입니다."
    },
    "99220060": {
        "deprecated": false,
        "Dev_Desc": "황금 염료 견본품",
        "id": 99220060,
        "alias": "Contents.Item.Desc.9220060",
        "text": "황금색 옷을 만들기 위해 실제 황금을 쓰는 사람이 없진 않겠지만, 세상에는 저렴한 가격으로 비슷한 효과를 얻고자 하는 사람들이 많이 존재합니다. 황금 발발이풀에서 얻는 염료의 품질은 의외로 높아 많은 사람이 꽤 비싼 가격임에도 구매합니다.<br/><br/>이것은 염료의 견본품으로 매우 소량의 염료가 들어 있어 이걸로는 손수건 한 장 염색하기 어려워 보입니다."
    },
    "99220061": {
        "deprecated": false,
        "Dev_Desc": "반달호수 중부 탐사수료증",
        "id": 99220061,
        "alias": "Contents.Item.Desc.9220061",
        "text": "<더 이상 사용하지 않는 스토리 아이템입니다><br/>반달호수의 중부 지역을 탐사하며 여러 가지 문제를 처리한 당신에게 대어방에서 주는 수료증입니다. 수료증이란 이름이지만 사실 감사패 같은 의미입니다.<br/><br/>대어방 관계자는 동부와 서부 지역의 탐사도 맡아주길 바라는 눈치입니다."
    },
    "99220062": {
        "deprecated": false,
        "Dev_Desc": "반달호수 동부 탐사수료증",
        "id": 99220062,
        "alias": "Contents.Item.Desc.9220062",
        "text": "<더 이상 사용하지 않는 스토리 아이템입니다><br/>반달호수의 동부 지역을 탐사하며 여러 가지 문제를 처리한 당신에게 대어방에서 주는 수료증입니다. 수료증이란 이름이지만 사실 감사패 같은 의미입니다.<br/><br/>대어방 관계자는 이제 서부 지역 탐사만 마치면 위업을 달성하는 거라며 응원을 해주고 있습니다."
    },
    "99220063": {
        "deprecated": false,
        "Dev_Desc": "반달호수 서부 탐사수료증",
        "id": 99220063,
        "alias": "Contents.Item.Desc.9220063",
        "text": "<더 이상 사용하지 않는 스토리 아이템입니다><br/>반달호수의 서부 지역을 탐사하며 여러 가지 문제를 처리한 당신에게 대어방에서 주는 수료증입니다. 수료증이란 이름이지만 사실 감사패 같은 의미입니다.<br/><br/>마침내 반달호수 모든 지역의 탐사를 마치는 위업을 달성했으니 명실상부한 반달호수의 해결사로서 이름을 떨치게 될 것입니다."
    },
    "99220064": {
        "deprecated": false,
        "Dev_Desc": "서인족의 온전한 앞니",
        "id": 99220064,
        "alias": "Contents.Item.Desc.9220064",
        "text": "서인족의 앞니는 징그럽다고 여기는 사람들이 많지만, 강한 생존력과 다산을 상징한다고 하여 귀하게 평가하는 사람들도 많습니다. 흠이 없고 형태가 온전한 형태의 앞니는 손에 넣기 어렵기 때문에 이것을 전문적으로 매입하는 상인도 있습니다."
    },
    "99220065": {
        "deprecated": false,
        "Dev_Desc": "부드러운 거북 배 껍질",
        "id": 99220065,
        "alias": "Contents.Item.Desc.9220065",
        "text": "거북 배의 껍질을 생으로 혹은 가공하여 약품으로 쓰는 의원들이 존재합니다. 과거 기록에 따르면 겨울을 지나 봄에 나오는 거북 배 껍질이 고급품이며 약효가 높다고 합니다.<br/><br/>그 때문인지 약품 파는 곳에 가면 다들 봄 거북 배 껍질이라고 주장하는데, 그 주장을 그대로 믿을 순 없습니다. 하지만 어차피 시장에 나와 있는 게 모두 봄 거북 등 껍질이라서 이미 믿고 안 믿고의 문제는 아닌 것 같습니다."
    },
    "99220066": {
        "deprecated": false,
        "Dev_Desc": "밀렵단의 점화 도구통",
        "id": 99220066,
        "alias": "Contents.Item.Desc.9220066",
        "text": "밀렵단에 들어가면 사수에게 필수적으로 받는 교육이 있습니다. 그중 하나가 생존 교육이며, 그 교육 안에 불을 피우는 훈련도 포함되어 있습니다. 좋지 않은 환경에서 불을 피우는 훈련을 하게 한 후에는 쉽게 불을 피울 수 있는 점화 도구를 지급합니다.<br/><br/>사실 이 도구가 있으면 훈련 때처럼 힘들게 불을 피울 필요가 없었겠지만, 훈련은 어디까지나 훈련이라는 입장을 고수하고 있습니다."
    },
    "99220067": {
        "deprecated": false,
        "Dev_Desc": "낡은 항해 일지",
        "id": 99220067,
        "alias": "Contents.Item.Desc.9220067",
        "text": "<더 이상 사용하지 않는 스토리 아이템입니다><br/>낡은 항해 일지입니다.<br/><br/>\"그놈의 거대한 아가리는 형님이 타고 계시던 배를 한입에 집어삼켰다. 그 모습을 본 우리는 죽을힘을 다해 그놈의 해역을 벗어나려고 했다. 이미 배를 한 척 삼켜서인지 그놈은 더 이상 우리를 따라오지 않았다. 우리는 형님을 구하러 갈 엄두도 내지 못한 채 동방 대륙으로 떠밀려 왔다\""
    },
    "99220068": {
        "deprecated": false,
        "Dev_Desc": "저주 받은 돌",
        "id": 99220068,
        "alias": "Contents.Item.Desc.9220068",
        "text": "검고 반짝이는 돌입니다.<br/><br/>얼핏 보기에 값어치 있는 보석처럼 보이기도 하지만, 어딘지 모르게 불길한 기운을 뿜어내고 있습니다.<br/><br/>이것에 대해 알 만한 자를 찾는다면 그 가치에 대해 설명해 줄 것입니다."
    },
    "99220069": {
        "deprecated": false,
        "Dev_Desc": "봉인된 일지",
        "id": 99220069,
        "alias": "Contents.Item.Desc.9220069",
        "text": "낡아 보이는 봉인된 일지. 풀어서 확인할 수 있을 것 같다.<br/><br/>해당 아이템을 파괴하면 더 이상 퀘스트를 진행할 수 없습니다."
    },
    "99220070": {
        "deprecated": false,
        "Dev_Desc": "반짝이는 돌",
        "id": 99220070,
        "alias": "Contents.Item.Desc.9220070",
        "text": "해안가에서 발견한 독특한 돌. 가치 있어 보이는데 누군가에게 감정을 받아보자.<br/><br/>해당 아이템을 파괴하면 더 이상 퀘스트를 진행할 수 없습니다."
    },
    "99220071": {
        "deprecated": false,
        "Dev_Desc": "홍매화의 허가증",
        "id": 99220071,
        "alias": "Contents.Item.Desc.9220071",
        "text": "홍매화가 자격을 증명한다는 내용의 두루마리 입니다.\n탐사대 책임자 홍매화의 인장이 찍혀 있습니다."
    },
    "99220072": {
        "deprecated": false,
        "Dev_Desc": "신호탄",
        "id": 99220072,
        "alias": "Contents.Item.Desc.9220072",
        "text": "멀리 있는 누군가에게 신호를 보내고 싶다면 과감하게 사용해보자."
    },
    "99220073": {
        "deprecated": false,
        "Dev_Desc": "잊혀진 탐사대의 나침반",
        "id": 99220073,
        "alias": "Contents.Item.Desc.9220073",
        "text": "상당히 낡은 나침반입니다.<br/><br/>세월의 흔적이 느껴지지만 사연을 품고 있는 것 같습니다. 이것에 대해 알 만한 자를 찾는다면 그 가치에 대해 설명해 줄 것 입니다."
    },
    "99220074": {
        "deprecated": false,
        "Dev_Desc": "짐승의 털뭉치",
        "id": 99220074,
        "alias": "Contents.Item.Desc.9220074",
        "text": "돌언덕 구릉지의 야생동물들을 사냥하면 얻을 수 있는 털입니다.<br/><br/>털이 억세고 거칠어 가공되지 않은 상태에서는 가치가 현저히 떨어집니다."
    },
    "99220075": {
        "deprecated": false,
        "Dev_Desc": "네이냥의 편지",
        "id": 99220075,
        "alias": "Contents.Item.Desc.9220075",
        "text": "<더 이상 사용하지 않는 스토리 아이템입니다><br/>명예 바롱단 보아라냥!<br/><br/>\"명예 개척바롱단으로서 개척바롱단의 이름을 드높인 업적을 높이 사, 단장인 나 네이냥이 직접 이 포상을 내리겠다냥! 반달호수에서의 인연이 다해 비록 헤어지지만냥, 더 넓은 곳에서 다시 만나자냥!\""
    },
    "99220076": {
        "deprecated": false,
        "Dev_Desc": "강철악의 인식표",
        "id": 99220076,
        "alias": "Contents.Item.Desc.9220076",
        "text": "<더 이상 사용하지 않는 스토리 아이템입니다><br/>강철악이 차고 있던 인식표입니다.<br/><br/>\"총타주 임연수의 인장과 애완동물 등록일이 표기되어 있습니다. 임연수는 강철악의 종을 속여 불법 밀반입해 온 다음 의도적으로 골짜기에 풀어놓은 것으로 보입니다.<br/>\""
    },
    "99220077": {
        "deprecated": false,
        "Dev_Desc": "돈 주머니",
        "id": 99220077,
        "alias": "Contents.Item.Desc.9220077",
        "text": "<더 이상 사용하지 않는 스토리 아이템입니다><br/>투엽단 소굴에서 도축 도구를 파괴하다가 발견한 빈 돈 주머니입니다. 주머니의 겉면에는 신 대어방 총타의 총타주 임연수의 인장이 찍혀 있습니다.<br/><br/>투엽단이 반달호수에서 활개를 칠 수 있도록 임연수가 지원한 것이 드러난 셈입니다. 임연수라면 지원의 대가 또한 받았을 터, 투엽단으로부터 어떤 위험한 대가를 받았을지 모를 일입니다."
    },
    "99220078": {
        "deprecated": false,
        "Dev_Desc": "네이냥의 선물 상자",
        "id": 99220078,
        "alias": "Contents.Item.Desc.9220078",
        "text": "흙 더미에 묻혀있던 네이냥의 선물 상자.<br/><br/>열어서 확인할 수 있을 것 같다."
    },
    "99220079": {
        "deprecated": false,
        "Dev_Desc": "대어방 유공상패",
        "id": 99220079,
        "alias": "Contents.Item.Desc.9220079",
        "text": "신 대어방 총타에서 내리는 표창입니다.<br/>지역 사회의 안정화에 기여한 자에게 수여합니다.<br/><br/>신 대어방 총타에 있는 유공상패 수집가 '눈아웅'에게서 유용한 물건으로 교환할 수 있습니다."
    },
    "99220080": {
        "deprecated": false,
        "Dev_Desc": "뒷거래쥐의 대어방 유공상패",
        "id": 99220080,
        "alias": "Contents.Item.Desc.9220080",
        "text": "뒷골목의 상인 뒷거래쥐에게서 구한 대어방 유공상패입니다.<br/>뒷거래쥐가 확실히 정품임을 보증하였습니다.<br/><br/>해당 아이템을 파괴하면 더 이상 퀘스트를 진행할 수 없습니다."
    },
    "99220081": {
        "deprecated": false,
        "Dev_Desc": "불마자의 온전한 핵",
        "id": 99220081,
        "alias": "Contents.Item.Desc.9220081",
        "text": "불마자의 기운이 느껴지는 핵입니다. <br/>이렇게 온전한 형태의 핵은 매우 구하기 어렵다고 알려져 있습니다.<br/><br/>해당 아이템을 파괴하면 더 이상 퀘스트를 진행할 수 없습니다."
    },
    "99220082": {
        "deprecated": false,
        "Dev_Desc": "바스러진 불마자의 핵",
        "id": 99220082,
        "alias": "Contents.Item.Desc.9220082",
        "text": "<더 이상 사용하지 않는 스토리 아이템입니다><br/>다 바스러져 버린 불마자의 핵입니다. 아무런 쓸모도 없어 보입니다.<br/><br/>불마자들도 원래는 살아있는 생명체였다고 합니다. 그러나 불행히도 수라에게 생명력을 흡수당한 뒤, 지금은 껍데기만 남은 존재가 되었습니다. <br/><br/>불마자들은 수라의 본능을 이어받아 맹목적으로 다른 생명체들의 생명력을 탐합니다. 아무런 목적의식 없이 공격성만 남은 불마자들은 살아있다고도, 죽었다고도 볼 수 없는 존재로 전락했습니다."
    },
    "99220083": {
        "deprecated": false,
        "Dev_Desc": "값비싼 보석",
        "id": 99220083,
        "alias": "Contents.Item.Desc.9220083",
        "text": "해월대륙에서만 구할 수 있는 광물을 세공한 값비싼 보석입니다.<br/><br/> 일반인들은 쉽게 손에 넣을 수 없는 가격이기 때문에 많은 이들의 동경의 대상이 되곤 합니다. 소문에 의하면 이 보석이 균열의 기운을 막아준다는 말도 있으나 사실 여부는 밝혀진 바 없습니다."
    },
    "99220084": {
        "deprecated": false,
        "Dev_Desc": "쓸만한 잔해",
        "id": 99220084,
        "alias": "Contents.Item.Desc.9220084",
        "text": "난파선에서 구할 수 있는 쓸만한 잔해입니다.<br/><br/> 국가의 허가를 받지 못한 이들이 신대륙의 꿈을 안고 왔다가 조류에 쓸려버린 결과물입니다. 이런 비극 속에서도 금경철문의 장인들은 쓸만한 잔해를 구하고 있습니다."
    },
    "99220085": {
        "deprecated": false,
        "Dev_Desc": "녹각다귀의 뿔",
        "id": 99220085,
        "alias": "Contents.Item.Desc.9220085",
        "text": "태록림에서 발견되는 암각다귀의 날카로운 뿔입니다.<br/><br/> 암각다귀의 뿔은 날카롭고 견고해 무기와 방어구의 재료로 쓰입니다. 다만 암각다귀를 처치하는게 까다로워 금경철문의 장인들이 직접 구하는 것은 꺼리고 있습니다."
    },
    "99220086": {
        "deprecated": false,
        "Dev_Desc": "적비패의 무기",
        "id": 99220086,
        "alias": "Contents.Item.Desc.9220086",
        "text": "청인족의 한 무리인 적비패가 사용하는 무기입니다.<br/><br/> 청인족 도적단 적비패가 사용하는 무기로 인간의 무기와는 조금 다른 형태를 보입니다. 이러한 이유로 금경철문의 장인들이 연구를 위해 눈에 불을 켜고 구하고 있습니다."
    },
    "99220087": {
        "deprecated": false,
        "Dev_Desc": "환영 혼불",
        "id": 99220087,
        "alias": "Contents.Item.Desc.9220087",
        "text": "태록림에서 발견되는 환영의 혼불입니다.<br/><br/> 발견 당시 인면충의 체액과 같이 환각 성분이 있을 거라 판단되어 채집이 금지되었습니다. 하지만 연구가 거듭된 결과, 환영 혼불을 사용하면 금속의 강화에 큰 도움이 되는 것으로 밝혀져 금경철문이 이를 구하고 있습니다."
    },
    "99220088": {
        "deprecated": false,
        "Dev_Desc": "밀봉된 문서",
        "id": 99220088,
        "alias": "Contents.Item.Desc.9220088",
        "text": "<더 이상 사용하지 않는 스토리 아이템입니다><br/>하름의 비원에서 발견한 밀봉된 문서입니다.<br/><br/> 탁한 기운으로 봉인된 이 문서는 열 수 없는 것 같습니다. 내용을 알 수는 없지만 하름의 비원에서 탁한 기운이 발견된 것만으로도 증거가 될 것 같습니다."
    },
    "99220089": {
        "deprecated": false,
        "Dev_Desc": "비류하의 편지",
        "id": 99220089,
        "alias": "Contents.Item.Desc.9220089",
        "text": "<더 이상 사용하지 않는 스토리 아이템입니다><br/>비류하가 남긴 편지입니다. 특별히 중요한 내용은 없고 아랑을 약올리는 말이 주로 담겨있습니다.<br/><br/> \"문주님 늦으셔서 먼저 갑니다! 늘 문주님은 집중력이 부족해 늦곤 하셨죠. 이제 문주도 되셨고 실력도 키우셨으니 집중력도 키워보시는게... 하하하! 해월지부에서 기다리고 있겠습니다.\""
    },
    "99220090": {
        "deprecated": false,
        "Dev_Desc": "송시국의 서신",
        "id": 99220090,
        "alias": "Contents.Item.Desc.9220090",
        "text": "송시국이 신원미상의 인물과 주고 받은 서신입니다.<br/><br/> \"비옥 채굴지, 비옥 발견, 염환주의\""
    },
    "99220091": {
        "deprecated": false,
        "Dev_Desc": "네이냥의 선물 상자 : 두 번째",
        "id": 99220091,
        "alias": "Contents.Item.Desc.9220091",
        "text": "<더 이상 사용하지 않는 스토리 아이템입니다><br/>네이냥이 직접 건넨 선물 상자. 열어서 확인할 수 있을 것 같다."
    },
    "99220092": {
        "deprecated": false,
        "Dev_Desc": "태록림 북서부 탐사수료증",
        "id": 99220092,
        "alias": "Contents.Item.Desc.9220092",
        "text": "<더 이상 사용하지 않는 스토리 아이템입니다><br/>태록림 북서부에 있는 예도항과 풍요 우림 거점 주변 지역을 탐사하며 여러 가지 문제를 해결한 당신에게 수양에서 주는 수료증입니다. <br/><br/>반달호수에서 넘어온 사람들이 여긴 수료증 같은 걸 안 주는지 문의가 빗발치자 수양에서 해당 민원을 처리하는 것보다 그냥 수료증을 주는 게 좋겠다고 판단하였습니다."
    },
    "99220093": {
        "deprecated": false,
        "Dev_Desc": "태록림 북동부 탐사수료증",
        "id": 99220093,
        "alias": "Contents.Item.Desc.9220093",
        "text": "<더 이상 사용하지 않는 스토리 아이템입니다><br/>태록림의 북동부에 있는 안개 숲 개척지 주변 지역을 탐사하며 여러 가지 문제를 해결한 당신에게 수양에서 주는 수료증입니다. <br/><br/>수양에서는 수료증 하나에 사람들이 관심을 가지고 문제 해결을 돕는 것에 매우 놀랐습니다. 앞으로 다양한 지역 문제를 풀어낼 해결책으로 본부에 보고하였습니다."
    },
    "99220094": {
        "deprecated": false,
        "Dev_Desc": "태록림 남부 탐사수료증",
        "id": 99220094,
        "alias": "Contents.Item.Desc.9220094",
        "text": "<더 이상 사용하지 않는 스토리 아이템입니다><br/>태록림의 남부에 있는 낙원 계곡 입구, 비경의 자드락 그리고 약초꾼 쉼터 주변 지역을 탐사하며 여러 가지 문제를 해결한 당신에게 수양에서 주는 수료증입니다. <br/><br/>안정화되지 않은 지역일수록 발급된 수료증의 수가 적은 데, 이는 반대로 해당 지역 수료증을 받은 사람들이 대단하다는 증명이 되고 있습니다. 대신 여행 일행을 구할 때 특정 지역 수료증을 요구하는 경우가 늘어나고 있어 문제가 되고 있습니다."
    },
    "99220095": {
        "deprecated": false,
        "Dev_Desc": "비옥대지 서부 탐사수료증",
        "id": 99220095,
        "alias": "Contents.Item.Desc.9220095",
        "text": "<더 이상 사용하지 않는 스토리 아이템입니다><br/>비옥대지 서부에 있는 풍백문 해월지부 주변 지역을 탐사하며 여러 가지 문제를 해결한 당신에게 풍백문에서 주는 수료증입니다. <br/><br/>수양은 수료증 발급 전과 후의 지역 치안 관련된 수치를 면밀히 조사하였고, 관련한 보고서를 작성하였습니다. 풍백문은 해당 보고서를 읽고 비옥대지에서도 탐사 수료증을 발급하기로 하였습니다."
    },
    "99220096": {
        "deprecated": false,
        "Dev_Desc": "비옥대지 동부 탐사수료증",
        "id": 99220096,
        "alias": "Contents.Item.Desc.9220096",
        "text": "<더 이상 사용하지 않는 스토리 아이템입니다><br/>비옥대지 동부에 있는 수정밀림 연구지와 용머리 탐사지 그리고 날개 사냥 집결지 주변 지역을 탐사하며 여러 가지 문제를 해결한 당신에게 풍백문에서 주는 수료증입니다. <br/><br/>풍백문의 어느 고위 장로 하나가 새로운 훈련생을 모집할 때 수료증을 요구하자고 주장했다가, 비옥대지 수료증을 가진 사람이 왜 훈련생으로 들어오겠냐고 되려 명예 사범으로 초대해야 하는 게 아니냐며 반박당했습니다. "
    },
    "99220097": {
        "deprecated": false,
        "Dev_Desc": "네이냥의 편지 : 두 번째",
        "id": 99220097,
        "alias": "Contents.Item.Desc.9220097",
        "text": "<더 이상 사용하지 않는 스토리 아이템입니다><br/>명예 바롱단 보아라냥!<br/><br/>\"명예 개척바롱단으로서 개척바롱단의 이름을 드높인 업적을 높이 사, 단장인 나 네이냥이 직접 이 포상을 내리겠다냥! 비옥대지에서 다시 만나고 헤어지게 되었는데, 언젠가 또 만나게 될 것 같다냥!"
    },
    "99220098": {
        "deprecated": false,
        "Dev_Desc": "지미갓의 치하 편지",
        "id": 99220098,
        "alias": "Contents.Item.Desc.9220098",
        "text": "<더 이상 사용하지 않는 스토리 아이템입니다><br/>너! 마음에 들었어! 너같이 순수하게 명예를 탐하는 녀석 싫지 않아! 나 역시도 너와 같이 일하는 게 마음에 들고 말이야. 네가 원한다면 내 세번째 팔... 아니 왼쪽 다리 정도는 시켜줄 수도 있어. 싫으면 말고! 언젠가 다시 만날 날에 인사하자고! "
    },
    "99220099": {
        "deprecated": false,
        "Dev_Desc": "생태림 짐승의 털뭉치",
        "id": 99220099,
        "alias": "Contents.Item.Desc.9220099",
        "text": "<더 이상 사용하지 않는 스토리 아이템입니다><br/>동부 생태 조사림의 야생동물들을 사냥하면 얻을 수 있는 털입니다.<br/><br/>현재 수양에서는 현재 동부 생태 조사림에서 급격하게 늘어난 야생동물의 수를 줄이기 위해서 털 뭉치도 매입하고 있습니다. 밀렵꾼이든 누구든 상관없다는 입장이며, 허가받은 사냥이므로 더 이상 밀렵이 아닙니다."
    },
    "99220100": {
        "deprecated": false,
        "Dev_Desc": "낙원 여우의 털뭉치",
        "id": 99220100,
        "alias": "Contents.Item.Desc.9220100",
        "text": "<더 이상 사용하지 않는 스토리 아이템입니다><br/>태록림 폭포 남부 숲의 여우를 사냥하면 얻을 수 있는 털입니다.<br/><br/>충분한 양을 모은 다음 그중에서 가장 좋은 것을 고르고 고르면 붓 등을 제작할 때 사용할 수 있을 것 같습니다."
    },
    "99220101": {
        "deprecated": false,
        "Dev_Desc": "붉은 여우의 털뭉치",
        "id": 99220101,
        "alias": "Contents.Item.Desc.9220101",
        "text": "<더 이상 사용하지 않는 스토리 아이템입니다><br/>비옥대지, 벌목지의 여우를 사냥하면 얻을 수 있는 털입니다.<br/><br/>충분한 양을 모은 다음 그중에서 가장 좋은 것을 고르고 고르면 붓 등을 제작할 때 사용할 수 있을 것 같습니다."
    },
    "99220102": {
        "deprecated": false,
        "Dev_Desc": "풀숲발발이 소환서",
        "id": 99220102,
        "alias": "Contents.Item.Desc.9220102",
        "text": "각성의 회랑에서 길을 잃고 헤매던 풀숲발발이 수호령을 구해주자, 이 귀여운 수호령은 기꺼이 당신의 여정에 함께하겠다고 합니다.\n\n사용 시 풀숲발발이 수호령을 획득할 수 있습니다."
    },
    "99220103": {
        "deprecated": false,
        "Dev_Desc": "눈아웅의 철괴",
        "id": 99220103,
        "alias": "Contents.Item.Desc.9900015",
        "text": "사용 시 철 5개를 획득할 수 있습니다."
    },
    "99220104": {
        "deprecated": false,
        "Dev_Desc": "눈아웅의 천 묶음",
        "id": 99220104,
        "alias": "Contents.Item.Desc.9900016",
        "text": "사용 시 천 5개를 획득할 수 있습니다."
    },
    "99220105": {
        "deprecated": false,
        "Dev_Desc": "눈아웅의 가죽더미",
        "id": 99220105,
        "alias": "Contents.Item.Desc.9900017",
        "text": "사용 시 가죽 5개를 획득할 수 있습니다."
    },
    "99220106": {
        "deprecated": false,
        "Dev_Desc": "눈아웅의 보석광석",
        "id": 99220106,
        "alias": "Contents.Item.Desc.9900018",
        "text": "사용 시 보석 5개를 획득할 수 있습니다."
    }
}