{
    "84000000": {
        "deprecated": false,
        "Dev_Desc": "플레이 등급 웹 페이지",
        "id": 84000000,
        "alias": "UI.WebPage.2",
        "text": "https://rc-bns2.plaync.com/board/rules/view?articleId=610b440e428a5300017f753b&_ga=2.84244380.483637951.1629159895-85679569.1577702904&viewMode=list&size=20"
    },
    "84000001": {
        "deprecated": false,
        "Dev_Desc": "소울/수호령 합성, 확정 확률 페이지",
        "id": 84000001,
        "alias": "UI.WebPage.SoulPetsProbability",
        "text": "https://bns2.plaync.com/preorder/record/2102091/index?"
    }
}