{
    "81000": {
        "deprecated": false,
        "Dev_Desc": "오스트레일리아",
        "id": 81000,
        "alias": "Contents.Country.Text.1",
        "text": "Australia"
    },
    "81001": {
        "deprecated": false,
        "Dev_Desc": "아제르바이잔",
        "id": 81001,
        "alias": "Contents.Country.Text.2",
        "text": "Azerbaijan"
    },
    "81002": {
        "deprecated": false,
        "Dev_Desc": "벨라루스",
        "id": 81002,
        "alias": "Contents.Country.Text.3",
        "text": "Belarus"
    },
    "81003": {
        "deprecated": false,
        "Dev_Desc": "벨기에",
        "id": 81003,
        "alias": "Contents.Country.Text.4",
        "text": "Belgium"
    },
    "81004": {
        "deprecated": false,
        "Dev_Desc": "브라질",
        "id": 81004,
        "alias": "Contents.Country.Text.5",
        "text": "Brazil"
    },
    "81005": {
        "deprecated": false,
        "Dev_Desc": "캄보디아",
        "id": 81005,
        "alias": "Contents.Country.Text.6",
        "text": "Cambodia"
    },
    "81006": {
        "deprecated": false,
        "Dev_Desc": "캐나다",
        "id": 81006,
        "alias": "Contents.Country.Text.7",
        "text": "Canada"
    },
    "81007": {
        "deprecated": false,
        "Dev_Desc": "칠레",
        "id": 81007,
        "alias": "Contents.Country.Text.8",
        "text": "Chile"
    },
    "81008": {
        "deprecated": false,
        "Dev_Desc": "중국",
        "id": 81008,
        "alias": "Contents.Country.Text.9",
        "text": "China"
    },
    "81009": {
        "deprecated": false,
        "Dev_Desc": "체코",
        "id": 81009,
        "alias": "Contents.Country.Text.10",
        "text": "Czech Republic"
    },
    "81010": {
        "deprecated": false,
        "Dev_Desc": "덴마크",
        "id": 81010,
        "alias": "Contents.Country.Text.11",
        "text": "Denmark"
    },
    "81011": {
        "deprecated": false,
        "Dev_Desc": "에스토니아",
        "id": 81011,
        "alias": "Contents.Country.Text.12",
        "text": "Estonia"
    },
    "81012": {
        "deprecated": false,
        "Dev_Desc": "프랑스",
        "id": 81012,
        "alias": "Contents.Country.Text.13",
        "text": "France"
    },
    "81013": {
        "deprecated": false,
        "Dev_Desc": "독일",
        "id": 81013,
        "alias": "Contents.Country.Text.14",
        "text": "Germany"
    },
    "81014": {
        "deprecated": false,
        "Dev_Desc": "가나",
        "id": 81014,
        "alias": "Contents.Country.Text.15",
        "text": "Ghana"
    },
    "81015": {
        "deprecated": false,
        "Dev_Desc": "과테말라",
        "id": 81015,
        "alias": "Contents.Country.Text.16",
        "text": "Guatemala"
    },
    "81016": {
        "deprecated": false,
        "Dev_Desc": "홍콩",
        "id": 81016,
        "alias": "Contents.Country.Text.17",
        "text": "Hong Kone"
    },
    "81017": {
        "deprecated": false,
        "Dev_Desc": "헝가리",
        "id": 81017,
        "alias": "Contents.Country.Text.18",
        "text": "Hungary"
    },
    "81018": {
        "deprecated": false,
        "Dev_Desc": "인도네시아",
        "id": 81018,
        "alias": "Contents.Country.Text.19",
        "text": "India"
    },
    "81019": {
        "deprecated": false,
        "Dev_Desc": "인도네시아",
        "id": 81019,
        "alias": "Contents.Country.Text.20",
        "text": "Indonesia"
    },
    "81020": {
        "deprecated": false,
        "Dev_Desc": "아일랜드",
        "id": 81020,
        "alias": "Contents.Country.Text.21",
        "text": "Ireland"
    },
    "81021": {
        "deprecated": false,
        "Dev_Desc": "이스라엘",
        "id": 81021,
        "alias": "Contents.Country.Text.22",
        "text": "Israel"
    },
    "81022": {
        "deprecated": false,
        "Dev_Desc": "이탈리아",
        "id": 81022,
        "alias": "Contents.Country.Text.23",
        "text": "Italy"
    },
    "81023": {
        "deprecated": false,
        "Dev_Desc": "일본",
        "id": 81023,
        "alias": "Contents.Country.Text.24",
        "text": "Japan"
    },
    "81024": {
        "deprecated": false,
        "Dev_Desc": "카자흐스탄",
        "id": 81024,
        "alias": "Contents.Country.Text.25",
        "text": "Kazakhstan"
    },
    "81025": {
        "deprecated": false,
        "Dev_Desc": "대한민국",
        "id": 81025,
        "alias": "Contents.Country.Text.26",
        "text": "Koera Reublic"
    },
    "81026": {
        "deprecated": false,
        "Dev_Desc": "쿠웨이트",
        "id": 81026,
        "alias": "Contents.Country.Text.27",
        "text": "Kuwait"
    },
    "81027": {
        "deprecated": false,
        "Dev_Desc": "라오스",
        "id": 81027,
        "alias": "Contents.Country.Text.28",
        "text": "Laos"
    },
    "81028": {
        "deprecated": false,
        "Dev_Desc": "레바논",
        "id": 81028,
        "alias": "Contents.Country.Text.29",
        "text": "Lebanon"
    },
    "81029": {
        "deprecated": false,
        "Dev_Desc": "리투아니아",
        "id": 81029,
        "alias": "Contents.Country.Text.30",
        "text": "Lithuania"
    },
    "81030": {
        "deprecated": false,
        "Dev_Desc": "마카오",
        "id": 81030,
        "alias": "Contents.Country.Text.31",
        "text": "Macao"
    },
    "81031": {
        "deprecated": false,
        "Dev_Desc": "말레이시아",
        "id": 81031,
        "alias": "Contents.Country.Text.32",
        "text": "Malaysia"
    },
    "81032": {
        "deprecated": false,
        "Dev_Desc": "멕시코",
        "id": 81032,
        "alias": "Contents.Country.Text.33",
        "text": "Mexico"
    },
    "81033": {
        "deprecated": false,
        "Dev_Desc": "미얀마",
        "id": 81033,
        "alias": "Contents.Country.Text.34",
        "text": "Myanmar"
    },
    "81034": {
        "deprecated": false,
        "Dev_Desc": "네덜란드",
        "id": 81034,
        "alias": "Contents.Country.Text.35",
        "text": "Netherlands"
    },
    "81035": {
        "deprecated": false,
        "Dev_Desc": "뉴질랜드",
        "id": 81035,
        "alias": "Contents.Country.Text.36",
        "text": "New Zealand"
    },
    "81036": {
        "deprecated": false,
        "Dev_Desc": "노르웨이",
        "id": 81036,
        "alias": "Contents.Country.Text.37",
        "text": "Norway"
    },
    "81037": {
        "deprecated": false,
        "Dev_Desc": "필리핀",
        "id": 81037,
        "alias": "Contents.Country.Text.38",
        "text": "Philippines"
    },
    "81038": {
        "deprecated": false,
        "Dev_Desc": "폴란드",
        "id": 81038,
        "alias": "Contents.Country.Text.39",
        "text": "Poland"
    },
    "81039": {
        "deprecated": false,
        "Dev_Desc": "러시아",
        "id": 81039,
        "alias": "Contents.Country.Text.40",
        "text": "Russia"
    },
    "81040": {
        "deprecated": false,
        "Dev_Desc": "싱가포르",
        "id": 81040,
        "alias": "Contents.Country.Text.41",
        "text": "Singapore"
    },
    "81041": {
        "deprecated": false,
        "Dev_Desc": "슬로바키아",
        "id": 81041,
        "alias": "Contents.Country.Text.42",
        "text": "Slovakia"
    },
    "81042": {
        "deprecated": false,
        "Dev_Desc": "남아프리카공화국",
        "id": 81042,
        "alias": "Contents.Country.Text.43",
        "text": "South Africa"
    },
    "81043": {
        "deprecated": false,
        "Dev_Desc": "스페인",
        "id": 81043,
        "alias": "Contents.Country.Text.44",
        "text": "Spain"
    },
    "81044": {
        "deprecated": false,
        "Dev_Desc": "대만",
        "id": 81044,
        "alias": "Contents.Country.Text.45",
        "text": "Taiwan"
    },
    "81045": {
        "deprecated": false,
        "Dev_Desc": "타이",
        "id": 81045,
        "alias": "Contents.Country.Text.46",
        "text": "Thailand"
    },
    "81046": {
        "deprecated": false,
        "Dev_Desc": "터키",
        "id": 81046,
        "alias": "Contents.Country.Text.47",
        "text": "Turkey"
    },
    "81047": {
        "deprecated": false,
        "Dev_Desc": "아랍에미리트",
        "id": 81047,
        "alias": "Contents.Country.Text.48",
        "text": "Uae"
    },
    "81048": {
        "deprecated": false,
        "Dev_Desc": "우크라이나",
        "id": 81048,
        "alias": "Contents.Country.Text.49",
        "text": "Ukraine"
    },
    "81049": {
        "deprecated": false,
        "Dev_Desc": "영국",
        "id": 81049,
        "alias": "Contents.Country.Text.50",
        "text": "United Kingdom"
    },
    "81050": {
        "deprecated": false,
        "Dev_Desc": "미국",
        "id": 81050,
        "alias": "Contents.Country.Text.51",
        "text": "Usa"
    },
    "81051": {
        "deprecated": false,
        "Dev_Desc": "우즈베키스탄",
        "id": 81051,
        "alias": "Contents.Country.Text.52",
        "text": "Uzbekistan"
    },
    "81052": {
        "deprecated": false,
        "Dev_Desc": "베트남",
        "id": 81052,
        "alias": "Contents.Country.Text.53",
        "text": "Vietnam"
    }
}