{
    "85101001": {
        "deprecated": false,
        "id": 85101001,
        "alias": "Contents.Item.Name.5101001",
        "text": "조개 귀걸이"
    },
    "85101002": {
        "deprecated": false,
        "id": 85101002,
        "alias": "Contents.Item.Name.5101002",
        "text": "청동 귀걸이"
    },
    "85101003": {
        "deprecated": false,
        "id": 85101003,
        "alias": "Contents.Item.Name.5101003",
        "text": "석영 귀걸이"
    },
    "85101201": {
        "deprecated": false,
        "id": 85101201,
        "alias": "Contents.Item.Name.5101201",
        "text": "홍옥 귀걸이"
    },
    "85101202": {
        "deprecated": false,
        "id": 85101202,
        "alias": "Contents.Item.Name.5101202",
        "text": "인어의 귀걸이"
    },
    "85101203": {
        "deprecated": false,
        "id": 85101203,
        "alias": "Contents.Item.Name.5101203",
        "text": "은 세공 귀걸이"
    },
    "85101204": {
        "deprecated": false,
        "id": 85101204,
        "alias": "Contents.Item.Name.5101204",
        "text": "황금 귀걸이"
    },
    "85101401": {
        "deprecated": false,
        "id": 85101401,
        "alias": "Contents.Item.Name.5101401",
        "text": "억압의 귀걸이"
    },
    "85101402": {
        "deprecated": false,
        "id": 85101402,
        "alias": "Contents.Item.Name.5101402",
        "text": "해방의 귀걸이"
    },
    "85101403": {
        "deprecated": false,
        "id": 85101403,
        "alias": "Contents.Item.Name.5101403",
        "text": "산들바람의 귀걸이"
    },
    "85102001": {
        "deprecated": false,
        "id": 85102001,
        "alias": "Contents.Item.Name.5102001",
        "text": "도토리 목걸이"
    },
    "85102002": {
        "deprecated": false,
        "id": 85102002,
        "alias": "Contents.Item.Name.5102002",
        "text": "구리 장식 목걸이"
    },
    "85102003": {
        "deprecated": false,
        "id": 85102003,
        "alias": "Contents.Item.Name.5102003",
        "text": "청동 장식 목걸이"
    },
    "85102004": {
        "deprecated": false,
        "id": 85102004,
        "alias": "Contents.Item.Name.5102004",
        "text": "황동 장식 목걸이"
    },
    "85102005": {
        "deprecated": false,
        "id": 85102005,
        "alias": "Contents.Item.Name.5102005",
        "text": "무명 병사의 인식표"
    },
    "85102006": {
        "deprecated": false,
        "id": 85102006,
        "alias": "Contents.Item.Name.5102006",
        "text": "조개 장식 목걸이"
    },
    "85102201": {
        "deprecated": false,
        "id": 85102201,
        "alias": "Contents.Item.Name.5102201",
        "text": "은 새김 목걸이"
    },
    "85102202": {
        "deprecated": false,
        "id": 85102202,
        "alias": "Contents.Item.Name.5102202",
        "text": "백금 문양 목걸이"
    },
    "85102203": {
        "deprecated": false,
        "id": 85102203,
        "alias": "Contents.Item.Name.5102203",
        "text": "곡옥 달린 금 목걸이"
    },
    "85102204": {
        "deprecated": false,
        "id": 85102204,
        "alias": "Contents.Item.Name.5102204",
        "text": "인연의 목걸이"
    },
    "85102205": {
        "deprecated": false,
        "id": 85102205,
        "alias": "Contents.Item.Name.5102205",
        "text": "청인의 목걸이"
    },
    "85102206": {
        "deprecated": false,
        "id": 85102206,
        "alias": "Contents.Item.Name.5102206",
        "text": "검투사의 목걸이"
    },
    "85102207": {
        "deprecated": false,
        "id": 85102207,
        "alias": "Contents.Item.Name.5102207",
        "text": "사령의 목걸이"
    },
    "85102208": {
        "deprecated": false,
        "id": 85102208,
        "alias": "Contents.Item.Name.5102208",
        "text": "백로의 목걸이"
    },
    "85102401": {
        "deprecated": false,
        "id": 85102401,
        "alias": "Contents.Item.Name.5102401",
        "text": "정심의 수주"
    },
    "85102402": {
        "deprecated": false,
        "id": 85102402,
        "alias": "Contents.Item.Name.5102402",
        "text": "붉은 달빛의 목걸이"
    },
    "85102403": {
        "deprecated": false,
        "id": 85102403,
        "alias": "Contents.Item.Name.5102403",
        "text": "대해의 생명"
    },
    "85102404": {
        "deprecated": false,
        "id": 85102404,
        "alias": "Contents.Item.Name.5102404",
        "text": "원시의 눈물"
    },
    "85102601": {
        "deprecated": false,
        "id": 85102601,
        "alias": "Contents.Item.Name.5102601",
        "text": "천명의 사슬"
    },
    "85102602": {
        "deprecated": false,
        "id": 85102602,
        "alias": "Contents.Item.Name.5102602",
        "text": "절대자의 심판"
    },
    "85103001": {
        "deprecated": false,
        "id": 85103001,
        "alias": "Contents.Item.Name.5103001",
        "text": "꽃잎 반지"
    },
    "85103002": {
        "deprecated": false,
        "id": 85103002,
        "alias": "Contents.Item.Name.5103002",
        "text": "산호 반지"
    },
    "85103003": {
        "deprecated": false,
        "id": 85103003,
        "alias": "Contents.Item.Name.5103003",
        "text": "상아 반지"
    },
    "85103004": {
        "deprecated": false,
        "id": 85103004,
        "alias": "Contents.Item.Name.5103004",
        "text": "황동 반지"
    },
    "85103005": {
        "deprecated": false,
        "id": 85103005,
        "alias": "Contents.Item.Name.5103005",
        "text": "은 반지"
    },
    "85103006": {
        "deprecated": false,
        "id": 85103006,
        "alias": "Contents.Item.Name.5103006",
        "text": "적철 반지"
    },
    "85103201": {
        "deprecated": false,
        "id": 85103201,
        "alias": "Contents.Item.Name.5103201",
        "text": "진주 반지"
    },
    "85103202": {
        "deprecated": false,
        "id": 85103202,
        "alias": "Contents.Item.Name.5103202",
        "text": "호박 반지"
    },
    "85103203": {
        "deprecated": false,
        "id": 85103203,
        "alias": "Contents.Item.Name.5103203",
        "text": "흑옥 반지"
    },
    "85103204": {
        "deprecated": false,
        "id": 85103204,
        "alias": "Contents.Item.Name.5103204",
        "text": "칠흑의 반지"
    },
    "85103205": {
        "deprecated": false,
        "id": 85103205,
        "alias": "Contents.Item.Name.5103205",
        "text": "백금 반지"
    },
    "85103206": {
        "deprecated": false,
        "id": 85103206,
        "alias": "Contents.Item.Name.5103206",
        "text": "순백의 반지"
    },
    "85103207": {
        "deprecated": false,
        "id": 85103207,
        "alias": "Contents.Item.Name.5103207",
        "text": "적옥 반지"
    },
    "85103208": {
        "deprecated": false,
        "id": 85103208,
        "alias": "Contents.Item.Name.5103208",
        "text": "청은 반지"
    },
    "85103401": {
        "deprecated": false,
        "id": 85103401,
        "alias": "Contents.Item.Name.5103401",
        "text": "영혼 인도자의 반지"
    },
    "85103402": {
        "deprecated": false,
        "id": 85103402,
        "alias": "Contents.Item.Name.5103402",
        "text": "구마의 반지"
    },
    "85103403": {
        "deprecated": false,
        "id": 85103403,
        "alias": "Contents.Item.Name.5103403",
        "text": "신령의 반지"
    },
    "85103404": {
        "deprecated": false,
        "id": 85103404,
        "alias": "Contents.Item.Name.5103404",
        "text": "언약의 반지"
    },
    "85103601": {
        "deprecated": false,
        "id": 85103601,
        "alias": "Contents.Item.Name.5103601",
        "text": "수호자의 길"
    },
    "85103602": {
        "deprecated": false,
        "id": 85103602,
        "alias": "Contents.Item.Name.5103602",
        "text": "배신자의 믿음"
    },
    "85104001": {
        "deprecated": false,
        "id": 85104001,
        "alias": "Contents.Item.Name.5104001",
        "text": "풀 팔찌"
    },
    "85104002": {
        "deprecated": false,
        "id": 85104002,
        "alias": "Contents.Item.Name.5104002",
        "text": "구리 팔찌"
    },
    "85104003": {
        "deprecated": false,
        "id": 85104003,
        "alias": "Contents.Item.Name.5104003",
        "text": "청동 팔찌"
    },
    "85104201": {
        "deprecated": false,
        "id": 85104201,
        "alias": "Contents.Item.Name.5104201",
        "text": "청옥 팔찌"
    },
    "85104202": {
        "deprecated": false,
        "id": 85104202,
        "alias": "Contents.Item.Name.5104202",
        "text": "벽옥 팔찌"
    },
    "85104203": {
        "deprecated": false,
        "id": 85104203,
        "alias": "Contents.Item.Name.5104203",
        "text": "백은 팔찌"
    },
    "85104204": {
        "deprecated": false,
        "id": 85104204,
        "alias": "Contents.Item.Name.5104204",
        "text": "청금 팔찌"
    },
    "85104401": {
        "deprecated": false,
        "id": 85104401,
        "alias": "Contents.Item.Name.5104401",
        "text": "수호자의 팔찌"
    },
    "85104402": {
        "deprecated": false,
        "id": 85104402,
        "alias": "Contents.Item.Name.5104402",
        "text": "노림수의 팔찌"
    },
    "85104403": {
        "deprecated": false,
        "id": 85104403,
        "alias": "Contents.Item.Name.5104403",
        "text": "순환하는 기의 팔찌"
    },
    "85105001": {
        "deprecated": false,
        "id": 85105001,
        "alias": "Contents.Item.Name.5105001",
        "text": "홍색 수실 노리개"
    },
    "85105002": {
        "deprecated": false,
        "id": 85105002,
        "alias": "Contents.Item.Name.5105002",
        "text": "청색 수실 노리개"
    },
    "85105003": {
        "deprecated": false,
        "id": 85105003,
        "alias": "Contents.Item.Name.5105003",
        "text": "녹색 수실 노리개"
    },
    "85105004": {
        "deprecated": false,
        "id": 85105004,
        "alias": "Contents.Item.Name.5105004",
        "text": "자색 수실 노리개"
    },
    "85105005": {
        "deprecated": false,
        "id": 85105005,
        "alias": "Contents.Item.Name.5105005",
        "text": "백색 수실 노리개"
    },
    "85105006": {
        "deprecated": false,
        "id": 85105006,
        "alias": "Contents.Item.Name.5105006",
        "text": "흑색 수실 노리개"
    },
    "85105201": {
        "deprecated": false,
        "id": 85105201,
        "alias": "Contents.Item.Name.5105201",
        "text": "밤색 수실 노리개"
    },
    "85105202": {
        "deprecated": false,
        "id": 85105202,
        "alias": "Contents.Item.Name.5105202",
        "text": "은색 수실 노리개"
    },
    "85105203": {
        "deprecated": false,
        "id": 85105203,
        "alias": "Contents.Item.Name.5105203",
        "text": "정인의 노리개"
    },
    "85105204": {
        "deprecated": false,
        "id": 85105204,
        "alias": "Contents.Item.Name.5105204",
        "text": "고운 매듭 노리개"
    },
    "85105205": {
        "deprecated": false,
        "id": 85105205,
        "alias": "Contents.Item.Name.5105205",
        "text": "황색 수실 노리개"
    },
    "85105206": {
        "deprecated": false,
        "id": 85105206,
        "alias": "Contents.Item.Name.5105206",
        "text": "옥 문양 노리개"
    },
    "85105207": {
        "deprecated": false,
        "id": 85105207,
        "alias": "Contents.Item.Name.5105207",
        "text": "청학 문양 노리개"
    },
    "85105208": {
        "deprecated": false,
        "id": 85105208,
        "alias": "Contents.Item.Name.5105208",
        "text": "비취 달린 노리개"
    },
    "85105401": {
        "deprecated": false,
        "id": 85105401,
        "alias": "Contents.Item.Name.5105401",
        "text": "노을 빛의 노리개"
    },
    "85105402": {
        "deprecated": false,
        "id": 85105402,
        "alias": "Contents.Item.Name.5105402",
        "text": "환희의 노리개"
    },
    "85105403": {
        "deprecated": false,
        "id": 85105403,
        "alias": "Contents.Item.Name.5105403",
        "text": "별빛 장식 노리개"
    },
    "85105404": {
        "deprecated": false,
        "id": 85105404,
        "alias": "Contents.Item.Name.5105404",
        "text": "추모의 노리개"
    },
    "85105601": {
        "deprecated": false,
        "id": 85105601,
        "alias": "Contents.Item.Name.5105601",
        "text": "잊혀진 연인의 노리개"
    },
    "85105602": {
        "deprecated": false,
        "id": 85105602,
        "alias": "Contents.Item.Name.5105602",
        "text": "별빛의 방울"
    },
    "85106001": {
        "deprecated": false,
        "id": 85106001,
        "alias": "Contents.Item.Name.5106001",
        "text": "순환의 영혼석"
    },
    "85106002": {
        "deprecated": false,
        "id": 85106002,
        "alias": "Contents.Item.Name.5106002",
        "text": "방호의 영혼석"
    },
    "85106201": {
        "deprecated": false,
        "id": 85106201,
        "alias": "Contents.Item.Name.5106201",
        "text": "바램의 영혼석"
    },
    "85106202": {
        "deprecated": false,
        "id": 85106202,
        "alias": "Contents.Item.Name.5106202",
        "text": "신뢰의 영혼석"
    },
    "85106203": {
        "deprecated": false,
        "id": 85106203,
        "alias": "Contents.Item.Name.5106203",
        "text": "원한의 영혼석"
    },
    "85106401": {
        "deprecated": false,
        "id": 85106401,
        "alias": "Contents.Item.Name.5106401",
        "text": "파괴의 영혼석"
    },
    "85106402": {
        "deprecated": false,
        "id": 85106402,
        "alias": "Contents.Item.Name.5106402",
        "text": "지배의 영혼석"
    },
    "85106403": {
        "deprecated": false,
        "id": 85106403,
        "alias": "Contents.Item.Name.5106403",
        "text": "재생의 영혼석"
    },
    "85106404": {
        "deprecated": false,
        "id": 85106404,
        "alias": "Contents.Item.Name.5106404",
        "text": "회상의 영혼석"
    },
    "85201001": {
        "deprecated": false,
        "id": 85201001,
        "alias": "Contents.Item.Name.5201001",
        "text": "조개 귀걸이(각인)"
    },
    "85201002": {
        "deprecated": false,
        "id": 85201002,
        "alias": "Contents.Item.Name.5201002",
        "text": "청동 귀걸이(각인)"
    },
    "85201003": {
        "deprecated": false,
        "id": 85201003,
        "alias": "Contents.Item.Name.5201003",
        "text": "석영 귀걸이(각인)"
    },
    "85201201": {
        "deprecated": false,
        "id": 85201201,
        "alias": "Contents.Item.Name.5201201",
        "text": "홍옥 귀걸이(각인)"
    },
    "85201202": {
        "deprecated": false,
        "id": 85201202,
        "alias": "Contents.Item.Name.5201202",
        "text": "인어의 귀걸이(각인)"
    },
    "85201203": {
        "deprecated": false,
        "id": 85201203,
        "alias": "Contents.Item.Name.5201203",
        "text": "은 세공 귀걸이(각인)"
    },
    "85201204": {
        "deprecated": false,
        "id": 85201204,
        "alias": "Contents.Item.Name.5201204",
        "text": "황금 귀걸이(각인)"
    },
    "85201401": {
        "deprecated": false,
        "id": 85201401,
        "alias": "Contents.Item.Name.5201401",
        "text": "억압의 귀걸이(각인)"
    },
    "85201402": {
        "deprecated": false,
        "id": 85201402,
        "alias": "Contents.Item.Name.5201402",
        "text": "해방의 귀걸이(각인)"
    },
    "85201403": {
        "deprecated": false,
        "id": 85201403,
        "alias": "Contents.Item.Name.5201403",
        "text": "산들바람의 귀걸이(각인)"
    },
    "85202001": {
        "deprecated": false,
        "id": 85202001,
        "alias": "Contents.Item.Name.5202001",
        "text": "도토리 목걸이(각인)"
    },
    "85202002": {
        "deprecated": false,
        "id": 85202002,
        "alias": "Contents.Item.Name.5202002",
        "text": "구리 장식 목걸이(각인)"
    },
    "85202003": {
        "deprecated": false,
        "id": 85202003,
        "alias": "Contents.Item.Name.5202003",
        "text": "청동 장식 목걸이(각인)"
    },
    "85202004": {
        "deprecated": false,
        "id": 85202004,
        "alias": "Contents.Item.Name.5202004",
        "text": "황동 장식 목걸이(각인)"
    },
    "85202005": {
        "deprecated": false,
        "id": 85202005,
        "alias": "Contents.Item.Name.5202005",
        "text": "무명 병사의 인식표(각인)"
    },
    "85202006": {
        "deprecated": false,
        "id": 85202006,
        "alias": "Contents.Item.Name.5202006",
        "text": "조개 장식 목걸이(각인)"
    },
    "85202201": {
        "deprecated": false,
        "id": 85202201,
        "alias": "Contents.Item.Name.5202201",
        "text": "은 새김 목걸이(각인)"
    },
    "85202202": {
        "deprecated": false,
        "id": 85202202,
        "alias": "Contents.Item.Name.5202202",
        "text": "백금 문양 목걸이(각인)"
    },
    "85202203": {
        "deprecated": false,
        "id": 85202203,
        "alias": "Contents.Item.Name.5202203",
        "text": "곡옥 달린 금 목걸이(각인)"
    },
    "85202204": {
        "deprecated": false,
        "id": 85202204,
        "alias": "Contents.Item.Name.5202204",
        "text": "인연의 목걸이(각인)"
    },
    "85202205": {
        "deprecated": false,
        "id": 85202205,
        "alias": "Contents.Item.Name.5202205",
        "text": "청인의 목걸이(각인)"
    },
    "85202206": {
        "deprecated": false,
        "id": 85202206,
        "alias": "Contents.Item.Name.5202206",
        "text": "검투사의 목걸이(각인)"
    },
    "85202207": {
        "deprecated": false,
        "id": 85202207,
        "alias": "Contents.Item.Name.5202207",
        "text": "사령의 목걸이(각인)"
    },
    "85202208": {
        "deprecated": false,
        "id": 85202208,
        "alias": "Contents.Item.Name.5202208",
        "text": "백로의 목걸이(각인)"
    },
    "85202401": {
        "deprecated": false,
        "id": 85202401,
        "alias": "Contents.Item.Name.5202401",
        "text": "정심의 수주(각인)"
    },
    "85202402": {
        "deprecated": false,
        "id": 85202402,
        "alias": "Contents.Item.Name.5202402",
        "text": "붉은 달빛의 목걸이(각인)"
    },
    "85202403": {
        "deprecated": false,
        "id": 85202403,
        "alias": "Contents.Item.Name.5202403",
        "text": "대해의 생명(각인)"
    },
    "85202404": {
        "deprecated": false,
        "id": 85202404,
        "alias": "Contents.Item.Name.5202404",
        "text": "원시의 눈물(각인)"
    },
    "85202601": {
        "deprecated": false,
        "id": 85202601,
        "alias": "Contents.Item.Name.5202601",
        "text": "천명의 사슬(각인)"
    },
    "85202602": {
        "deprecated": false,
        "id": 85202602,
        "alias": "Contents.Item.Name.5202602",
        "text": "절대자의 심판(각인)"
    },
    "85203001": {
        "deprecated": false,
        "id": 85203001,
        "alias": "Contents.Item.Name.5203001",
        "text": "꽃잎 반지(각인)"
    },
    "85203002": {
        "deprecated": false,
        "id": 85203002,
        "alias": "Contents.Item.Name.5203002",
        "text": "산호 반지(각인)"
    },
    "85203003": {
        "deprecated": false,
        "id": 85203003,
        "alias": "Contents.Item.Name.5203003",
        "text": "상아 반지(각인)"
    },
    "85203004": {
        "deprecated": false,
        "id": 85203004,
        "alias": "Contents.Item.Name.5203004",
        "text": "황동 반지(각인)"
    },
    "85203005": {
        "deprecated": false,
        "id": 85203005,
        "alias": "Contents.Item.Name.5203005",
        "text": "은 반지(각인)"
    },
    "85203006": {
        "deprecated": false,
        "id": 85203006,
        "alias": "Contents.Item.Name.5203006",
        "text": "적철 반지(각인)"
    },
    "85203201": {
        "deprecated": false,
        "id": 85203201,
        "alias": "Contents.Item.Name.5203201",
        "text": "진주 반지(각인)"
    },
    "85203202": {
        "deprecated": false,
        "id": 85203202,
        "alias": "Contents.Item.Name.5203202",
        "text": "호박 반지(각인)"
    },
    "85203203": {
        "deprecated": false,
        "id": 85203203,
        "alias": "Contents.Item.Name.5203203",
        "text": "흑옥 반지(각인)"
    },
    "85203204": {
        "deprecated": false,
        "id": 85203204,
        "alias": "Contents.Item.Name.5203204",
        "text": "칠흑의 반지(각인)"
    },
    "85203205": {
        "deprecated": false,
        "id": 85203205,
        "alias": "Contents.Item.Name.5203205",
        "text": "백금 반지(각인)"
    },
    "85203206": {
        "deprecated": false,
        "id": 85203206,
        "alias": "Contents.Item.Name.5203206",
        "text": "순백의 반지(각인)"
    },
    "85203207": {
        "deprecated": false,
        "id": 85203207,
        "alias": "Contents.Item.Name.5203207",
        "text": "적옥 반지(각인)"
    },
    "85203208": {
        "deprecated": false,
        "id": 85203208,
        "alias": "Contents.Item.Name.5203208",
        "text": "청은 반지(각인)"
    },
    "85203401": {
        "deprecated": false,
        "id": 85203401,
        "alias": "Contents.Item.Name.5203401",
        "text": "영혼 인도자의 반지(각인)"
    },
    "85203402": {
        "deprecated": false,
        "id": 85203402,
        "alias": "Contents.Item.Name.5203402",
        "text": "구마의 반지(각인)"
    },
    "85203403": {
        "deprecated": false,
        "id": 85203403,
        "alias": "Contents.Item.Name.5203403",
        "text": "신령의 반지(각인)"
    },
    "85203404": {
        "deprecated": false,
        "id": 85203404,
        "alias": "Contents.Item.Name.5203404",
        "text": "언약의 반지(각인)"
    },
    "85203601": {
        "deprecated": false,
        "id": 85203601,
        "alias": "Contents.Item.Name.5203601",
        "text": "수호자의 길(각인)"
    },
    "85203602": {
        "deprecated": false,
        "id": 85203602,
        "alias": "Contents.Item.Name.5203602",
        "text": "배신자의 믿음(각인)"
    },
    "85204001": {
        "deprecated": false,
        "id": 85204001,
        "alias": "Contents.Item.Name.5204001",
        "text": "풀 팔찌(각인)"
    },
    "85204002": {
        "deprecated": false,
        "id": 85204002,
        "alias": "Contents.Item.Name.5204002",
        "text": "구리 팔찌(각인)"
    },
    "85204003": {
        "deprecated": false,
        "id": 85204003,
        "alias": "Contents.Item.Name.5204003",
        "text": "청동 팔찌(각인)"
    },
    "85204201": {
        "deprecated": false,
        "id": 85204201,
        "alias": "Contents.Item.Name.5204201",
        "text": "청옥 팔찌(각인)"
    },
    "85204202": {
        "deprecated": false,
        "id": 85204202,
        "alias": "Contents.Item.Name.5204202",
        "text": "벽옥 팔찌(각인)"
    },
    "85204203": {
        "deprecated": false,
        "id": 85204203,
        "alias": "Contents.Item.Name.5204203",
        "text": "백은 팔찌(각인)"
    },
    "85204204": {
        "deprecated": false,
        "id": 85204204,
        "alias": "Contents.Item.Name.5204204",
        "text": "청금 팔찌(각인)"
    },
    "85204401": {
        "deprecated": false,
        "id": 85204401,
        "alias": "Contents.Item.Name.5204401",
        "text": "수호자의 팔찌(각인)"
    },
    "85204402": {
        "deprecated": false,
        "id": 85204402,
        "alias": "Contents.Item.Name.5204402",
        "text": "노림수의 팔찌(각인)"
    },
    "85204403": {
        "deprecated": false,
        "id": 85204403,
        "alias": "Contents.Item.Name.5204403",
        "text": "순환하는 기의 팔찌(각인)"
    },
    "85205001": {
        "deprecated": false,
        "id": 85205001,
        "alias": "Contents.Item.Name.5205001",
        "text": "홍색 수실 노리개(각인)"
    },
    "85205002": {
        "deprecated": false,
        "id": 85205002,
        "alias": "Contents.Item.Name.5205002",
        "text": "청색 수실 노리개(각인)"
    },
    "85205003": {
        "deprecated": false,
        "id": 85205003,
        "alias": "Contents.Item.Name.5205003",
        "text": "녹색 수실 노리개(각인)"
    },
    "85205004": {
        "deprecated": false,
        "id": 85205004,
        "alias": "Contents.Item.Name.5205004",
        "text": "자색 수실 노리개(각인)"
    },
    "85205005": {
        "deprecated": false,
        "id": 85205005,
        "alias": "Contents.Item.Name.5205005",
        "text": "백색 수실 노리개(각인)"
    },
    "85205006": {
        "deprecated": false,
        "id": 85205006,
        "alias": "Contents.Item.Name.5205006",
        "text": "흑색 수실 노리개(각인)"
    },
    "85205201": {
        "deprecated": false,
        "id": 85205201,
        "alias": "Contents.Item.Name.5205201",
        "text": "밤색 수실 노리개(각인)"
    },
    "85205202": {
        "deprecated": false,
        "id": 85205202,
        "alias": "Contents.Item.Name.5205202",
        "text": "은색 수실 노리개(각인)"
    },
    "85205203": {
        "deprecated": false,
        "id": 85205203,
        "alias": "Contents.Item.Name.5205203",
        "text": "정인의 노리개(각인)"
    },
    "85205204": {
        "deprecated": false,
        "id": 85205204,
        "alias": "Contents.Item.Name.5205204",
        "text": "고운 매듭 노리개(각인)"
    },
    "85205205": {
        "deprecated": false,
        "id": 85205205,
        "alias": "Contents.Item.Name.5205205",
        "text": "황색 수실 노리개(각인)"
    },
    "85205206": {
        "deprecated": false,
        "id": 85205206,
        "alias": "Contents.Item.Name.5205206",
        "text": "옥 문양 노리개(각인)"
    },
    "85205207": {
        "deprecated": false,
        "id": 85205207,
        "alias": "Contents.Item.Name.5205207",
        "text": "청학 문양 노리개(각인)"
    },
    "85205208": {
        "deprecated": false,
        "id": 85205208,
        "alias": "Contents.Item.Name.5205208",
        "text": "비취 달린 노리개(각인)"
    },
    "85205401": {
        "deprecated": false,
        "id": 85205401,
        "alias": "Contents.Item.Name.5205401",
        "text": "노을 빛의 노리개(각인)"
    },
    "85205402": {
        "deprecated": false,
        "id": 85205402,
        "alias": "Contents.Item.Name.5205402",
        "text": "환희의 노리개(각인)"
    },
    "85205403": {
        "deprecated": false,
        "id": 85205403,
        "alias": "Contents.Item.Name.5205403",
        "text": "별빛 장식 노리개(각인)"
    },
    "85205404": {
        "deprecated": false,
        "id": 85205404,
        "alias": "Contents.Item.Name.5205404",
        "text": "추모의 노리개(각인)"
    },
    "85205601": {
        "deprecated": false,
        "id": 85205601,
        "alias": "Contents.Item.Name.5205601",
        "text": "잊혀진 연인의 노리개(각인)"
    },
    "85205602": {
        "deprecated": false,
        "id": 85205602,
        "alias": "Contents.Item.Name.5205602",
        "text": "별빛의 방울(각인)"
    },
    "85206001": {
        "deprecated": false,
        "id": 85206001,
        "alias": "Contents.Item.Name.5206001",
        "text": "순환의 영혼석(각인)"
    },
    "85206002": {
        "deprecated": false,
        "id": 85206002,
        "alias": "Contents.Item.Name.5206002",
        "text": "방호의 영혼석(각인)"
    },
    "85206201": {
        "deprecated": false,
        "id": 85206201,
        "alias": "Contents.Item.Name.5206201",
        "text": "바램의 영혼석(각인)"
    },
    "85206202": {
        "deprecated": false,
        "id": 85206202,
        "alias": "Contents.Item.Name.5206202",
        "text": "신뢰의 영혼석(각인)"
    },
    "85206203": {
        "deprecated": false,
        "id": 85206203,
        "alias": "Contents.Item.Name.5206203",
        "text": "원한의 영혼석(각인)"
    },
    "85206401": {
        "deprecated": false,
        "id": 85206401,
        "alias": "Contents.Item.Name.5206401",
        "text": "파괴의 영혼석(각인)"
    },
    "85206402": {
        "deprecated": false,
        "id": 85206402,
        "alias": "Contents.Item.Name.5206402",
        "text": "지배의 영혼석(각인)"
    },
    "85206403": {
        "deprecated": false,
        "id": 85206403,
        "alias": "Contents.Item.Name.5206403",
        "text": "재생의 영혼석(각인)"
    },
    "85206404": {
        "deprecated": false,
        "id": 85206404,
        "alias": "Contents.Item.Name.5206404",
        "text": "회상의 영혼석(각인)"
    },
    "85301002": {
        "deprecated": false,
        "id": 85301002,
        "alias": "Contents.Item.Name.5301001",
        "text": "뇌성의 포효"
    },
    "85304001": {
        "deprecated": false,
        "id": 85304001,
        "alias": "Contents.Item.Name.5301002",
        "text": "백화의 불꽃"
    },
    "85304002": {
        "deprecated": false,
        "id": 85304002,
        "alias": "Contents.Item.Name.5304001",
        "text": "질풍의 진노"
    },
    "85307001": {
        "deprecated": false,
        "id": 85307001,
        "alias": "Contents.Item.Name.5304002",
        "text": "타락의 속삭임"
    },
    "85307002": {
        "deprecated": false,
        "id": 85307002,
        "alias": "Contents.Item.Name.5307003",
        "text": "연합의 증표"
    },
    "85307003": {
        "deprecated": false,
        "id": 85307003,
        "alias": "Contents.Item.Name.5307002",
        "text": "약속의 증표"
    }
}