{
    "100000": {
        "deprecated": false,
        "Dev_Desc": "해수_금강철권",
        "id": 100000,
        "alias": "UI.Contents.Name.100000",
        "text": "해수: 금강철권"
    },
    "100001": {
        "deprecated": false,
        "Dev_Desc": "해수_침식된 개골와",
        "id": 100001,
        "alias": "UI.Contents.Name.100001",
        "text": "해수: 침식된 개골와"
    },
    "100002": {
        "deprecated": false,
        "Dev_Desc": "해수_예리한 가시 대장도치",
        "id": 100002,
        "alias": "UI.Contents.Name.100002",
        "text": "해수: 왕푸"
    },
    "100003": {
        "deprecated": false,
        "Dev_Desc": "해수_날카로운 갑주 바우탄",
        "id": 100003,
        "alias": "UI.Contents.Name.100003",
        "text": "해수: 바우탄"
    },
    "100004": {
        "deprecated": false,
        "Dev_Desc": "해수_돌연변이 대왕거미",
        "id": 100004,
        "alias": "UI.Contents.Name.100004",
        "text": "해수: 대왕거미"
    },
    "100005": {
        "deprecated": false,
        "Dev_Desc": "해수_거센발톱 우푸",
        "id": 100005,
        "alias": "UI.Contents.Name.100005",
        "text": "해수: 우푸"
    },
    "100006": {
        "deprecated": false,
        "Dev_Desc": "해수_침식된 칼날 서인장",
        "id": 100006,
        "alias": "UI.Contents.Name.100006",
        "text": "해수: 서인장"
    },
    "100007": {
        "deprecated": false,
        "Dev_Desc": "수월 각성의회랑1 입구",
        "id": 100007,
        "alias": "UI.Contents.Name.100007",
        "text": "각성의 회랑"
    },
    "100008": {
        "deprecated": false,
        "Dev_Desc": "수월항구 랜드마크",
        "id": 100008,
        "alias": "UI.Contents.Name.100008",
        "text": "랜드마크: 수월항"
    },
    "100009": {
        "deprecated": false,
        "Dev_Desc": "파괴된 수와족 마을 랜드마크",
        "id": 100009,
        "alias": "UI.Contents.Name.100009",
        "text": "랜드마크: 파괴된 수와족 마을"
    },
    "100010": {
        "deprecated": false,
        "Dev_Desc": "신 대어방 총타 랜드마크",
        "id": 100010,
        "alias": "UI.Contents.Name.100010",
        "text": "랜드마크: 신 대어방 총타"
    },
    "100011": {
        "deprecated": false,
        "Dev_Desc": "공허의 구덩이 랜드마크",
        "id": 100011,
        "alias": "UI.Contents.Name.100011",
        "text": "랜드마크: 공허의 구덩이"
    },
    "100012": {
        "deprecated": false,
        "Dev_Desc": "야생 보전회 거점 랜드마크",
        "id": 100012,
        "alias": "UI.Contents.Name.100012",
        "text": "랜드마크: 야생 보전회 거점"
    },
    "100013": {
        "deprecated": false,
        "Dev_Desc": "[야화]폭주한 수호병 후편",
        "id": 100013,
        "alias": "UI.Contents.Name.100013",
        "text": "야화: 폭주한 수호병 후편"
    },
    "100014": {
        "deprecated": false,
        "Dev_Desc": "[야화]뒤틀린 신목 후편",
        "id": 100014,
        "alias": "UI.Contents.Name.100014",
        "text": "야화: 뒤틀린 신목 후편"
    },
    "100015": {
        "deprecated": false,
        "Dev_Desc": "[야화]도화상전",
        "id": 100015,
        "alias": "UI.Contents.Name.100015",
        "text": "야화: 도화상전"
    },
    "100016": {
        "deprecated": false,
        "Dev_Desc": "[야화]매화단",
        "id": 100016,
        "alias": "UI.Contents.Name.100016",
        "text": "야화: 매화단"
    },
    "100017": {
        "deprecated": false,
        "Dev_Desc": "[야화]강철악",
        "id": 100017,
        "alias": "UI.Contents.Name.100017",
        "text": "야화: 강철악"
    },
    "100018": {
        "deprecated": false,
        "Dev_Desc": "[야화]뒤틀린 신목 전편",
        "id": 100018,
        "alias": "UI.Contents.Name.100018",
        "text": "야화: 뒤틀린 신목 전편"
    },
    "100019": {
        "deprecated": false,
        "Dev_Desc": "[야화]금경철문",
        "id": 100019,
        "alias": "UI.Contents.Name.100019",
        "text": "야화: 금경철문"
    },
    "100020": {
        "deprecated": false,
        "Dev_Desc": "[야화]수월항의 역사 전편",
        "id": 100020,
        "alias": "UI.Contents.Name.100020",
        "text": "야화: 수월항의 역사 전편"
    },
    "100021": {
        "deprecated": false,
        "Dev_Desc": "[야화]수양탐사대",
        "id": 100021,
        "alias": "UI.Contents.Name.100021",
        "text": "야화: 수양탐사대"
    },
    "100022": {
        "deprecated": false,
        "Dev_Desc": "[야화]해룡",
        "id": 100022,
        "alias": "UI.Contents.Name.100022",
        "text": "야화: 해룡"
    },
    "100023": {
        "deprecated": false,
        "Dev_Desc": "[야화]폭주한 수호병 전편",
        "id": 100023,
        "alias": "UI.Contents.Name.100023",
        "text": "야화: 폭주한 수호병 전편"
    },
    "100024": {
        "deprecated": false,
        "Dev_Desc": "[야화]신대륙의 발견",
        "id": 100024,
        "alias": "UI.Contents.Name.100024",
        "text": "야화: 신대륙의 발견"
    },
    "100025": {
        "deprecated": false,
        "Dev_Desc": "[야화]잊혀진탐사대",
        "id": 100025,
        "alias": "UI.Contents.Name.100025",
        "text": "야화: 잊혀진 탐사대"
    },
    "100026": {
        "deprecated": false,
        "Dev_Desc": "[야화]수월항의 역사 후편",
        "id": 100026,
        "alias": "UI.Contents.Name.100026",
        "text": "야화: 수월항의 역사 후편"
    },
    "100027": {
        "deprecated": false,
        "Dev_Desc": "[야화]영교원",
        "id": 100027,
        "alias": "UI.Contents.Name.100027",
        "text": "야화: 영교원"
    },
    "100028": {
        "deprecated": false,
        "Dev_Desc": "[야화]공허의 구덩이",
        "id": 100028,
        "alias": "UI.Contents.Name.100028",
        "text": "야화: 공허의 구덩이"
    },
    "100029": {
        "deprecated": false,
        "Dev_Desc": "[야화]천월비옥",
        "id": 100029,
        "alias": "UI.Contents.Name.100029",
        "text": "야화: 천월비옥"
    },
    "100030": {
        "deprecated": false,
        "Dev_Desc": "[야화]잊혀진 자 전편",
        "id": 100030,
        "alias": "UI.Contents.Name.100030",
        "text": "야화: 잊혀진 자 전편"
    },
    "100031": {
        "deprecated": false,
        "Dev_Desc": "[야화]잊혀진 자 후편",
        "id": 100031,
        "alias": "UI.Contents.Name.100031",
        "text": "야화: 잊혀진 자 후편"
    },
    "100032": {
        "deprecated": false,
        "Dev_Desc": "랜드마크_풍백문 해월지부",
        "id": 100032,
        "alias": "UI.Contents.Name.100032",
        "text": "랜드마크: 풍백문 해월지부"
    },
    "100033": {
        "deprecated": false,
        "Dev_Desc": "랜드마크_잿빛 밀림",
        "id": 100033,
        "alias": "UI.Contents.Name.100033",
        "text": "랜드마크: 잿빛 밀림"
    },
    "100034": {
        "deprecated": false,
        "Dev_Desc": "랜드마크_꿈결의 숲",
        "id": 100034,
        "alias": "UI.Contents.Name.100034",
        "text": "랜드마크: 꿈결의 숲"
    },
    "100035": {
        "deprecated": false,
        "Dev_Desc": "랜드마크_용머리 곶",
        "id": 100035,
        "alias": "UI.Contents.Name.100035",
        "text": "랜드마크: 용머리 곶"
    },
    "100036": {
        "deprecated": false,
        "Dev_Desc": "랜드마크_솟을바위 경사로",
        "id": 100036,
        "alias": "UI.Contents.Name.100036",
        "text": "랜드마크: 솟을바위 경사로"
    },
    "100037": {
        "deprecated": false,
        "Dev_Desc": "야화 : 해룡의 사체",
        "id": 100037,
        "alias": "UI.Contents.Name.100037",
        "text": "야화: 해룡의 사체"
    },
    "100038": {
        "deprecated": false,
        "Dev_Desc": "야화 : 불마자",
        "id": 100038,
        "alias": "UI.Contents.Name.100038",
        "text": "야화: 불마자"
    },
    "100039": {
        "deprecated": false,
        "Dev_Desc": "야화 : 백야금",
        "id": 100039,
        "alias": "UI.Contents.Name.100039",
        "text": "야화: 백야금"
    },
    "100040": {
        "deprecated": false,
        "Dev_Desc": "야화 : 홍돈팔팔",
        "id": 100040,
        "alias": "UI.Contents.Name.100040",
        "text": "야화: 홍돈팔"
    },
    "100041": {
        "deprecated": false,
        "Dev_Desc": "야화 : 진실 혹은 거짓(전편)",
        "id": 100041,
        "alias": "UI.Contents.Name.100041",
        "text": "야화: 진실 혹은 거짓 전편"
    },
    "100042": {
        "deprecated": false,
        "Dev_Desc": "야화 : 풍백문의 역사(전편)",
        "id": 100042,
        "alias": "UI.Contents.Name.100042",
        "text": "야화: 풍백문의 역사 전편"
    },
    "100043": {
        "deprecated": false,
        "Dev_Desc": "야화 : 풍백문의 역사(후편)",
        "id": 100043,
        "alias": "UI.Contents.Name.100043",
        "text": "야화: 풍백문의 역사 후편"
    },
    "100044": {
        "deprecated": false,
        "Dev_Desc": "야화 : 비밀에 쌓인 문주",
        "id": 100044,
        "alias": "UI.Contents.Name.100044",
        "text": "야화: 비밀에 쌓인 문주"
    },
    "100045": {
        "deprecated": false,
        "Dev_Desc": "야화 : 거대 비옥",
        "id": 100045,
        "alias": "UI.Contents.Name.100045",
        "text": "야화: 거대 비옥"
    },
    "100046": {
        "deprecated": false,
        "Dev_Desc": "야화 : 비운의 사건",
        "id": 100046,
        "alias": "UI.Contents.Name.100046",
        "text": "야화: 비운의 사건"
    },
    "100047": {
        "deprecated": false,
        "Dev_Desc": "야화 : 진실 혹은 거짓(후편)",
        "id": 100047,
        "alias": "UI.Contents.Name.100047",
        "text": "야화: 진실 혹은 거짓 후편"
    },
    "100048": {
        "deprecated": false,
        "Dev_Desc": "야화 : 바롱족의 역사(후편)",
        "id": 100048,
        "alias": "UI.Contents.Name.100048",
        "text": "야화: 영교원과 바롱족"
    },
    "100049": {
        "deprecated": false,
        "Dev_Desc": "야화 : 개척 바롱단에 대해",
        "id": 100049,
        "alias": "UI.Contents.Name.100049",
        "text": "야화: 개척 바롱단에 대해"
    },
    "100050": {
        "deprecated": false,
        "Dev_Desc": "비옥대지_해수_붉은 낫",
        "id": 100050,
        "alias": "UI.Contents.Name.100050",
        "text": "해수: 원령의 왕"
    },
    "100051": {
        "deprecated": false,
        "Dev_Desc": "비옥대지_해수_흑묘",
        "id": 100051,
        "alias": "UI.Contents.Name.100051",
        "text": "해수: 흑묘"
    },
    "100052": {
        "deprecated": false,
        "Dev_Desc": "비옥대지_해수_철야금",
        "id": 100052,
        "alias": "UI.Contents.Name.100052",
        "text": "해수: 철발톱"
    },
    "100053": {
        "deprecated": false,
        "Dev_Desc": "비옥대지_해수_재앙의 원령",
        "id": 100053,
        "alias": "UI.Contents.Name.100053",
        "text": "해수: 재앙 원숭이"
    },
    "100054": {
        "deprecated": false,
        "Dev_Desc": "비옥대지_해수_고대의 엔트",
        "id": 100054,
        "alias": "UI.Contents.Name.100054",
        "text": "해수: 고목"
    },
    "100055": {
        "deprecated": false,
        "Dev_Desc": "태록림 야화 : 유령선의 실체",
        "id": 100055,
        "alias": "UI.Contents.Name.100055",
        "text": "야화: 유령선의 실체"
    },
    "100056": {
        "deprecated": false,
        "Dev_Desc": "태록림 야화 : 기운을 빼앗기는 숲",
        "id": 100056,
        "alias": "UI.Contents.Name.100056",
        "text": "야화: 기운을 빼앗기는 숲"
    },
    "100057": {
        "deprecated": false,
        "Dev_Desc": "태록림 야화 : 어둑시니",
        "id": 100057,
        "alias": "UI.Contents.Name.100057",
        "text": "야화: 어둑시니"
    },
    "100058": {
        "deprecated": false,
        "Dev_Desc": "태록림 야화 : 녹색 뿔의 왕, 녹력대귀",
        "id": 100058,
        "alias": "UI.Contents.Name.100058",
        "text": "야화: 녹색 뿔의 왕, 녹력대귀"
    },
    "100059": {
        "deprecated": false,
        "Dev_Desc": "태록림 야화 : 낙원대성",
        "id": 100059,
        "alias": "UI.Contents.Name.100059",
        "text": "야화: 낙원대성"
    },
    "100060": {
        "deprecated": false,
        "Dev_Desc": "태록림 야화 : 대인면충",
        "id": 100060,
        "alias": "UI.Contents.Name.100060",
        "text": "야화: 대인면충"
    },
    "100061": {
        "deprecated": false,
        "Dev_Desc": "태록림 야화 : 천신제례",
        "id": 100061,
        "alias": "UI.Contents.Name.100061",
        "text": "야화: 천신제례"
    },
    "100062": {
        "deprecated": false,
        "Dev_Desc": "태록림 야화 : 에레다의 역사 전편",
        "id": 100062,
        "alias": "UI.Contents.Name.100062",
        "text": "야화: 에레다의 역사 전편"
    },
    "100063": {
        "deprecated": false,
        "Dev_Desc": "태록림 야화 : 에레다의 역사 후편",
        "id": 100063,
        "alias": "UI.Contents.Name.100063",
        "text": "야화: 에레다의 역사 후편"
    },
    "100064": {
        "deprecated": false,
        "Dev_Desc": "태록림 야화 : 에레다 문주, 하름",
        "id": 100064,
        "alias": "UI.Contents.Name.100064",
        "text": "야화: 에레다 문주, 하름"
    },
    "100065": {
        "deprecated": false,
        "Dev_Desc": "태록림 야화 : 바롱족의 역사 전편",
        "id": 100065,
        "alias": "UI.Contents.Name.100065",
        "text": "야화: 바롱족의 역사 전편"
    },
    "100066": {
        "deprecated": false,
        "Dev_Desc": "태록림 야화 : 바롱 탐방기",
        "id": 100066,
        "alias": "UI.Contents.Name.100066",
        "text": "야화: 바롱 탐방기"
    },
    "100067": {
        "deprecated": false,
        "Dev_Desc": "태록림 랜드마크 : 예도항",
        "id": 100067,
        "alias": "UI.Contents.Name.100067",
        "text": "랜드마크: 예도항"
    },
    "100068": {
        "deprecated": false,
        "Dev_Desc": "태록림 랜드마크 : 버려진 감시탑",
        "id": 100068,
        "alias": "UI.Contents.Name.100068",
        "text": "랜드마크: 버려진 감시탑"
    },
    "100069": {
        "deprecated": false,
        "Dev_Desc": "태록림 랜드마크 : 개척자 위령묘지",
        "id": 100069,
        "alias": "UI.Contents.Name.100069",
        "text": "랜드마크: 개척자 위령묘지"
    },
    "100070": {
        "deprecated": false,
        "Dev_Desc": "태록림 랜드마크 : 낙원구릉",
        "id": 100070,
        "alias": "UI.Contents.Name.100070",
        "text": "랜드마크: 낙원구릉"
    },
    "100071": {
        "deprecated": false,
        "Dev_Desc": "태록림 랜드마크 : 참고요 숲",
        "id": 100071,
        "alias": "UI.Contents.Name.100071",
        "text": "랜드마크: 참고요 숲"
    },
    "100072": {
        "deprecated": false,
        "Dev_Desc": "태록림_해수_광포한 발",
        "id": 100072,
        "alias": "UI.Contents.Name.100072",
        "text": "해수: 황웅"
    },
    "100073": {
        "deprecated": false,
        "Dev_Desc": "태록림_해수_해변 삼색조",
        "id": 100073,
        "alias": "UI.Contents.Name.100073",
        "text": "해수: 한조"
    },
    "100074": {
        "deprecated": false,
        "Dev_Desc": "태록림_해수_외로운 어둠",
        "id": 100074,
        "alias": "UI.Contents.Name.100074",
        "text": "해수: 혈마"
    },
    "100075": {
        "deprecated": false,
        "Dev_Desc": "태록림_해수_복수의 칼날",
        "id": 100075,
        "alias": "UI.Contents.Name.100075",
        "text": "해수: 동서"
    },
    "100076": {
        "deprecated": false,
        "Dev_Desc": "태록림_해수_왕두",
        "id": 100076,
        "alias": "UI.Contents.Name.100076",
        "text": "해수: 왕두"
    },
    "100077": {
        "deprecated": false,
        "Dev_Desc": "비옥대지_필드던전_심연의틈",
        "id": 100077,
        "alias": "UI.Contents.Name.100077",
        "text": "필드 던전: 심연의 틈"
    },
    "100078": {
        "deprecated": false,
        "Dev_Desc": "지도 GNB",
        "id": 100078,
        "alias": "UI.Contents.Map.Title",
        "text": "지도"
    },
    "100079": {
        "deprecated": false,
        "Dev_Desc": "토모",
        "id": 100079,
        "alias": "UI.Contents.Name.100079",
        "text": "토모"
    },
    "100080": {
        "deprecated": false,
        "Dev_Desc": "비옥대지",
        "id": 100080,
        "alias": "UI.Contents.Name.100080",
        "text": "Lv.50 붉은 비탈"
    },
    "100081": {
        "deprecated": false,
        "Dev_Desc": "비옥대지",
        "id": 100081,
        "alias": "UI.Contents.Name.100081",
        "text": "Lv.53 수수께끼 벌판"
    },
    "100082": {
        "deprecated": false,
        "Dev_Desc": "비옥대지",
        "id": 100082,
        "alias": "UI.Contents.Name.100082",
        "text": "Lv.54 숲의 장막"
    },
    "100083": {
        "deprecated": false,
        "Dev_Desc": "비옥대지",
        "id": 100083,
        "alias": "UI.Contents.Name.100083",
        "text": "Lv.54 원령의 언덕"
    },
    "100084": {
        "deprecated": false,
        "Dev_Desc": "비옥대지",
        "id": 100084,
        "alias": "UI.Contents.Name.100084",
        "text": "Lv.55 잿빛 밀림"
    },
    "100085": {
        "deprecated": false,
        "Dev_Desc": "비옥대지",
        "id": 100085,
        "alias": "UI.Contents.Name.100085",
        "text": "Lv.60 재앙의 은신처"
    },
    "100086": {
        "deprecated": false,
        "Dev_Desc": "비옥대지",
        "id": 100086,
        "alias": "UI.Contents.Name.100086",
        "text": "Lv.56 붉은 뿔의 길"
    },
    "100087": {
        "deprecated": false,
        "Dev_Desc": "비옥대지",
        "id": 100087,
        "alias": "UI.Contents.Name.100087",
        "text": "Lv.56 꿈결의 숲"
    },
    "100088": {
        "deprecated": false,
        "Dev_Desc": "비옥대지",
        "id": 100088,
        "alias": "UI.Contents.Name.100088",
        "text": "Lv.56 솟을바위산"
    },
    "100089": {
        "deprecated": false,
        "Dev_Desc": "비옥대지",
        "id": 100089,
        "alias": "UI.Contents.Name.100089",
        "text": "Lv.57 솟을바위 경사로"
    },
    "100090": {
        "deprecated": false,
        "Dev_Desc": "비옥대지",
        "id": 100090,
        "alias": "UI.Contents.Name.100090",
        "text": "Lv.56 파석의 갈채"
    },
    "100091": {
        "deprecated": false,
        "Dev_Desc": "비옥대지",
        "id": 100091,
        "alias": "UI.Contents.Name.100091",
        "text": "Lv.59 용머리 곶"
    },
    "100092": {
        "deprecated": false,
        "Dev_Desc": "비옥대지",
        "id": 100092,
        "alias": "UI.Contents.Name.100092",
        "text": "Lv.58 탁회암 협곡"
    },
    "100093": {
        "deprecated": false,
        "Dev_Desc": "비옥대지",
        "id": 100093,
        "alias": "UI.Contents.Name.100093",
        "text": "Lv.51 붉은 숲길"
    },
    "100094": {
        "deprecated": false,
        "Dev_Desc": "비옥대지",
        "id": 100094,
        "alias": "UI.Contents.Name.100094",
        "text": "Lv.52 단풍노을 골짜기"
    },
    "100095": {
        "deprecated": false,
        "Dev_Desc": "비옥대지",
        "id": 100095,
        "alias": "UI.Contents.Name.100095",
        "text": "Lv.54 벌목지"
    },
    "100096": {
        "deprecated": false,
        "Dev_Desc": "비옥대지",
        "id": 100096,
        "alias": "UI.Contents.Name.100096",
        "text": "Lv.55 비옥 폐허"
    },
    "100097": {
        "deprecated": false,
        "Dev_Desc": "비옥대지",
        "id": 100097,
        "alias": "UI.Contents.Name.100097",
        "text": "Lv.55 비옥 발굴지"
    },
    "100098": {
        "deprecated": false,
        "Dev_Desc": "비옥대지",
        "id": 100098,
        "alias": "UI.Contents.Name.100098",
        "text": "Lv.56 사묘정의 숲"
    },
    "100099": {
        "deprecated": false,
        "Dev_Desc": "비옥대지",
        "id": 100099,
        "alias": "UI.Contents.Name.100099",
        "text": "Lv.63 비옥 폭포"
    },
    "100100": {
        "deprecated": false,
        "Dev_Desc": "비옥대지",
        "id": 100100,
        "alias": "UI.Contents.Name.100100",
        "text": "Lv.64 혈비패 은신처"
    },
    "100101": {
        "deprecated": false,
        "Dev_Desc": "비옥대지",
        "id": 100101,
        "alias": "UI.Contents.Name.100101",
        "text": "Lv.65 숨겨진 낙원"
    },
    "100102": {
        "deprecated": false,
        "Dev_Desc": "비옥대지",
        "id": 100102,
        "alias": "UI.Contents.Name.100102",
        "text": "Lv.64 심연의 틈"
    },
    "100103": {
        "deprecated": false,
        "Dev_Desc": "비옥대지",
        "id": 100103,
        "alias": "UI.Contents.Name.100103",
        "text": "Lv.51 바람길"
    },
    "100104": {
        "deprecated": false,
        "Dev_Desc": "던전 공통",
        "id": 100104,
        "alias": "UI.Contents.Name.100104",
        "text": "던전 입구"
    },
    "100105": {
        "deprecated": false,
        "Dev_Desc": "잊혀진 낙원의 미궁 : 풍신과 뇌신",
        "id": 100105,
        "alias": "UI.Contents.Name.100105",
        "text": "풍신과 뇌신"
    },
    "100106": {
        "deprecated": false,
        "Dev_Desc": "던전 공통",
        "id": 100106,
        "alias": "UI.Contents.Name.100106",
        "text": "던전 출구"
    },
    "100107": {
        "deprecated": false,
        "Dev_Desc": "반달호수 경공 회랑 1",
        "id": 100107,
        "alias": "UI.Contents.Name.100107",
        "text": "각성의 회랑: 수상비"
    },
    "100108": {
        "deprecated": false,
        "Dev_Desc": "반달호수 경공 회랑 2",
        "id": 100108,
        "alias": "UI.Contents.Name.100108",
        "text": "각성의 회랑: 활강"
    },
    "100109": {
        "deprecated": false,
        "Dev_Desc": "반달호수 경공 회랑 3",
        "id": 100109,
        "alias": "UI.Contents.Name.100109",
        "text": "각성의 회랑: 회류비"
    },
    "100110": {
        "deprecated": false,
        "Dev_Desc": "반달호수 전투 회랑 1",
        "id": 100110,
        "alias": "UI.Contents.Name.100110",
        "text": "각성의 회랑: 일격의 수호병 31호"
    },
    "100111": {
        "deprecated": false,
        "Dev_Desc": "반달호수 전투 회랑 2",
        "id": 100111,
        "alias": "UI.Contents.Name.100111",
        "text": "각성의 회랑: 천상비"
    },
    "100112": {
        "deprecated": false,
        "Dev_Desc": "반달호수 전투 회랑 3",
        "id": 100112,
        "alias": "UI.Contents.Name.100112",
        "text": "각성의 회랑: 철벽의 수호병 35호"
    },
    "100113": {
        "deprecated": false,
        "Dev_Desc": "반달호수 전투 회랑 4",
        "id": 100113,
        "alias": "UI.Contents.Name.100113",
        "text": "각성의 회랑: 강하"
    },
    "100114": {
        "deprecated": false,
        "Dev_Desc": "반달호수 전투 회랑 5",
        "id": 100114,
        "alias": "UI.Contents.Name.100114",
        "text": "각성의 회랑: 일격의 수호병 28호"
    },
    "100115": {
        "deprecated": false,
        "Dev_Desc": "태록림 전투 회랑 9",
        "id": 100115,
        "alias": "UI.Contents.Name.100115",
        "text": "각성의 회랑: 파괴의 수호병 44호"
    },
    "100116": {
        "deprecated": false,
        "Dev_Desc": "태록림 전투 회랑 10",
        "id": 100116,
        "alias": "UI.Contents.Name.100116",
        "text": "각성의 회랑: 파괴의 수호병 38호"
    },
    "100117": {
        "deprecated": false,
        "Dev_Desc": "태록림 전투 회랑 11",
        "id": 100117,
        "alias": "UI.Contents.Name.100117",
        "text": "각성의 회랑: 파괴의 수호병 48호"
    },
    "100118": {
        "deprecated": false,
        "Dev_Desc": "태록림 전투 회랑 12",
        "id": 100118,
        "alias": "UI.Contents.Name.100118",
        "text": "각성의 회랑: 일격의 수호병 47호"
    },
    "100119": {
        "deprecated": false,
        "Dev_Desc": "태록림 경공 회랑 13",
        "id": 100119,
        "alias": "UI.Contents.Name.100119",
        "text": "각성의 회랑: 승천비"
    },
    "100120": {
        "deprecated": false,
        "Dev_Desc": "태록림 전투 회랑 10",
        "id": 100120,
        "alias": "UI.Contents.Name.100120",
        "text": "각성의 회랑: 파괴의 수호병 52호"
    },
    "100121": {
        "deprecated": false,
        "Dev_Desc": "비옥대지 전투 회랑 11",
        "id": 100121,
        "alias": "UI.Contents.Name.100121",
        "text": "각성의 회랑: 일격의 수호병 55호"
    },
    "100122": {
        "deprecated": false,
        "Dev_Desc": "비옥대지 전투 회랑 12",
        "id": 100122,
        "alias": "UI.Contents.Name.100122",
        "text": "각성의 회랑: 철벽의 수호병 51호"
    },
    "100123": {
        "deprecated": false,
        "Dev_Desc": "비옥대지 전투 회랑 13",
        "id": 100123,
        "alias": "UI.Contents.Name.100123",
        "text": "각성의 회랑: 일격의 수호병 57호"
    },
    "100124": {
        "deprecated": false,
        "Dev_Desc": "비옥대지 전투 회랑 14 용머리 탐사지",
        "id": 100124,
        "alias": "UI.Contents.Name.100124",
        "text": "각성의 회랑: 철벽의 수호병 60호"
    },
    "100125": {
        "deprecated": false,
        "Dev_Desc": "비옥대지 전투 회랑 15 파석의 갈채",
        "id": 100125,
        "alias": "UI.Contents.Name.100125",
        "text": "각성의 회랑: 파괴의 수호병 57호"
    },
    "100126": {
        "deprecated": false,
        "Dev_Desc": "비옥대지",
        "id": 100126,
        "alias": "UI.Contents.Name.100126",
        "text": "Lv.64 패잔병 소굴"
    },
    "100127": {
        "deprecated": false,
        "Dev_Desc": "던전내 축지 포인트 공통",
        "id": 100127,
        "alias": "UI.Contents.Name.100127",
        "text": "축지 지점"
    }
}