{
    "82100000": {
        "deprecated": false,
        "id": 82100000,
        "alias": "Contents.Item.Name.2100000",
        "text": "진명"
    },
    "82101001": {
        "deprecated": false,
        "id": 82101001,
        "alias": "Contents.Item.Name.2101001",
        "text": "연습용 검"
    },
    "82101002": {
        "deprecated": false,
        "id": 82101002,
        "alias": "Contents.Item.Name.2101002",
        "text": "장검"
    },
    "82101003": {
        "deprecated": false,
        "id": 82101003,
        "alias": "Contents.Item.Name.2101003",
        "text": "추엽장검"
    },
    "82101004": {
        "deprecated": false,
        "id": 82101004,
        "alias": "Contents.Item.Name.2101004",
        "text": "청동검"
    },
    "82101005": {
        "deprecated": false,
        "id": 82101005,
        "alias": "Contents.Item.Name.2101005",
        "text": "투박한 검"
    },
    "82101006": {
        "deprecated": false,
        "id": 82101006,
        "alias": "Contents.Item.Name.2101006",
        "text": "곡검"
    },
    "82101007": {
        "deprecated": false,
        "id": 82101007,
        "alias": "Contents.Item.Name.2101007",
        "text": "구곡검"
    },
    "82101008": {
        "deprecated": false,
        "id": 82101008,
        "alias": "Contents.Item.Name.2101008",
        "text": "역수검"
    },
    "82101009": {
        "deprecated": false,
        "id": 82101009,
        "alias": "Contents.Item.Name.2101009",
        "text": "운검"
    },
    "82101010": {
        "deprecated": false,
        "id": 82101010,
        "alias": "Contents.Item.Name.2101010",
        "text": "칠지검"
    },
    "82101201": {
        "deprecated": false,
        "id": 82101201,
        "alias": "Contents.Item.Name.2101201",
        "text": "그늘의 장검"
    },
    "82101202": {
        "deprecated": false,
        "id": 82101202,
        "alias": "Contents.Item.Name.2101202",
        "text": "참사검"
    },
    "82101203": {
        "deprecated": false,
        "id": 82101203,
        "alias": "Contents.Item.Name.2101203",
        "text": "제령검"
    },
    "82101204": {
        "deprecated": false,
        "id": 82101204,
        "alias": "Contents.Item.Name.2101204",
        "text": "만월검"
    },
    "82101205": {
        "deprecated": false,
        "id": 82101205,
        "alias": "Contents.Item.Name.2101205",
        "text": "비혼검"
    },
    "82101401": {
        "deprecated": false,
        "id": 82101401,
        "alias": "Contents.Item.Name.2101401",
        "text": "금경장검"
    },
    "82101402": {
        "deprecated": false,
        "id": 82101402,
        "alias": "Contents.Item.Name.2101402",
        "text": "묵월검"
    },
    "82101403": {
        "deprecated": false,
        "id": 82101403,
        "alias": "Contents.Item.Name.2101403",
        "text": "초천검"
    },
    "82101404": {
        "deprecated": false,
        "id": 82101404,
        "alias": "Contents.Item.Name.2101404",
        "text": "집행자의 검"
    },
    "82101405": {
        "deprecated": false,
        "id": 82101405,
        "alias": "Contents.Item.Name.2101405",
        "text": "쇄혼검"
    },
    "82101406": {
        "deprecated": false,
        "id": 82101406,
        "alias": "Contents.Item.Name.2101406",
        "text": "야생의 송곳니"
    },
    "82101407": {
        "deprecated": false,
        "id": 82101407,
        "alias": "Contents.Item.Name.2101407",
        "text": "방랑의 검"
    },
    "82101408": {
        "deprecated": false,
        "id": 82101408,
        "alias": "Contents.Item.Name.2101408",
        "text": "비월검"
    },
    "82101409": {
        "deprecated": false,
        "id": 82101409,
        "alias": "Contents.Item.Name.2101409",
        "text": "황천의 검"
    },
    "82101410": {
        "deprecated": false,
        "id": 82101410,
        "alias": "Contents.Item.Name.2101410",
        "text": "심연의 가시"
    },
    "82101601": {
        "deprecated": false,
        "id": 82101601,
        "alias": "Contents.Item.Name.2101601",
        "text": "패왕의 검"
    },
    "82101602": {
        "deprecated": false,
        "id": 82101602,
        "alias": "Contents.Item.Name.2101602",
        "text": "멸악봉마검"
    },
    "82101603": {
        "deprecated": false,
        "id": 82101603,
        "alias": "Contents.Item.Name.2101603",
        "text": "바람의 조율자"
    },
    "82101604": {
        "deprecated": false,
        "id": 82101604,
        "alias": "Contents.Item.Name.2101604",
        "text": "설화추적자"
    },
    "82101605": {
        "deprecated": false,
        "id": 82101605,
        "alias": "Contents.Item.Name.2101605",
        "text": "불길의 개척자"
    },
    "82101801": {
        "deprecated": false,
        "id": 82101801,
        "alias": "Contents.Item.Name.2101801",
        "text": "최후의 심판"
    },
    "82101802": {
        "deprecated": false,
        "id": 82101802,
        "alias": "Contents.Item.Name.2101802",
        "text": "운명의 주시자"
    },
    "82102001": {
        "deprecated": false,
        "id": 82102001,
        "alias": "Contents.Item.Name.2102001",
        "text": "연습용 권갑"
    },
    "82102002": {
        "deprecated": false,
        "id": 82102002,
        "alias": "Contents.Item.Name.2102002",
        "text": "권갑"
    },
    "82102003": {
        "deprecated": false,
        "id": 82102003,
        "alias": "Contents.Item.Name.2102003",
        "text": "나무권갑"
    },
    "82102004": {
        "deprecated": false,
        "id": 82102004,
        "alias": "Contents.Item.Name.2102004",
        "text": "청동권갑"
    },
    "82102005": {
        "deprecated": false,
        "id": 82102005,
        "alias": "Contents.Item.Name.2102005",
        "text": "구리권갑"
    },
    "82102006": {
        "deprecated": false,
        "id": 82102006,
        "alias": "Contents.Item.Name.2102006",
        "text": "태극권갑"
    },
    "82102007": {
        "deprecated": false,
        "id": 82102007,
        "alias": "Contents.Item.Name.2102007",
        "text": "음양권갑"
    },
    "82102008": {
        "deprecated": false,
        "id": 82102008,
        "alias": "Contents.Item.Name.2102008",
        "text": "무쇠주먹"
    },
    "82102009": {
        "deprecated": false,
        "id": 82102009,
        "alias": "Contents.Item.Name.2102009",
        "text": "주술권갑"
    },
    "82102010": {
        "deprecated": false,
        "id": 82102010,
        "alias": "Contents.Item.Name.2102010",
        "text": "호포권갑"
    },
    "82102201": {
        "deprecated": false,
        "id": 82102201,
        "alias": "Contents.Item.Name.2102201",
        "text": "구도자의 권갑"
    },
    "82102202": {
        "deprecated": false,
        "id": 82102202,
        "alias": "Contents.Item.Name.2102202",
        "text": "반야권갑"
    },
    "82102203": {
        "deprecated": false,
        "id": 82102203,
        "alias": "Contents.Item.Name.2102203",
        "text": "승려의 권갑"
    },
    "82102204": {
        "deprecated": false,
        "id": 82102204,
        "alias": "Contents.Item.Name.2102204",
        "text": "진월권갑"
    },
    "82102205": {
        "deprecated": false,
        "id": 82102205,
        "alias": "Contents.Item.Name.2102205",
        "text": "적목권갑"
    },
    "82102401": {
        "deprecated": false,
        "id": 82102401,
        "alias": "Contents.Item.Name.2102401",
        "text": "금경권갑"
    },
    "82102402": {
        "deprecated": false,
        "id": 82102402,
        "alias": "Contents.Item.Name.2102402",
        "text": "흑암권갑"
    },
    "82102403": {
        "deprecated": false,
        "id": 82102403,
        "alias": "Contents.Item.Name.2102403",
        "text": "귀면권갑"
    },
    "82102404": {
        "deprecated": false,
        "id": 82102404,
        "alias": "Contents.Item.Name.2102404",
        "text": "단죄의 주먹"
    },
    "82102405": {
        "deprecated": false,
        "id": 82102405,
        "alias": "Contents.Item.Name.2102405",
        "text": "기백의 권갑"
    },
    "82102406": {
        "deprecated": false,
        "id": 82102406,
        "alias": "Contents.Item.Name.2102406",
        "text": "야수의 이빨"
    },
    "82102407": {
        "deprecated": false,
        "id": 82102407,
        "alias": "Contents.Item.Name.2102407",
        "text": "위타천의 손"
    },
    "82102408": {
        "deprecated": false,
        "id": 82102408,
        "alias": "Contents.Item.Name.2102408",
        "text": "일월권갑"
    },
    "82102409": {
        "deprecated": false,
        "id": 82102409,
        "alias": "Contents.Item.Name.2102409",
        "text": "삼도천의 부름"
    },
    "82102410": {
        "deprecated": false,
        "id": 82102410,
        "alias": "Contents.Item.Name.2102410",
        "text": "심연의 발톱"
    },
    "82102601": {
        "deprecated": false,
        "id": 82102601,
        "alias": "Contents.Item.Name.2102601",
        "text": "잊혀진 약속"
    },
    "82102602": {
        "deprecated": false,
        "id": 82102602,
        "alias": "Contents.Item.Name.2102602",
        "text": "거신의 주먹"
    },
    "82102603": {
        "deprecated": false,
        "id": 82102603,
        "alias": "Contents.Item.Name.2102603",
        "text": "질풍의 족쇄"
    },
    "82102604": {
        "deprecated": false,
        "id": 82102604,
        "alias": "Contents.Item.Name.2102604",
        "text": "요괴사냥꾼"
    },
    "82102605": {
        "deprecated": false,
        "id": 82102605,
        "alias": "Contents.Item.Name.2102605",
        "text": "용암주먹"
    },
    "82102801": {
        "deprecated": false,
        "id": 82102801,
        "alias": "Contents.Item.Name.2102801",
        "text": "삼라만상의 손"
    },
    "82102802": {
        "deprecated": false,
        "id": 82102802,
        "alias": "Contents.Item.Name.2102802",
        "text": "마지막 그림자"
    },
    "82103001": {
        "deprecated": false,
        "id": 82103001,
        "alias": "Contents.Item.Name.2103001",
        "text": "연습용 기공패"
    },
    "82103002": {
        "deprecated": false,
        "id": 82103002,
        "alias": "Contents.Item.Name.2103002",
        "text": "불꽃기공패"
    },
    "82103003": {
        "deprecated": false,
        "id": 82103003,
        "alias": "Contents.Item.Name.2103003",
        "text": "나무 기공패"
    },
    "82103004": {
        "deprecated": false,
        "id": 82103004,
        "alias": "Contents.Item.Name.2103004",
        "text": "청동기공패"
    },
    "82103005": {
        "deprecated": false,
        "id": 82103005,
        "alias": "Contents.Item.Name.2103005",
        "text": "청옥기공패"
    },
    "82103006": {
        "deprecated": false,
        "id": 82103006,
        "alias": "Contents.Item.Name.2103006",
        "text": "태극 기공패"
    },
    "82103007": {
        "deprecated": false,
        "id": 82103007,
        "alias": "Contents.Item.Name.2103007",
        "text": "음양 기공패"
    },
    "82103008": {
        "deprecated": false,
        "id": 82103008,
        "alias": "Contents.Item.Name.2103008",
        "text": "홍염기공패"
    },
    "82103009": {
        "deprecated": false,
        "id": 82103009,
        "alias": "Contents.Item.Name.2103009",
        "text": "청동나비"
    },
    "82103010": {
        "deprecated": false,
        "id": 82103010,
        "alias": "Contents.Item.Name.2103010",
        "text": "적아 기공패"
    },
    "82103201": {
        "deprecated": false,
        "id": 82103201,
        "alias": "Contents.Item.Name.2103201",
        "text": "열사의 기공패"
    },
    "82103202": {
        "deprecated": false,
        "id": 82103202,
        "alias": "Contents.Item.Name.2103202",
        "text": "불꽃 방울"
    },
    "82103203": {
        "deprecated": false,
        "id": 82103203,
        "alias": "Contents.Item.Name.2103203",
        "text": "진염 기공패"
    },
    "82103204": {
        "deprecated": false,
        "id": 82103204,
        "alias": "Contents.Item.Name.2103204",
        "text": "월영 기공패"
    },
    "82103205": {
        "deprecated": false,
        "id": 82103205,
        "alias": "Contents.Item.Name.2103205",
        "text": "초천 기공패"
    },
    "82103401": {
        "deprecated": false,
        "id": 82103401,
        "alias": "Contents.Item.Name.2103401",
        "text": "금경기공패"
    },
    "82103402": {
        "deprecated": false,
        "id": 82103402,
        "alias": "Contents.Item.Name.2103402",
        "text": "칠야의 고리"
    },
    "82103403": {
        "deprecated": false,
        "id": 82103403,
        "alias": "Contents.Item.Name.2103403",
        "text": "제령의 파도"
    },
    "82103404": {
        "deprecated": false,
        "id": 82103404,
        "alias": "Contents.Item.Name.2103404",
        "text": "죄업의 거울"
    },
    "82103405": {
        "deprecated": false,
        "id": 82103405,
        "alias": "Contents.Item.Name.2103405",
        "text": "영혼의 동경"
    },
    "82103406": {
        "deprecated": false,
        "id": 82103406,
        "alias": "Contents.Item.Name.2103406",
        "text": "자연의 숨결"
    },
    "82103407": {
        "deprecated": false,
        "id": 82103407,
        "alias": "Contents.Item.Name.2103407",
        "text": "기공증폭기"
    },
    "82103408": {
        "deprecated": false,
        "id": 82103408,
        "alias": "Contents.Item.Name.2103408",
        "text": "업화의 불길"
    },
    "82103409": {
        "deprecated": false,
        "id": 82103409,
        "alias": "Contents.Item.Name.2103409",
        "text": "명계의 불"
    },
    "82103410": {
        "deprecated": false,
        "id": 82103410,
        "alias": "Contents.Item.Name.2103410",
        "text": "심연의 얼음꽃"
    },
    "82103601": {
        "deprecated": false,
        "id": 82103601,
        "alias": "Contents.Item.Name.2103601",
        "text": "새벽의 불"
    },
    "82103602": {
        "deprecated": false,
        "id": 82103602,
        "alias": "Contents.Item.Name.2103602",
        "text": "고대의 잔흔"
    },
    "82103603": {
        "deprecated": false,
        "id": 82103603,
        "alias": "Contents.Item.Name.2103603",
        "text": "폭풍의 전율"
    },
    "82103604": {
        "deprecated": false,
        "id": 82103604,
        "alias": "Contents.Item.Name.2103604",
        "text": "소천의 불"
    },
    "82103605": {
        "deprecated": false,
        "id": 82103605,
        "alias": "Contents.Item.Name.2103605",
        "text": "혈염보옥"
    },
    "82103801": {
        "deprecated": false,
        "id": 82103801,
        "alias": "Contents.Item.Name.2103801",
        "text": "영겁의 섬광"
    },
    "82103802": {
        "deprecated": false,
        "id": 82103802,
        "alias": "Contents.Item.Name.2103802",
        "text": "종말의 빛"
    },
    "82104001": {
        "deprecated": false,
        "id": 82104001,
        "alias": "Contents.Item.Name.2104001",
        "text": "연습용 도끼"
    },
    "82104002": {
        "deprecated": false,
        "id": 82104002,
        "alias": "Contents.Item.Name.2104002",
        "text": "대형도끼"
    },
    "82104003": {
        "deprecated": false,
        "id": 82104003,
        "alias": "Contents.Item.Name.2104003",
        "text": "벌목도끼"
    },
    "82104004": {
        "deprecated": false,
        "id": 82104004,
        "alias": "Contents.Item.Name.2104004",
        "text": "청동도끼"
    },
    "82104005": {
        "deprecated": false,
        "id": 82104005,
        "alias": "Contents.Item.Name.2104005",
        "text": "청옥도끼"
    },
    "82104006": {
        "deprecated": false,
        "id": 82104006,
        "alias": "Contents.Item.Name.2104006",
        "text": "강철도끼"
    },
    "82104007": {
        "deprecated": false,
        "id": 82104007,
        "alias": "Contents.Item.Name.2104007",
        "text": "건곤대부"
    },
    "82104008": {
        "deprecated": false,
        "id": 82104008,
        "alias": "Contents.Item.Name.2104008",
        "text": "청룡극"
    },
    "82104009": {
        "deprecated": false,
        "id": 82104009,
        "alias": "Contents.Item.Name.2104009",
        "text": "월아산"
    },
    "82104010": {
        "deprecated": false,
        "id": 82104010,
        "alias": "Contents.Item.Name.2104010",
        "text": "적월극"
    },
    "82104201": {
        "deprecated": false,
        "id": 82104201,
        "alias": "Contents.Item.Name.2104201",
        "text": "모래폭풍 도끼"
    },
    "82104202": {
        "deprecated": false,
        "id": 82104202,
        "alias": "Contents.Item.Name.2104202",
        "text": "투사의 도끼"
    },
    "82104203": {
        "deprecated": false,
        "id": 82104203,
        "alias": "Contents.Item.Name.2104203",
        "text": "처형집행자"
    },
    "82104204": {
        "deprecated": false,
        "id": 82104204,
        "alias": "Contents.Item.Name.2104204",
        "text": "삭월부"
    },
    "82104205": {
        "deprecated": false,
        "id": 82104205,
        "alias": "Contents.Item.Name.2104205",
        "text": "신령한 나무도끼"
    },
    "82104401": {
        "deprecated": false,
        "id": 82104401,
        "alias": "Contents.Item.Name.2104401",
        "text": "금경도끼"
    },
    "82104402": {
        "deprecated": false,
        "id": 82104402,
        "alias": "Contents.Item.Name.2104402",
        "text": "암영도끼"
    },
    "82104403": {
        "deprecated": false,
        "id": 82104403,
        "alias": "Contents.Item.Name.2104403",
        "text": "황금도끼"
    },
    "82104404": {
        "deprecated": false,
        "id": 82104404,
        "alias": "Contents.Item.Name.2104404",
        "text": "광신의 도끼"
    },
    "82104405": {
        "deprecated": false,
        "id": 82104405,
        "alias": "Contents.Item.Name.2104405",
        "text": "진혼의 도끼"
    },
    "82104406": {
        "deprecated": false,
        "id": 82104406,
        "alias": "Contents.Item.Name.2104406",
        "text": "야만의 도끼"
    },
    "82104407": {
        "deprecated": false,
        "id": 82104407,
        "alias": "Contents.Item.Name.2104407",
        "text": "산의 그늘"
    },
    "82104408": {
        "deprecated": false,
        "id": 82104408,
        "alias": "Contents.Item.Name.2104408",
        "text": "절영대부"
    },
    "82104409": {
        "deprecated": false,
        "id": 82104409,
        "alias": "Contents.Item.Name.2104409",
        "text": "파괴의 도끼"
    },
    "82104410": {
        "deprecated": false,
        "id": 82104410,
        "alias": "Contents.Item.Name.2104410",
        "text": "심연의 분쇄자"
    },
    "82104601": {
        "deprecated": false,
        "id": 82104601,
        "alias": "Contents.Item.Name.2104601",
        "text": "대륙의 방벽"
    },
    "82104602": {
        "deprecated": false,
        "id": 82104602,
        "alias": "Contents.Item.Name.2104602",
        "text": "심해의 격노"
    },
    "82104603": {
        "deprecated": false,
        "id": 82104603,
        "alias": "Contents.Item.Name.2104603",
        "text": "돌풍의 쇄도"
    },
    "82104604": {
        "deprecated": false,
        "id": 82104604,
        "alias": "Contents.Item.Name.2104604",
        "text": "서사의 전승자"
    },
    "82104605": {
        "deprecated": false,
        "id": 82104605,
        "alias": "Contents.Item.Name.2104605",
        "text": "재의 수호자"
    },
    "82104801": {
        "deprecated": false,
        "id": 82104801,
        "alias": "Contents.Item.Name.2104801",
        "text": "선악의 무게추"
    },
    "82104802": {
        "deprecated": false,
        "id": 82104802,
        "alias": "Contents.Item.Name.2104802",
        "text": "영면의 사도"
    },
    "82105001": {
        "deprecated": false,
        "id": 82105001,
        "alias": "Contents.Item.Name.2105001",
        "text": "연습용 활"
    },
    "82105002": {
        "deprecated": false,
        "id": 82105002,
        "alias": "Contents.Item.Name.2105002",
        "text": "활"
    },
    "82105003": {
        "deprecated": false,
        "id": 82105003,
        "alias": "Contents.Item.Name.2105003",
        "text": "나무 활"
    },
    "82105004": {
        "deprecated": false,
        "id": 82105004,
        "alias": "Contents.Item.Name.2105004",
        "text": "무거운 활"
    },
    "82105005": {
        "deprecated": false,
        "id": 82105005,
        "alias": "Contents.Item.Name.2105005",
        "text": "구리 활"
    },
    "82105006": {
        "deprecated": false,
        "id": 82105006,
        "alias": "Contents.Item.Name.2105006",
        "text": "빙염궁"
    },
    "82105007": {
        "deprecated": false,
        "id": 82105007,
        "alias": "Contents.Item.Name.2105007",
        "text": "일월궁"
    },
    "82105008": {
        "deprecated": false,
        "id": 82105008,
        "alias": "Contents.Item.Name.2105008",
        "text": "예리한활"
    },
    "82105009": {
        "deprecated": false,
        "id": 82105009,
        "alias": "Contents.Item.Name.2105009",
        "text": "환목궁"
    },
    "82105010": {
        "deprecated": false,
        "id": 82105010,
        "alias": "Contents.Item.Name.2105010",
        "text": "흑각궁"
    },
    "82105201": {
        "deprecated": false,
        "id": 82105201,
        "alias": "Contents.Item.Name.2105201",
        "text": "사막 인도자의 활"
    },
    "82105202": {
        "deprecated": false,
        "id": 82105202,
        "alias": "Contents.Item.Name.2105202",
        "text": "장군의 활"
    },
    "82105203": {
        "deprecated": false,
        "id": 82105203,
        "alias": "Contents.Item.Name.2105203",
        "text": "벽사궁"
    },
    "82105204": {
        "deprecated": false,
        "id": 82105204,
        "alias": "Contents.Item.Name.2105204",
        "text": "백우궁"
    },
    "82105205": {
        "deprecated": false,
        "id": 82105205,
        "alias": "Contents.Item.Name.2105205",
        "text": "괴이의 활"
    },
    "82105401": {
        "deprecated": false,
        "id": 82105401,
        "alias": "Contents.Item.Name.2105401",
        "text": "금경장궁"
    },
    "82105402": {
        "deprecated": false,
        "id": 82105402,
        "alias": "Contents.Item.Name.2105402",
        "text": "밤의 공포"
    },
    "82105403": {
        "deprecated": false,
        "id": 82105403,
        "alias": "Contents.Item.Name.2105403",
        "text": "황금의 활"
    },
    "82105404": {
        "deprecated": false,
        "id": 82105404,
        "alias": "Contents.Item.Name.2105404",
        "text": "징벌자의 활"
    },
    "82105405": {
        "deprecated": false,
        "id": 82105405,
        "alias": "Contents.Item.Name.2105405",
        "text": "추혼의 장궁"
    },
    "82105406": {
        "deprecated": false,
        "id": 82105406,
        "alias": "Contents.Item.Name.2105406",
        "text": "포식자의 맹습"
    },
    "82105407": {
        "deprecated": false,
        "id": 82105407,
        "alias": "Contents.Item.Name.2105407",
        "text": "혜성의 궤적"
    },
    "82105408": {
        "deprecated": false,
        "id": 82105408,
        "alias": "Contents.Item.Name.2105408",
        "text": "부서진 달빛의 활"
    },
    "82105409": {
        "deprecated": false,
        "id": 82105409,
        "alias": "Contents.Item.Name.2105409",
        "text": "연옥의 빛살"
    },
    "82105410": {
        "deprecated": false,
        "id": 82105410,
        "alias": "Contents.Item.Name.2105410",
        "text": "심연의 활"
    },
    "82105601": {
        "deprecated": false,
        "id": 82105601,
        "alias": "Contents.Item.Name.2105601",
        "text": "신궁의 활"
    },
    "82105602": {
        "deprecated": false,
        "id": 82105602,
        "alias": "Contents.Item.Name.2105602",
        "text": "천적의 자취"
    },
    "82105603": {
        "deprecated": false,
        "id": 82105603,
        "alias": "Contents.Item.Name.2105603",
        "text": "삭풍의 궤적"
    },
    "82105604": {
        "deprecated": false,
        "id": 82105604,
        "alias": "Contents.Item.Name.2105604",
        "text": "구전의 줄기"
    },
    "82105605": {
        "deprecated": false,
        "id": 82105605,
        "alias": "Contents.Item.Name.2105605",
        "text": "불꽃의 소나기"
    },
    "82105801": {
        "deprecated": false,
        "id": 82105801,
        "alias": "Contents.Item.Name.2105801",
        "text": "신살의 활"
    },
    "82105802": {
        "deprecated": false,
        "id": 82105802,
        "alias": "Contents.Item.Name.2105802",
        "text": "파천의 시간"
    },
    "82106001": {
        "deprecated": false,
        "id": 82106001,
        "alias": "Contents.Item.Name.2106001",
        "text": "연습용 법종"
    },
    "82106002": {
        "deprecated": false,
        "id": 82106002,
        "alias": "Contents.Item.Name.2106002",
        "text": "종"
    },
    "82106003": {
        "deprecated": false,
        "id": 82106003,
        "alias": "Contents.Item.Name.2106003",
        "text": "나무 법종"
    },
    "82106004": {
        "deprecated": false,
        "id": 82106004,
        "alias": "Contents.Item.Name.2106004",
        "text": "청동 법종"
    },
    "82106005": {
        "deprecated": false,
        "id": 82106005,
        "alias": "Contents.Item.Name.2106005",
        "text": "제례의 종"
    },
    "82106006": {
        "deprecated": false,
        "id": 82106006,
        "alias": "Contents.Item.Name.2106006",
        "text": "팔괘종"
    },
    "82106007": {
        "deprecated": false,
        "id": 82106007,
        "alias": "Contents.Item.Name.2106007",
        "text": "건곤법종"
    },
    "82106008": {
        "deprecated": false,
        "id": 82106008,
        "alias": "Contents.Item.Name.2106008",
        "text": "퇴마의 종"
    },
    "82106009": {
        "deprecated": false,
        "id": 82106009,
        "alias": "Contents.Item.Name.2106009",
        "text": "은빛 법종"
    },
    "82106010": {
        "deprecated": false,
        "id": 82106010,
        "alias": "Contents.Item.Name.2106010",
        "text": "고요의 법종"
    },
    "82106201": {
        "deprecated": false,
        "id": 82106201,
        "alias": "Contents.Item.Name.2106201",
        "text": "순례의 종"
    },
    "82106202": {
        "deprecated": false,
        "id": 82106202,
        "alias": "Contents.Item.Name.2106202",
        "text": "명경의 법종"
    },
    "82106203": {
        "deprecated": false,
        "id": 82106203,
        "alias": "Contents.Item.Name.2106203",
        "text": "복마의 종"
    },
    "82106204": {
        "deprecated": false,
        "id": 82106204,
        "alias": "Contents.Item.Name.2106204",
        "text": "달빛의 종"
    },
    "82106205": {
        "deprecated": false,
        "id": 82106205,
        "alias": "Contents.Item.Name.2106205",
        "text": "도깨비 방울"
    },
    "82106401": {
        "deprecated": false,
        "id": 82106401,
        "alias": "Contents.Item.Name.2106401",
        "text": "금경법종"
    },
    "82106402": {
        "deprecated": false,
        "id": 82106402,
        "alias": "Contents.Item.Name.2106402",
        "text": "혼령의 소리굽쇠"
    },
    "82106403": {
        "deprecated": false,
        "id": 82106403,
        "alias": "Contents.Item.Name.2106403",
        "text": "영혼의 등대"
    },
    "82106404": {
        "deprecated": false,
        "id": 82106404,
        "alias": "Contents.Item.Name.2106404",
        "text": "팔두령"
    },
    "82106405": {
        "deprecated": false,
        "id": 82106405,
        "alias": "Contents.Item.Name.2106405",
        "text": "위령의 종"
    },
    "82106406": {
        "deprecated": false,
        "id": 82106406,
        "alias": "Contents.Item.Name.2106406",
        "text": "원시의 부름"
    },
    "82106407": {
        "deprecated": false,
        "id": 82106407,
        "alias": "Contents.Item.Name.2106407",
        "text": "별빛의 떨림"
    },
    "82106408": {
        "deprecated": false,
        "id": 82106408,
        "alias": "Contents.Item.Name.2106408",
        "text": "호수의 법종"
    },
    "82106409": {
        "deprecated": false,
        "id": 82106409,
        "alias": "Contents.Item.Name.2106409",
        "text": "종언의 선지자"
    },
    "82106410": {
        "deprecated": false,
        "id": 82106410,
        "alias": "Contents.Item.Name.2106410",
        "text": "심연의 곡성"
    },
    "82106601": {
        "deprecated": false,
        "id": 82106601,
        "alias": "Contents.Item.Name.2106601",
        "text": "여명의 속삭임"
    },
    "82106602": {
        "deprecated": false,
        "id": 82106602,
        "alias": "Contents.Item.Name.2106602",
        "text": "창천의 함성"
    },
    "82106603": {
        "deprecated": false,
        "id": 82106603,
        "alias": "Contents.Item.Name.2106603",
        "text": "산들바람"
    },
    "82106604": {
        "deprecated": false,
        "id": 82106604,
        "alias": "Contents.Item.Name.2106604",
        "text": "영원의 이야기꾼"
    },
    "82106605": {
        "deprecated": false,
        "id": 82106605,
        "alias": "Contents.Item.Name.2106605",
        "text": "창생의 불길"
    },
    "82106801": {
        "deprecated": false,
        "id": 82106801,
        "alias": "Contents.Item.Name.2106801",
        "text": "광휘의 찬가"
    },
    "82106802": {
        "deprecated": false,
        "id": 82106802,
        "alias": "Contents.Item.Name.2106802",
        "text": "구원의 울림"
    },
    "82201001": {
        "deprecated": false,
        "id": 82201001,
        "alias": "Contents.Item.Name.2201001",
        "text": "연습용 검(각인)"
    },
    "82201002": {
        "deprecated": false,
        "id": 82201002,
        "alias": "Contents.Item.Name.2201002",
        "text": "장검(각인)"
    },
    "82201003": {
        "deprecated": false,
        "id": 82201003,
        "alias": "Contents.Item.Name.2201003",
        "text": "추엽장검(각인)"
    },
    "82201004": {
        "deprecated": false,
        "id": 82201004,
        "alias": "Contents.Item.Name.2201004",
        "text": "청동검(각인)"
    },
    "82201005": {
        "deprecated": false,
        "id": 82201005,
        "alias": "Contents.Item.Name.2201005",
        "text": "투박한 검(각인)"
    },
    "82201006": {
        "deprecated": false,
        "id": 82201006,
        "alias": "Contents.Item.Name.2201006",
        "text": "곡검(각인)"
    },
    "82201007": {
        "deprecated": false,
        "id": 82201007,
        "alias": "Contents.Item.Name.2201007",
        "text": "구곡검(각인)"
    },
    "82201008": {
        "deprecated": false,
        "id": 82201008,
        "alias": "Contents.Item.Name.2201008",
        "text": "역수검(각인)"
    },
    "82201009": {
        "deprecated": false,
        "id": 82201009,
        "alias": "Contents.Item.Name.2201009",
        "text": "운검(각인)"
    },
    "82201010": {
        "deprecated": false,
        "id": 82201010,
        "alias": "Contents.Item.Name.2201010",
        "text": "칠지검(각인)"
    },
    "82201201": {
        "deprecated": false,
        "id": 82201201,
        "alias": "Contents.Item.Name.2201201",
        "text": "그늘의 장검(각인)"
    },
    "82201202": {
        "deprecated": false,
        "id": 82201202,
        "alias": "Contents.Item.Name.2201202",
        "text": "참사검(각인)"
    },
    "82201203": {
        "deprecated": false,
        "id": 82201203,
        "alias": "Contents.Item.Name.2201203",
        "text": "제령검(각인)"
    },
    "82201204": {
        "deprecated": false,
        "id": 82201204,
        "alias": "Contents.Item.Name.2201204",
        "text": "만월검(각인)"
    },
    "82201205": {
        "deprecated": false,
        "id": 82201205,
        "alias": "Contents.Item.Name.2201205",
        "text": "비혼검(각인)"
    },
    "82201401": {
        "deprecated": false,
        "id": 82201401,
        "alias": "Contents.Item.Name.2201401",
        "text": "금경장검(각인)"
    },
    "82201402": {
        "deprecated": false,
        "id": 82201402,
        "alias": "Contents.Item.Name.2201402",
        "text": "묵월검(각인)"
    },
    "82201403": {
        "deprecated": false,
        "id": 82201403,
        "alias": "Contents.Item.Name.2201403",
        "text": "초천검(각인)"
    },
    "82201404": {
        "deprecated": false,
        "id": 82201404,
        "alias": "Contents.Item.Name.2201404",
        "text": "집행자의 검(각인)"
    },
    "82201405": {
        "deprecated": false,
        "id": 82201405,
        "alias": "Contents.Item.Name.2201405",
        "text": "쇄혼검(각인)"
    },
    "82201406": {
        "deprecated": false,
        "id": 82201406,
        "alias": "Contents.Item.Name.2201406",
        "text": "야생의 송곳니(각인)"
    },
    "82201407": {
        "deprecated": false,
        "id": 82201407,
        "alias": "Contents.Item.Name.2201407",
        "text": "방랑의 검(각인)"
    },
    "82201408": {
        "deprecated": false,
        "id": 82201408,
        "alias": "Contents.Item.Name.2201408",
        "text": "비월검(각인)"
    },
    "82201409": {
        "deprecated": false,
        "id": 82201409,
        "alias": "Contents.Item.Name.2201409",
        "text": "황천의 검(각인)"
    },
    "82201410": {
        "deprecated": false,
        "id": 82201410,
        "alias": "Contents.Item.Name.2201410",
        "text": "심연의 가시(각인)"
    },
    "82201601": {
        "deprecated": false,
        "id": 82201601,
        "alias": "Contents.Item.Name.2201601",
        "text": "패왕의 검(각인)"
    },
    "82201602": {
        "deprecated": false,
        "id": 82201602,
        "alias": "Contents.Item.Name.2201602",
        "text": "멸악봉마검(각인)"
    },
    "82201603": {
        "deprecated": false,
        "id": 82201603,
        "alias": "Contents.Item.Name.2201603",
        "text": "바람의 조율자(각인)"
    },
    "82201604": {
        "deprecated": false,
        "id": 82201604,
        "alias": "Contents.Item.Name.2201604",
        "text": "설화추적자(각인)"
    },
    "82201605": {
        "deprecated": false,
        "id": 82201605,
        "alias": "Contents.Item.Name.2201605",
        "text": "불길의 개척자(각인)"
    },
    "82201801": {
        "deprecated": false,
        "id": 82201801,
        "alias": "Contents.Item.Name.2201801",
        "text": "최후의 심판(각인)"
    },
    "82201802": {
        "deprecated": false,
        "id": 82201802,
        "alias": "Contents.Item.Name.2201802",
        "text": "운명의 주시자(각인)"
    },
    "82202001": {
        "deprecated": false,
        "id": 82202001,
        "alias": "Contents.Item.Name.2202001",
        "text": "연습용 권갑(각인)"
    },
    "82202002": {
        "deprecated": false,
        "id": 82202002,
        "alias": "Contents.Item.Name.2202002",
        "text": "권갑(각인)"
    },
    "82202003": {
        "deprecated": false,
        "id": 82202003,
        "alias": "Contents.Item.Name.2202003",
        "text": "나무권갑(각인)"
    },
    "82202004": {
        "deprecated": false,
        "id": 82202004,
        "alias": "Contents.Item.Name.2202004",
        "text": "청동권갑(각인)"
    },
    "82202005": {
        "deprecated": false,
        "id": 82202005,
        "alias": "Contents.Item.Name.2202005",
        "text": "구리권갑(각인)"
    },
    "82202006": {
        "deprecated": false,
        "id": 82202006,
        "alias": "Contents.Item.Name.2202006",
        "text": "태극권갑(각인)"
    },
    "82202007": {
        "deprecated": false,
        "id": 82202007,
        "alias": "Contents.Item.Name.2202007",
        "text": "음양권갑(각인)"
    },
    "82202008": {
        "deprecated": false,
        "id": 82202008,
        "alias": "Contents.Item.Name.2202008",
        "text": "무쇠주먹(각인)"
    },
    "82202009": {
        "deprecated": false,
        "id": 82202009,
        "alias": "Contents.Item.Name.2202009",
        "text": "주술권갑(각인)"
    },
    "82202010": {
        "deprecated": false,
        "id": 82202010,
        "alias": "Contents.Item.Name.2202010",
        "text": "호포권갑(각인)"
    },
    "82202201": {
        "deprecated": false,
        "id": 82202201,
        "alias": "Contents.Item.Name.2202201",
        "text": "구도자의 권갑(각인)"
    },
    "82202202": {
        "deprecated": false,
        "id": 82202202,
        "alias": "Contents.Item.Name.2202202",
        "text": "반야권갑(각인)"
    },
    "82202203": {
        "deprecated": false,
        "id": 82202203,
        "alias": "Contents.Item.Name.2202203",
        "text": "승려의 권갑(각인)"
    },
    "82202204": {
        "deprecated": false,
        "id": 82202204,
        "alias": "Contents.Item.Name.2202204",
        "text": "진월권갑(각인)"
    },
    "82202205": {
        "deprecated": false,
        "id": 82202205,
        "alias": "Contents.Item.Name.2202205",
        "text": "적목권갑(각인)"
    },
    "82202401": {
        "deprecated": false,
        "id": 82202401,
        "alias": "Contents.Item.Name.2202401",
        "text": "금경권갑(각인)"
    },
    "82202402": {
        "deprecated": false,
        "id": 82202402,
        "alias": "Contents.Item.Name.2202402",
        "text": "흑암권갑(각인)"
    },
    "82202403": {
        "deprecated": false,
        "id": 82202403,
        "alias": "Contents.Item.Name.2202403",
        "text": "귀면권갑(각인)"
    },
    "82202404": {
        "deprecated": false,
        "id": 82202404,
        "alias": "Contents.Item.Name.2202404",
        "text": "단죄의 주먹(각인)"
    },
    "82202405": {
        "deprecated": false,
        "id": 82202405,
        "alias": "Contents.Item.Name.2202405",
        "text": "기백의 권갑(각인)"
    },
    "82202406": {
        "deprecated": false,
        "id": 82202406,
        "alias": "Contents.Item.Name.2202406",
        "text": "야수의 이빨(각인)"
    },
    "82202407": {
        "deprecated": false,
        "id": 82202407,
        "alias": "Contents.Item.Name.2202407",
        "text": "위타천의 손(각인)"
    },
    "82202408": {
        "deprecated": false,
        "id": 82202408,
        "alias": "Contents.Item.Name.2202408",
        "text": "일월권갑(각인)"
    },
    "82202409": {
        "deprecated": false,
        "id": 82202409,
        "alias": "Contents.Item.Name.2202409",
        "text": "삼도천의 부름(각인)"
    },
    "82202410": {
        "deprecated": false,
        "id": 82202410,
        "alias": "Contents.Item.Name.2202410",
        "text": "심연의 발톱(각인)"
    },
    "82202601": {
        "deprecated": false,
        "id": 82202601,
        "alias": "Contents.Item.Name.2202601",
        "text": "잊혀진 약속(각인)"
    },
    "82202602": {
        "deprecated": false,
        "id": 82202602,
        "alias": "Contents.Item.Name.2202602",
        "text": "거신의 주먹(각인)"
    },
    "82202603": {
        "deprecated": false,
        "id": 82202603,
        "alias": "Contents.Item.Name.2202603",
        "text": "질풍의 족쇄(각인)"
    },
    "82202604": {
        "deprecated": false,
        "id": 82202604,
        "alias": "Contents.Item.Name.2202604",
        "text": "요괴사냥꾼(각인)"
    },
    "82202605": {
        "deprecated": false,
        "id": 82202605,
        "alias": "Contents.Item.Name.2202605",
        "text": "용암주먹(각인)"
    },
    "82202801": {
        "deprecated": false,
        "id": 82202801,
        "alias": "Contents.Item.Name.2202801",
        "text": "삼라만상의 손(각인)"
    },
    "82202802": {
        "deprecated": false,
        "id": 82202802,
        "alias": "Contents.Item.Name.2202802",
        "text": "마지막 그림자(각인)"
    },
    "82203001": {
        "deprecated": false,
        "id": 82203001,
        "alias": "Contents.Item.Name.2203001",
        "text": "연습용 기공패(각인)"
    },
    "82203002": {
        "deprecated": false,
        "id": 82203002,
        "alias": "Contents.Item.Name.2203002",
        "text": "불꽃기공패(각인)"
    },
    "82203003": {
        "deprecated": false,
        "id": 82203003,
        "alias": "Contents.Item.Name.2203003",
        "text": "나무 기공패(각인)"
    },
    "82203004": {
        "deprecated": false,
        "id": 82203004,
        "alias": "Contents.Item.Name.2203004",
        "text": "청동기공패(각인)"
    },
    "82203005": {
        "deprecated": false,
        "id": 82203005,
        "alias": "Contents.Item.Name.2203005",
        "text": "청옥기공패(각인)"
    },
    "82203006": {
        "deprecated": false,
        "id": 82203006,
        "alias": "Contents.Item.Name.2203006",
        "text": "태극 기공패(각인)"
    },
    "82203007": {
        "deprecated": false,
        "id": 82203007,
        "alias": "Contents.Item.Name.2203007",
        "text": "음양 기공패(각인)"
    },
    "82203008": {
        "deprecated": false,
        "id": 82203008,
        "alias": "Contents.Item.Name.2203008",
        "text": "홍염기공패(각인)"
    },
    "82203009": {
        "deprecated": false,
        "id": 82203009,
        "alias": "Contents.Item.Name.2203009",
        "text": "청동나비(각인)"
    },
    "82203010": {
        "deprecated": false,
        "id": 82203010,
        "alias": "Contents.Item.Name.2203010",
        "text": "적아 기공패(각인)"
    },
    "82203201": {
        "deprecated": false,
        "id": 82203201,
        "alias": "Contents.Item.Name.2203201",
        "text": "열사의 기공패(각인)"
    },
    "82203202": {
        "deprecated": false,
        "id": 82203202,
        "alias": "Contents.Item.Name.2203202",
        "text": "불꽃 방울(각인)"
    },
    "82203203": {
        "deprecated": false,
        "id": 82203203,
        "alias": "Contents.Item.Name.2203203",
        "text": "진염 기공패(각인)"
    },
    "82203204": {
        "deprecated": false,
        "id": 82203204,
        "alias": "Contents.Item.Name.2203204",
        "text": "월영 기공패(각인)"
    },
    "82203205": {
        "deprecated": false,
        "id": 82203205,
        "alias": "Contents.Item.Name.2203205",
        "text": "초천 기공패(각인)"
    },
    "82203401": {
        "deprecated": false,
        "id": 82203401,
        "alias": "Contents.Item.Name.2203401",
        "text": "금경기공패(각인)"
    },
    "82203402": {
        "deprecated": false,
        "id": 82203402,
        "alias": "Contents.Item.Name.2203402",
        "text": "칠야의 고리(각인)"
    },
    "82203403": {
        "deprecated": false,
        "id": 82203403,
        "alias": "Contents.Item.Name.2203403",
        "text": "제령의 파도(각인)"
    },
    "82203404": {
        "deprecated": false,
        "id": 82203404,
        "alias": "Contents.Item.Name.2203404",
        "text": "죄업의 거울(각인)"
    },
    "82203405": {
        "deprecated": false,
        "id": 82203405,
        "alias": "Contents.Item.Name.2203405",
        "text": "영혼의 동경(각인)"
    },
    "82203406": {
        "deprecated": false,
        "id": 82203406,
        "alias": "Contents.Item.Name.2203406",
        "text": "자연의 숨결(각인)"
    },
    "82203407": {
        "deprecated": false,
        "id": 82203407,
        "alias": "Contents.Item.Name.2203407",
        "text": "기공증폭기(각인)"
    },
    "82203408": {
        "deprecated": false,
        "id": 82203408,
        "alias": "Contents.Item.Name.2203408",
        "text": "업화의 불길(각인)"
    },
    "82203409": {
        "deprecated": false,
        "id": 82203409,
        "alias": "Contents.Item.Name.2203409",
        "text": "명계의 불(각인)"
    },
    "82203410": {
        "deprecated": false,
        "id": 82203410,
        "alias": "Contents.Item.Name.2203410",
        "text": "심연의 얼음꽃(각인)"
    },
    "82203601": {
        "deprecated": false,
        "id": 82203601,
        "alias": "Contents.Item.Name.2203601",
        "text": "새벽의 불(각인)"
    },
    "82203602": {
        "deprecated": false,
        "id": 82203602,
        "alias": "Contents.Item.Name.2203602",
        "text": "고대의 잔흔(각인)"
    },
    "82203603": {
        "deprecated": false,
        "id": 82203603,
        "alias": "Contents.Item.Name.2203603",
        "text": "폭풍의 전율(각인)"
    },
    "82203604": {
        "deprecated": false,
        "id": 82203604,
        "alias": "Contents.Item.Name.2203604",
        "text": "소천의 불(각인)"
    },
    "82203605": {
        "deprecated": false,
        "id": 82203605,
        "alias": "Contents.Item.Name.2203605",
        "text": "혈염보옥(각인)"
    },
    "82203801": {
        "deprecated": false,
        "id": 82203801,
        "alias": "Contents.Item.Name.2203801",
        "text": "영겁의 섬광(각인)"
    },
    "82203802": {
        "deprecated": false,
        "id": 82203802,
        "alias": "Contents.Item.Name.2203802",
        "text": "종말의 빛(각인)"
    },
    "82204001": {
        "deprecated": false,
        "id": 82204001,
        "alias": "Contents.Item.Name.2204001",
        "text": "연습용 도끼(각인)"
    },
    "82204002": {
        "deprecated": false,
        "id": 82204002,
        "alias": "Contents.Item.Name.2204002",
        "text": "대형도끼(각인)"
    },
    "82204003": {
        "deprecated": false,
        "id": 82204003,
        "alias": "Contents.Item.Name.2204003",
        "text": "벌목도끼(각인)"
    },
    "82204004": {
        "deprecated": false,
        "id": 82204004,
        "alias": "Contents.Item.Name.2204004",
        "text": "청동도끼(각인)"
    },
    "82204005": {
        "deprecated": false,
        "id": 82204005,
        "alias": "Contents.Item.Name.2204005",
        "text": "청옥도끼(각인)"
    },
    "82204006": {
        "deprecated": false,
        "id": 82204006,
        "alias": "Contents.Item.Name.2204006",
        "text": "강철도끼(각인)"
    },
    "82204007": {
        "deprecated": false,
        "id": 82204007,
        "alias": "Contents.Item.Name.2204007",
        "text": "건곤대부(각인)"
    },
    "82204008": {
        "deprecated": false,
        "id": 82204008,
        "alias": "Contents.Item.Name.2204008",
        "text": "청룡극(각인)"
    },
    "82204009": {
        "deprecated": false,
        "id": 82204009,
        "alias": "Contents.Item.Name.2204009",
        "text": "월아산(각인)"
    },
    "82204010": {
        "deprecated": false,
        "id": 82204010,
        "alias": "Contents.Item.Name.2204010",
        "text": "적월극(각인)"
    },
    "82204201": {
        "deprecated": false,
        "id": 82204201,
        "alias": "Contents.Item.Name.2204201",
        "text": "모래폭풍 도끼(각인)"
    },
    "82204202": {
        "deprecated": false,
        "id": 82204202,
        "alias": "Contents.Item.Name.2204202",
        "text": "투사의 도끼(각인)"
    },
    "82204203": {
        "deprecated": false,
        "id": 82204203,
        "alias": "Contents.Item.Name.2204203",
        "text": "처형집행자(각인)"
    },
    "82204204": {
        "deprecated": false,
        "id": 82204204,
        "alias": "Contents.Item.Name.2204204",
        "text": "삭월부(각인)"
    },
    "82204205": {
        "deprecated": false,
        "id": 82204205,
        "alias": "Contents.Item.Name.2204205",
        "text": "신령한 나무도끼(각인)"
    },
    "82204401": {
        "deprecated": false,
        "id": 82204401,
        "alias": "Contents.Item.Name.2204401",
        "text": "금경도끼(각인)"
    },
    "82204402": {
        "deprecated": false,
        "id": 82204402,
        "alias": "Contents.Item.Name.2204402",
        "text": "암영도끼(각인)"
    },
    "82204403": {
        "deprecated": false,
        "id": 82204403,
        "alias": "Contents.Item.Name.2204403",
        "text": "황금도끼(각인)"
    },
    "82204404": {
        "deprecated": false,
        "id": 82204404,
        "alias": "Contents.Item.Name.2204404",
        "text": "광신의 도끼(각인)"
    },
    "82204405": {
        "deprecated": false,
        "id": 82204405,
        "alias": "Contents.Item.Name.2204405",
        "text": "진혼의 도끼(각인)"
    },
    "82204406": {
        "deprecated": false,
        "id": 82204406,
        "alias": "Contents.Item.Name.2204406",
        "text": "야만의 도끼(각인)"
    },
    "82204407": {
        "deprecated": false,
        "id": 82204407,
        "alias": "Contents.Item.Name.2204407",
        "text": "산의 그늘(각인)"
    },
    "82204408": {
        "deprecated": false,
        "id": 82204408,
        "alias": "Contents.Item.Name.2204408",
        "text": "절영대부(각인)"
    },
    "82204409": {
        "deprecated": false,
        "id": 82204409,
        "alias": "Contents.Item.Name.2204409",
        "text": "파괴의 도끼(각인)"
    },
    "82204410": {
        "deprecated": false,
        "id": 82204410,
        "alias": "Contents.Item.Name.2204410",
        "text": "심연의 분쇄자(각인)"
    },
    "82204601": {
        "deprecated": false,
        "id": 82204601,
        "alias": "Contents.Item.Name.2204601",
        "text": "대륙의 방벽(각인)"
    },
    "82204602": {
        "deprecated": false,
        "id": 82204602,
        "alias": "Contents.Item.Name.2204602",
        "text": "심해의 격노(각인)"
    },
    "82204603": {
        "deprecated": false,
        "id": 82204603,
        "alias": "Contents.Item.Name.2204603",
        "text": "돌풍의 쇄도(각인)"
    },
    "82204604": {
        "deprecated": false,
        "id": 82204604,
        "alias": "Contents.Item.Name.2204604",
        "text": "서사의 전승자(각인)"
    },
    "82204605": {
        "deprecated": false,
        "id": 82204605,
        "alias": "Contents.Item.Name.2204605",
        "text": "재의 수호자(각인)"
    },
    "82204801": {
        "deprecated": false,
        "id": 82204801,
        "alias": "Contents.Item.Name.2204801",
        "text": "선악의 무게추(각인)"
    },
    "82204802": {
        "deprecated": false,
        "id": 82204802,
        "alias": "Contents.Item.Name.2204802",
        "text": "영면의 사도(각인)"
    },
    "82205001": {
        "deprecated": false,
        "id": 82205001,
        "alias": "Contents.Item.Name.2205001",
        "text": "연습용 활(각인)"
    },
    "82205002": {
        "deprecated": false,
        "id": 82205002,
        "alias": "Contents.Item.Name.2205002",
        "text": "활(각인)"
    },
    "82205003": {
        "deprecated": false,
        "id": 82205003,
        "alias": "Contents.Item.Name.2205003",
        "text": "나무 활(각인)"
    },
    "82205004": {
        "deprecated": false,
        "id": 82205004,
        "alias": "Contents.Item.Name.2205004",
        "text": "무거운 활(각인)"
    },
    "82205005": {
        "deprecated": false,
        "id": 82205005,
        "alias": "Contents.Item.Name.2205005",
        "text": "구리 활(각인)"
    },
    "82205006": {
        "deprecated": false,
        "id": 82205006,
        "alias": "Contents.Item.Name.2205006",
        "text": "빙염궁(각인)"
    },
    "82205007": {
        "deprecated": false,
        "id": 82205007,
        "alias": "Contents.Item.Name.2205007",
        "text": "일월궁(각인)"
    },
    "82205008": {
        "deprecated": false,
        "id": 82205008,
        "alias": "Contents.Item.Name.2205008",
        "text": "예리한활(각인)"
    },
    "82205009": {
        "deprecated": false,
        "id": 82205009,
        "alias": "Contents.Item.Name.2205009",
        "text": "환목궁(각인)"
    },
    "82205010": {
        "deprecated": false,
        "id": 82205010,
        "alias": "Contents.Item.Name.2205010",
        "text": "흑각궁(각인)"
    },
    "82205201": {
        "deprecated": false,
        "id": 82205201,
        "alias": "Contents.Item.Name.2205201",
        "text": "사막 인도자의 활(각인)"
    },
    "82205202": {
        "deprecated": false,
        "id": 82205202,
        "alias": "Contents.Item.Name.2205202",
        "text": "장군의 활(각인)"
    },
    "82205203": {
        "deprecated": false,
        "id": 82205203,
        "alias": "Contents.Item.Name.2205203",
        "text": "벽사궁(각인)"
    },
    "82205204": {
        "deprecated": false,
        "id": 82205204,
        "alias": "Contents.Item.Name.2205204",
        "text": "백우궁(각인)"
    },
    "82205205": {
        "deprecated": false,
        "id": 82205205,
        "alias": "Contents.Item.Name.2205205",
        "text": "괴이의 활(각인)"
    },
    "82205401": {
        "deprecated": false,
        "id": 82205401,
        "alias": "Contents.Item.Name.2205401",
        "text": "금경장궁(각인)"
    },
    "82205402": {
        "deprecated": false,
        "id": 82205402,
        "alias": "Contents.Item.Name.2205402",
        "text": "밤의 공포(각인)"
    },
    "82205403": {
        "deprecated": false,
        "id": 82205403,
        "alias": "Contents.Item.Name.2205403",
        "text": "황금의 활(각인)"
    },
    "82205404": {
        "deprecated": false,
        "id": 82205404,
        "alias": "Contents.Item.Name.2205404",
        "text": "징벌자의 활(각인)"
    },
    "82205405": {
        "deprecated": false,
        "id": 82205405,
        "alias": "Contents.Item.Name.2205405",
        "text": "추혼의 장궁(각인)"
    },
    "82205406": {
        "deprecated": false,
        "id": 82205406,
        "alias": "Contents.Item.Name.2205406",
        "text": "포식자의 맹습(각인)"
    },
    "82205407": {
        "deprecated": false,
        "id": 82205407,
        "alias": "Contents.Item.Name.2205407",
        "text": "혜성의 궤적(각인)"
    },
    "82205408": {
        "deprecated": false,
        "id": 82205408,
        "alias": "Contents.Item.Name.2205408",
        "text": "부서진 달빛의 활(각인)"
    },
    "82205409": {
        "deprecated": false,
        "id": 82205409,
        "alias": "Contents.Item.Name.2205409",
        "text": "연옥의 빛살(각인)"
    },
    "82205410": {
        "deprecated": false,
        "id": 82205410,
        "alias": "Contents.Item.Name.2205410",
        "text": "심연의 활(각인)"
    },
    "82205601": {
        "deprecated": false,
        "id": 82205601,
        "alias": "Contents.Item.Name.2205601",
        "text": "신궁의 활(각인)"
    },
    "82205602": {
        "deprecated": false,
        "id": 82205602,
        "alias": "Contents.Item.Name.2205602",
        "text": "천적의 자취(각인)"
    },
    "82205603": {
        "deprecated": false,
        "id": 82205603,
        "alias": "Contents.Item.Name.2205603",
        "text": "삭풍의 궤적(각인)"
    },
    "82205604": {
        "deprecated": false,
        "id": 82205604,
        "alias": "Contents.Item.Name.2205604",
        "text": "구전의 줄기(각인)"
    },
    "82205605": {
        "deprecated": false,
        "id": 82205605,
        "alias": "Contents.Item.Name.2205605",
        "text": "불꽃의 소나기(각인)"
    },
    "82205801": {
        "deprecated": false,
        "id": 82205801,
        "alias": "Contents.Item.Name.2205801",
        "text": "신살의 활(각인)"
    },
    "82205802": {
        "deprecated": false,
        "id": 82205802,
        "alias": "Contents.Item.Name.2205802",
        "text": "파천의 시간(각인)"
    },
    "82206001": {
        "deprecated": false,
        "id": 82206001,
        "alias": "Contents.Item.Name.2206001",
        "text": "연습용 법종(각인)"
    },
    "82206002": {
        "deprecated": false,
        "id": 82206002,
        "alias": "Contents.Item.Name.2206002",
        "text": "종(각인)"
    },
    "82206003": {
        "deprecated": false,
        "id": 82206003,
        "alias": "Contents.Item.Name.2206003",
        "text": "나무 법종(각인)"
    },
    "82206004": {
        "deprecated": false,
        "id": 82206004,
        "alias": "Contents.Item.Name.2206004",
        "text": "청동 법종(각인)"
    },
    "82206005": {
        "deprecated": false,
        "id": 82206005,
        "alias": "Contents.Item.Name.2206005",
        "text": "제례의 종(각인)"
    },
    "82206006": {
        "deprecated": false,
        "id": 82206006,
        "alias": "Contents.Item.Name.2206006",
        "text": "팔괘종(각인)"
    },
    "82206007": {
        "deprecated": false,
        "id": 82206007,
        "alias": "Contents.Item.Name.2206007",
        "text": "건곤법종(각인)"
    },
    "82206008": {
        "deprecated": false,
        "id": 82206008,
        "alias": "Contents.Item.Name.2206008",
        "text": "퇴마의 종(각인)"
    },
    "82206009": {
        "deprecated": false,
        "id": 82206009,
        "alias": "Contents.Item.Name.2206009",
        "text": "은빛 법종(각인)"
    },
    "82206010": {
        "deprecated": false,
        "id": 82206010,
        "alias": "Contents.Item.Name.2206010",
        "text": "고요의 법종(각인)"
    },
    "82206201": {
        "deprecated": false,
        "id": 82206201,
        "alias": "Contents.Item.Name.2206201",
        "text": "순례의 종(각인)"
    },
    "82206202": {
        "deprecated": false,
        "id": 82206202,
        "alias": "Contents.Item.Name.2206202",
        "text": "명경의 법종(각인)"
    },
    "82206203": {
        "deprecated": false,
        "id": 82206203,
        "alias": "Contents.Item.Name.2206203",
        "text": "복마의 종(각인)"
    },
    "82206204": {
        "deprecated": false,
        "id": 82206204,
        "alias": "Contents.Item.Name.2206204",
        "text": "달빛의 종(각인)"
    },
    "82206205": {
        "deprecated": false,
        "id": 82206205,
        "alias": "Contents.Item.Name.2206205",
        "text": "도깨비 방울(각인)"
    },
    "82206401": {
        "deprecated": false,
        "id": 82206401,
        "alias": "Contents.Item.Name.2206401",
        "text": "금경법종(각인)"
    },
    "82206402": {
        "deprecated": false,
        "id": 82206402,
        "alias": "Contents.Item.Name.2206402",
        "text": "혼령의 소리굽쇠(각인)"
    },
    "82206403": {
        "deprecated": false,
        "id": 82206403,
        "alias": "Contents.Item.Name.2206403",
        "text": "영혼의 등대(각인)"
    },
    "82206404": {
        "deprecated": false,
        "id": 82206404,
        "alias": "Contents.Item.Name.2206404",
        "text": "팔두령(각인)"
    },
    "82206405": {
        "deprecated": false,
        "id": 82206405,
        "alias": "Contents.Item.Name.2206405",
        "text": "위령의 종(각인)"
    },
    "82206406": {
        "deprecated": false,
        "id": 82206406,
        "alias": "Contents.Item.Name.2206406",
        "text": "원시의 부름(각인)"
    },
    "82206407": {
        "deprecated": false,
        "id": 82206407,
        "alias": "Contents.Item.Name.2206407",
        "text": "별빛의 떨림(각인)"
    },
    "82206408": {
        "deprecated": false,
        "id": 82206408,
        "alias": "Contents.Item.Name.2206408",
        "text": "호수의 법종(각인)"
    },
    "82206409": {
        "deprecated": false,
        "id": 82206409,
        "alias": "Contents.Item.Name.2206409",
        "text": "종언의 선지자(각인)"
    },
    "82206410": {
        "deprecated": false,
        "id": 82206410,
        "alias": "Contents.Item.Name.2206410",
        "text": "심연의 곡성(각인)"
    },
    "82206601": {
        "deprecated": false,
        "id": 82206601,
        "alias": "Contents.Item.Name.2206601",
        "text": "여명의 속삭임(각인)"
    },
    "82206602": {
        "deprecated": false,
        "id": 82206602,
        "alias": "Contents.Item.Name.2206602",
        "text": "창천의 함성(각인)"
    },
    "82206603": {
        "deprecated": false,
        "id": 82206603,
        "alias": "Contents.Item.Name.2206603",
        "text": "산들바람(각인)"
    },
    "82206604": {
        "deprecated": false,
        "id": 82206604,
        "alias": "Contents.Item.Name.2206604",
        "text": "영원의 이야기꾼(각인)"
    },
    "82206605": {
        "deprecated": false,
        "id": 82206605,
        "alias": "Contents.Item.Name.2206605",
        "text": "창생의 불길(각인)"
    },
    "82206801": {
        "deprecated": false,
        "id": 82206801,
        "alias": "Contents.Item.Name.2206801",
        "text": "광휘의 찬가(각인)"
    },
    "82206802": {
        "deprecated": false,
        "id": 82206802,
        "alias": "Contents.Item.Name.2206802",
        "text": "구원의 울림(각인)"
    },
    "82101606": {
        "deprecated": false,
        "id": 82101606,
        "alias": "Contents.Item.Name.2101606",
        "text": "잊혀진 집행자의 검"
    },
    "82102606": {
        "deprecated": false,
        "id": 82102606,
        "alias": "Contents.Item.Name.2102606",
        "text": "잊혀진 단죄의 주먹"
    },
    "82103606": {
        "deprecated": false,
        "id": 82103606,
        "alias": "Contents.Item.Name.2103606",
        "text": "잊혀진 죄업의 거울"
    },
    "82104606": {
        "deprecated": false,
        "id": 82104606,
        "alias": "Contents.Item.Name.2104606",
        "text": "잊혀진 광신의 도끼"
    },
    "82105606": {
        "deprecated": false,
        "id": 82105606,
        "alias": "Contents.Item.Name.2105606",
        "text": "잊혀진 징벌자의 활"
    },
    "82106606": {
        "deprecated": false,
        "id": 82106606,
        "alias": "Contents.Item.Name.2106606",
        "text": "잊혀진 팔두령"
    },
    "82201606": {
        "deprecated": false,
        "id": 82201606,
        "alias": "Contents.Item.Name.2201606",
        "text": "잊혀진 집행자의 검(각인)"
    },
    "82202606": {
        "deprecated": false,
        "id": 82202606,
        "alias": "Contents.Item.Name.2202606",
        "text": "잊혀진 단죄의 주먹(각인)"
    },
    "82203606": {
        "deprecated": false,
        "id": 82203606,
        "alias": "Contents.Item.Name.2203606",
        "text": "잊혀진 죄업의 거울(각인)"
    },
    "82204606": {
        "deprecated": false,
        "id": 82204606,
        "alias": "Contents.Item.Name.2204606",
        "text": "잊혀진 광신의 도끼(각인)"
    },
    "82205606": {
        "deprecated": false,
        "id": 82205606,
        "alias": "Contents.Item.Name.2205606",
        "text": "잊혀진 징벌자의 활(각인)"
    },
    "82206606": {
        "deprecated": false,
        "id": 82206606,
        "alias": "Contents.Item.Name.2206606",
        "text": "잊혀진 팔두령(각인)"
    }
}