{
    "13030000": {
        "deprecated": false,
        "Dev_Desc": "태록림서브_30002_1_제목",
        "id": 13030000,
        "alias": "Contents.Quest.Point.30000",
        "text": "전문가에 문의하기"
    },
    "13030001": {
        "deprecated": false,
        "Dev_Desc": "태록림서브_30002_1_힌트1",
        "id": 13030001,
        "alias": "Contents.Quest.Point.30001",
        "text": "매화단 홍매화에게 문의"
    },
    "13030002": {
        "deprecated": false,
        "Dev_Desc": "태록림서브_30002_1_힌트2",
        "id": 13030002,
        "alias": "Contents.Quest.Point.30002",
        "text": "수양 담당자에게 문의"
    },
    "13030003": {
        "deprecated": false,
        "Dev_Desc": "태록림서브_30200_2_제목",
        "id": 13030003,
        "alias": "Contents.Quest.Point.30003",
        "text": "난간 재료 구하기"
    },
    "13030004": {
        "deprecated": false,
        "Dev_Desc": "태록림서브_30200_2_힌트1",
        "id": 13030004,
        "alias": "Contents.Quest.Point.30004",
        "text": "나무 구하기"
    },
    "13030005": {
        "deprecated": false,
        "Dev_Desc": "태록림서브_30200_2_힌트2",
        "id": 13030005,
        "alias": "Contents.Quest.Point.30005",
        "text": "동물 기름 채취"
    },
    "13030006": {
        "deprecated": false,
        "Dev_Desc": "태록림서브_30200_2_힌트1-1",
        "id": 13030006,
        "alias": "Contents.Quest.Point.30006",
        "text": "나무 구하기"
    },
    "13030007": {
        "deprecated": false,
        "Dev_Desc": "태록림서브_30200_2_힌트1-2",
        "id": 13030007,
        "alias": "Contents.Quest.Point.30007",
        "text": "나무 더 구하기"
    }
}