{
    "13045000": {
        "deprecated": false,
        "Dev_Desc": "비옥스페셜_45002_3_제목",
        "id": 13045000,
        "alias": "Contents.Quest.Point.45000",
        "text": "경제적 가치 확인"
    },
    "13045001": {
        "deprecated": false,
        "Dev_Desc": "비옥스페셜_45002_3_힌트1",
        "id": 13045001,
        "alias": "Contents.Quest.Point.45001",
        "text": "어둑시니 사냥"
    },
    "13045002": {
        "deprecated": false,
        "Dev_Desc": "비옥스페셜_45002_3_힌트2",
        "id": 13045002,
        "alias": "Contents.Quest.Point.45002",
        "text": "잿빛 암각다귀 사냥"
    }
}