{
    "20040000": {
        "deprecated": false,
        "Dev_Desc": "비류하",
        "id": 20040000,
        "alias": "Contents.Quest.Dialogue.40000",
        "text": "무사히 다녀오셨군요. 고생하셨습니다. 자 이제..."
    },
    "20040001": {
        "deprecated": false,
        "Dev_Desc": "아랑",
        "id": 20040001,
        "alias": "Contents.Quest.Dialogue.40001",
        "text": "아아~~~ 좀 봐주라, 돌아온 지 일분도 안되었다고."
    },
    "20040002": {
        "deprecated": false,
        "Dev_Desc": "비류하",
        "id": 20040002,
        "alias": "Contents.Quest.Dialogue.40002",
        "text": "문주로서 응당 해야 할 일을 하신 것 뿐이지 않습니까."
    },
    "20040003": {
        "deprecated": false,
        "Dev_Desc": "아랑",
        "id": 20040003,
        "alias": "Contents.Quest.Dialogue.40003",
        "text": "아아, 알았어 알았어. 스승님께 인사 드리러 가야지. \n<textColor=[255:204:102:255]><myHero.name/></>, 너도 같이 가자."
    },
    "20040004": {
        "deprecated": false,
        "Dev_Desc": "비류하",
        "id": 20040004,
        "alias": "Contents.Quest.Dialogue.40004",
        "text": "아, 그전에 대장로님께 드릴 선물이라도 챙겨 가셔야 하지 않겠습니까?"
    },
    "20040005": {
        "deprecated": false,
        "Dev_Desc": "아랑",
        "id": 20040005,
        "alias": "Contents.Quest.Dialogue.40005",
        "text": "선물? 그거 좋겠다. 스승님이 뭘 좋아하시지?"
    },
    "20040006": {
        "deprecated": false,
        "Dev_Desc": "비류하",
        "id": 20040006,
        "alias": "Contents.Quest.Dialogue.40006",
        "text": "아주 좋아하실 만한 걸 알고 있습니다. \n<textColor=[215:94:94:255]>홍돈족</> 문제 해결이다던가... <textColor=[215:94:94:255]>검은새벽단</> 격퇴라던가..."
    },
    "20040007": {
        "deprecated": false,
        "Dev_Desc": "아랑",
        "id": 20040007,
        "alias": "Contents.Quest.Dialogue.40007",
        "text": "그건 사형이 신경써야 하는 거잖아!"
    },
    "20040008": {
        "deprecated": false,
        "Dev_Desc": "비류하",
        "id": 20040008,
        "alias": "Contents.Quest.Dialogue.40008",
        "text": "<textColor=[78:148:215:255]>풍백문</>을 위한 거라면 당연히 문주님도 신경쓰셔야지요. \n대장로님께서도 골치깨나 썩고 계십니다. 문안 인사에 딱 맞는 선물이 될 겁니다."
    },
    "20040009": {
        "deprecated": false,
        "Dev_Desc": "아랑",
        "id": 20040009,
        "alias": "Contents.Quest.Dialogue.40009",
        "text": "으으... 알았어. 이왕 하는 거 빨리 해버리자. \n가자 <textColor=[255:204:102:255]><myHero.name/></>."
    },
    "20040010": {
        "deprecated": false,
        "Dev_Desc": "순찰조장",
        "id": 20040010,
        "alias": "Contents.Quest.Dialogue.40010",
        "text": "문주님 아니십니까?! 어쩐 일이십니까?"
    },
    "20040011": {
        "deprecated": false,
        "Dev_Desc": "아랑",
        "id": 20040011,
        "alias": "Contents.Quest.Dialogue.40011",
        "text": "<textColor=[78:148:215:255]>비류하</> 사형이 보내서 왔어. \n<textColor=[215:94:94:255]>홍돈족</> 관련해서는 조장한테 물어보라던데?"
    },
    "20040012": {
        "deprecated": false,
        "Dev_Desc": "순찰조장",
        "id": 20040012,
        "alias": "Contents.Quest.Dialogue.40012",
        "text": "맞습니다. 제가 <textColor=[215:94:94:255]>홍돈족</> 관련된 문제를 담당하고 있습니다. \n문주님께서 친히 해결해주러 오셨군요. 좋습니다. 그럼 상황을 설명드리겠습니다."
    },
    "20040013": {
        "deprecated": false,
        "Dev_Desc": "순찰조장",
        "id": 20040013,
        "alias": "Contents.Quest.Dialogue.40013",
        "text": "<textColor=[78:148:215:255]>수양</> 탐사대가 약속을 어긴 이후로 쭉 화가 나있던 <textColor=[215:94:94:255]>홍돈족</>이었지만, 저희 문파를 공격했던 적은 없었습니다. 그러나 얼마 전부터는 통행로에서 저희 문파원들까지 공격하기 시작했습니다."
    },
    "20040014": {
        "deprecated": false,
        "Dev_Desc": "아랑",
        "id": 20040014,
        "alias": "Contents.Quest.Dialogue.40014",
        "text": "원래도 조금 화가 많은 녀석들이 잖아, <textColor=[215:94:94:255]>홍돈족</> 녀석들. \n그래도 우리까지 공격하다니 이상한 일이네. 그래서 뭐 좀 알아낸 게 있어?"
    },
    "20040015": {
        "deprecated": false,
        "Dev_Desc": "순찰조장",
        "id": 20040015,
        "alias": "Contents.Quest.Dialogue.40015",
        "text": "<textColor=[78:148:215:255]>수양</> 사태에 대해 비교적 온건파였던 <textColor=[215:94:94:255]>홍돈족</>들 역시 난폭해졌지만 \n다행히 온건파의 우두머리인 <textColor=[78:148:215:255]>홍돈칠</>은 무리를 빠져나와 저희에게 도움을 요청해왔습니다."
    },
    "20040016": {
        "deprecated": false,
        "Dev_Desc": "아랑",
        "id": 20040016,
        "alias": "Contents.Quest.Dialogue.40016",
        "text": "<textColor=[78:148:215:255]>홍돈칠</>이면 <textColor=[215:94:94:255]>홍돈팔</>의 형이잖아. 의외네. \n<textColor=[215:94:94:255]>홍돈팔</>보다 더 난폭할 거라고 생각했는데."
    },
    "20040017": {
        "deprecated": false,
        "Dev_Desc": "아랑",
        "id": 20040017,
        "alias": "Contents.Quest.Dialogue.40017",
        "text": "그래서 지금 <textColor=[78:148:215:255]>홍돈칠</>은 어디있어? \n한 번 만나서 얘기를 들어봐야 할 것 같아."
    },
    "20040018": {
        "deprecated": false,
        "Dev_Desc": "순찰조장",
        "id": 20040018,
        "alias": "Contents.Quest.Dialogue.40018",
        "text": "저희 조원 둘이 그를 보호하고 있습니다. \n가보시면 만나보실 수 있을 겁니다."
    },
    "20040019": {
        "deprecated": false,
        "Dev_Desc": "아랑",
        "id": 20040019,
        "alias": "Contents.Quest.Dialogue.40019",
        "text": "알겠어. 고마워!"
    },
    "20040020": {
        "deprecated": false,
        "Dev_Desc": "순찰조원",
        "id": 20040020,
        "alias": "Contents.Quest.Dialogue.40020",
        "text": "존명! 문주님을 뵙습니다."
    },
    "20040021": {
        "deprecated": false,
        "Dev_Desc": "아랑",
        "id": 20040021,
        "alias": "Contents.Quest.Dialogue.40021",
        "text": "존명은 무슨... 너무 그렇게 깍듯하게 굴지 않아도 돼. \n조장한테 들었어. <textColor=[78:148:215:255]>홍돈칠</>은 어디있어?"
    },
    "20040022": {
        "deprecated": false,
        "Dev_Desc": "순찰조원",
        "id": 20040022,
        "alias": "Contents.Quest.Dialogue.40022",
        "text": "이 안쪽에 있습니다. 들어가시지요."
    },
    "20040023": {
        "deprecated": false,
        "Dev_Desc": "홍돈칠",
        "id": 20040023,
        "alias": "Contents.Quest.Dialogue.40023",
        "text": "그쪽이 <textColor=[78:148:215:255]>풍백문</> 문주셔~?"
    },
    "20040024": {
        "deprecated": false,
        "Dev_Desc": "아랑",
        "id": 20040024,
        "alias": "Contents.Quest.Dialogue.40024",
        "text": "응, 반가워. 난 <textColor=[78:148:215:255]>풍백문</>의 문주 <textColor=[78:148:215:255]>아랑</>이야."
    },
    "20040025": {
        "deprecated": false,
        "Dev_Desc": "홍돈칠",
        "id": 20040025,
        "alias": "Contents.Quest.Dialogue.40025",
        "text": "옆에 있는 사람은 누구셔~? \n이 얘기에 도움이 될 것 같지 않은 사람은 빠지셔~"
    },
    "20040026": {
        "deprecated": false,
        "Dev_Desc": "아랑",
        "id": 20040026,
        "alias": "Contents.Quest.Dialogue.40026",
        "text": "아, 내 친구야. 실력은 내가 보장할게."
    },
    "20040027": {
        "deprecated": false,
        "Dev_Desc": "홍돈칠",
        "id": 20040027,
        "alias": "Contents.Quest.Dialogue.40027",
        "text": "보장은 필요 없으셔~ 나는 내가 본 것만 믿으셔~"
    },
    "20040028": {
        "deprecated": false,
        "Dev_Desc": "아랑",
        "id": 20040028,
        "alias": "Contents.Quest.Dialogue.40028",
        "text": "그럼 보여줘야 겠는데? <textColor=[255:204:102:255]><myHero.name/></>."
    },
    "20040029": {
        "deprecated": false,
        "Dev_Desc": "아랑",
        "id": 20040029,
        "alias": "Contents.Quest.Dialogue.40030",
        "text": "하핫. 살살하라구~!"
    },
    "20040030": {
        "deprecated": false,
        "Dev_Desc": "홍돈칠",
        "id": 20040030,
        "alias": "Contents.Quest.Dialogue.40031",
        "text": "인간. 의외로 강하셔~?"
    },
    "20040031": {
        "deprecated": false,
        "Dev_Desc": "PC",
        "id": 20040031,
        "alias": "Contents.Quest.Dialogue.40032",
        "text": "(<textColor=[78:148:215:255]>홍돈칠</> 역시 강했다고 한다)"
    },
    "20040032": {
        "deprecated": false,
        "Dev_Desc": "아랑",
        "id": 20040032,
        "alias": "Contents.Quest.Dialogue.40033",
        "text": "그러게. <textColor=[215:94:94:255]>홍돈팔</>만 강한 줄 알았는데. 역시 형제인가?"
    },
    "20040033": {
        "deprecated": false,
        "Dev_Desc": "홍돈칠",
        "id": 20040033,
        "alias": "Contents.Quest.Dialogue.40034",
        "text": "<textColor=[215:94:94:255]>팔팔이</>는 나보다 훨씬 강하셔~ 몇 년 전 <textColor=[215:94:94:255]>팔팔이</>의 부하가 이 근처에서 이상한 돌을 발견했셔. 그 이후로 <textColor=[215:94:94:255]>팔팔이</>랑 부하녀석들이 점점 난폭해졌셔."
    },
    "20040034": {
        "deprecated": false,
        "Dev_Desc": "아랑",
        "id": 20040034,
        "alias": "Contents.Quest.Dialogue.40035",
        "text": "<textColor=[255:204:102:255]>'이상한 돌'</>이라... <textColor=[255:204:102:255]>비옥</>인가? 아니지. <textColor=[255:204:102:255]>비옥</>이 사람을 난폭하게 만들진 않는데. \n그렇다면 <textColor=[255:204:102:255]>탁회암</>인가..."
    },
    "20040035": {
        "deprecated": false,
        "Dev_Desc": "PC",
        "id": 20040035,
        "alias": "Contents.Quest.Dialogue.40036",
        "text": "(<textColor=[255:204:102:255]>탁회암</>이 뭔지 물어본다)"
    },
    "20040036": {
        "deprecated": false,
        "Dev_Desc": "아랑",
        "id": 20040036,
        "alias": "Contents.Quest.Dialogue.40037",
        "text": "정확히 밝혀지진 않았는데, <textColor=[255:204:102:255]>탁회암</>의 기운에 영향을 받으면 이성을 잃거나 외형이 변한다는 이야기를 들은 적이있어."
    },
    "20040037": {
        "deprecated": false,
        "Dev_Desc": "아랑",
        "id": 20040037,
        "alias": "Contents.Quest.Dialogue.40038",
        "text": "일단 <textColor=[215:94:94:255]>홍돈족</>이 그 <textColor=[255:204:102:255]>이상한 돌</>을 가지고 있는지 확인해야겠는데?"
    },
    "20040038": {
        "deprecated": false,
        "Dev_Desc": "홍돈칠",
        "id": 20040038,
        "alias": "Contents.Quest.Dialogue.40039",
        "text": "자, 이 약을 아주 먹음직한 음식에 타서 <textColor=[215:94:94:255]>팔팔이</>를 약하게 만들고 제압해보셔. <textColor=[215:94:94:255]>팔팔이</>가 가끔 혼자 진흙 목욕하는 위치를 내가 알려주겠셔."
    },
    "20040039": {
        "deprecated": false,
        "Dev_Desc": "홍돈칠",
        "id": 20040039,
        "alias": "Contents.Quest.Dialogue.40040",
        "text": "나는 이 약을 먹여도 이기지 못할 것 같아 시도해보지 못했으셔. \n문주야 걱정할 거 없고, 옆에 인간도 아까 실력을 보니 둘이 함께면 가능할 것 같으셔~"
    },
    "20040040": {
        "deprecated": false,
        "Dev_Desc": "아랑",
        "id": 20040040,
        "alias": "Contents.Quest.Dialogue.40041",
        "text": "오, 고마워. 맡겨두라고!"
    },
    "20040041": {
        "deprecated": false,
        "Dev_Desc": "홍돈팔",
        "id": 20040041,
        "alias": "Contents.Quest.Dialogue.40042",
        "text": "이게 웬 음식이셔~?"
    },
    "20040042": {
        "deprecated": false,
        "Dev_Desc": "PC",
        "id": 20040042,
        "alias": "Contents.Quest.Dialogue.40043",
        "text": "(계획대로 <textColor=[215:94:94:255]>홍돈팔</>이 음식을 먹는 것 같다)"
    },
    "20040043": {
        "deprecated": false,
        "Dev_Desc": "PC",
        "id": 20040043,
        "alias": "Contents.Quest.Dialogue.40044",
        "text": "(<textColor=[215:94:94:255]>홍돈팔</>의 상태가 이상한 것 같다!)"
    },
    "20040044": {
        "deprecated": false,
        "Dev_Desc": "아랑",
        "id": 20040044,
        "alias": "Contents.Quest.Dialogue.40045",
        "text": "약해졌어도 역시 <textColor=[215:94:94:255]>홍돈족 족장</>이군. 대단한 힘이었어."
    },
    "20040045": {
        "deprecated": false,
        "Dev_Desc": "PC",
        "id": 20040045,
        "alias": "Contents.Quest.Dialogue.40046",
        "text": "(엄청나게 강했다고 말한다)"
    },
    "20040046": {
        "deprecated": false,
        "Dev_Desc": "홍돈팔",
        "id": 20040046,
        "alias": "Contents.Quest.Dialogue.40047",
        "text": "이게 무슨 짓이셔... 크윽... 그나저나 여긴 어디셔..."
    },
    "20040047": {
        "deprecated": false,
        "Dev_Desc": "아랑",
        "id": 20040047,
        "alias": "Contents.Quest.Dialogue.40048",
        "text": "정신이 좀 돌아왔나? 몇 년 전에 손에 넣었다는 그 돌이 어디있는지 말해줘. \n그 돌이 너희가 이상해진 원인이야!"
    },
    "20040048": {
        "deprecated": false,
        "Dev_Desc": "홍돈팔",
        "id": 20040048,
        "alias": "Contents.Quest.Dialogue.40049",
        "text": "돌...? 이걸... 말하는... 건가?"
    },
    "20040049": {
        "deprecated": false,
        "Dev_Desc": "아랑",
        "id": 20040049,
        "alias": "Contents.Quest.Dialogue.40050",
        "text": "오! 그거 같은데?!"
    },
    "20040050": {
        "deprecated": false,
        "Dev_Desc": "홍돈팔",
        "id": 20040050,
        "alias": "Contents.Quest.Dialogue.40051",
        "text": "이건... 줄... 수... 쿠울~ 쿠~울"
    },
    "20040051": {
        "deprecated": false,
        "Dev_Desc": "아랑",
        "id": 20040051,
        "alias": "Contents.Quest.Dialogue.40052",
        "text": "잠...든 것 같은데?"
    },
    "20040052": {
        "deprecated": false,
        "Dev_Desc": "아랑",
        "id": 20040052,
        "alias": "Contents.Quest.Dialogue.40053",
        "text": "이런... <textColor=[78:148:215:255]>홍돈칠</>이 준게 대량의 수면제였나봐. \n소란을 피웠으니 곧 <textColor=[215:94:94:255]>홍돈족</> 녀석들이 들이닥칠거야. 돌을 파괴하고 떠나자!"
    },
    "20040053": {
        "deprecated": false,
        "Dev_Desc": "홍도니",
        "id": 20040053,
        "alias": "Contents.Quest.Dialogue.40054",
        "text": "<textColor=[78:148:215:255]>홍돈칠</>님이 보내서왔으셔~! \n또 다른 부탁들을 전하러 왔으셔~"
    },
    "20040054": {
        "deprecated": false,
        "Dev_Desc": "아랑",
        "id": 20040054,
        "alias": "Contents.Quest.Dialogue.40055",
        "text": "부탁이라고? 하, 뭔지 들어나보자."
    },
    "20040055": {
        "deprecated": false,
        "Dev_Desc": "홍도니",
        "id": 20040055,
        "alias": "Contents.Quest.Dialogue.40056",
        "text": "사로잡힌 온건파 부하들을 풀어달라고 했으셔~ \n그리고 온건파 부하들이 쓸 무기들도 구해달라고 했으셔~"
    },
    "20040056": {
        "deprecated": false,
        "Dev_Desc": "아랑",
        "id": 20040056,
        "alias": "Contents.Quest.Dialogue.40057",
        "text": "아주 심부름을 시키는구만? "
    },
    "20040057": {
        "deprecated": false,
        "Dev_Desc": "PC",
        "id": 20040057,
        "alias": "Contents.Quest.Dialogue.40058",
        "text": "(그래도 도와주자고 한다)"
    },
    "20040058": {
        "deprecated": false,
        "Dev_Desc": "아랑",
        "id": 20040058,
        "alias": "Contents.Quest.Dialogue.40059",
        "text": "그래, 알았어. 뭐 일단 왔으니 도와줘볼까나?"
    },
    "20040059": {
        "deprecated": false,
        "Dev_Desc": "홍도니",
        "id": 20040059,
        "alias": "Contents.Quest.Dialogue.40060",
        "text": "정말 고마우셔~"
    },
    "20040060": {
        "deprecated": false,
        "Dev_Desc": "홍돈칠",
        "id": 20040060,
        "alias": "Contents.Quest.Dialogue.40061",
        "text": "부탁을 들어줘서 고마우셔~ 돌을 파괴했다고 들었으셔~"
    },
    "20040061": {
        "deprecated": false,
        "Dev_Desc": "아랑",
        "id": 20040061,
        "alias": "Contents.Quest.Dialogue.40062",
        "text": "응. 아무래도 <textColor=[255:204:102:255]>탁회암</>이 원인 같아서 파괴해버렸어. \n<textColor=[215:94:94:255]>홍돈족</>의 난폭함이 없어지는지 두고 봐야하겠지?"
    },
    "20040062": {
        "deprecated": false,
        "Dev_Desc": "홍돈칠",
        "id": 20040062,
        "alias": "Contents.Quest.Dialogue.40063",
        "text": "한 번 이상해진 정신은 쉽게 돌아오지 않는 것 같으셔~ \n내 부하들도 아직은 좀 이상하셔..."
    },
    "20040063": {
        "deprecated": false,
        "Dev_Desc": "아랑",
        "id": 20040063,
        "alias": "Contents.Quest.Dialogue.40064",
        "text": "시간이 좀 필요하겠네. 앞으로 어떻게 할 계획이야?"
    },
    "20040064": {
        "deprecated": false,
        "Dev_Desc": "홍돈칠",
        "id": 20040064,
        "alias": "Contents.Quest.Dialogue.40065",
        "text": "<textColor=[215:94:94:255]>홍돈족</>의 문제니 앞으로는 내가 최대한 해결해보겠으셔~ \n<textColor=[78:148:215:255]>풍백문</>을 공격하는 일은 최대한 없게 만들겠셔!"
    },
    "20040065": {
        "deprecated": false,
        "Dev_Desc": "아랑",
        "id": 20040065,
        "alias": "Contents.Quest.Dialogue.40066",
        "text": "반가운 말이네. 고마워."
    },
    "20040066": {
        "deprecated": false,
        "Dev_Desc": "홍돈칠",
        "id": 20040066,
        "alias": "Contents.Quest.Dialogue.40067",
        "text": "내가 더 고마우셔~"
    },
    "20040067": {
        "deprecated": false,
        "Dev_Desc": "전투조장",
        "id": 20040067,
        "alias": "Contents.Quest.Dialogue.40068",
        "text": "존명! 문주님을 뵙습니다."
    },
    "20040068": {
        "deprecated": false,
        "Dev_Desc": "아랑",
        "id": 20040068,
        "alias": "Contents.Quest.Dialogue.40069",
        "text": "자꾸 다들... 너무 깍듯하게 안해도 된다니까 정말"
    },
    "20040069": {
        "deprecated": false,
        "Dev_Desc": "전투조장",
        "id": 20040069,
        "alias": "Contents.Quest.Dialogue.40070",
        "text": "알겠습니다. 문주님께서 어쩐일이십니까?"
    },
    "20040070": {
        "deprecated": false,
        "Dev_Desc": "아랑",
        "id": 20040070,
        "alias": "Contents.Quest.Dialogue.40071",
        "text": "<textColor=[78:148:215:255]>비류하</> 사형이 말해줬어. 요즘 <textColor=[215:94:94:255]>검은새벽단</>인가 하는 녀석들 때문에 골치라면서. 상황이 어때?"
    },
    "20040071": {
        "deprecated": false,
        "Dev_Desc": "전투조장",
        "id": 20040071,
        "alias": "Contents.Quest.Dialogue.40072",
        "text": "그들은 <textColor=[215:94:94:255]>수라</>를 숭배하는 자들로 광신도에 가깝습니다. \n현재 <textColor=[110:216:175:255]>원령의 언덕</>에서 저희 <textColor=[78:148:215:255]>풍백문</> 전투조와 대치 중입니다."
    },
    "20040072": {
        "deprecated": false,
        "Dev_Desc": "아랑",
        "id": 20040072,
        "alias": "Contents.Quest.Dialogue.40073",
        "text": "<textColor=[215:94:94:255]>수라</>를 숭배한다라... 칫. 결국 우리랑은 적대적일 수 밖에 없네. \n이건 문제가 오히려 간단하겠어. 안그래? <textColor=[255:204:102:255]><myHero.name/></>."
    },
    "20040073": {
        "deprecated": false,
        "Dev_Desc": "전투조장",
        "id": 20040073,
        "alias": "Contents.Quest.Dialogue.40075",
        "text": "그럼 <textColor=[110:216:175:255]>원령의 언덕</>에서 저희 백인장과 자세한 이야기 나눠보시죠."
    },
    "20040074": {
        "deprecated": false,
        "Dev_Desc": "아랑",
        "id": 20040074,
        "alias": "Contents.Quest.Dialogue.40076",
        "text": "알았어. 자~ 박살내주러 가자고!"
    },
    "20040075": {
        "deprecated": false,
        "Dev_Desc": "백인장",
        "id": 20040075,
        "alias": "Contents.Quest.Dialogue.40077",
        "text": "존!, 아차차... 문주님 오셨군요. \n안그래도 조장님께 연통받았습니다. 바로 상황 설명 드리겠습니다."
    },
    "20040076": {
        "deprecated": false,
        "Dev_Desc": "백인장",
        "id": 20040076,
        "alias": "Contents.Quest.Dialogue.40078",
        "text": "현재 언덕 입구에서 십인조가 전투 중에 있습니다. 입구를 돌파했던 십인조는 현재 상황을 알 수 없습니다. 그리고 소수 인원이 언덕 깊은 곳에 감금되어 있습니다."
    },
    "20040077": {
        "deprecated": false,
        "Dev_Desc": "백인장",
        "id": 20040077,
        "alias": "Contents.Quest.Dialogue.40079",
        "text": "문주님께서 입구를 다시 돌파해\n내부에 있는 십인조와 함께 감금된 인원을 구해주시면 될 것 같습니다."
    },
    "20040078": {
        "deprecated": false,
        "Dev_Desc": "아랑",
        "id": 20040078,
        "alias": "Contents.Quest.Dialogue.40080",
        "text": "음... 간단히 말하자면 입구부터 쓸어 버리면 된다는 거지? \n알겠어! 그럼 가보자!"
    },
    "20040079": {
        "deprecated": false,
        "Dev_Desc": "백인장",
        "id": 20040079,
        "alias": "Contents.Quest.Dialogue.40081",
        "text": "그... 그런..."
    },
    "20040080": {
        "deprecated": false,
        "Dev_Desc": "십인장",
        "id": 20040080,
        "alias": "Contents.Quest.Dialogue.40083",
        "text": "감사합니다! 문주님!"
    },
    "20040081": {
        "deprecated": false,
        "Dev_Desc": "아랑",
        "id": 20040081,
        "alias": "Contents.Quest.Dialogue.40084",
        "text": "별거 아니야. 그것보다 이 녀석들 세가 이 정도나 강했단 말이야? \n그동안 고생했겠어. 그래도 이 정도면 잠깐은 주춤해지려나?"
    },
    "20040082": {
        "deprecated": false,
        "Dev_Desc": "PC",
        "id": 20040082,
        "alias": "Contents.Quest.Dialogue.40085",
        "text": "(충분히 타격을 줬다고 말한다)"
    },
    "20040083": {
        "deprecated": false,
        "Dev_Desc": "십인장",
        "id": 20040083,
        "alias": "Contents.Quest.Dialogue.40086",
        "text": "어디서 나타나는지 모르겠지만 금방 녀석들의 증원이 올 겁니다. \n우선 대장으로 보이는 녀석을 제압하셨으니 빠져나가시지요."
    },
    "20040084": {
        "deprecated": false,
        "Dev_Desc": "아랑",
        "id": 20040084,
        "alias": "Contents.Quest.Dialogue.40087",
        "text": "칫. 알았어. 맘 같아서는 쓸어버리고 싶은데 다들 상태가 말이 아니네. \n<textColor=[78:148:215:255]>풍백문</>으로 바로 돌아가자."
    },
    "20040085": {
        "deprecated": false,
        "Dev_Desc": "아랑",
        "id": 20040085,
        "alias": "Contents.Quest.Dialogue.40088",
        "text": "나는 문파원들을 추슬러서 돌아갈테니 먼저 가있을래? <textColor=[255:204:102:255]><myHero.name/></>."
    },
    "20040086": {
        "deprecated": false,
        "Dev_Desc": "PC",
        "id": 20040086,
        "alias": "Contents.Quest.Dialogue.40089",
        "text": "(<textColor=[78:148:215:255]>아랑</>을 돕겠다고 한다)"
    },
    "20040087": {
        "deprecated": false,
        "Dev_Desc": "아랑",
        "id": 20040087,
        "alias": "Contents.Quest.Dialogue.40090",
        "text": "고마워. 그럼 어서 빠져나가자."
    },
    "20040088": {
        "deprecated": false,
        "Dev_Desc": "아랑",
        "id": 20040088,
        "alias": "Contents.Quest.Dialogue.40091",
        "text": "왔던 길로 돌아가는 것보다 차라리 절벽을 타고 내려가는 게 나을 것 같아. \n다들 부상자들을 꽉 붙들어메고! 가자!"
    },
    "20040089": {
        "deprecated": false,
        "Dev_Desc": "십인장",
        "id": 20040089,
        "alias": "Contents.Quest.Dialogue.40093",
        "text": "알겠습니다! 문주님! 다들 조심해!"
    },
    "20040090": {
        "deprecated": false,
        "Dev_Desc": "PC",
        "id": 20040090,
        "alias": "Contents.Quest.Dialogue.40094",
        "text": "(문파원들을 다독이며 절벽으로 이동한다)"
    },
    "20040091": {
        "deprecated": false,
        "Dev_Desc": "아랑",
        "id": 20040091,
        "alias": "Contents.Quest.Dialogue.40095",
        "text": "으와... 아슬아슬했다."
    },
    "20040092": {
        "deprecated": false,
        "Dev_Desc": "PC",
        "id": 20040092,
        "alias": "Contents.Quest.Dialogue.40096",
        "text": "(다시는 절벽으로 뛰어내리는 전략에 동조하지 않을 것이라 말한다)"
    },
    "20040093": {
        "deprecated": false,
        "Dev_Desc": "아랑",
        "id": 20040093,
        "alias": "Contents.Quest.Dialogue.40097",
        "text": "나도 동감이야. 휴... <textColor=[78:148:215:255]>풍백문</>으로 돌아가자."
    },
    "20040094": {
        "deprecated": false,
        "Dev_Desc": "비류하",
        "id": 20040094,
        "alias": "Contents.Quest.Dialogue.40099",
        "text": "돌아오셨군요. 문주님. 활약이 아주 대단하셨다고 들었습니다. \n대장로님께서도 아주 좋아하실 겁니다."
    },
    "20040095": {
        "deprecated": false,
        "Dev_Desc": "아랑",
        "id": 20040095,
        "alias": "Contents.Quest.Dialogue.40100",
        "text": "놀리지마 사형. 아슬아슬했다고. \n너무 성급히 판단해서 문파원들이 위험했어."
    },
    "20040096": {
        "deprecated": false,
        "Dev_Desc": "비류하",
        "id": 20040096,
        "alias": "Contents.Quest.Dialogue.40101",
        "text": "호오. 문주님께서 그런 생각도 다하시고! \n이번에 선물을 준비한 보람이 곱절은 되겠군요."
    },
    "20040097": {
        "deprecated": false,
        "Dev_Desc": "아랑",
        "id": 20040097,
        "alias": "Contents.Quest.Dialogue.40102",
        "text": "어휴... 그저 사형은 나 놀리는 재미로 살지."
    },
    "20040098": {
        "deprecated": false,
        "Dev_Desc": "아랑",
        "id": 20040098,
        "alias": "Contents.Quest.Dialogue.40104",
        "text": "너도 참~! 가자 스승님께. \n선물도 준비했으니 혼내시지는 않을 거야."
    },
    "20040099": {
        "deprecated": false,
        "Dev_Desc": "비류하",
        "id": 20040099,
        "alias": "Contents.Quest.Dialogue.40105",
        "text": "빈손으로 가셨어도 좋아하셨을 겁니다. 스승님께서는."
    },
    "20040100": {
        "deprecated": false,
        "Dev_Desc": "아랑",
        "id": 20040100,
        "alias": "Contents.Quest.Dialogue.40106",
        "text": "그런가? 하하. 어서 가자, <textColor=[255:204:102:255]><myHero.name/></>."
    },
    "20040101": {
        "deprecated": false,
        "Dev_Desc": "송시국",
        "id": 20040101,
        "alias": "Contents.Quest.Dialogue.40107",
        "text": "본인이 필요할 때만 나타나서 <textColor=[255:204:102:255]>비옥</>이나 내놓으라고 하는 작자가 \n문주가 될 자격이 있다고 생각하십니까, 아버지?"
    },
    "20040102": {
        "deprecated": false,
        "Dev_Desc": "송문악",
        "id": 20040102,
        "alias": "Contents.Quest.Dialogue.40108",
        "text": "문주님의 뜻이다! 어찌 그런 망발을 하는 게야!"
    },
    "20040103": {
        "deprecated": false,
        "Dev_Desc": "송시국",
        "id": 20040103,
        "alias": "Contents.Quest.Dialogue.40109",
        "text": "문주, 문주, 문주! \n어째서 그녀석이 문주입니까? 제가 아니고!? "
    },
    "20040104": {
        "deprecated": false,
        "Dev_Desc": "송시국",
        "id": 20040104,
        "alias": "Contents.Quest.Dialogue.40110",
        "text": "본래 그 녀석이 태어나기 전부터 아버지께서 문주셨건만, \n응당 문주 자리는 아들에게 물려주셨어야 하는 거 아닙니까?"
    },
    "20040105": {
        "deprecated": false,
        "Dev_Desc": "송문악",
        "id": 20040105,
        "alias": "Contents.Quest.Dialogue.40111",
        "text": "문주는 핏줄로 이어받는게 아니야! 실력과 자격이 필요하다는 걸 왜 아직도 깨닫지 못하는 것이냐! \n이러니 네가 부족하다고 말하는 것이다!"
    },
    "20040106": {
        "deprecated": false,
        "Dev_Desc": "송시국",
        "id": 20040106,
        "alias": "Contents.Quest.Dialogue.40112",
        "text": "실력? 하! 우습군요. 좋습니다. \n그 실력이라는 것, 제가 한번 보여 드리지요. "
    },
    "20040107": {
        "deprecated": false,
        "Dev_Desc": "송시국",
        "id": 20040107,
        "alias": "Contents.Quest.Dialogue.40113",
        "text": "그 자식보다 <textColor=[255:204:102:255]>비옥</>을 먼저 가져다 드릴테니, \n그땐 저에게 문주 자리를 바치셔야 할 것입니다!!"
    },
    "20040108": {
        "deprecated": false,
        "Dev_Desc": "아랑",
        "id": 20040108,
        "alias": "Contents.Quest.Dialogue.40114",
        "text": "지금은 시기가 좀 안좋은 것 같은데?"
    },
    "20040109": {
        "deprecated": false,
        "Dev_Desc": "PC",
        "id": 20040109,
        "alias": "Contents.Quest.Dialogue.40115",
        "text": "(그런 것 같다고 말한다)"
    },
    "20040110": {
        "deprecated": false,
        "Dev_Desc": "아랑",
        "id": 20040110,
        "alias": "Contents.Quest.Dialogue.40116",
        "text": "그러지 말고 잠시 주변을 좀 둘러보는 건 어때?\n잠시만 시간을 보내다 오면 될 거야."
    },
    "20040111": {
        "deprecated": false,
        "Dev_Desc": "PC",
        "id": 20040111,
        "alias": "Contents.Quest.Dialogue.40117",
        "text": "(그렇게 하겠다고 말한다)"
    },
    "20040112": {
        "deprecated": false,
        "Dev_Desc": "아랑",
        "id": 20040112,
        "alias": "Contents.Quest.Dialogue.40118",
        "text": "그럼 천천히 보고 와. 이따가 보자."
    },
    "20040113": {
        "deprecated": false,
        "Dev_Desc": "아랑",
        "id": 20040113,
        "alias": "Contents.Quest.Dialogue.40119",
        "text": "마침 잘 왔어. 사부님. 제가 말했던 친구가 이녀석이에요. "
    },
    "20040114": {
        "deprecated": false,
        "Dev_Desc": "송문악",
        "id": 20040114,
        "alias": "Contents.Quest.Dialogue.40120",
        "text": "오, 저희 문주님과 동문이시라는 분이 바로 당신이시군요. \n이렇게 만나뵙게 되어 반갑습니다."
    },
    "20040115": {
        "deprecated": false,
        "Dev_Desc": "PC",
        "id": 20040115,
        "alias": "Contents.Quest.Dialogue.40121",
        "text": "(<textColor=[78:148:215:255]>송문악</>에게 예를 갖추며 말을 낮추라 말한다)"
    },
    "20040116": {
        "deprecated": false,
        "Dev_Desc": "송문악",
        "id": 20040116,
        "alias": "Contents.Quest.Dialogue.40122",
        "text": "그럴 순 없습니다. \n제가 한때 스승이었다고는 하나, 이제는 어엿한 문주님과 그의 붕우님 아니십니까."
    },
    "20040117": {
        "deprecated": false,
        "Dev_Desc": "아랑",
        "id": 20040117,
        "alias": "Contents.Quest.Dialogue.40123",
        "text": "깐깐하시기는... 하여간 여전하시다니까. \n그러니까 <textColor=[78:148:215:255]>시국 사형</>도 그렇게..."
    },
    "20040118": {
        "deprecated": false,
        "Dev_Desc": "아랑",
        "id": 20040118,
        "alias": "Contents.Quest.Dialogue.40125",
        "text": "그래서, 지금 상황이 어떤 거에요?"
    },
    "20040119": {
        "deprecated": false,
        "Dev_Desc": "송문악",
        "id": 20040119,
        "alias": "Contents.Quest.Dialogue.40126",
        "text": "... <textColor=[78:148:215:255]>시국이</>는 거대 <textColor=[255:204:102:255]>비옥</>을 회수해 오겠다며 옛 <textColor=[255:204:102:255]>비옥</>터로 갔습니다. "
    },
    "20040120": {
        "deprecated": false,
        "Dev_Desc": "아랑",
        "id": 20040120,
        "alias": "Contents.Quest.Dialogue.40127",
        "text": "하지만 그곳은 일개 인간이 갔다간 오히려 불마에 당할텐데?"
    },
    "20040121": {
        "deprecated": false,
        "Dev_Desc": "송문악",
        "id": 20040121,
        "alias": "Contents.Quest.Dialogue.40129",
        "text": "부탁드립니다. 못난 자식이지만 그래도 제 자식입니다. \n그동안의 정을 생각해서라도 시국이를 구해 주십시오. "
    },
    "20040122": {
        "deprecated": false,
        "Dev_Desc": "아랑",
        "id": 20040122,
        "alias": "Contents.Quest.Dialogue.40131",
        "text": "이러시지 않아도 됩니다. \n<textColor=[78:148:215:255]>시국 사형</>은 어릴 적 저와 함께 자란 친구이기도 한 걸요. "
    },
    "20040123": {
        "deprecated": false,
        "Dev_Desc": "PC",
        "id": 20040123,
        "alias": "Contents.Quest.Dialogue.40132",
        "text": "(자신도 돕겠다 말한다)"
    },
    "20040124": {
        "deprecated": false,
        "Dev_Desc": "송문악",
        "id": 20040124,
        "alias": "Contents.Quest.Dialogue.40133",
        "text": "고맙습니다. 고맙습니다..."
    },
    "20040125": {
        "deprecated": false,
        "Dev_Desc": "아랑",
        "id": 20040125,
        "alias": "Contents.Quest.Dialogue.40134",
        "text": "<textColor=[78:148:215:255]>시국 사형</> 못봤어?"
    },
    "20040126": {
        "deprecated": false,
        "Dev_Desc": "문파원",
        "id": 20040126,
        "alias": "Contents.Quest.Dialogue.40135",
        "text": "<textColor=[78:148:215:255]>시국 사형</>이라면 삭도쪽으로 달려갔습니다."
    },
    "20040127": {
        "deprecated": false,
        "Dev_Desc": "아랑",
        "id": 20040127,
        "alias": "Contents.Quest.Dialogue.40136",
        "text": "삭도? 왜 삭도로 간거지...? "
    },
    "20040128": {
        "deprecated": false,
        "Dev_Desc": "문파원",
        "id": 20040128,
        "alias": "Contents.Quest.Dialogue.40137",
        "text": "글쎄요... 그건 잘 모르겠습니다."
    },
    "20040129": {
        "deprecated": false,
        "Dev_Desc": "아랑",
        "id": 20040129,
        "alias": "Contents.Quest.Dialogue.40138",
        "text": "알았어. 일단 고마워!"
    },
    "20040130": {
        "deprecated": false,
        "Dev_Desc": "아랑",
        "id": 20040130,
        "alias": "Contents.Quest.Dialogue.40139",
        "text": "혹시 <textColor=[78:148:215:255]>시국 사형</> 봤어?"
    },
    "20040131": {
        "deprecated": false,
        "Dev_Desc": "문파원",
        "id": 20040131,
        "alias": "Contents.Quest.Dialogue.40140",
        "text": "삭도를 타고 거대 비옥쪽으로 갔습니다."
    },
    "20040132": {
        "deprecated": false,
        "Dev_Desc": "아랑",
        "id": 20040132,
        "alias": "Contents.Quest.Dialogue.40141",
        "text": "삭도? 하지만 그건 너무 위험할텐데..."
    },
    "20040133": {
        "deprecated": false,
        "Dev_Desc": "문파원",
        "id": 20040133,
        "alias": "Contents.Quest.Dialogue.40142",
        "text": "저희도 그리 말씀 드렸는데, 막무가내로 작동시키셨습니다."
    },
    "20040134": {
        "deprecated": false,
        "Dev_Desc": "아랑",
        "id": 20040134,
        "alias": "Contents.Quest.Dialogue.40143",
        "text": "이런... 늦기 전에 서둘러야 겠어."
    },
    "20040135": {
        "deprecated": false,
        "Dev_Desc": "PC",
        "id": 20040135,
        "alias": "Contents.Quest.Dialogue.40144",
        "text": "(불안한 눈빛을 보낸다)"
    },
    "20040136": {
        "deprecated": false,
        "Dev_Desc": "아랑",
        "id": 20040136,
        "alias": "Contents.Quest.Dialogue.40145",
        "text": "우리도 삭도를 타고 가자!"
    },
    "20040137": {
        "deprecated": false,
        "Dev_Desc": "아랑",
        "id": 20040137,
        "alias": "Contents.Quest.Dialogue.40146",
        "text": "스승님... 괜찮으신 거에요?"
    },
    "20040138": {
        "deprecated": false,
        "Dev_Desc": "송문악",
        "id": 20040138,
        "alias": "Contents.Quest.Dialogue.40147",
        "text": "... 지부에 먼저 가 있겠습니다."
    },
    "20040139": {
        "deprecated": false,
        "Dev_Desc": "아랑",
        "id": 20040139,
        "alias": "Contents.Quest.Dialogue.40148",
        "text": "아무래도 안되겠어. 돌아가자."
    },
    "20040140": {
        "deprecated": false,
        "Dev_Desc": "PC",
        "id": 20040140,
        "alias": "Contents.Quest.Dialogue.40149",
        "text": "(하지만 <textColor=[78:148:215:255]>송문악</> 장로가...)"
    },
    "20040141": {
        "deprecated": false,
        "Dev_Desc": "아랑",
        "id": 20040141,
        "alias": "Contents.Quest.Dialogue.40150",
        "text": "본심이 아닌 거 너도 알잖아. \n아들을 구해 달라고 무릎까지 꿇었던 사람이야. 괜찮을리가 없잖아."
    },
    "20040142": {
        "deprecated": false,
        "Dev_Desc": "PC",
        "id": 20040142,
        "alias": "Contents.Quest.Dialogue.40151",
        "text": "(구할 방법이 있냐고 묻는다)"
    },
    "20040143": {
        "deprecated": false,
        "Dev_Desc": "아랑",
        "id": 20040143,
        "alias": "Contents.Quest.Dialogue.40152",
        "text": "아니... 방법은 나도 모르겠어. 하지만..."
    },
    "20040144": {
        "deprecated": false,
        "Dev_Desc": "PC",
        "id": 20040144,
        "alias": "Contents.Quest.Dialogue.40153",
        "text": "(빨리 가지 않고 뭐하냐고 말한다)"
    },
    "20040145": {
        "deprecated": false,
        "Dev_Desc": "아랑",
        "id": 20040145,
        "alias": "Contents.Quest.Dialogue.40154",
        "text": "그래! 어서 가자!"
    },
    "20040146": {
        "deprecated": false,
        "Dev_Desc": "아랑",
        "id": 20040146,
        "alias": "Contents.Quest.Dialogue.40156",
        "text": "그게 뭐야? <textColor=[255:204:102:255]>비옥</>? \n<textColor=[78:148:215:255]>시국 사형</>은 어디로 가고?"
    },
    "20040147": {
        "deprecated": false,
        "Dev_Desc": "PC",
        "id": 20040147,
        "alias": "Contents.Quest.Dialogue.40157",
        "text": "(누군가 <textColor=[78:148:215:255]>시국 사형</>을 데려가고 이걸 떨어뜨린 것 같다고 말한다)"
    },
    "20040148": {
        "deprecated": false,
        "Dev_Desc": "아랑",
        "id": 20040148,
        "alias": "Contents.Quest.Dialogue.40158",
        "text": "하지만 <textColor=[255:204:102:255]>비옥</>을 가지고 있는 사람은 극히 드문데...? \n아하! 하여간 문악 스승님도 참... 답다. 다워."
    },
    "20040149": {
        "deprecated": false,
        "Dev_Desc": "PC",
        "id": 20040149,
        "alias": "Contents.Quest.Dialogue.40159",
        "text": "(무슨 말인지 묻는다)"
    },
    "20040150": {
        "deprecated": false,
        "Dev_Desc": "아랑",
        "id": 20040150,
        "alias": "Contents.Quest.Dialogue.40160",
        "text": "뻔하잖아! 스승님이 다시 와서 <textColor=[78:148:215:255]>시국 사형</>을 구해 준거야. \n나참, 이럴거면 앞에선 왜 그런거람. 뭐 암튼 잘됐다! 내가 걱정 안해도 되겠다. 그치?"
    },
    "20040151": {
        "deprecated": false,
        "Dev_Desc": "PC",
        "id": 20040151,
        "alias": "Contents.Quest.Dialogue.40161",
        "text": "(무언가 꺼림칙 하지만 그럴 수도 있겠다고 동조한다)"
    },
    "20040152": {
        "deprecated": false,
        "Dev_Desc": "아랑",
        "id": 20040152,
        "alias": "Contents.Quest.Dialogue.40162",
        "text": "좋았어. 그럼 <textColor=[255:204:102:255]>비옥</>도 생겼겠다, 일도 잘 풀렸겠다... \n하던 걸 마저 할까?"
    },
    "20040153": {
        "deprecated": false,
        "Dev_Desc": "PC",
        "id": 20040153,
        "alias": "Contents.Quest.Dialogue.40163",
        "text": "(하던거?)"
    },
    "20040154": {
        "deprecated": false,
        "Dev_Desc": "아랑",
        "id": 20040154,
        "alias": "Contents.Quest.Dialogue.40164",
        "text": "아이참! 대련 말이야! \n<textColor=[255:204:102:255]>비옥</>을 가지고 대련을 하면 균열을 열 수 있을 거랬잖아."
    },
    "20040155": {
        "deprecated": false,
        "Dev_Desc": "PC",
        "id": 20040155,
        "alias": "Contents.Quest.Dialogue.40165",
        "text": "(아...)"
    },
    "20040156": {
        "deprecated": false,
        "Dev_Desc": "아랑",
        "id": 20040156,
        "alias": "Contents.Quest.Dialogue.40166",
        "text": "아는 무슨 아야. 이러지말고 일단 적당한 곳으로 이동하는게 어때? \n여기서 가까운 장소면... 그래, <textColor=[110:216:175:255]>수정 밀림</>이 좋겠다. 그곳에서 봐!"
    },
    "20040157": {
        "deprecated": false,
        "Dev_Desc": "아랑",
        "id": 20040157,
        "alias": "Contents.Quest.Dialogue.40167",
        "text": "아, 오랜만에 경공 대결이나 할까? 출발!"
    },
    "20040158": {
        "deprecated": false,
        "Dev_Desc": "아랑",
        "id": 20040158,
        "alias": "Contents.Quest.Dialogue.40168",
        "text": "이곳이면 될 것 같아!"
    },
    "20040159": {
        "deprecated": false,
        "Dev_Desc": "아랑",
        "id": 20040159,
        "alias": "Contents.Quest.Dialogue.40169",
        "text": "그럼, 시작해볼까?"
    },
    "20040160": {
        "deprecated": false,
        "Dev_Desc": "파사(신형)",
        "id": 20040160,
        "alias": "Contents.Quest.Dialogue.40170",
        "text": "이게 무슨 짓이냐!!!"
    },
    "20040161": {
        "deprecated": false,
        "Dev_Desc": "아랑",
        "id": 20040161,
        "alias": "Contents.Quest.Dialogue.40171",
        "text": "아야야... 나야말로 묻고 싶네! 왜 방해하고 그래!?"
    },
    "20040162": {
        "deprecated": false,
        "Dev_Desc": "파사(신형)",
        "id": 20040162,
        "alias": "Contents.Quest.Dialogue.40172",
        "text": "멍청하다 못해 화가 날 지경이구나! <textColor=[255:204:102:255]>회귀자</>란 자가 되어 균열을 막지는 못할 망정, 스스로 불러내!? 어찌 넌 <textColor=[255:204:102:255]>회귀</>를 거듭해도 그리 어리석단 말이냐!"
    },
    "20040163": {
        "deprecated": false,
        "Dev_Desc": "아랑",
        "id": 20040163,
        "alias": "Contents.Quest.Dialogue.40173",
        "text": "말 함부로 하지마! 네가 이 녀석의 아빠가 <textColor=[215:94:94:255]>수라</>라고 했다며! 게다가 <textColor=[78:148:215:255]>노이</>를 죽였고!"
    },
    "20040164": {
        "deprecated": false,
        "Dev_Desc": "파사(신형)",
        "id": 20040164,
        "alias": "Contents.Quest.Dialogue.40174",
        "text": "그것이 이번 일과 무슨 관련이 있다는 것이냐?"
    },
    "20040165": {
        "deprecated": false,
        "Dev_Desc": "아랑",
        "id": 20040165,
        "alias": "Contents.Quest.Dialogue.40175",
        "text": "그래서 <textColor=[215:94:94:255]>수라</>를 불러서 물어보려고 했어! 혹시 알아? <textColor=[215:94:94:255]>수라</>라는 그 아빠가 소환될지? 그게 아니라 하더라도, 적어도 같은 <textColor=[215:94:94:255]>수라</>라면 아빠에 대해 물어 볼 수 있잖아. "
    },
    "20040166": {
        "deprecated": false,
        "Dev_Desc": "파사(신형)",
        "id": 20040166,
        "alias": "Contents.Quest.Dialogue.40176",
        "text": "하아.. 내가 어리석었다. \n<textColor=[78:148:215:255]>노이</>의 피를 이어 받았다 하더라도 일개 아이일 뿐일 것을...  "
    },
    "20040167": {
        "deprecated": false,
        "Dev_Desc": "파사(신형)",
        "id": 20040167,
        "alias": "Contents.Quest.Dialogue.40177",
        "text": "내 너무 성급히 일러 주었구나. 내 탓이다. 본디, <textColor=[255:204:102:255]>신수</>는 인간사의 일에 관여하면 안되나, 너희는 인간이 아니니 괜찮겠지. 내가 도와주마."
    },
    "20040168": {
        "deprecated": false,
        "Dev_Desc": "아랑",
        "id": 20040168,
        "alias": "Contents.Quest.Dialogue.40178",
        "text": "진짜! 잘됐다!"
    },
    "20040169": {
        "deprecated": false,
        "Dev_Desc": "파사(신형)",
        "id": 20040169,
        "alias": "Contents.Quest.Dialogue.40180",
        "text": "때가 되면 내가 너희를 찾아가겠다."
    },
    "20040170": {
        "deprecated": false,
        "Dev_Desc": "아랑",
        "id": 20040170,
        "alias": "Contents.Quest.Dialogue.40181",
        "text": "자~ <textColor=[78:148:215:255]>파사</>가 찾아오기 전까지 나는 <textColor=[255:204:102:255]>비옥</>을 찾으러 가볼까 하는데, \n너는 어떻게 할 거야?"
    },
    "20040171": {
        "deprecated": false,
        "Dev_Desc": "PC",
        "id": 20040171,
        "alias": "Contents.Quest.Dialogue.40182",
        "text": "(수련할 예정이라고 한다)"
    },
    "20040172": {
        "deprecated": false,
        "Dev_Desc": "아랑",
        "id": 20040172,
        "alias": "Contents.Quest.Dialogue.40183",
        "text": "오, 기대하고 있을게. 그럼 몸조심해!"
    },
    "20040173": {
        "deprecated": false,
        "Dev_Desc": "비류하",
        "id": 20040173,
        "alias": "Contents.Quest.Dialogue.40184",
        "text": "돌아오셨군요! 문주님. 제가 말씀드렸던..."
    },
    "20040174": {
        "deprecated": false,
        "Dev_Desc": "아랑",
        "id": 20040174,
        "alias": "Contents.Quest.Dialogue.40185",
        "text": "아하하! 사형, 그게 말이지, 우리가 얼마나 수련을..."
    },
    "20040175": {
        "deprecated": false,
        "Dev_Desc": "비류하",
        "id": 20040175,
        "alias": "Contents.Quest.Dialogue.40186",
        "text": "알고 있습니다. 두 분, 수련을 게을리하지 않으셨더군요. \n뭐~ 그정도면 대장로님께서도 좋아하실 겁니다."
    },
    "20040176": {
        "deprecated": false,
        "Dev_Desc": "아랑",
        "id": 20040176,
        "alias": "Contents.Quest.Dialogue.40187",
        "text": "휴우..."
    },
    "20040177": {
        "deprecated": false,
        "Dev_Desc": "비류하",
        "id": 20040177,
        "alias": "Contents.Quest.Dialogue.40188",
        "text": "그럼 가시지요."
    },
    "20040178": {
        "deprecated": false,
        "Dev_Desc": "PC",
        "id": 20040178,
        "alias": "Contents.Quest.Dialogue.40189",
        "text": "(홍돈칠이 준 재료를 이용하자)"
    },
    "20040179": {
        "deprecated": false,
        "Dev_Desc": "아랑",
        "id": 20040179,
        "alias": "Contents.Quest.Dialogue.40190",
        "text": "휴우. 나도 오는 길에 사로잡혀 있던 문파원들을 구출했어. \n십인장을 중심으로 모이라고 했으니 우리도 합류하자."
    },
    "20040180": {
        "deprecated": false,
        "Dev_Desc": "PC",
        "id": 20040180,
        "alias": "Contents.Quest.Dialogue.40191",
        "text": "(이상한 낌새가 느껴진다)"
    },
    "20040181": {
        "deprecated": false,
        "Dev_Desc": "아랑",
        "id": 20040181,
        "alias": "Contents.Quest.Dialogue.40192",
        "text": "칫. 녀석들이 몰려오는군!"
    },
    "20040182": {
        "deprecated": false,
        "Dev_Desc": "PC",
        "id": 20040182,
        "alias": "Contents.Quest.Dialogue.40193",
        "text": "(무슨 일인지 묻는다)"
    },
    "20040183": {
        "deprecated": false,
        "Dev_Desc": "아랑",
        "id": 20040183,
        "alias": "Contents.Quest.Dialogue.40194",
        "text": "주변에서 강력한 기운이 느껴지고 있어!"
    },
    "20040184": {
        "deprecated": false,
        "Dev_Desc": "PC",
        "id": 20040184,
        "alias": "Contents.Quest.Dialogue.40195",
        "text": "(?!!)"
    },
    "20040185": {
        "deprecated": false,
        "Dev_Desc": "아랑",
        "id": 20040185,
        "alias": "Contents.Quest.Dialogue.40196",
        "text": "희미하게 시국사형의 기운도 느껴지는데...!?\n이쪽으로 가자!"
    }
}