{
    "56000000": {
        "deprecated": false,
        "Dev_Desc": "노이_태초와 대격돌",
        "id": 56000000,
        "alias": "Contents.Saga.Text.60000",
        "text": "태초와 대격돌"
    },
    "56000001": {
        "deprecated": false,
        "Dev_Desc": "노이_신수 그리고 윤회",
        "id": 56000001,
        "alias": "Contents.Saga.Text.60001",
        "text": "신수 그리고 회귀"
    },
    "56000002": {
        "deprecated": false,
        "Dev_Desc": "노이_만남과 이끌림",
        "id": 56000002,
        "alias": "Contents.Saga.Text.60002",
        "text": "만남과 이끌림"
    },
    "56000003": {
        "deprecated": false,
        "Dev_Desc": "노이_사랑과 죽음",
        "id": 56000003,
        "alias": "Contents.Saga.Text.60003",
        "text": "사랑과 죽음"
    },
    "56000004": {
        "deprecated": false,
        "Dev_Desc": "유기_태초와 대격돌",
        "id": 56000004,
        "alias": "Contents.Saga.Text.60004",
        "text": "태초와 대격돌"
    },
    "56000005": {
        "deprecated": false,
        "Dev_Desc": "유기_만남과 이끌림",
        "id": 56000005,
        "alias": "Contents.Saga.Text.60005",
        "text": "만남과 이끌림"
    },
    "56000006": {
        "deprecated": false,
        "Dev_Desc": "유기_사랑과 분노",
        "id": 56000006,
        "alias": "Contents.Saga.Text.60006",
        "text": "사랑과 분노"
    },
    "56500000": {
        "deprecated": false,
        "Dev_Desc": "노이_태초와 대격돌(내용)",
        "id": 56500000,
        "alias": "Contents.Saga.Text.65000",
        "text": "창조주가 태초에 빛과 어둠을 만들어 내니, \n빛과 어둠이 어우러져 생명체가 만들어졌다.\n하지만...빛이 있으면 어둠이 있는 법."
    },
    "56500001": {
        "deprecated": false,
        "Dev_Desc": "노이_신수 그리고 윤회(내용)",
        "id": 56500001,
        "alias": "Contents.Saga.Text.65001",
        "text": "대격돌이 끝난 후, 신수들은 승리하였지만,\n모든 힘이 소진된 상태로 죽음을 맞이했다.\n그들 자신들조차 회귀를 하게 될 거라 자각하지 못한 채..."
    },
    "56500002": {
        "deprecated": false,
        "Dev_Desc": "노이_만남과 이끌림(내용)",
        "id": 56500002,
        "alias": "Contents.Saga.Text.65002",
        "text": "그 둘은 그렇게 서로를 만나게 되었다.\n마치 운명처럼, 서로에게 이끌려..."
    },
    "56500003": {
        "deprecated": false,
        "Dev_Desc": "노이_사랑과 죽음(내용)",
        "id": 56500003,
        "alias": "Contents.Saga.Text.65003",
        "text": "\"그 모습은...\"\n사루비는 슬픈 눈으로 수라를 향해 손을 뻗는다.\n하지만 이내 힘없이 떨어지는 손..."
    },
    "56500004": {
        "deprecated": false,
        "Dev_Desc": "유기_태초와 대격돌(내용)",
        "id": 56500004,
        "alias": "Contents.Saga.Text.65004",
        "text": "창조주가 태초에 빛과 어둠을 만들어 내니, \n빛과 어둠이 어우러져 생명체가 만들어졌다.\n생명체들은 빠르게 자신들을 증식해 나갔다.\n그 중 일부는 부정한 존재가 되어 세상을 어지럽혔다."
    },
    "56500005": {
        "deprecated": false,
        "Dev_Desc": "유기_만남과 이끌림(내용)",
        "id": 56500005,
        "alias": "Contents.Saga.Text.65005",
        "text": "그 둘은 그렇게 서로를 만나게 되었다.\n마치 운명처럼, 서로에게 이끌려..."
    },
    "56500006": {
        "deprecated": false,
        "Dev_Desc": "유기_사랑과 분노(내용)",
        "id": 56500006,
        "alias": "Contents.Saga.Text.65006",
        "text": "\"무언가.. 숨기고 있는게 있지?\"\n\"아냐. 아무것도.\"\n\"...믿을 게. 꼭 돌아와 줘.\""
    }
}