{
    "12030000": {
        "deprecated": false,
        "Dev_Desc": "태록림서브_30000_1",
        "id": 12030000,
        "alias": "Contents.Quest.Mission.30000",
        "text": "아이와 대화"
    },
    "12030001": {
        "deprecated": false,
        "Dev_Desc": "태록림서브_30000_2",
        "id": 12030001,
        "alias": "Contents.Quest.Mission.30001",
        "text": "마을 주민과 대화"
    },
    "12030002": {
        "deprecated": false,
        "Dev_Desc": "태록림서브_30000_3",
        "id": 12030002,
        "alias": "Contents.Quest.Mission.30002",
        "text": "수양 순찰대원과 대화"
    },
    "12030003": {
        "deprecated": false,
        "Dev_Desc": "태록림서브_30000_4",
        "id": 12030003,
        "alias": "Contents.Quest.Mission.30003",
        "text": "만다라화 처치"
    },
    "12030004": {
        "deprecated": false,
        "Dev_Desc": "태록림서브_30000_5",
        "id": 12030004,
        "alias": "Contents.Quest.Mission.30004",
        "text": "폭포에서 개 찾기"
    },
    "12030005": {
        "deprecated": false,
        "Dev_Desc": "태록림서브_30000_6",
        "id": 12030005,
        "alias": "Contents.Quest.Mission.30005",
        "text": "동그란 물체 조사"
    },
    "12030006": {
        "deprecated": false,
        "Dev_Desc": "태록림서브_30000_7",
        "id": 12030006,
        "alias": "Contents.Quest.Mission.30006",
        "text": "수양 순찰대원과 대화"
    },
    "12030007": {
        "deprecated": false,
        "Dev_Desc": "태록림서브_30001_1",
        "id": 12030007,
        "alias": "Contents.Quest.Mission.30007",
        "text": "동부 생태 조사림으로 이동"
    },
    "12030008": {
        "deprecated": false,
        "Dev_Desc": "태록림서브_30001_2",
        "id": 12030008,
        "alias": "Contents.Quest.Mission.30008",
        "text": "생태림 순찰대원과 대화"
    },
    "12030009": {
        "deprecated": false,
        "Dev_Desc": "태록림서브_30001_3",
        "id": 12030009,
        "alias": "Contents.Quest.Mission.30009",
        "text": "순찰 경로 따라 이동하기"
    },
    "12030010": {
        "deprecated": false,
        "Dev_Desc": "태록림서브_30001_4",
        "id": 12030010,
        "alias": "Contents.Quest.Mission.30010",
        "text": "순찰 경로의 적 처치"
    },
    "12030011": {
        "deprecated": false,
        "Dev_Desc": "태록림서브_30001_5",
        "id": 12030011,
        "alias": "Contents.Quest.Mission.30011",
        "text": "순찰 경로 따라 이동하기"
    },
    "12030012": {
        "deprecated": false,
        "Dev_Desc": "태록림서브_30001_6",
        "id": 12030012,
        "alias": "Contents.Quest.Mission.30012",
        "text": "주변의 적 제거"
    },
    "12030013": {
        "deprecated": false,
        "Dev_Desc": "태록림서브_30001_7",
        "id": 12030013,
        "alias": "Contents.Quest.Mission.30013",
        "text": "녹력대귀 찾아보기"
    },
    "12030014": {
        "deprecated": false,
        "Dev_Desc": "태록림서브_30001_8",
        "id": 12030014,
        "alias": "Contents.Quest.Mission.30014",
        "text": "생태림 순찰대원과 대화"
    },
    "12030015": {
        "deprecated": false,
        "Dev_Desc": "태록림서브_30002_1",
        "id": 12030015,
        "alias": "Contents.Quest.Mission.30015",
        "text": "전문가에 문의하기"
    },
    "12030016": {
        "deprecated": false,
        "Dev_Desc": "태록림서브_30002_2",
        "id": 12030016,
        "alias": "Contents.Quest.Mission.30016",
        "text": "녹각다귀 처치"
    },
    "12030017": {
        "deprecated": false,
        "Dev_Desc": "태록림서브_30002_3",
        "id": 12030017,
        "alias": "Contents.Quest.Mission.30017",
        "text": "안쪽으로 이동"
    },
    "12030018": {
        "deprecated": false,
        "Dev_Desc": "태록림서브_30002_4",
        "id": 12030018,
        "alias": "Contents.Quest.Mission.30018",
        "text": "주변 조사"
    },
    "12030019": {
        "deprecated": false,
        "Dev_Desc": "태록림서브_30002_5",
        "id": 12030019,
        "alias": "Contents.Quest.Mission.30019",
        "text": "삼모작과의 대화"
    },
    "12030020": {
        "deprecated": false,
        "Dev_Desc": "태록림서브_30003_1",
        "id": 12030020,
        "alias": "Contents.Quest.Mission.30020",
        "text": "난파선으로 이동"
    },
    "12030021": {
        "deprecated": false,
        "Dev_Desc": "태록림서브_30003_2",
        "id": 12030021,
        "alias": "Contents.Quest.Mission.30021",
        "text": "해변에서 재료 수집"
    },
    "12030022": {
        "deprecated": false,
        "Dev_Desc": "태록림서브_30003_3",
        "id": 12030022,
        "alias": "Contents.Quest.Mission.30022",
        "text": "야영지로 이동"
    },
    "12030023": {
        "deprecated": false,
        "Dev_Desc": "태록림서브_30003_4",
        "id": 12030023,
        "alias": "Contents.Quest.Mission.30023",
        "text": "침입한 창도단 제거"
    },
    "12030024": {
        "deprecated": false,
        "Dev_Desc": "태록림서브_30003_5",
        "id": 12030024,
        "alias": "Contents.Quest.Mission.30024",
        "text": "일지 줍기"
    },
    "12030025": {
        "deprecated": false,
        "Dev_Desc": "태록림서브_30003_6",
        "id": 12030025,
        "alias": "Contents.Quest.Mission.30025",
        "text": "해변에서 재료 수집"
    },
    "12030026": {
        "deprecated": false,
        "Dev_Desc": "태록림서브_30003_7",
        "id": 12030026,
        "alias": "Contents.Quest.Mission.30026",
        "text": "삼모작과 대화"
    },
    "12030027": {
        "deprecated": false,
        "Dev_Desc": "태록림서브_30100_1",
        "id": 12030027,
        "alias": "Contents.Quest.Mission.30027",
        "text": "뱀버섯 군락으로 이동"
    },
    "12030028": {
        "deprecated": false,
        "Dev_Desc": "태록림서브_30100_2",
        "id": 12030028,
        "alias": "Contents.Quest.Mission.30028",
        "text": "뱀버섯 사냥"
    },
    "12030029": {
        "deprecated": false,
        "Dev_Desc": "태록림서브_30100_3",
        "id": 12030029,
        "alias": "Contents.Quest.Mission.30029",
        "text": "사길미와 대화"
    },
    "12030030": {
        "deprecated": false,
        "Dev_Desc": "태록림서브_30101_1",
        "id": 12030030,
        "alias": "Contents.Quest.Mission.30030",
        "text": "개척자 위령 묘지로 이동"
    },
    "12030031": {
        "deprecated": false,
        "Dev_Desc": "태록림서브_30101_2",
        "id": 12030031,
        "alias": "Contents.Quest.Mission.30031",
        "text": "묘지관리대원과 대화"
    },
    "12030032": {
        "deprecated": false,
        "Dev_Desc": "태록림서브_30101_3",
        "id": 12030032,
        "alias": "Contents.Quest.Mission.30032",
        "text": "묘지에서 혼령 찾기"
    },
    "12030033": {
        "deprecated": false,
        "Dev_Desc": "태록림서브_30101_4",
        "id": 12030033,
        "alias": "Contents.Quest.Mission.30033",
        "text": "수양대원과 대화"
    },
    "12030034": {
        "deprecated": false,
        "Dev_Desc": "태록림서브_30101_5",
        "id": 12030034,
        "alias": "Contents.Quest.Mission.30034",
        "text": "노숙혼과 동자혼 제거"
    },
    "12030035": {
        "deprecated": false,
        "Dev_Desc": "태록림서브_30101_6",
        "id": 12030035,
        "alias": "Contents.Quest.Mission.30035",
        "text": "묘지관리대원과 대화"
    },
    "12030036": {
        "deprecated": false,
        "Dev_Desc": "태록림서브_30102_1",
        "id": 12030036,
        "alias": "Contents.Quest.Mission.30036",
        "text": "꽃 주변의 적 처치"
    },
    "12030037": {
        "deprecated": false,
        "Dev_Desc": "태록림서브_30102_2",
        "id": 12030037,
        "alias": "Contents.Quest.Mission.30037",
        "text": "상태 좋은 꽃을 채집"
    },
    "12030038": {
        "deprecated": false,
        "Dev_Desc": "태록림서브_30102_3",
        "id": 12030038,
        "alias": "Contents.Quest.Mission.30038",
        "text": "개척자 위령 묘지로 이동"
    },
    "12030039": {
        "deprecated": false,
        "Dev_Desc": "태록림서브_30102_4",
        "id": 12030039,
        "alias": "Contents.Quest.Mission.30039",
        "text": "비류하와 대화"
    },
    "12030040": {
        "deprecated": false,
        "Dev_Desc": "태록림서브_30103_1",
        "id": 12030040,
        "alias": "Contents.Quest.Mission.30040",
        "text": "혈비의 숲으로 이동"
    },
    "12030041": {
        "deprecated": false,
        "Dev_Desc": "태록림서브_30103_2",
        "id": 12030041,
        "alias": "Contents.Quest.Mission.30041",
        "text": "혈비패 제거"
    },
    "12030042": {
        "deprecated": false,
        "Dev_Desc": "태록림서브_30103_3",
        "id": 12030042,
        "alias": "Contents.Quest.Mission.30042",
        "text": "기지 안으로 이동"
    },
    "12030043": {
        "deprecated": false,
        "Dev_Desc": "태록림서브_30103_4",
        "id": 12030043,
        "alias": "Contents.Quest.Mission.30043",
        "text": "증거물 찾기"
    },
    "12030044": {
        "deprecated": false,
        "Dev_Desc": "태록림서브_30103_5",
        "id": 12030044,
        "alias": "Contents.Quest.Mission.30044",
        "text": "수양대원에게 전달"
    },
    "12030045": {
        "deprecated": false,
        "Dev_Desc": "태록림서브_30104_1",
        "id": 12030045,
        "alias": "Contents.Quest.Mission.30045",
        "text": "주변의 적 처치"
    },
    "12030046": {
        "deprecated": false,
        "Dev_Desc": "태록림서브_30104_2",
        "id": 12030046,
        "alias": "Contents.Quest.Mission.30046",
        "text": "구구와 대화"
    },
    "12030047": {
        "deprecated": false,
        "Dev_Desc": "태록림서브_30104_3",
        "id": 12030047,
        "alias": "Contents.Quest.Mission.30047",
        "text": "늪지 흙 수집하기"
    },
    "12030048": {
        "deprecated": false,
        "Dev_Desc": "태록림서브_30104_4",
        "id": 12030048,
        "alias": "Contents.Quest.Mission.30048",
        "text": "다음 지역으로 이동"
    },
    "12030049": {
        "deprecated": false,
        "Dev_Desc": "태록림서브_30104_5",
        "id": 12030049,
        "alias": "Contents.Quest.Mission.30049",
        "text": "늪지 흙 수집하기"
    },
    "12030050": {
        "deprecated": false,
        "Dev_Desc": "태록림서브_30104_6",
        "id": 12030050,
        "alias": "Contents.Quest.Mission.30050",
        "text": "구구와 대화"
    },
    "12030051": {
        "deprecated": false,
        "Dev_Desc": "태록림서브_30104_7",
        "id": 12030051,
        "alias": "Contents.Quest.Mission.30051",
        "text": "환영 홍매화 제거"
    },
    "12030052": {
        "deprecated": false,
        "Dev_Desc": "태록림서브_30104_8",
        "id": 12030052,
        "alias": "Contents.Quest.Mission.30052",
        "text": "구구와 대화"
    },
    "12030053": {
        "deprecated": false,
        "Dev_Desc": "태록림서브_30105_1",
        "id": 12030053,
        "alias": "Contents.Quest.Mission.30053",
        "text": "구구를 따라 이동"
    },
    "12030054": {
        "deprecated": false,
        "Dev_Desc": "태록림서브_30105_2",
        "id": 12030054,
        "alias": "Contents.Quest.Mission.30054",
        "text": "환영 인면충 제거"
    },
    "12030055": {
        "deprecated": false,
        "Dev_Desc": "태록림서브_30105_3",
        "id": 12030055,
        "alias": "Contents.Quest.Mission.30055",
        "text": "구구와 대화"
    },
    "12030056": {
        "deprecated": false,
        "Dev_Desc": "태록림서브_30200_1",
        "id": 12030056,
        "alias": "Contents.Quest.Mission.30056",
        "text": "폭포 앞 사람과 대화"
    },
    "12030057": {
        "deprecated": false,
        "Dev_Desc": "태록림서브_30200_2",
        "id": 12030057,
        "alias": "Contents.Quest.Mission.30057",
        "text": "난간 재료 구하기"
    },
    "12030058": {
        "deprecated": false,
        "Dev_Desc": "태록림서브_30200_3",
        "id": 12030058,
        "alias": "Contents.Quest.Mission.30058",
        "text": "비전예와 대화"
    },
    "12030059": {
        "deprecated": false,
        "Dev_Desc": "태록림서브_30201_1",
        "id": 12030059,
        "alias": "Contents.Quest.Mission.30059",
        "text": "다른 대원에게 묻기"
    },
    "12030060": {
        "deprecated": false,
        "Dev_Desc": "태록림서브_30201_2",
        "id": 12030060,
        "alias": "Contents.Quest.Mission.30060",
        "text": "관측 위치로 이동"
    },
    "12030061": {
        "deprecated": false,
        "Dev_Desc": "태록림서브_30201_3",
        "id": 12030061,
        "alias": "Contents.Quest.Mission.30061",
        "text": "목치본과 대화하기"
    },
    "12030062": {
        "deprecated": false,
        "Dev_Desc": "태록림서브_30201_4",
        "id": 12030062,
        "alias": "Contents.Quest.Mission.30062",
        "text": "관측 위치로 이동"
    },
    "12030063": {
        "deprecated": false,
        "Dev_Desc": "태록림서브_30201_5",
        "id": 12030063,
        "alias": "Contents.Quest.Mission.30063",
        "text": "낙원족 몰아내기"
    },
    "12030064": {
        "deprecated": false,
        "Dev_Desc": "태록림서브_30201_6",
        "id": 12030064,
        "alias": "Contents.Quest.Mission.30064",
        "text": "목치본과 대화하기"
    },
    "12030065": {
        "deprecated": false,
        "Dev_Desc": "태록림서브_30004_1",
        "id": 12030065,
        "alias": "Contents.Quest.Mission.30065",
        "text": "감시탑 해변가로 이동"
    },
    "12030066": {
        "deprecated": false,
        "Dev_Desc": "태록림서브_30004_2",
        "id": 12030066,
        "alias": "Contents.Quest.Mission.30066",
        "text": "해변의 생물 제거"
    },
    "12030067": {
        "deprecated": false,
        "Dev_Desc": "태록림서브_30005_1",
        "id": 12030067,
        "alias": "Contents.Quest.Mission.30067",
        "text": "거점 남쪽 해변가로 이동"
    },
    "12030068": {
        "deprecated": false,
        "Dev_Desc": "태록림서브_30005_2",
        "id": 12030068,
        "alias": "Contents.Quest.Mission.30068",
        "text": "어둑시니 제거"
    },
    "12030069": {
        "deprecated": false,
        "Dev_Desc": "태록림서브_30106_1",
        "id": 12030069,
        "alias": "Contents.Quest.Mission.30069",
        "text": "주변의 적 처치"
    },
    "12030070": {
        "deprecated": false,
        "Dev_Desc": "태록림서브_30106_2",
        "id": 12030070,
        "alias": "Contents.Quest.Mission.30070",
        "text": "늪지까지 이동"
    },
    "12030071": {
        "deprecated": false,
        "Dev_Desc": "태록림서브_30106_3",
        "id": 12030071,
        "alias": "Contents.Quest.Mission.30071",
        "text": "국나비와 대화"
    },
    "12030072": {
        "deprecated": false,
        "Dev_Desc": "태록림서브_30106_4",
        "id": 12030072,
        "alias": "Contents.Quest.Mission.30072",
        "text": "주변의 적 처치"
    },
    "12030073": {
        "deprecated": false,
        "Dev_Desc": "태록림서브_30106_5",
        "id": 12030073,
        "alias": "Contents.Quest.Mission.30073",
        "text": "안개 숲 개척지로 이동"
    },
    "12030074": {
        "deprecated": false,
        "Dev_Desc": "태록림서브_30106_6",
        "id": 12030074,
        "alias": "Contents.Quest.Mission.30074",
        "text": "국나비와 대화"
    },
    "12030075": {
        "deprecated": false,
        "Dev_Desc": "태록림서브_30106_7",
        "id": 12030075,
        "alias": "Contents.Quest.Mission.30075",
        "text": "국나비와 대화"
    },
    "12030076": {
        "deprecated": false,
        "Dev_Desc": "태록림서브_30106_8",
        "id": 12030076,
        "alias": "Contents.Quest.Mission.30076",
        "text": "국나비에게 다가가기"
    },
    "12030077": {
        "deprecated": false,
        "Dev_Desc": "태록림서브_30202_1",
        "id": 12030077,
        "alias": "Contents.Quest.Mission.30077",
        "text": "폭포 발발이 처치"
    },
    "12030078": {
        "deprecated": false,
        "Dev_Desc": "태록림서브_30202_2",
        "id": 12030078,
        "alias": "Contents.Quest.Mission.30078",
        "text": "언덕 발발이 처치"
    },
    "12030079": {
        "deprecated": false,
        "Dev_Desc": "태록림서브_30203_1",
        "id": 12030079,
        "alias": "Contents.Quest.Mission.30079",
        "text": "주변의 적 처치"
    },
    "12030080": {
        "deprecated": false,
        "Dev_Desc": "태록림서브_30203_2",
        "id": 12030080,
        "alias": "Contents.Quest.Mission.30080",
        "text": "노도라와 대화"
    },
    "12030081": {
        "deprecated": false,
        "Dev_Desc": "태록림서브_30204_1",
        "id": 12030081,
        "alias": "Contents.Quest.Mission.30081",
        "text": "이끼 구하기"
    },
    "12030082": {
        "deprecated": false,
        "Dev_Desc": "태록림서브_30204_2",
        "id": 12030082,
        "alias": "Contents.Quest.Mission.30082",
        "text": "랑랑에게 이끼 전달"
    },
    "12030083": {
        "deprecated": false,
        "Dev_Desc": "태록림서브_30107_1",
        "id": 12030083,
        "alias": "Contents.Quest.Mission.30083",
        "text": "환영 처치"
    },
    "12030084": {
        "deprecated": false,
        "Dev_Desc": "태록림서브_30003_6",
        "id": 12030084,
        "alias": "Contents.Quest.Mission.30084",
        "text": "해변에서 재료 수집"
    },
    "12030085": {
        "deprecated": false,
        "Dev_Desc": "태록림서브_30003_7",
        "id": 12030085,
        "alias": "Contents.Quest.Mission.30085",
        "text": "다른 재료 수집"
    },
    "12030086": {
        "deprecated": false,
        "Dev_Desc": "태록림서브_30102_2",
        "id": 12030086,
        "alias": "Contents.Quest.Mission.30086",
        "text": "상태 좋은 꽃을 채집"
    },
    "12030087": {
        "deprecated": false,
        "Dev_Desc": "태록림서브_30102_3",
        "id": 12030087,
        "alias": "Contents.Quest.Mission.30087",
        "text": "꽃을 더 채집"
    },
    "12030088": {
        "deprecated": false,
        "Dev_Desc": "태록림서브_30006_0",
        "id": 12030088,
        "alias": "Contents.Quest.Mission.30088",
        "text": "홍매화와 대화"
    },
    "12030089": {
        "deprecated": false,
        "Dev_Desc": "태록림서브_30006_1",
        "id": 12030089,
        "alias": "Contents.Quest.Mission.30089",
        "text": "암각다귀의 뿔 구하기"
    },
    "12030090": {
        "deprecated": false,
        "Dev_Desc": "태록림서브_30006_2",
        "id": 12030090,
        "alias": "Contents.Quest.Mission.30090",
        "text": "혈비의 숲으로 이동"
    },
    "12030091": {
        "deprecated": false,
        "Dev_Desc": "태록림서브_30006_3",
        "id": 12030091,
        "alias": "Contents.Quest.Mission.30091",
        "text": "길을 막는 혈비패 처치"
    },
    "12030092": {
        "deprecated": false,
        "Dev_Desc": "태록림서브_30006_4",
        "id": 12030092,
        "alias": "Contents.Quest.Mission.30092",
        "text": "혈비패 기지 탐색"
    },
    "12030093": {
        "deprecated": false,
        "Dev_Desc": "태록림서브_30006_5",
        "id": 12030093,
        "alias": "Contents.Quest.Mission.30093",
        "text": "습격 계획서 얻기"
    },
    "12030094": {
        "deprecated": false,
        "Dev_Desc": "태록림서브_30006_6",
        "id": 12030094,
        "alias": "Contents.Quest.Mission.30094",
        "text": "함정 설치"
    },
    "12030095": {
        "deprecated": false,
        "Dev_Desc": "태록림서브_30006_7",
        "id": 12030095,
        "alias": "Contents.Quest.Mission.30095",
        "text": "홍매화와 대화"
    },
    "12030096": {
        "deprecated": false,
        "Dev_Desc": "태록림서브_30108_0",
        "id": 12030096,
        "alias": "Contents.Quest.Mission.30096",
        "text": "곽호룡과 대화"
    },
    "12030097": {
        "deprecated": false,
        "Dev_Desc": "태록림서브_30108_1",
        "id": 12030097,
        "alias": "Contents.Quest.Mission.30097",
        "text": "안개 그늘 숲의 환영 처치"
    },
    "12030098": {
        "deprecated": false,
        "Dev_Desc": "태록림서브_30108_2",
        "id": 12030098,
        "alias": "Contents.Quest.Mission.30098",
        "text": "늪지의 홍매화 환영 처치"
    },
    "12030099": {
        "deprecated": false,
        "Dev_Desc": "태록림서브_30108_3",
        "id": 12030099,
        "alias": "Contents.Quest.Mission.30099",
        "text": "곽호룡과 대화"
    },
    "12030100": {
        "deprecated": false,
        "Dev_Desc": "태록림서브_30109_0",
        "id": 12030100,
        "alias": "Contents.Quest.Mission.30100",
        "text": "영교원 수련원과 대화"
    },
    "12030101": {
        "deprecated": false,
        "Dev_Desc": "태록림서브_30109_1",
        "id": 12030101,
        "alias": "Contents.Quest.Mission.30101",
        "text": "군락의 위협요소 정리"
    },
    "12030102": {
        "deprecated": false,
        "Dev_Desc": "태록림서브_30109_2",
        "id": 12030102,
        "alias": "Contents.Quest.Mission.30102",
        "text": "묘지의 위협요소 정리"
    },
    "12030103": {
        "deprecated": false,
        "Dev_Desc": "태록림서브_30109_3",
        "id": 12030103,
        "alias": "Contents.Quest.Mission.30103",
        "text": "밍밍과 대화"
    },
    "12030104": {
        "deprecated": false,
        "Dev_Desc": "태록림서브_30109_4",
        "id": 12030104,
        "alias": "Contents.Quest.Mission.30104",
        "text": "개다래풀 찾기"
    },
    "12030105": {
        "deprecated": false,
        "Dev_Desc": "태록림서브_30109_5",
        "id": 12030105,
        "alias": "Contents.Quest.Mission.30105",
        "text": "밍밍에게 돌아가기"
    },
    "12030106": {
        "deprecated": false,
        "Dev_Desc": "태록림서브_30110_0",
        "id": 12030106,
        "alias": "Contents.Quest.Mission.30106",
        "text": "잿빛바람과 대화"
    },
    "12030107": {
        "deprecated": false,
        "Dev_Desc": "태록림서브_30110_1",
        "id": 12030107,
        "alias": "Contents.Quest.Mission.30107",
        "text": "부패한 수양 저지"
    },
    "12030108": {
        "deprecated": false,
        "Dev_Desc": "태록림서브_30110_2",
        "id": 12030108,
        "alias": "Contents.Quest.Mission.30108",
        "text": "밀렵품 회수"
    },
    "12030109": {
        "deprecated": false,
        "Dev_Desc": "태록림서브_30110_3",
        "id": 12030109,
        "alias": "Contents.Quest.Mission.30109",
        "text": "돌아가는 길 확보"
    },
    "12030110": {
        "deprecated": false,
        "Dev_Desc": "태록림서브_30110_4",
        "id": 12030110,
        "alias": "Contents.Quest.Mission.30110",
        "text": "잿빛바람과 대화"
    },
    "12030111": {
        "deprecated": false,
        "Dev_Desc": "태록림서브_30205_0",
        "id": 12030111,
        "alias": "Contents.Quest.Mission.30111",
        "text": "강철주먹과 대화"
    },
    "12030112": {
        "deprecated": false,
        "Dev_Desc": "태록림서브_30205_1",
        "id": 12030112,
        "alias": "Contents.Quest.Mission.30112",
        "text": "낙원족의 물건 수집"
    },
    "12030113": {
        "deprecated": false,
        "Dev_Desc": "태록림서브_30205_2",
        "id": 12030113,
        "alias": "Contents.Quest.Mission.30113",
        "text": "비경의 자드락으로 이동"
    },
    "12030114": {
        "deprecated": false,
        "Dev_Desc": "태록림서브_30205_3",
        "id": 12030114,
        "alias": "Contents.Quest.Mission.30114",
        "text": "진흙지대의 재료 모으기"
    },
    "12030115": {
        "deprecated": false,
        "Dev_Desc": "태록림서브_30205_4",
        "id": 12030115,
        "alias": "Contents.Quest.Mission.30115",
        "text": "검은 진흙 수집"
    },
    "12030116": {
        "deprecated": false,
        "Dev_Desc": "태록림서브_30206_0",
        "id": 12030116,
        "alias": "Contents.Quest.Mission.30116",
        "text": "곽호룡과 대화"
    },
    "12030117": {
        "deprecated": false,
        "Dev_Desc": "태록림서브_30206_1",
        "id": 12030117,
        "alias": "Contents.Quest.Mission.30117",
        "text": "묘면족의 동태 살피기"
    },
    "12030118": {
        "deprecated": false,
        "Dev_Desc": "태록림서브_30206_2",
        "id": 12030118,
        "alias": "Contents.Quest.Mission.30118",
        "text": "묘면족 몰아내기"
    },
    "12030119": {
        "deprecated": false,
        "Dev_Desc": "태록림서브_30206_3",
        "id": 12030119,
        "alias": "Contents.Quest.Mission.30119",
        "text": "곽호룡과 대화"
    },
    "12030120": {
        "deprecated": false,
        "Dev_Desc": "태록림서브_30206_4",
        "id": 12030120,
        "alias": "Contents.Quest.Mission.30120",
        "text": "시귀 처치"
    },
    "12030121": {
        "deprecated": false,
        "Dev_Desc": "태록림서브_30206_5",
        "id": 12030121,
        "alias": "Contents.Quest.Mission.30121",
        "text": "발발이의 잎 구하기"
    },
    "12030122": {
        "deprecated": false,
        "Dev_Desc": "태록림서브_30207_0",
        "id": 12030122,
        "alias": "Contents.Quest.Mission.30122",
        "text": "오름과 대화"
    },
    "12030123": {
        "deprecated": false,
        "Dev_Desc": "태록림서브_30207_1",
        "id": 12030123,
        "alias": "Contents.Quest.Mission.30123",
        "text": "검은새벽단 처치"
    },
    "12030124": {
        "deprecated": false,
        "Dev_Desc": "태록림서브_30207_2",
        "id": 12030124,
        "alias": "Contents.Quest.Mission.30124",
        "text": "폭포 남부 숲으로 이동"
    },
    "12030125": {
        "deprecated": false,
        "Dev_Desc": "태록림서브_30207_3",
        "id": 12030125,
        "alias": "Contents.Quest.Mission.30125",
        "text": "반가운 얼굴과 대화"
    },
    "12030126": {
        "deprecated": false,
        "Dev_Desc": "태록림서브_30207_4",
        "id": 12030126,
        "alias": "Contents.Quest.Mission.30126",
        "text": "시귀에게 영면을 선사"
    }
}