{
    "60040000": {
        "deprecated": false,
        "Dev_Desc": "역사_불사버프",
        "id": 60040000,
        "alias": "Contents.Effect.Name.GreatAxe.409101",
        "text": "불사"
    },
    "60040001": {
        "deprecated": false,
        "Dev_Desc": "역사_불사버프",
        "id": 60040001,
        "alias": "Contents.Effect.Desc.GreatAxe.409101",
        "text": "건강에 비례하여 생명력을 회복"
    },
    "60040002": {
        "deprecated": false,
        "Dev_Desc": "역사_불사버프",
        "id": 60040002,
        "alias": "Contents.Effect.Option.GreatAxe.409101",
        "text": "유지시간 동안 생명력 지속 회복"
    },
    "60040003": {
        "deprecated": false,
        "Dev_Desc": "역사_불사버프",
        "id": 60040003,
        "alias": "Contents.Effect.Detail.GreatAxe.409101"
    },
    "60040004": {
        "deprecated": false,
        "Dev_Desc": "역사_불사버프_증폭",
        "id": 60040004,
        "alias": "Contents.Effect.Name.GreatAxe.409201",
        "text": "불사"
    },
    "60040005": {
        "deprecated": false,
        "Dev_Desc": "역사_불사버프_증폭",
        "id": 60040005,
        "alias": "Contents.Effect.Desc.GreatAxe.409201",
        "text": "건강에 비례하여 생명력 회복"
    },
    "60040006": {
        "deprecated": false,
        "Dev_Desc": "역사_불사버프_증폭",
        "id": 60040006,
        "alias": "Contents.Effect.Option.GreatAxe.409201",
        "text": "유지시간 동안 생명력 지속 회복\n통제 저항률 +20%"
    },
    "60040007": {
        "deprecated": false,
        "Dev_Desc": "역사_불사버프_증폭",
        "id": 60040007,
        "alias": "Contents.Effect.Detail.GreatAxe.409201"
    },
    "60040008": {
        "deprecated": false,
        "Dev_Desc": "역사_불사버프_극한",
        "id": 60040008,
        "alias": "Contents.Effect.Name.GreatAxe.409301",
        "text": "불사"
    },
    "60040009": {
        "deprecated": false,
        "Dev_Desc": "역사_불사버프_극한",
        "id": 60040009,
        "alias": "Contents.Effect.Desc.GreatAxe.409301",
        "text": "건강에 비례하여 생명력을 회복"
    },
    "60040010": {
        "deprecated": false,
        "Dev_Desc": "역사_불사버프_극한",
        "id": 60040010,
        "alias": "Contents.Effect.Option.GreatAxe.409301",
        "text": "유지시간 동안 생명력 지속 회복\n통제 저항률 +20%"
    },
    "60040011": {
        "deprecated": false,
        "Dev_Desc": "역사_불사버프_극한",
        "id": 60040011,
        "alias": "Contents.Effect.Detail.GreatAxe.409301"
    },
    "60040012": {
        "deprecated": false,
        "Dev_Desc": "역사_도발디버프",
        "id": 60040012,
        "alias": "Contents.Effect.Name.GreatAxe.13000",
        "text": "도발"
    },
    "60040013": {
        "deprecated": false,
        "Dev_Desc": "역사_도발디버프",
        "id": 60040013,
        "alias": "Contents.Effect.Desc.GreatAxe.13000",
        "text": "도발 당한 상태"
    },
    "60040014": {
        "deprecated": false,
        "Dev_Desc": "역사_도발디버프",
        "id": 60040014,
        "alias": "Contents.Effect.Option.GreatAxe.13000",
        "text": "이동 및 전투 조작 불가"
    },
    "60040015": {
        "deprecated": false,
        "Dev_Desc": "역사_도발디버프",
        "id": 60040015,
        "alias": "Contents.Effect.Detail.GreatAxe.13000",
        "text": "도발한 대상에게 기본 공격을 합니다."
    },
    "60040016": {
        "deprecated": false,
        "Dev_Desc": "역사_분노버프",
        "id": 60040016,
        "alias": "Contents.Effect.Name.GreatAxe.412101",
        "text": "분노"
    },
    "60040017": {
        "deprecated": false,
        "Dev_Desc": "역사_분노버프",
        "id": 60040017,
        "alias": "Contents.Effect.Desc.GreatAxe.412101",
        "text": "격노 사용 가능"
    },
    "60040018": {
        "deprecated": false,
        "Dev_Desc": "역사_분노버프",
        "id": 60040018,
        "alias": "Contents.Effect.Option.GreatAxe.412101",
        "text": "기본 공격 \"격노\" 사용 가능"
    },
    "60040019": {
        "deprecated": false,
        "Dev_Desc": "역사_분노버프",
        "id": 60040019,
        "alias": "Contents.Effect.Detail.GreatAxe.412101"
    },
    "60040020": {
        "deprecated": false,
        "Dev_Desc": "역사_분노버프_증폭",
        "id": 60040020,
        "alias": "Contents.Effect.Name.GreatAxe.412201",
        "text": "분노"
    },
    "60040021": {
        "deprecated": false,
        "Dev_Desc": "역사_분노버프_증폭",
        "id": 60040021,
        "alias": "Contents.Effect.Desc.GreatAxe.412201",
        "text": "격노 사용 가능"
    },
    "60040022": {
        "deprecated": false,
        "Dev_Desc": "역사_분노버프_증폭",
        "id": 60040022,
        "alias": "Contents.Effect.Option.GreatAxe.412201",
        "text": "기본 공격 \"격노\" 사용 가능\n도끼 공격력 +5"
    },
    "60040023": {
        "deprecated": false,
        "Dev_Desc": "역사_분노버프_증폭",
        "id": 60040023,
        "alias": "Contents.Effect.Detail.GreatAxe.412201"
    },
    "60040024": {
        "deprecated": false,
        "Dev_Desc": "역사_분노버프_극한",
        "id": 60040024,
        "alias": "Contents.Effect.Name.GreatAxe.412301",
        "text": "분노"
    },
    "60040025": {
        "deprecated": false,
        "Dev_Desc": "역사_분노버프_극한",
        "id": 60040025,
        "alias": "Contents.Effect.Desc.GreatAxe.412301",
        "text": "격노 사용 가능"
    },
    "60040026": {
        "deprecated": false,
        "Dev_Desc": "역사_분노버프_극한",
        "id": 60040026,
        "alias": "Contents.Effect.Option.GreatAxe.412301",
        "text": "기본 공격 \"격노\" 사용 가능\n도끼 공격력 +5\n근거리 절대 명중 +5%"
    },
    "60040027": {
        "deprecated": false,
        "Dev_Desc": "역사_분노버프_극한",
        "id": 60040027,
        "alias": "Contents.Effect.Detail.GreatAxe.412301"
    },
    "60040028": {
        "deprecated": false,
        "Dev_Desc": "역사_불사활성화증가",
        "id": 60040028,
        "alias": "Contents.Effect.Name.GreatAxe.406901",
        "text": "포효"
    },
    "60040029": {
        "deprecated": false,
        "Dev_Desc": "역사_불사활성화증가",
        "id": 60040029,
        "alias": "Contents.Effect.Desc.GreatAxe.406901",
        "text": "불사 활성화 확률 증가"
    },
    "60040030": {
        "deprecated": false,
        "Dev_Desc": "역사_불사활성화증가",
        "id": 60040030,
        "alias": "Contents.Effect.Option.GreatAxe.406901",
        "text": "불사 활성화 확률 +3%"
    },
    "60040031": {
        "deprecated": false,
        "Dev_Desc": "역사_불사활성화증가",
        "id": 60040031,
        "alias": "Contents.Effect.Detail.GreatAxe.406901"
    },
    "60040032": {
        "deprecated": false,
        "Dev_Desc": "역사_불사활성화증가",
        "id": 60040032,
        "alias": "Contents.Effect.Option.GreatAxe.411501",
        "text": "불사 활성화 확률 +3%\n받는 피해량 감소 +8%"
    },
    "60040033": {
        "deprecated": false,
        "Dev_Desc": "역사_불사활성화증가",
        "id": 60040033,
        "alias": "Contents.Effect.Detail.GreatAxe.411501"
    },
    "60040034": {
        "deprecated": false,
        "Dev_Desc": "심판",
        "id": 60040034,
        "alias": "Contents.Skill.Name.GreatAxe.4001",
        "text": "심판"
    },
    "60040035": {
        "deprecated": false,
        "Dev_Desc": "응징",
        "id": 60040035,
        "alias": "Contents.Skill.Name.GreatAxe.4002",
        "text": "응징"
    },
    "60040036": {
        "deprecated": false,
        "Dev_Desc": "철벽",
        "id": 60040036,
        "alias": "Contents.Skill.Name.GreatAxe.4005",
        "text": "철벽"
    },
    "60040037": {
        "deprecated": false,
        "Dev_Desc": "철벽",
        "id": 60040037,
        "alias": "Contents.Skill.Desc.GreatAxe.4005",
        "text": "전방의 공격을 방어합니다.\n기본 공격이 변경됩니다.\n재사용 시, 철벽을 해제하며 공격합니다.\n철벽 중 기력이 감소하고 0이 되면 해제됩니다."
    },
    "60040038": {
        "deprecated": false,
        "Dev_Desc": "철벽_증",
        "id": 60040038,
        "alias": "Contents.Skill.acquireEffect.GreatAxe.4005_2",
        "text": "\"철벽\" 중 튕기기 발동률 +15%"
    },
    "60040039": {
        "deprecated": false,
        "Dev_Desc": "철벽_극",
        "id": 60040039,
        "alias": "Contents.Skill.acquireEffect.GreatAxe.4005_3",
        "text": "\"철벽\" 중 막기 피해 감소율 +5%"
    },
    "60040040": {
        "deprecated": false,
        "Dev_Desc": "철벽_돌",
        "id": 60040040,
        "alias": "Contents.Skill.acquireEffect.GreatAxe.4005_4",
        "text": "\"철벽\" 중에도 격돌, 포효, 불사 사용 가능"
    },
    "60040041": {
        "deprecated": false,
        "Dev_Desc": "천벌",
        "id": 60040041,
        "alias": "Contents.Skill.Name.GreatAxe.4061",
        "text": "천벌"
    },
    "60040042": {
        "deprecated": false,
        "Dev_Desc": "천벌",
        "id": 60040042,
        "alias": "Contents.Skill.Desc.GreatAxe.4061",
        "text": "도끼를 내려찍어 피해를 입힙니다."
    },
    "60040043": {
        "deprecated": false,
        "Dev_Desc": "천벌_증폭",
        "id": 60040043,
        "alias": "Contents.Skill.acquireEffect.GreatAxe.4061_2",
        "text": "피해량 증가"
    },
    "60040044": {
        "deprecated": false,
        "Dev_Desc": "천벌_극한",
        "id": 60040044,
        "alias": "Contents.Skill.acquireEffect.GreatAxe.4061_3",
        "text": "재사용 대기시간 -2초"
    },
    "60040045": {
        "deprecated": false,
        "Dev_Desc": "천벌_돌파",
        "id": 60040045,
        "alias": "Contents.Skill.acquireEffect.GreatAxe.4061_4",
        "text": "일정 확률로 최대 5번 가속 공격"
    },
    "60040046": {
        "deprecated": false,
        "Dev_Desc": "붕괴",
        "id": 60040046,
        "alias": "Contents.Skill.Name.GreatAxe.4071",
        "text": "붕괴"
    },
    "60040047": {
        "deprecated": false,
        "Dev_Desc": "붕괴",
        "id": 60040047,
        "alias": "Contents.Skill.Desc.GreatAxe.4071",
        "text": "힘을 모아 올려친 후 내려찍어 피해를 입힙니다.\n일정 확률로 \"경직\" 효과를 부여합니다."
    },
    "60040048": {
        "deprecated": false,
        "Dev_Desc": "붕괴",
        "id": 60040048,
        "alias": "Contents.Skill.useEffect.GreatAxe.4041",
        "text": "경직"
    },
    "60040049": {
        "deprecated": false,
        "Dev_Desc": "붕괴_증폭",
        "id": 60040049,
        "alias": "Contents.Skill.acquireEffect.GreatAxe.4072",
        "text": "내력 소모량 -1"
    },
    "60040050": {
        "deprecated": false,
        "Dev_Desc": "붕괴_극한",
        "id": 60040050,
        "alias": "Contents.Skill.acquireEffect.GreatAxe.4074",
        "text": "재사용 대기시간 -2초"
    },
    "60040051": {
        "deprecated": false,
        "Dev_Desc": "붕괴_돌파",
        "id": 60040051,
        "alias": "Contents.Skill.acquireEffect.GreatAxe.4075",
        "text": "건강에 비례하여 추가 피해 적용"
    },
    "60040052": {
        "deprecated": false,
        "Dev_Desc": "광풍",
        "id": 60040052,
        "alias": "Contents.Skill.Name.GreatAxe.4011",
        "text": "광풍"
    },
    "60040053": {
        "deprecated": false,
        "Dev_Desc": "광풍",
        "id": 60040053,
        "alias": "Contents.Skill.Desc.GreatAxe.4011",
        "text": "회전하며 적에게 피해를 입힙니다.\n사용 중 이동할 수 있습니다.\n사용 중 받는 피해량이 감소합니다."
    },
    "60040054": {
        "deprecated": false,
        "Dev_Desc": "광풍",
        "id": 60040054,
        "alias": "Contents.Skill.useEffect.GreatAxe.4203",
        "text": "받는 피해량 감소 +4%"
    },
    "60040055": {
        "deprecated": false,
        "Dev_Desc": "광풍_돌파",
        "id": 60040055,
        "alias": "Contents.Skill.useEffect.GreatAxe.4203_2",
        "text": "받는 피해량 감소 +4%, 경직"
    },
    "60040056": {
        "deprecated": false,
        "Dev_Desc": "광풍_증폭",
        "id": 60040056,
        "alias": "Contents.Skill.acquireEffect.GreatAxe.4202",
        "text": "범위 내 최대 3인까지 적중\n사용 중 이동 속도 증가율 +50%"
    },
    "60040057": {
        "deprecated": false,
        "Dev_Desc": "광풍_극한",
        "id": 60040057,
        "alias": "Contents.Skill.acquireEffect.GreatAxe.4203",
        "text": "사용 중 주변 공격 방어"
    },
    "60040058": {
        "deprecated": false,
        "Dev_Desc": "광풍_돌파",
        "id": 60040058,
        "alias": "Contents.Skill.acquireEffect.GreatAxe.4203_2",
        "text": "일정 확률로 \"경직\" 효과 적용"
    },
    "60040059": {
        "deprecated": false,
        "Dev_Desc": "격돌",
        "id": 60040059,
        "alias": "Contents.Skill.Name.GreatAxe.4031",
        "text": "격돌"
    },
    "60040060": {
        "deprecated": false,
        "Dev_Desc": "격돌",
        "id": 60040060,
        "alias": "Contents.Skill.Desc.GreatAxe.4031",
        "text": "적에게 달려들어 공격해 피해를 입힙니다.\n일정 확률로 \"경직\" 효과를 부여합니다."
    },
    "60040061": {
        "deprecated": false,
        "Dev_Desc": "격돌_증폭",
        "id": 60040061,
        "alias": "Contents.Skill.acquireEffect.GreatAxe.4031_2",
        "text": "내력 소모량 -1"
    },
    "60040062": {
        "deprecated": false,
        "Dev_Desc": "격돌_극한",
        "id": 60040062,
        "alias": "Contents.Skill.acquireEffect.GreatAxe.4031_3",
        "text": "명중 시, 일정 확률로 분노 활성화"
    },
    "60040063": {
        "deprecated": false,
        "Dev_Desc": "격돌_돌파",
        "id": 60040063,
        "alias": "Contents.Skill.acquireEffect.GreatAxe.4031_4",
        "text": "사용 거리 증가"
    },
    "60040064": {
        "deprecated": false,
        "Dev_Desc": "격돌_돌파",
        "id": 60040064,
        "alias": "Contents.Skill.useEffect.GreatAxe.4031_4",
        "text": "경직"
    },
    "60040065": {
        "deprecated": false,
        "Dev_Desc": "불사",
        "id": 60040065,
        "alias": "Contents.Skill.Name.GreatAxe.4081",
        "text": "불사"
    },
    "60040066": {
        "deprecated": false,
        "Dev_Desc": "불사",
        "id": 60040066,
        "alias": "Contents.Skill.Desc.GreatAxe.4081",
        "text": "4초간 \"불사\" 효과를 얻습니다.\n건강에 비례하여 생명력을 지속 회복합니다.\n피격 시 일정 확률로 활성화 되어 사용합니다."
    },
    "60040067": {
        "deprecated": false,
        "Dev_Desc": "불사",
        "id": 60040067,
        "alias": "Contents.Skill.require.GreatAxe.4081",
        "text": "피격 시 일정 확률"
    },
    "60040068": {
        "deprecated": false,
        "Dev_Desc": "불사_증",
        "id": 60040068,
        "alias": "Contents.Skill.acquireEffect.GreatAxe.4087",
        "text": "\"불사\" 중 통제 저항률 +20%"
    },
    "60040069": {
        "deprecated": false,
        "Dev_Desc": "불사_극",
        "id": 60040069,
        "alias": "Contents.Skill.acquireEffect.GreatAxe.4088",
        "text": "일정 체력 이하에서 활성화 확률 증가"
    },
    "60040070": {
        "deprecated": false,
        "Dev_Desc": "불사_돌",
        "id": 60040070,
        "alias": "Contents.Skill.acquireEffect.GreatAxe.4089",
        "text": "방어 성공 시, 활성화 확률 증가"
    },
    "60040071": {
        "deprecated": false,
        "Dev_Desc": "처단",
        "id": 60040071,
        "alias": "Contents.Skill.Name.GreatAxe.4086",
        "text": "처단"
    },
    "60040072": {
        "deprecated": false,
        "Dev_Desc": "처단",
        "id": 60040072,
        "alias": "Contents.Skill.Desc.GreatAxe.4086",
        "text": "전신의 힘을 끌어 모아 강력한 피해를 입힙니다.\n일정 확률로 \"기절\" 효과를 부여합니다.\n\"기절\", \"공중\" 상태인 대상에게 사용합니다."
    },
    "60040073": {
        "deprecated": false,
        "Dev_Desc": "처단",
        "id": 60040073,
        "alias": "Contents.Skill.require.GreatAxe.4086",
        "text": "기절, 공중 대상"
    },
    "60040074": {
        "deprecated": false,
        "Dev_Desc": "처단",
        "id": 60040074,
        "alias": "Contents.Skill.useEffect.GreatAxe.4086",
        "text": "기절"
    },
    "60040075": {
        "deprecated": false,
        "Dev_Desc": "처단_증폭",
        "id": 60040075,
        "alias": "Contents.Skill.acquireEffect.GreatAxe.4086_2",
        "text": "내력 소모량 -3"
    },
    "60040076": {
        "deprecated": false,
        "Dev_Desc": "처단_극한",
        "id": 60040076,
        "alias": "Contents.Skill.acquireEffect.GreatAxe.4086_3",
        "text": "건강에 비례하여 추가 피해 적용"
    },
    "60040077": {
        "deprecated": false,
        "Dev_Desc": "처단_돌파",
        "id": 60040077,
        "alias": "Contents.Skill.acquireEffect.GreatAxe.4086_4",
        "text": "광역 피해로 전환\n범위 내 최대 3인까지 적중"
    },
    "60040078": {
        "deprecated": false,
        "Dev_Desc": "포효",
        "id": 60040078,
        "alias": "Contents.Skill.Name.GreatAxe.4208",
        "text": "포효"
    },
    "60040079": {
        "deprecated": false,
        "Dev_Desc": "포효",
        "id": 60040079,
        "alias": "Contents.Skill.Desc.GreatAxe.4208",
        "text": "전방에 함성을 지릅니다.\n일정 확률로 \"도발\" 효과를 부여합니다."
    },
    "60040080": {
        "deprecated": false,
        "Dev_Desc": "포효",
        "id": 60040080,
        "alias": "Contents.Skill.useEffect.GreatAxe.4208",
        "text": "도발"
    },
    "60040081": {
        "deprecated": false,
        "Dev_Desc": "포효_증폭",
        "id": 60040081,
        "alias": "Contents.Skill.useEffect.GreatAxe.4208_2",
        "text": "도발, 포효"
    },
    "60040082": {
        "deprecated": false,
        "Dev_Desc": "포효_증폭",
        "id": 60040082,
        "alias": "Contents.Skill.acquireEffect.GreatAxe.4208_2",
        "text": "6초간 \"포효\" 효과\n\"포효\" 중 불사 활성화 확률 증가"
    },
    "60040083": {
        "deprecated": false,
        "Dev_Desc": "포효_극한",
        "id": 60040083,
        "alias": "Contents.Skill.acquireEffect.GreatAxe.4208_3",
        "text": "\"포효\" 중 받는 피해량 감소 +8%"
    },
    "60040084": {
        "deprecated": false,
        "Dev_Desc": "포효_돌파",
        "id": 60040084,
        "alias": "Contents.Skill.acquireEffect.GreatAxe.4208_4",
        "text": "광역 피해로 전환\n범위 내 최대 3인까지 적중"
    },
    "60040085": {
        "deprecated": false,
        "Dev_Desc": "분노",
        "id": 60040085,
        "alias": "Contents.Skill.Name.GreatAxe.4036",
        "text": "분노"
    },
    "60040086": {
        "deprecated": false,
        "Dev_Desc": "분노",
        "id": 60040086,
        "alias": "Contents.Skill.Desc.GreatAxe.4036",
        "text": "폭발적인 기운으로 강력한 피해를 줍니다.\n5초간 \"분노\" 효과를 얻습니다.\n\"분노\" 중 기본 공격이 강화됩니다.\n공격 명중 시 일정 확률로 활성화 되어 사용합니다."
    },
    "60040087": {
        "deprecated": false,
        "Dev_Desc": "분노",
        "id": 60040087,
        "alias": "Contents.Skill.require.GreatAxe.4036",
        "text": "공격 명중 시 일정 확률"
    },
    "60040088": {
        "deprecated": false,
        "Dev_Desc": "분노_증",
        "id": 60040088,
        "alias": "Contents.Skill.acquireEffect.GreatAxe.4041",
        "text": "\"분노\" 중 도끼 공격력 +5"
    },
    "60040089": {
        "deprecated": false,
        "Dev_Desc": "분노_극",
        "id": 60040089,
        "alias": "Contents.Skill.acquireEffect.GreatAxe.4041_2",
        "text": "\"분노\" 중 근거리 절대 명중 +5%"
    },
    "60040090": {
        "deprecated": false,
        "Dev_Desc": "분노_돌",
        "id": 60040090,
        "alias": "Contents.Skill.acquireEffect.GreatAxe.4041_3",
        "text": "선풍, 처단 명중 시, 일정 확률로 활성화"
    },
    "60040091": {
        "deprecated": false,
        "Dev_Desc": "선풍",
        "id": 60040091,
        "alias": "Contents.Skill.Name.GreatAxe.4042",
        "text": "선풍"
    },
    "60040092": {
        "deprecated": false,
        "Dev_Desc": "선풍",
        "id": 60040092,
        "alias": "Contents.Skill.Desc.GreatAxe.4042",
        "text": "도끼를 던져 공격합니다.\n일정 확률로 \"기절\" 효과를 부여합니다."
    },
    "60040093": {
        "deprecated": false,
        "Dev_Desc": "선풍",
        "id": 60040093,
        "alias": "Contents.Skill.useEffect.GreatAxe.4042",
        "text": "기절"
    },
    "60040094": {
        "deprecated": false,
        "Dev_Desc": "선풍",
        "id": 60040094,
        "alias": "Contents.Skill.useEffect.GreatAxe.4042_3",
        "text": "당기기, 기절"
    },
    "60040095": {
        "deprecated": false,
        "Dev_Desc": "선풍_증폭",
        "id": 60040095,
        "alias": "Contents.Skill.acquireEffect.GreatAxe.4044",
        "text": "재사용 대기시간 -3초"
    },
    "60040096": {
        "deprecated": false,
        "Dev_Desc": "선풍_극한",
        "id": 60040096,
        "alias": "Contents.Skill.acquireEffect.GreatAxe.4044_3",
        "text": "일정 확률로 \"당기기\" 효과 적용"
    },
    "60040097": {
        "deprecated": false,
        "Dev_Desc": "선풍_돌파",
        "id": 60040097,
        "alias": "Contents.Skill.acquireEffect.GreatAxe.4044_4",
        "text": "당겨진 적에게 추가 공격"
    },
    "60040098": {
        "deprecated": false,
        "Dev_Desc": "장벽",
        "id": 60040098,
        "alias": "Contents.Skill.Name.GreatAxe.4161",
        "text": "장벽"
    },
    "60040099": {
        "deprecated": false,
        "Dev_Desc": "장벽",
        "id": 60040099,
        "alias": "Contents.Skill.Desc.GreatAxe.4161",
        "text": "장벽을 생성합니다.\n이동을 막고 적의 공격을 방해합니다.\n사용 중 통제 상태에 면역이 됩니다."
    },
    "60040100": {
        "deprecated": false,
        "Dev_Desc": "격노",
        "id": 60040100,
        "alias": "Contents.Skill.Name.GreatAxe.4091",
        "text": "격노"
    },
    "60040101": {
        "deprecated": false,
        "Dev_Desc": "격노",
        "id": 60040101,
        "alias": "Contents.Skill.Desc.GreatAxe.4091",
        "text": "보다 빠르게 적을 공격하여 피해를 입힙니다.\n분노 중에 사용할 수 있습니다."
    },
    "60040102": {
        "deprecated": false,
        "Dev_Desc": "지속효과",
        "id": 60040102,
        "alias": "Contents.Skill.Name.GreatAxe.Passive",
        "text": "지속 효과"
    },
    "60040103": {
        "deprecated": false,
        "Dev_Desc": "단련",
        "id": 60040103,
        "alias": "Contents.Skill.Name.GreatAxe.4801",
        "text": "단련"
    },
    "60040104": {
        "deprecated": false,
        "Dev_Desc": "단련",
        "id": 60040104,
        "alias": "Contents.Skill.Desc.GreatAxe.4801",
        "text": "꾸준히 고강도 체력 단련을 합니다.\n생명력이 증가합니다."
    },
    "60040105": {
        "deprecated": false,
        "Dev_Desc": "단련",
        "id": 60040105,
        "alias": "Contents.Skill.useEffect.GreatAxe.4801",
        "text": "생명력 증가"
    },
    "60040106": {
        "deprecated": false,
        "Dev_Desc": "기합",
        "id": 60040106,
        "alias": "Contents.Skill.Name.GreatAxe.4802",
        "text": "기합"
    },
    "60040107": {
        "deprecated": false,
        "Dev_Desc": "기합",
        "id": 60040107,
        "alias": "Contents.Skill.Desc.GreatAxe.4802",
        "text": "전신 근육에 강한 자극을 주는 운동을 합니다.\n힘이 증가합니다."
    },
    "60040108": {
        "deprecated": false,
        "Dev_Desc": "기합",
        "id": 60040108,
        "alias": "Contents.Skill.useEffect.GreatAxe.4802",
        "text": "힘 증가"
    },
    "60040109": {
        "deprecated": false,
        "Dev_Desc": "활력",
        "id": 60040109,
        "alias": "Contents.Skill.Name.GreatAxe.4803",
        "text": "활력"
    },
    "60040110": {
        "deprecated": false,
        "Dev_Desc": "활력",
        "id": 60040110,
        "alias": "Contents.Skill.Desc.GreatAxe.4803",
        "text": "활발한 육체 활동을 지속합니다.\n건강이 증가합니다."
    },
    "60040111": {
        "deprecated": false,
        "Dev_Desc": "활력",
        "id": 60040111,
        "alias": "Contents.Skill.useEffect.GreatAxe.4803",
        "text": "건강 증가"
    },
    "60040112": {
        "deprecated": false,
        "Dev_Desc": "체질",
        "id": 60040112,
        "alias": "Contents.Skill.Name.GreatAxe.4804",
        "text": "체질"
    },
    "60040113": {
        "deprecated": false,
        "Dev_Desc": "체질",
        "id": 60040113,
        "alias": "Contents.Skill.Desc.GreatAxe.4804",
        "text": "타고난 회복 능력을 강화합니다.\n물약 회복률이 증가합니다."
    },
    "60040114": {
        "deprecated": false,
        "Dev_Desc": "체질",
        "id": 60040114,
        "alias": "Contents.Skill.useEffect.GreatAxe.4804",
        "text": "물약 회복률 증가"
    },
    "60040115": {
        "deprecated": false,
        "Dev_Desc": "강철",
        "id": 60040115,
        "alias": "Contents.Skill.Name.GreatAxe.4805",
        "text": "강철"
    },
    "60040116": {
        "deprecated": false,
        "Dev_Desc": "강철",
        "id": 60040116,
        "alias": "Contents.Skill.Desc.GreatAxe.4805",
        "text": "강철같이 신체를 단련합니다.\n방어력이 증가합니다."
    },
    "60040117": {
        "deprecated": false,
        "Dev_Desc": "강철",
        "id": 60040117,
        "alias": "Contents.Skill.useEffect.GreatAxe.4805",
        "text": "방어력 증가"
    },
    "60040118": {
        "deprecated": false,
        "Dev_Desc": "금강",
        "id": 60040118,
        "alias": "Contents.Skill.Name.GreatAxe.4806",
        "text": "금강"
    },
    "60040119": {
        "deprecated": false,
        "Dev_Desc": "금강",
        "id": 60040119,
        "alias": "Contents.Skill.Desc.GreatAxe.4806",
        "text": "방어 시 참고 견디는 훈련을 합니다.\n막기가 증가합니다."
    },
    "60040120": {
        "deprecated": false,
        "Dev_Desc": "금강",
        "id": 60040120,
        "alias": "Contents.Skill.useEffect.GreatAxe.4806",
        "text": "막기 증가"
    },
    "60040121": {
        "deprecated": false,
        "Dev_Desc": "불굴",
        "id": 60040121,
        "alias": "Contents.Skill.Name.GreatAxe.4807",
        "text": "불굴"
    },
    "60040122": {
        "deprecated": false,
        "Dev_Desc": "불굴",
        "id": 60040122,
        "alias": "Contents.Skill.Desc.GreatAxe.4807",
        "text": "불굴의 의지로 적들의 공격을 받아 냅니다.\n받는 피해량이 감소합니다."
    },
    "60040123": {
        "deprecated": false,
        "Dev_Desc": "불굴",
        "id": 60040123,
        "alias": "Contents.Skill.useEffect.GreatAxe.4807",
        "text": "받는 피해량 감소"
    },
    "60040124": {
        "deprecated": false,
        "Dev_Desc": "무공 피해 계수 증가",
        "id": 60040124,
        "alias": "Contents.Skill.Upgrade.Name.GreatAxe.damage",
        "text": "무공 피해 계수 증가"
    },
    "60040125": {
        "deprecated": false,
        "Dev_Desc": "막기 피해 감소율 증가",
        "id": 60040125,
        "alias": "Contents.Skill.Upgrade.Name.GreatAxe.ReduceDamageRateBlock",
        "text": "막기 피해량 감소"
    },
    "60040126": {
        "deprecated": false,
        "Dev_Desc": "건강 비례 체력 회복량 증가",
        "id": 60040126,
        "alias": "Contents.Skill.Upgrade.Name.GreatAxe.healConstitution",
        "text": "생명력 회복 계수 증가"
    },
    "60040127": {
        "deprecated": false,
        "Dev_Desc": "도발 유지 시간 증가",
        "id": 60040127,
        "alias": "Contents.Skill.Upgrade.Name.GreatAxe.TauntTime",
        "text": "도발 유지 시간 증가"
    },
    "60040128": {
        "deprecated": false,
        "Dev_Desc": "장벽 받는 피해량 감소",
        "id": 60040128,
        "alias": "Contents.Skill.Upgrade.Name.GreatAxe.ReduceDamageWall",
        "text": "장벽 받는 피해량 감소"
    },
    "60040129": {
        "deprecated": false,
        "Dev_Desc": "생명력 증가",
        "id": 60040129,
        "alias": "Contents.Skill.Upgrade.Name.GreatAxe.HP",
        "text": "생명력 +150"
    },
    "60040130": {
        "deprecated": false,
        "Dev_Desc": "힘 증가",
        "id": 60040130,
        "alias": "Contents.Skill.Upgrade.Name.GreatAxe.Strength",
        "text": "힘 +2"
    },
    "60040131": {
        "deprecated": false,
        "Dev_Desc": "건강 증가",
        "id": 60040131,
        "alias": "Contents.Skill.Upgrade.Name.GreatAxe.Constitution",
        "text": "건강 +2"
    },
    "60040132": {
        "deprecated": false,
        "Dev_Desc": "생명력 회복약 증가율 증가",
        "id": 60040132,
        "alias": "Contents.Skill.Upgrade.Name.GreatAxe.HPPotionRecoveryRate",
        "text": "물약 회복률 +3%"
    },
    "60040133": {
        "deprecated": false,
        "Dev_Desc": "방어력 증가",
        "id": 60040133,
        "alias": "Contents.Skill.Upgrade.Name.GreatAxe.Defence",
        "text": "방어력 +10"
    },
    "60040134": {
        "deprecated": false,
        "Dev_Desc": "막기 증가",
        "id": 60040134,
        "alias": "Contents.Skill.Upgrade.Name.GreatAxe.Block",
        "text": "막기 +5"
    },
    "60040135": {
        "deprecated": false,
        "Dev_Desc": "받는 피해량 감소",
        "id": 60040135,
        "alias": "Contents.Skill.Upgrade.Name.GreatAxe.ReduceTakenDamageRate",
        "text": "받는 피해량 감소 +5%"
    }
}