{
    "19100000": {
        "deprecated": false,
        "Dev_Desc": "호수를 덮은 연잎인간",
        "id": 19100000,
        "alias": "Contents.Quest.Desc.3000000",
        "text": "연잎인간이 호숫가에 자리를 잡고 오가는 사람들을 공격해 피해를 입히고 있습니다. 더 큰 문제는 밤만 되면 연잎인간이 호수를 덮어버려서 호수가 점점 썩어가고 있다는 것입니다. 이 문제를 해결하기 위해서는 연잎인간을 없애는 수밖에 없습니다."
    },
    "19100001": {
        "deprecated": false,
        "Dev_Desc": "개체수 조절",
        "id": 19100001,
        "alias": "Contents.Quest.Desc.3000001",
        "text": "썩은 벌목지로 유입된 서인족들이 말썽입니다. 최근 들어 개체 수가 급격하게 늘어나 주변 마을까지 영역을 넓혀 식량을 약탈해간다고 합니다. 그것들을 모두 없앨 순 없지만 마을에 피해가 가지 않도록 개체 수를 조절해야 합니다."
    },
    "19100002": {
        "deprecated": false,
        "Dev_Desc": "낚시터의 방해꾼",
        "id": 19100002,
        "alias": "Contents.Quest.Desc.3000002",
        "text": "거북호는 경치도 경치지만 거북이와 낚시터로도 유명하던 곳입니다. 하지만 요 근래 거북이들로 인해 물고기들이 씨가 말라 낚시꾼들이 오질 않고 있는 실정입니다. 주변 상인들이 큰 피해를 입고 있으니 상인들을 도와 거북이를 없애고 낚시꾼들이 다시 찾아오게 해야 합니다."
    },
    "19100003": {
        "deprecated": false,
        "Dev_Desc": "유적지 조사",
        "id": 19100003,
        "alias": "Contents.Quest.Desc.3000003",
        "text": "유적지 조사를 진행하는데 수호병들은 여전히 위협적인 존재들입니다. 수호병을 처리하여 유적지 조사가 빠르게 이뤄지도록 해야 합니다."
    },
    "19100004": {
        "deprecated": false,
        "Dev_Desc": "황폐화한 목초지",
        "id": 19100004,
        "alias": "Contents.Quest.Desc.3000004",
        "text": "이곳은 풀이 무성하여 목축업을 하기 좋은 곳이었습니다. 갑자기 사묘정들이 목초지를 못쓰게 만들어 사람들이 어려움을 겪고 있습니다. 사묘정들을 처치하여 사람들을 도와주세요."
    },
    "19100005": {
        "deprecated": false,
        "Dev_Desc": "창도단 소탕",
        "id": 19100005,
        "alias": "Contents.Quest.Desc.3000005",
        "text": "창도단 무리들이 횡행하여 상인들이 큰 고초를 겪고 있다고 합니다. 창도단이라 불리는 이들을 한시바삐 소탕하여 상인들이 걱정 없이 다닐 수 있도록 해야 합니다."
    },
    "19100006": {
        "deprecated": false,
        "Dev_Desc": "숲 속의 야생동물",
        "id": 19100006,
        "alias": "Contents.Quest.Desc.3000006",
        "text": "숲속의 야생동물도 지나가는 사람들에게 위협이 될 수 있습니다. 최근 행인들에게 위협이 된다고 하니 이를 처치해 주십시오."
    },
    "19100007": {
        "deprecated": false,
        "Dev_Desc": "투엽단 소탕",
        "id": 19100007,
        "alias": "Contents.Quest.Desc.3000007",
        "text": "투엽단들의 무자비한 밀렵으로 인해 야생동물들이 멸종 위기에 빠졌습니다. 하루바삐 투엽단들을 소탕해야만 야생동물들을 보호할 수 있습니다."
    },
    "19100008": {
        "deprecated": false,
        "Dev_Desc": "구덩이 조사",
        "id": 19100008,
        "alias": "Contents.Quest.Desc.3000008",
        "text": "근처의 모든 생명체의 씨를 말리려고 하는 쇠약한 불마자들을 지금 막지 않으면 더 큰 피해가 생길지도 모릅니다. 쇠약한 불마자를 최대한 많이 처치하여 구덩이에서 나오지 못하도록 해야 합니다."
    },
    "19100009": {
        "deprecated": false,
        "Dev_Desc": "도깨비 위협",
        "id": 19100009,
        "alias": "Contents.Quest.Desc.3000009",
        "text": "깊은 묘지 숲에 도깨비들이 나타나 사람들을 혼란에 빠트리고 있습니다. 그뿐만 아니라 도깨비의 괴롭힘으로 인해 사경을 헤매는 사람들이 나오고 있습니다. 어서 도깨비들을 처치해야 합니다."
    },
    "19100010": {
        "deprecated": false,
        "Dev_Desc": "최상위 포식자",
        "id": 19100010,
        "alias": "Contents.Quest.Desc.3000010",
        "text": "곰과 호랑이들이 사람들만 보면 공격을 하고 있어 인근 마을 주민들이 두려움에 떨고 있습니다. 곰과 호랑이들을 처치하여 주민들의 걱정거리를 해결하십시오."
    },
    "19100011": {
        "deprecated": false,
        "Dev_Desc": "복구 준비",
        "id": 19100011,
        "alias": "Contents.Quest.Desc.3000011",
        "text": "파괴된 수와족 마을을 복구하기 위해서는 돌아다니고 있는 침식된 악어와 침식된 서인족들을 없애는 것이 준비의 첫걸음입니다."
    },
    "19100012": {
        "deprecated": false,
        "Dev_Desc": "유적지의 위협",
        "id": 19100012,
        "alias": "Contents.Quest.Desc.3001001",
        "text": "폭주한 수호병들은 상대할 수 있게 되었지만 더 강한 존재인 정예 수호병은 아직도 처치하기 힘든 존재들입니다. 이들을 없애야만 유적지 조사가 마무리될 수 있습니다. 조사단을 도와 정예 수호병들을 처리해 주십시오."
    },
    "19100013": {
        "deprecated": false,
        "Dev_Desc": "황폐화한 목초지",
        "id": 19100013,
        "alias": "Contents.Quest.Desc.3001002",
        "text": "이곳은 풀이 무성하여 목축업을 하기 좋은 곳이었습니다. 갑자기 사묘정 중 특히 강한 사묘정들이 목초지를 못쓰게 만들어 사람들이 어려움을 겪고 있습니다. 강한 사묘정들을 처치하여 사람들을 도와주세요."
    },
    "19100014": {
        "deprecated": false,
        "Dev_Desc": "창도단 뿌리뽑기",
        "id": 19100014,
        "alias": "Contents.Quest.Desc.3001003",
        "text": "창도단의 우두머리를 쳐야 도적떼들의 세력이 뿌리째 뽑힐 것입니다. 이들을 처단하여 도적 무리들이 다시는 악행을 저지르지 못하도록 하십시오."
    },
    "19100015": {
        "deprecated": false,
        "Dev_Desc": "숲 속의 야생동물",
        "id": 19100015,
        "alias": "Contents.Quest.Desc.3001004",
        "text": "숲속의 야생동물 중 강한 야생동물이 지나가는 사람들에게 더 위협이 될 수 있습니다. 최근 행인들에게 위협이 된다고 하니 이를 처치해 주십시오."
    },
    "19100016": {
        "deprecated": false,
        "Dev_Desc": "투엽단 소탕",
        "id": 19100016,
        "alias": "Contents.Quest.Desc.3001005",
        "text": "투엽단의 근거지를 완전히 없애기 위해선 무리의 대장 격인 놈들을 찾아 없애는 게 가장 빠른 방법일 것입니다."
    },
    "19100017": {
        "deprecated": false,
        "Dev_Desc": "균열 막기",
        "id": 19100017,
        "alias": "Contents.Quest.Desc.3001006",
        "text": "더 큰 참사가 일어나기 전에 균열의 흔적을 찾아 조사해 균열의 원인을 확인해야 합니다. 강한 불마자일 수록 진한 흔적을 남긴다고 하니 그들을 처리하여 확인해야 합니다."
    },
    "19100018": {
        "deprecated": false,
        "Dev_Desc": "도깨비 불",
        "id": 19100018,
        "alias": "Contents.Quest.Desc.3001007",
        "text": "사람들을 놀래는 정도였던 도깨비불이 지나다니는 사람의 옷자락과 봇짐 등에 불을 지펴 피해를 끼치고 있습니다. 더 큰불이 나기 전에 도깨비불을 없애야 합니다."
    },
    "19100019": {
        "deprecated": false,
        "Dev_Desc": "최상위 포식자",
        "id": 19100019,
        "alias": "Contents.Quest.Desc.3001008",
        "text": "최근 거대한 곰과 호랑이가 나타나 자신들의 세력을 만들고 있습니다. 그렇지 않아도 사나워진 곰과 호랑이들로 피해가 심한데 무리까지 지어 다니면 더 큰 피해가 생길까 걱정입니다. 우두머리 행세를 하고 있는 거대한 곰과 호랑이를 처치하고 무리 지어 다니는 것을 막아야 합니다."
    },
    "19100020": {
        "deprecated": false,
        "Dev_Desc": "복구 준비",
        "id": 19100020,
        "alias": "Contents.Quest.Desc.3001009",
        "text": "침식된 무리들의 개체 수가 빠르게 늘어난다는 게 가장 무서운 점입니다. 그들의 대장 격들을 처치하면 개체 수가 늘어나는 것을 방해할 수 있을 것입니다."
    },
    "19100021": {
        "deprecated": false,
        "Dev_Desc": "유적지의 위협(상급)",
        "id": 19100021,
        "alias": "Contents.Quest.Desc.3002001",
        "text": "유적지에 강력한 존재가 나타났다고 합니다. 다른 수호병과는 비교할 수 없을 정도로 강해 조사단이 큰 피해를 입고 있다고 합니다. 하루빨리 폭주한 수호자 홍린을 찾아 제거해 더 이상의 인명피해를 막아야 합니다."
    },
    "19100022": {
        "deprecated": false,
        "Dev_Desc": "뿌리뽑기(상급)",
        "id": 19100022,
        "alias": "Contents.Quest.Desc.3002002",
        "text": "창도단을 실질적으로 와해시키기 위해선 핏빛 거미 와륜이라고 불리는 자를 없애는게 가장 빠른 방법이라고 합니다. 그를 찾아 제거 하십시오."
    },
    "19100023": {
        "deprecated": false,
        "Dev_Desc": "투엽단 소탕(상급)",
        "id": 19100023,
        "alias": "Contents.Quest.Desc.3002003",
        "text": "투엽단을 통솔하는 정찰 대장 채랑랑을 처치하면 투엽단은 와해될 것입니다."
    },
    "19100024": {
        "deprecated": false,
        "Dev_Desc": "균열 막기(상급)",
        "id": 19100024,
        "alias": "Contents.Quest.Desc.3002004",
        "text": "더 큰 참사가 일어나기 전에 균열의 흔적을 찾아 조사해 균열의 원인을 확인해야 합니다. 강한 불마자일 수록 진한 흔적을 남긴다고 하니 그들을 처리하여 확인해야 합니다."
    },
    "19100025": {
        "deprecated": false,
        "Dev_Desc": "죽음의 거미줄(상급)",
        "id": 19100025,
        "alias": "Contents.Quest.Desc.3002005",
        "text": "거미줄 때문에 숲속을 거닐기도 힘든데 사람 키의 세 배만 한 거대한 대왕거미까지 목격되고 있다고 합니다. 보지 못한 대왕거미까지 나타났으니 곧 거미줄로 숲이 덮일지도 모릅니다. 한시바삐 대왕거미를 찾아 처치하여야 합니다."
    },
    "19100026": {
        "deprecated": false,
        "Dev_Desc": "쥐 떼 무리(상급)",
        "id": 19100026,
        "alias": "Contents.Quest.Desc.3002006",
        "text": "파괴된 수와족 마을의 우두머리인 침식된 칼날 서인장으로 인해 복구가 거의 불가능한 지경이라 합니다. 그를 찾아 처치하십시오."
    },
    "19100027": {
        "deprecated": false,
        "Dev_Desc": "변해버린 신목",
        "id": 19100027,
        "alias": "Contents.Quest.Desc.3003001",
        "text": "신령한 존재로 사람들이 소원을 빌던 나무가 이제는 사람들에게 두려움을 주고 있습니다. 변해버린 신목을 없애 사람들로부터 두려움을 잘라 내어야 합니다."
    },
    "19100028": {
        "deprecated": false,
        "Dev_Desc": "끔찍한 울림",
        "id": 19100028,
        "alias": "Contents.Quest.Desc.3003002",
        "text": "골짜기에서 나는 끔찍한 소리의 정체는 강철악이라는 괴물의 소리입니다. 강철악이 골짜기를 점령하고 있는 동안 아무도 그 지역을 지나가지 못하고 있습니다. 문제는 강철악이 매우 강력하기 때문에 혼자서는 상대하기 어렵다는 것입니다. 한시라도 빨리 사람들과 힘을 합쳐 강철악을 처치해야 합니다."
    },
    "19100029": {
        "deprecated": false,
        "Dev_Desc": "물자 보호_비옥대지",
        "id": 19100029,
        "alias": "Contents.Quest.Desc.3000101",
        "text": "예도항으로부터 물건을 싣고오는 상인들이 물자를 잃어버리거나 다치는등 피해를 입는 경우가 많아졌습니다. 붉은 비탈에 숨어 있는 홍돈 무리와 최근 늘어난 만다라화를 처치하여 상인들이 안전하게 다닐 수 있도록 해야 합니다."
    },
    "19100030": {
        "deprecated": false,
        "Dev_Desc": "홍돈족 세력 무력화_비옥대지",
        "id": 19100030,
        "alias": "Contents.Quest.Desc.3000102",
        "text": "그동안 홍돈족의 말도 안되는 요구와 행동에 대응하지 않고 있었지만 날이 갈수록 홍돈족 세력이 늘어나 풍백문 앞마당까지 세력을 넓혀 사람들에게 위해를 가하고 있습니다. 홍돈족들에게 우리 힘을 보여 더 이상 풍백문 근처에는 얼씬도 못하게 하십시오."
    },
    "19100031": {
        "deprecated": false,
        "Dev_Desc": "이독치독_비옥대지",
        "id": 19100031,
        "alias": "Contents.Quest.Desc.3000103",
        "text": "시간이 갈수록 적들이 늘어만 가고 있기 때문에 단순 무력만으로는 적들을 물리칠 수 없습니다. 그래서 전갈의 독을 이용하여 더 강력한 무기를 제작중에 있습니다. 하지만 전갈의 독액을 추출하여 무기에 바르거나 던져 큰 효과를 보자 공급이 부족한 상태가 되었습니다. 단풍노을 골짜기의 전갈로부터 독액을 수집해 주세요."
    },
    "19100032": {
        "deprecated": false,
        "Dev_Desc": "이상한 수수께끼_비옥대지",
        "id": 19100032,
        "alias": "Contents.Quest.Desc.3000104",
        "text": "옛날 이야기라 생각할 수도 있고 두려움에 환청을 들은 것이라 생각할 수 있지만 어둑시니들로 인해 피해를 입고 있는 것은 분명한 사실입니다. 한시바삐 어둑시니들을 처리해 주십시오."
    },
    "19100033": {
        "deprecated": false,
        "Dev_Desc": "검은 새벽단 잔당 처치_비옥대지",
        "id": 19100033,
        "alias": "Contents.Quest.Desc.3000105",
        "text": "풍백문과 치열한 전투를 벌이고 세력이 한풀 꺾인 지금이야말로 검은 새벽단을 없앨 기회입니다. 원령의 언덕에서 풍백문 사람들을 도와 검은 새벽단 잔당을 없애십시오."
    },
    "19100034": {
        "deprecated": false,
        "Dev_Desc": "거래를 위한 재료_비옥대지",
        "id": 19100034,
        "alias": "Contents.Quest.Desc.3000106",
        "text": "풍백문에서 여우의 모피와 만다라화의 풀을 많이 모으고 있다고 들었습니다. 큰 돈은 되지 않지만 풍백문과의 거래를 위해 여우의 모피와 만다라화의 풀을 모아 주십시오."
    },
    "19100035": {
        "deprecated": false,
        "Dev_Desc": "진퇴양난_비옥대지",
        "id": 19100035,
        "alias": "Contents.Quest.Desc.3000107",
        "text": "불마자들이 넘어오지 못하도록 숲을 만들었지만 이 때문인지 어둑시니들이 나타나기 시작했어요. 일부 나무를 잘라 어둑시니들을 물러나게 했지만 불마자들이 걱정되어 더 이상 이러지도 저러지도 못하고 있네요. 숲의 장막으로 가 현재 상황을 파악하고 어둑시니들이 많다면 그들을 물리쳐주세요."
    },
    "19100036": {
        "deprecated": false,
        "Dev_Desc": "생기를 잃은 숲_비옥대지",
        "id": 19100036,
        "alias": "Contents.Quest.Desc.3000108",
        "text": "한 때는 많은 종류의 동식물들이 있던 곳이 회색 빛이 되어 생기를 찾아보기 힘든 곳이 땅이 되었고 침식된 서인족과 피에 굶주린 호랑이들만 돌아다니는 곳이 되고 말았습니다. 다시 예전의 생기를 회복 시키기 위해 그들을 모두 없애야 합니다."
    },
    "19100037": {
        "deprecated": false,
        "Dev_Desc": "거대한 위협_비옥대지",
        "id": 19100037,
        "alias": "Contents.Quest.Desc.3000109",
        "text": "곳곳에 생기고 있는 균열도 문제지만 비옥 발굴지에서 일어난 사건으로 생긴 가장 큰 문제는 끊임없이 쏟아져 나오는 불마자들입니다. 비옥 폐허에 잔뜩 몰려 있는 불마자들이 여기까지 온다고 생각만 해도 끔찍합니다. 모두 없애버리는 것은 당장 힘들겠지만 불마자의 수를 최대한 줄여 없애주십시오."
    },
    "19100038": {
        "deprecated": false,
        "Dev_Desc": "생명에게 안식을_비옥대지",
        "id": 19100038,
        "alias": "Contents.Quest.Desc.3000110",
        "text": "비옥 발굴지에서 일어난 참혹한 일은 기억하고 싶지도 않아요. 하지만 아직 그곳에서 죽지도 못하고 고통을 받는 병사들이 있어요. 영원히 고통 받으며 떠돌지 않도록 그들에게 안식을 가져다 주세요."
    },
    "19100039": {
        "deprecated": false,
        "Dev_Desc": "뿔이 만든 싸움_비옥대지",
        "id": 19100039,
        "alias": "Contents.Quest.Desc.3000111",
        "text": "붉은 뿔이 비싸게 거래된다는 소문이 돌아서 그런지 그곳에 투엽단까지 나타나 밀렵을 일삼고 우리가 얻은 물량까지 훔쳐가고 있습니다. 전쟁 물자가 부족한 시점에 큰 타격을 입고 있으니 붉은 뿔의 길로가 투엽단을 처치하고 붉은 뿔을 모아 주십시오."
    },
    "19100040": {
        "deprecated": false,
        "Dev_Desc": "협곡의 불길한 기운_비옥대지",
        "id": 19100040,
        "alias": "Contents.Quest.Desc.3000112",
        "text": "변이된 청인족들이 리오리노를 위시하여 밀려오고 있어서 더 이상 막을 수 없는 지경에 이르고 있습니다. 다행히 창도단과도 마찰이 있어서 잠시 주춤하고 있는 것으로 보입니다. 지금이 변이된 청인족들을 처리할 수 있는 적기입니다."
    },
    "19100041": {
        "deprecated": false,
        "Dev_Desc": "거점 세우기_비옥대지",
        "id": 19100041,
        "alias": "Contents.Quest.Desc.3000113",
        "text": "매화단의 노력으로 용머리 탐사지가 곧 완성될 것으로 보이지만 창도단들이 그 세력을 점점 넓혀 나가고 있어서 마찰이 잦다고 합니다. 매화단을 도와 창도단을 처치 하십시오."
    },
    "19100042": {
        "deprecated": false,
        "Dev_Desc": "숲 정화_비옥대지",
        "id": 19100042,
        "alias": "Contents.Quest.Desc.3000114",
        "text": "갑자기 사묘정이 사나워진 이유는 알 수 없지만 사람들에게 피해를 끼치는건 사실입니다. 변이된 투연초가 원인일 수도 있고…. 어쨌든 사묘정과 투연초 모두 없앤후에 원인을 찾아야 할 것 같습니다."
    },
    "19100043": {
        "deprecated": false,
        "Dev_Desc": "악몽의 숲_비옥대지",
        "id": 19100043,
        "alias": "Contents.Quest.Desc.3000115",
        "text": "꿈결의 숲이 몽환적인 분위기에 취해 심신을 안정시킨다는 말은 이제 옛말이 되고 말았어요. 변이된 해파리의 독에 쏘이고 삼색조에 공격당하는 곳은 그야말로 악몽이에요. 악몽. 다시 예전의 꿈결의 숲으로 돌려주세요."
    },
    "19100044": {
        "deprecated": false,
        "Dev_Desc": "바위보다 단단하게_비옥대지",
        "id": 19100044,
        "alias": "Contents.Quest.Desc.3000116",
        "text": "바위보다 단단한 껍질을 지닌 타리트가 엄청난 숫자로 늘어난데다 담인초와 화염초까지…. 이제는 솟을바위 산으로 갈 수가 없을 지경입니다. 수정밀림 연구지에 가져가야 할 것들이 산더미인데 어찌할 바를 모르겠습니다. 저것들을 모두 없앨 수 있게 도와주십시오."
    },
    "19100045": {
        "deprecated": false,
        "Dev_Desc": "위험한 경사로_비옥대지",
        "id": 19100045,
        "alias": "Contents.Quest.Desc.3000117",
        "text": "가파른 경사로에 괴물까지 나타나서 얼마나 위험한지 몰라요. 놀라 도망치다 경사로 아래까지 굴러서 다친 사람들도 얼마나 많은데요. 괴물들이 빨리 없어졌으면 좋겠어요!"
    },
    "19100046": {
        "deprecated": false,
        "Dev_Desc": "사막으로 가는길_비옥대지",
        "id": 19100046,
        "alias": "Contents.Quest.Desc.3000118",
        "text": "용린사막으로 가는 길이 막혀 공사를 위해 인부들을 보냈으나 어찌 된 일인지 죽거나 사라지는 일이 생겼습니다. 며칠 후 망자가 되어 나타나 사람들을 공격하자 다른 인부들이 두려움에 떨어 일을 못하고 있습니다. 공사가 진행이 안되 사막으로 길을 기일 내에 완성하지 못할까 걱정입니다. 망자들을 처리하여 인부들이 걱정 없이 일할 수 있게 해주십시오."
    },
    "19100047": {
        "deprecated": false,
        "Dev_Desc": "끝 없는 욕심_비옥대지",
        "id": 19100047,
        "alias": "Contents.Quest.Desc.3000119",
        "text": "재앙의 은신처의 야금을 잡기 위해 목숨을 건 도전을 하는 사람들이 늘어나고 있습니다. 입구를 막아 들어가지 못하게 했더니 오히려 역효과가 나 야금들이 먹이를 찾아 밖으로 나오고 있는 것입니다. 야금을 처치하여 밖으로 나와 사람들에게 해를 끼치지 못하게 처리해 주십시오."
    },
    "19100048": {
        "deprecated": false,
        "Dev_Desc": "모여드는 거미_태록림",
        "id": 19100048,
        "alias": "Contents.Quest.Desc.3000120",
        "text": "우기가 끝나고 모처럼 날씨가 좋다 했더니 거미들이 또 말썽이네요. 번식기를 맞아 모여든 거미들이 숲 길목을 가득 메우고 있다고 합니다. 지난번처럼 거미들이 예도항까지 내려오는 끔찍한 일이 생기기 전에 그 수를 줄여주세요"
    },
    "19100049": {
        "deprecated": false,
        "Dev_Desc": "풍토병 치료제_태록림",
        "id": 19100049,
        "alias": "Contents.Quest.Desc.3000121",
        "text": "소식 들으셨나요? 풍토병으로 아직 고생하고 있는 사람들을 위한 신약 개발이 거의 완성 단계에 들어섰다 하네요. 이전보다 훨씬 뛰어난 예방효과가 있다는데, 다만 약초 수급이 원활하지 않은 문제가 있다네요. 동부 생태 조사림에 가서 약초채집을 방해하는 주변 동물들을 혼내주세요"
    },
    "19100050": {
        "deprecated": false,
        "Dev_Desc": "최선의 방어는 공격_태록림",
        "id": 19100050,
        "alias": "Contents.Quest.Desc.3000122",
        "text": "요즘들어 부쩍 녹각다귀들이 공격성을 보이고 있어, 풍요 우림 거점 주변의 안전을 위협하고 있다고 하네요. 어제는 수양쪽 인원 두명이 크게 다치는 사고가 있었다죠? 다시 녀석들이 잠잠해질 수 있도록 본때를 보여주세요."
    },
    "19100051": {
        "deprecated": false,
        "Dev_Desc": "소음 공해의 원인_태록림",
        "id": 19100051,
        "alias": "Contents.Quest.Desc.3000123",
        "text": "만다라화의 소음이 날로 커진다 하더니, 요새는 폭포 소리를 뚫고 넘어와 가까운 곳에 머무는 인원들이 밤잠을 이룰 수 없을 지경이라네요. 이 현상의 원인을 밝히기 위해 만다라화의 잎사귀 시료가 많이 필요하다는데 도와 주실 수 있으신가요?"
    },
    "19100052": {
        "deprecated": false,
        "Dev_Desc": "과일 도둑 잡기_태록림",
        "id": 19100052,
        "alias": "Contents.Quest.Desc.3000124",
        "text": "감시탑 주변 해안 생물들의 개체가 걷잡을 수 없이 느는 바람에 예도항 마을까지 올라와 과일과 채소들을 먹어치우는 일까지 벌어지고 있다고 합니다. 가뜩이나 과일이 귀한 요즘 같은 때 상인들의 피해가 이만저만이 아니라고 하네요. 이들을 쫒아내는 일을 도와주세요."
    },
    "19100053": {
        "deprecated": false,
        "Dev_Desc": "달밤의 장난꾸러기들_태록림",
        "id": 19100053,
        "alias": "Contents.Quest.Desc.3000125",
        "text": "어젯밤 벌목을 마치고 풍요 우림 거점으로 돌아가던 인부들이 검은 형체들에게 습격을 받아 흠씬 두들겨 맞고 목재마저 모두 빼앗기는 소동이 있었어요. 난파선의 잔해 주변에 있는 어둑시니들의 장난이 분명합니다. 이들을 혼내주고 목재를 되찾아주세요."
    },
    "19100054": {
        "deprecated": false,
        "Dev_Desc": "소문 잠재우기_태록림",
        "id": 19100054,
        "alias": "Contents.Quest.Desc.3000126",
        "text": "발자국 없는 해안에 산다는 그 푸른 피부의 괴인들이 무슨 작당이라고 모의하고 있는 것은 아닐지 불안에 떠는 사람들이 많아요. 직접 그 주변을 조사하고 불안한 소문을 잠재워주세요."
    },
    "19100055": {
        "deprecated": false,
        "Dev_Desc": "두 눈으로 똑똑히 봤다고_태록림",
        "id": 19100055,
        "alias": "Contents.Quest.Desc.3000127",
        "text": "난파선의 무덤 주변에 사람 형상을 한 무서운 것들이 돌아다닌다던데, 그 소문이 진실인지는 직접 가봐야만 알 수 있겠지요. 당신이 한번 그 주변을 조사해주시겠어요? 혹여 위험한 무언가를 만난다면 그게 무엇이든 처치해버려도 좋습니다."
    },
    "19100056": {
        "deprecated": false,
        "Dev_Desc": "야생의 무리_태록림",
        "id": 19100056,
        "alias": "Contents.Quest.Desc.3000128",
        "text": "암각다귀 그 포악한 녀석들이 요즘들어 더 공격적으로 행동하고 있다는데, 아무래도 예사롭지 않아요. 거기에 주변의 곰들 또한 덩달아 흥분하여 밤 동안 방책을 부숴놓는 등 풍요 우림 거점을 위협하고 있다네요. 이들을 처치하고 거점의 안전을 확보해주세요."
    },
    "19100057": {
        "deprecated": false,
        "Dev_Desc": "숲 속의 도적떼_태록림",
        "id": 19100057,
        "alias": "Contents.Quest.Desc.3000129",
        "text": "조금 잠잠한가 싶었더니 혈비패 일당들이 또 문제를 일으키고 있어요. 어제도 상단이 습격을 받아 물자들을 모두 약탈당했다고 하네요. 혈비의 숲으로 가서 놈들이 더 이상 활개를 치지 못하도록 처리해주세요."
    },
    "19100058": {
        "deprecated": false,
        "Dev_Desc": "비 온 뒤 땅은 굳고_태록림",
        "id": 19100058,
        "alias": "Contents.Quest.Desc.3000130",
        "text": "한동안 내린 비로 허리까지 찼던 물이 빠지고나니, 투연초들이 수도 없이 자라 숲을 가득 채우고 있어요. 놈들의 이런 폭발적인 생명력이 가히 경이롭긴 하지만, 주변을 지나는 상인과 대원들에게는 꽤 큰 골칫거리라고 합니다. 이들을 위해 숲에 길을 내는 일을 도와주세요"
    },
    "19100059": {
        "deprecated": false,
        "Dev_Desc": "깊은 늪 안개 속_태록림",
        "id": 19100059,
        "alias": "Contents.Quest.Desc.3000131",
        "text": "늪지의 인면충들이 환각 안개를 내뿜는 양이 이전에 비해 늘어났다는 조사원의 이야기를 들었어요. 안개 숲 개척지까지 안개가 퍼지지 않게 손을 쓰기 위해 도움이 필요하다고 합니다. 메말라 가는 늪지로 가 그들을 도와주세요."
    },
    "19100060": {
        "deprecated": false,
        "Dev_Desc": "뱀 같은 버섯_태록림",
        "id": 19100060,
        "alias": "Contents.Quest.Desc.3000132",
        "text": "뱀버섯의 환각성분을 연구 중인 영교원에서 뱀버섯 표본을 구하고 있어요. 장소가 장소인지라 아무도 선뜻 나서지 못하고 있는데, 직접 가셔서 표본을 채취해 와주신다면 큰 도움이 될 것 같습니다."
    },
    "19100061": {
        "deprecated": false,
        "Dev_Desc": "망자를 기리는 일_태록림",
        "id": 19100061,
        "alias": "Contents.Quest.Desc.3000133",
        "text": "개척자 위령묘지에 참배를 드리러 가고자 하는 이들을 위해 묘지 주변의 안전을 확보해주세요. 요즘들어 도굴을 하러 혈비패 일당이 출몰하기도 한다던데, 혹시 그들을 보게 된다면 그 나쁜 버릇을 고쳐놔 주시기 바랍니다."
    },
    "19100062": {
        "deprecated": false,
        "Dev_Desc": "본보기 만들기_태록림",
        "id": 19100062,
        "alias": "Contents.Quest.Desc.3000134",
        "text": "참고요 숲에서 불법으로 산선호를 수렵 중인 부패한 수양단원들을 찾아내 혼내주세요, 그들을 본보기로 삼아 더 이상 그와 같은 자들이 생기는 걸 막아야 합니다."
    },
    "19100063": {
        "deprecated": false,
        "Dev_Desc": "끔찍한 혼종_태록림",
        "id": 19100063,
        "alias": "Contents.Quest.Desc.3000135",
        "text": "생긴건 꼭 식물처럼 생겼지만 짐승마냥 사람을 꿀꺽 삼켜버리는 그 것들, 담인초라고 불리는 그 괴물들에 피해를 입는 사례가 부쩍 많이 보고되고 있어요. 담인초 습지로 가서 이 끔찍한 녀석들의 수를 줄여주십시오."
    },
    "19100064": {
        "deprecated": false,
        "Dev_Desc": "귀여운 얼굴에 그렇지 못한_태록림",
        "id": 19100064,
        "alias": "Contents.Quest.Desc.3000136",
        "text": "낙원 계곡 주변의 낙원족들은 얼핏 보기엔 귀엽지만 성격은 장난이 심하고 고약하기로 유명하지요. 멀리까지 폭포를 구경하러 온 사람들의 물건이 없어지는 건 예삿일이지요. 이들을 혼내주고 사람들이 잃어버린 물건들을 되찾아 주세요."
    },
    "19100065": {
        "deprecated": false,
        "Dev_Desc": "해변 확보_태록림",
        "id": 19100065,
        "alias": "Contents.Quest.Desc.3000137",
        "text": "예도항 북쪽의 해변가에 있는 이 도깨비들은 예도항의 물자들을 슬쩍 훔쳐가 숨겨놓는 답니다. 주기적으로 수양에서 이들을 몰아내고 있다고는 하지만 역부족입니다. 가서 이들을 몰아내는 일을 도와주세요."
    },
    "19100066": {
        "deprecated": false,
        "Dev_Desc": "검은 땅_태록림",
        "id": 19100066,
        "alias": "Contents.Quest.Desc.3000138",
        "text": "검은 진흙을 구하기 위해 떠난 사람들이 그 곳의 위험성에 대해 몰라서 곤경에 빠지는 것이 아닙니다. 그들 스스로의 욕심 때문에 너무 깊은 곳까지 들어갔다가 봉변을 당하는 것이지요. 이유야 어찌됐든 도움이 필요한 사람들을 외면할 수는 없지 않습니까? 그 곳의 위험한 생명체들을 처치해 실종된 이들을 찾는 일을 도와주세요."
    },
    "19100067": {
        "deprecated": false,
        "Dev_Desc": "상아탑을 쌓는 사람들_태록림",
        "id": 19100067,
        "alias": "Contents.Quest.Desc.3000139",
        "text": "풀내음 언덕길 주변의 독특한 식생과 사묘정간의 연관성에 대한 연구는 큰 진전없이 제자리 걸음을 하고 있다죠. 성과없는 연구에 수년을 쏟고 있는 연구자들을 응원하는 차원에서 그 곳 생물들의 표본을 구해주세요. 매번 표본을 구하러 와야하는 그들에게 큰 힘이 될 겁니다."
    },
    "19100068": {
        "deprecated": false,
        "Dev_Desc": "해는 오늘도 떴지만_태록림",
        "id": 19100068,
        "alias": "Contents.Quest.Desc.3000140",
        "text": "올해도 많은 사람들이 해맞이 비탈에 모여 묵은 한 해를 보내고 새해를 맞는 뜻 깊은 시간을 보낼 것으로 예상됩니다. 요즘들어 자주 출몰하는 묘면족과 나무정령들이 문제를 일으키기 않도록 미리 몰아내주세요."
    },
    "19100069": {
        "deprecated": false,
        "Dev_Desc": "고산의 동물들_태록림",
        "id": 19100069,
        "alias": "Contents.Quest.Desc.3000141",
        "text": "낙원 폭포 남부의 숲은 특유의 경관을 보러 오는 시인들과 신비한 약초를 캐러오는 약초꾼들 사이에서 입소문이 퍼지고 있습니다만, 이 높은 지대를 터전삼아 지내고 있는 동물들의 특성에 대한 연구는 이제 걸음마 수준에 불과합니다. 이들에게 조심스레 다가가 연구용 표본을 조금씩 구해주세요."
    }
}