{
    "1099005": {
        "deprecated": false,
        "Dev_Desc": "기능_강화_이름",
        "id": 1099005,
        "alias": "Contents.Citizen.Name.199005",
        "text": "강화 장인"
    },
    "1099006": {
        "deprecated": false,
        "Dev_Desc": "기능_강화_이름",
        "id": 1099006,
        "alias": "Contents.Citizen.Name.199006",
        "text": "강화 장인"
    },
    "1099007": {
        "deprecated": false,
        "Dev_Desc": "기능_잡화_이름",
        "id": 1099007,
        "alias": "Contents.Citizen.Name.199007",
        "text": "잡화 상인"
    },
    "1099008": {
        "deprecated": false,
        "Dev_Desc": "기능_잡화_이름",
        "id": 1099008,
        "alias": "Contents.Citizen.Name.199008",
        "text": "견습 잡화 상인"
    },
    "1099009": {
        "deprecated": false,
        "Dev_Desc": "기능_잡화_이름",
        "id": 1099009,
        "alias": "Contents.Citizen.Name.199009",
        "text": "잡화 상인"
    },
    "1099010": {
        "deprecated": false,
        "Dev_Desc": "기능_잡화_이름",
        "id": 1099010,
        "alias": "Contents.Citizen.Name.199010",
        "text": "잡화 상인"
    },
    "1099011": {
        "deprecated": false,
        "Dev_Desc": "기능_잡화_이름",
        "id": 1099011,
        "alias": "Contents.Citizen.Name.199011",
        "text": "잡화 상인"
    },
    "1099012": {
        "deprecated": false,
        "Dev_Desc": "기능_의상_이름",
        "id": 1099012,
        "alias": "Contents.Citizen.Name.199012",
        "text": "의상 상인"
    },
    "1099013": {
        "deprecated": false,
        "Dev_Desc": "기능_제작_이름",
        "id": 1099013,
        "alias": "Contents.Citizen.Name.199013",
        "text": "제작 장인"
    },
    "1099014": {
        "deprecated": false,
        "Dev_Desc": "기능_혈석_이름",
        "id": 1099014,
        "alias": "Contents.Citizen.Name.199014",
        "text": "한정 상인"
    },
    "1099015": {
        "deprecated": false,
        "Dev_Desc": "기능_PK_이름",
        "id": 1099015,
        "alias": "Contents.Citizen.Name.199015",
        "text": "특별 장비 상인"
    },
    "1099016": {
        "deprecated": false,
        "Dev_Desc": "기능_특별상점_이름",
        "id": 1099016,
        "alias": "Contents.Citizen.Name.199016",
        "text": "특별상인"
    },
    "1099037": {
        "deprecated": false,
        "Dev_Desc": "기능_복구_이름",
        "id": 1099037,
        "alias": "Contents.Citizen.Name.199037",
        "text": "복구술사"
    },
    "1099038": {
        "deprecated": false,
        "Dev_Desc": "기능_복구_이름",
        "id": 1099038,
        "alias": "Contents.Citizen.Name.199038",
        "text": "복구술사"
    },
    "1099039": {
        "deprecated": false,
        "Dev_Desc": "기능_복구_이름",
        "id": 1099039,
        "alias": "Contents.Citizen.Name.199039",
        "text": "복구술사"
    },
    "1099040": {
        "deprecated": false,
        "Dev_Desc": "기능_복구_이름",
        "id": 1099040,
        "alias": "Contents.Citizen.Name.199040",
        "text": "복구술사"
    },
    "1099041": {
        "deprecated": false,
        "Dev_Desc": "기능_복구_이름",
        "id": 1099041,
        "alias": "Contents.Citizen.Name.199041",
        "text": "복구술사"
    },
    "1099045": {
        "deprecated": false,
        "Dev_Desc": "기능_아지트_이름",
        "id": 1099045,
        "alias": "Contents.Citizen.Name.199045",
        "text": "문파 감독관"
    },
    "1099049": {
        "deprecated": false,
        "Dev_Desc": "기능_창고_이름",
        "id": 1099049,
        "alias": "Contents.Citizen.Name.199049",
        "text": "물류관리인"
    },
    "1099050": {
        "deprecated": false,
        "Dev_Desc": "기능_창고_이름",
        "id": 1099050,
        "alias": "Contents.Citizen.Name.199050",
        "text": "물류관리인"
    },
    "1099051": {
        "deprecated": false,
        "Dev_Desc": "기능_창고_이름",
        "id": 1099051,
        "alias": "Contents.Citizen.Name.199051",
        "text": "물류관리인"
    },
    "1099052": {
        "deprecated": false,
        "Dev_Desc": "기능_창고_이름",
        "id": 1099052,
        "alias": "Contents.Citizen.Name.199052",
        "text": "물류관리인"
    },
    "1099053": {
        "deprecated": false,
        "Dev_Desc": "기능_창고_이름",
        "id": 1099053,
        "alias": "Contents.Citizen.Name.199053",
        "text": "물류관리인"
    },
    "1099054": {
        "deprecated": false,
        "Dev_Desc": "기능_의상_이름",
        "id": 1099054,
        "alias": "Contents.Citizen.Name.199054",
        "text": "의상 상인"
    },
    "1099055": {
        "deprecated": false,
        "Dev_Desc": "기능_의상_이름",
        "id": 1099055,
        "alias": "Contents.Citizen.Name.199055",
        "text": "의상 상인"
    },
    "1099056": {
        "deprecated": false,
        "Dev_Desc": "기능_잡화_이름",
        "id": 1099056,
        "alias": "Contents.Citizen.Name.199056",
        "text": "의상 상인"
    },
    "1099057": {
        "deprecated": false,
        "Dev_Desc": "기능_잡화_이름",
        "id": 1099057,
        "alias": "Contents.Citizen.Name.199057",
        "text": "초급 무기 상인"
    },
    "1099058": {
        "deprecated": false,
        "Dev_Desc": "기능_잡화_이름",
        "id": 1099058,
        "alias": "Contents.Citizen.Name.199058",
        "text": "비사전 교환상"
    },
    "1099059": {
        "deprecated": false,
        "Dev_Desc": "기능_잡화_이름",
        "id": 1099059,
        "alias": "Contents.Citizen.Name.199059",
        "text": "명예주화 교환상"
    },
    "1099060": {
        "deprecated": false,
        "Dev_Desc": "기능_테스트_이름",
        "id": 1099060,
        "alias": "Contents.Citizen.Name.199060",
        "text": "검술비급 상인"
    },
    "1099061": {
        "deprecated": false,
        "Dev_Desc": "기능_테스트_이름",
        "id": 1099061,
        "alias": "Contents.Citizen.Name.199061",
        "text": "권법서 상인"
    },
    "1099062": {
        "deprecated": false,
        "Dev_Desc": "기능_테스트_이름",
        "id": 1099062,
        "alias": "Contents.Citizen.Name.199062",
        "text": "기공비서 상인"
    },
    "1099063": {
        "deprecated": false,
        "Dev_Desc": "기능_테스트_이름",
        "id": 1099063,
        "alias": "Contents.Citizen.Name.199063",
        "text": "부술비전 상인"
    },
    "1099064": {
        "deprecated": false,
        "Dev_Desc": "기능_테스트_이름",
        "id": 1099064,
        "alias": "Contents.Citizen.Name.199064",
        "text": "궁술비록 상인"
    },
    "1099065": {
        "deprecated": false,
        "Dev_Desc": "기능_비급_이름",
        "id": 1099065,
        "alias": "Contents.Citizen.Name.199065",
        "text": "검술비급 상인"
    },
    "1099066": {
        "deprecated": false,
        "Dev_Desc": "기능_비급_이름",
        "id": 1099066,
        "alias": "Contents.Citizen.Name.199066",
        "text": "권법서 상인"
    },
    "1099067": {
        "deprecated": false,
        "Dev_Desc": "기능_비급_이름",
        "id": 1099067,
        "alias": "Contents.Citizen.Name.199067",
        "text": "기공비서 상인"
    },
    "1099068": {
        "deprecated": false,
        "Dev_Desc": "기능_비급_이름",
        "id": 1099068,
        "alias": "Contents.Citizen.Name.199068",
        "text": "부술비전 상인"
    },
    "1099069": {
        "deprecated": false,
        "Dev_Desc": "기능_비급_이름",
        "id": 1099069,
        "alias": "Contents.Citizen.Name.199069",
        "text": "궁술비록 상인"
    },
    "1099070": {
        "deprecated": false,
        "Dev_Desc": "기능_상점_이름",
        "id": 1099070,
        "alias": "Contents.Citizen.Name.199070",
        "text": "초령옥 상인"
    },
    "1099071": {
        "deprecated": false,
        "Dev_Desc": "기능_상점_이름",
        "id": 1099071,
        "alias": "Contents.Citizen.Name.199071",
        "text": "도화전 교환상"
    },
    "1099072": {
        "deprecated": false,
        "Dev_Desc": "기능_상점_이름",
        "id": 1099072,
        "alias": "Contents.Citizen.Name.199072",
        "text": "증표 교환상"
    },
    "1099073": {
        "deprecated": false,
        "Dev_Desc": "기능_상점_이름",
        "id": 1099073,
        "alias": "Contents.Citizen.Name.199073",
        "text": "도술경전 상인"
    },
    "1099074": {
        "deprecated": false,
        "Dev_Desc": "기능_문파 가택_문파 상인_이름",
        "id": 1099074,
        "alias": "Contents.Citizen.Name.199091",
        "text": "문파 상인"
    },
    "1099075": {
        "deprecated": false,
        "Dev_Desc": "기능_문파 가택_단기 버프 상인_이름",
        "id": 1099075,
        "alias": "Contents.Citizen.Name.199092",
        "text": "문파 단기 버프 상인"
    },
    "1099076": {
        "deprecated": false,
        "Dev_Desc": "기능_문파 가택_창고지기_이름",
        "id": 1099076,
        "alias": "Contents.Citizen.Name.199093",
        "text": "창고지기"
    },
    "1099077": {
        "deprecated": false,
        "Dev_Desc": "기능_문파 가택_복구술사_이름",
        "id": 1099077,
        "alias": "Contents.Citizen.Name.199094",
        "text": "복구술사"
    },
    "1099078": {
        "deprecated": false,
        "Dev_Desc": "기능_문파 가택_레이드 상점_이름",
        "id": 1099078,
        "alias": "Contents.Citizen.Name.199095",
        "text": "레이드 상인"
    },
    "1099079": {
        "deprecated": false,
        "Dev_Desc": "기능_상점_이름",
        "id": 1099079,
        "alias": "Contents.Citizen.Name.199096",
        "text": "패시브 무공서 상인"
    },
    "1099080": {
        "deprecated": false,
        "Dev_Desc": "기능_상점_이름",
        "id": 1099080,
        "alias": "Contents.Citizen.Name.199097",
        "text": "잡화 상인"
    },
    "1099081": {
        "deprecated": false,
        "Dev_Desc": "기능_상점_이름",
        "id": 1099081,
        "alias": "Contents.Citizen.Name.199098",
        "text": "매입 상인"
    },
    "1099082": {
        "deprecated": false,
        "Dev_Desc": "기능_상점_이름",
        "id": 1099082,
        "alias": "Contents.Citizen.Name.199099",
        "text": "액티브 무공서 상인"
    },
    "1099083": {
        "deprecated": false,
        "Dev_Desc": "기능_상점_이름",
        "id": 1099083,
        "alias": "Contents.Citizen.Name.199100",
        "text": "의상 상인"
    },
    "1099084": {
        "deprecated": false,
        "Dev_Desc": "기능_상점_이름",
        "id": 1099084,
        "alias": "Contents.Citizen.Name.199101",
        "text": "비밀 상인"
    },
    "1099085": {
        "deprecated": false,
        "Dev_Desc": "기능_상점_이름",
        "id": 1099085,
        "alias": "Contents.Citizen.Name.199102",
        "text": "상인"
    },
    "1099255": {
        "deprecated": false,
        "Dev_Desc": "기능_강화_타이틀",
        "id": 1099255,
        "alias": "Contents.Citizen.Title.199005",
        "text": "금경철문"
    },
    "1099256": {
        "deprecated": false,
        "Dev_Desc": "기능_잡화_타이틀",
        "id": 1099256,
        "alias": "Contents.Citizen.Title.199006",
        "text": "도화상전"
    },
    "1099257": {
        "deprecated": false,
        "Dev_Desc": "기능_의상_타이틀",
        "id": 1099257,
        "alias": "Contents.Citizen.Title.199007",
        "text": "천의방"
    },
    "1099258": {
        "deprecated": false,
        "Dev_Desc": "기능_제작_타이틀",
        "id": 1099258,
        "alias": "Contents.Citizen.Title.199008",
        "text": "금경철문"
    },
    "1099259": {
        "deprecated": false,
        "Dev_Desc": "기능_혈석_타이틀",
        "id": 1099259,
        "alias": "Contents.Citizen.Title.199009",
        "text": "성보당"
    },
    "1099260": {
        "deprecated": false,
        "Dev_Desc": "기능_PK_타이틀",
        "id": 1099260,
        "alias": "Contents.Citizen.Title.199010",
        "text": "성보당"
    },
    "1099261": {
        "deprecated": false,
        "Dev_Desc": "기능_특별상인_타이틀",
        "id": 1099261,
        "alias": "Contents.Citizen.Title.199011",
        "text": "도화상전"
    },
    "1099262": {
        "deprecated": false,
        "Dev_Desc": "기능_창고_타이틀",
        "id": 1099262,
        "alias": "Contents.Citizen.Title.199012",
        "text": "도화상전"
    },
    "1099263": {
        "deprecated": false,
        "Dev_Desc": "기능_복구_타이틀",
        "id": 1099263,
        "alias": "Contents.Citizen.Title.199013",
        "text": "영교원"
    },
    "1099264": {
        "deprecated": false,
        "Dev_Desc": "기능_아지트_타이틀",
        "id": 1099264,
        "alias": "Contents.Citizen.Title.199014",
        "text": "유시연와"
    },
    "1099265": {
        "deprecated": false,
        "Dev_Desc": "기능_주화상인_타이틀",
        "id": 1099265,
        "alias": "Contents.Citizen.Title.199015",
        "text": "비사문"
    },
    "1099266": {
        "deprecated": false,
        "Dev_Desc": "기능_명예주화교환상_타이틀",
        "id": 1099266,
        "alias": "Contents.Citizen.Title.199016",
        "text": "도화상전"
    },
    "1099267": {
        "deprecated": false,
        "Dev_Desc": "기능_비급_타이틀",
        "id": 1099267,
        "alias": "Contents.Citizen.Title.199017",
        "text": "도화상전"
    },
    "1099268": {
        "deprecated": false,
        "Dev_Desc": "기능_소울뽑기상점_타이틀",
        "id": 1099268,
        "alias": "Contents.Citizen.Title.199018",
        "text": "영교원"
    },
    "1099269": {
        "deprecated": false,
        "Dev_Desc": "기능_무기상인_타이틀",
        "id": 1099269,
        "alias": "Contents.Citizen.Title.199019",
        "text": "금경철문"
    },
    "1099275": {
        "deprecated": false,
        "Dev_Desc": "기능_문파 가택_문파 상인_타이틀",
        "id": 1099275,
        "alias": "Contents.Citizen.Title.199091",
        "text": "도화상전"
    },
    "1099276": {
        "deprecated": false,
        "Dev_Desc": "기능_문파 가택_단기 버프 상인_타이틀",
        "id": 1099276,
        "alias": "Contents.Citizen.Title.199092",
        "text": "도화상전"
    },
    "1099277": {
        "deprecated": false,
        "Dev_Desc": "기능_문파 가택_창고지기_타이틀",
        "id": 1099277,
        "alias": "Contents.Citizen.Title.199093",
        "text": "도화상전"
    },
    "1099278": {
        "deprecated": false,
        "Dev_Desc": "기능_문파 가택_복구술사_타이틀",
        "id": 1099278,
        "alias": "Contents.Citizen.Title.199094",
        "text": "영교원"
    },
    "1099279": {
        "deprecated": false,
        "Dev_Desc": "기능_문파 가택_레이드 상점_이름",
        "id": 1099279,
        "alias": "Contents.Citizen.Title.199095",
        "text": "도화상전"
    },
    "1099280": {
        "deprecated": false,
        "Dev_Desc": "문파_레이드_상점_이름",
        "id": 1099280,
        "alias": "Contents.Citizen.Title.199096",
        "text": "문파 레이드 상인"
    },
    "1099281": {
        "deprecated": false,
        "Dev_Desc": "문파_레이드_상점_타이틀",
        "id": 1099281,
        "alias": "Contents.Citizen.Title.199097",
        "text": "도화상전"
    },
    "1099282": {
        "deprecated": false,
        "Dev_Desc": "기능_잡화_타이틀",
        "id": 1099282,
        "alias": "Contents.Citizen.Title.199098",
        "text": "도화상전"
    },
    "1099283": {
        "deprecated": false,
        "Dev_Desc": "기능_상인_타이틀",
        "id": 1099283,
        "alias": "Contents.Citizen.Title.199099",
        "text": "도화상전"
    }
}