{
    "12020000": {
        "deprecated": false,
        "id": 12020000,
        "alias": "Contents.Quest.Mission.20000",
        "text": "선장과 대화"
    },
    "12020001": {
        "deprecated": false,
        "id": 12020001,
        "alias": "Contents.Quest.Mission.20001",
        "text": "에레다에 대해 수소문"
    },
    "12020002": {
        "deprecated": false,
        "id": 12020002,
        "alias": "Contents.Quest.Mission.20002",
        "text": "거미줄 구하기"
    },
    "12020003": {
        "deprecated": false,
        "id": 12020003,
        "alias": "Contents.Quest.Mission.20003",
        "text": "상인과 장인의 대화 듣기"
    },
    "12020004": {
        "deprecated": false,
        "id": 12020004,
        "alias": "Contents.Quest.Mission.20004",
        "text": "거미줄 건네기"
    },
    "12020005": {
        "deprecated": false,
        "id": 12020005,
        "alias": "Contents.Quest.Mission.20005",
        "text": "동부생태 조사림으로 이동"
    },
    "12020006": {
        "deprecated": false,
        "id": 12020006,
        "alias": "Contents.Quest.Mission.20006",
        "text": "에레다 단원들과 전투"
    },
    "12020007": {
        "deprecated": false,
        "id": 12020007,
        "alias": "Contents.Quest.Mission.20007",
        "text": "오름과 대화"
    },
    "12020008": {
        "deprecated": false,
        "id": 12020008,
        "alias": "Contents.Quest.Mission.20008",
        "text": "아랑과 대화"
    },
    "12020009": {
        "deprecated": false,
        "id": 12020009,
        "alias": "Contents.Quest.Mission.20009",
        "text": "제사 재료에 대해 조사"
    },
    "12020010": {
        "deprecated": false,
        "id": 12020010,
        "alias": "Contents.Quest.Mission.20010",
        "text": "도화상전 상인과 대화"
    },
    "12020011": {
        "deprecated": false,
        "id": 12020011,
        "alias": "Contents.Quest.Mission.20011",
        "text": "개다래풀 찾기"
    },
    "12020012": {
        "deprecated": false,
        "id": 12020012,
        "alias": "Contents.Quest.Mission.20012",
        "text": "영교원 밍밍과 대화"
    },
    "12020013": {
        "deprecated": false,
        "id": 12020013,
        "alias": "Contents.Quest.Mission.20013",
        "text": "아랑과 대화"
    },
    "12020014": {
        "deprecated": false,
        "id": 12020014,
        "alias": "Contents.Quest.Mission.20014",
        "text": "수양 대장에게 접근"
    },
    "12020015": {
        "deprecated": false,
        "id": 12020015,
        "alias": "Contents.Quest.Mission.20015",
        "text": "대장과 대화할 방법 찾기"
    },
    "12020016": {
        "deprecated": false,
        "id": 12020016,
        "alias": "Contents.Quest.Mission.20016",
        "text": "수양대장 서중문과 대화"
    },
    "12020017": {
        "deprecated": false,
        "id": 12020017,
        "alias": "Contents.Quest.Mission.20017",
        "text": "난파선의 잔해 정리"
    },
    "12020018": {
        "deprecated": false,
        "id": 12020018,
        "alias": "Contents.Quest.Mission.20018",
        "text": "수양대장 서중문과 대화"
    },
    "12020019": {
        "deprecated": false,
        "id": 12020019,
        "alias": "Contents.Quest.Mission.20019",
        "text": "세 가지 재료 구하기"
    },
    "12020020": {
        "deprecated": false,
        "id": 12020020,
        "alias": "Contents.Quest.Mission.20020",
        "text": "아랑과 대화"
    },
    "12020021": {
        "deprecated": false,
        "id": 12020021,
        "alias": "Contents.Quest.Mission.20021",
        "text": "퍼롱퍼롱 찾기"
    },
    "12020022": {
        "deprecated": false,
        "id": 12020022,
        "alias": "Contents.Quest.Mission.20022",
        "text": "동동과 대화"
    },
    "12020023": {
        "deprecated": false,
        "id": 12020023,
        "alias": "Contents.Quest.Mission.20023",
        "text": "어린 바롱 찾기"
    },
    "12020024": {
        "deprecated": false,
        "id": 12020024,
        "alias": "Contents.Quest.Mission.20024",
        "text": "뱀버섯 처치"
    },
    "12020025": {
        "deprecated": false,
        "id": 12020025,
        "alias": "Contents.Quest.Mission.20025",
        "text": "남아있는 뱀버섯 처치"
    },
    "12020026": {
        "deprecated": false,
        "id": 12020026,
        "alias": "Contents.Quest.Mission.20026",
        "text": "어린바롱과 대화"
    },
    "12020027": {
        "deprecated": false,
        "id": 12020027,
        "alias": "Contents.Quest.Mission.20027",
        "text": "뱀버섯 군락으로"
    },
    "12020028": {
        "deprecated": false,
        "id": 12020028,
        "alias": "Contents.Quest.Mission.20028",
        "text": "퍼롱퍼롱 찾아가기"
    },
    "12020029": {
        "deprecated": false,
        "id": 12020029,
        "alias": "Contents.Quest.Mission.20029",
        "text": "퍼롱퍼롱과 대화"
    },
    "12020030": {
        "deprecated": false,
        "id": 12020030,
        "alias": "Contents.Quest.Mission.20030",
        "text": "비밀거점으로 이동"
    },
    "12020031": {
        "deprecated": false,
        "id": 12020031,
        "alias": "Contents.Quest.Mission.20031",
        "text": "아랑과 대화"
    },
    "12020032": {
        "deprecated": false,
        "id": 12020032,
        "alias": "Contents.Quest.Mission.20032",
        "text": "하름의 심복 제압"
    },
    "12020033": {
        "deprecated": false,
        "id": 12020033,
        "alias": "Contents.Quest.Mission.20033",
        "text": "하름의 비원 조사"
    },
    "12020034": {
        "deprecated": false,
        "id": 12020034,
        "alias": "Contents.Quest.Mission.20034",
        "text": "하름과 전투"
    },
    "12020035": {
        "deprecated": false,
        "id": 12020035,
        "alias": "Contents.Quest.Mission.20035",
        "text": "하름에게 일격 가하기"
    },
    "12020036": {
        "deprecated": false,
        "id": 12020036,
        "alias": "Contents.Quest.Mission.20036",
        "text": "오름과 전투"
    },
    "12020037": {
        "deprecated": false,
        "id": 12020037,
        "alias": "Contents.Quest.Mission.20037",
        "text": "제 3기수, 하름 처치"
    },
    "12020038": {
        "deprecated": false,
        "id": 12020038,
        "alias": "Contents.Quest.Mission.20038",
        "text": "오름과 대화"
    },
    "12020039": {
        "deprecated": false,
        "id": 12020039,
        "alias": "Contents.Quest.Mission.20039",
        "text": "거점 입구로 이동"
    },
    "12020040": {
        "deprecated": false,
        "id": 12020040,
        "alias": "Contents.Quest.Mission.20040",
        "text": "오름과 대화"
    },
    "12020041": {
        "deprecated": false,
        "id": 12020041,
        "alias": "Contents.Quest.Mission.20041",
        "text": "경천단으로 이동"
    },
    "12020042": {
        "deprecated": false,
        "id": 12020042,
        "alias": "Contents.Quest.Mission.20042",
        "text": "천신제례 올리기"
    },
    "12020043": {
        "deprecated": false,
        "id": 12020043,
        "alias": "Contents.Quest.Mission.20043",
        "text": "길을 부르는 방울 사용"
    },
    "12020044": {
        "deprecated": false,
        "id": 12020044,
        "alias": "Contents.Quest.Mission.20044",
        "text": "아랑과 대화"
    },
    "12020045": {
        "deprecated": false,
        "id": 12020045,
        "alias": "Contents.Quest.Mission.20045",
        "text": "한적한 곳에 대해 묻기"
    },
    "12020046": {
        "deprecated": false,
        "id": 12020046,
        "alias": "Contents.Quest.Mission.20046",
        "text": "참고요숲으로 이동"
    },
    "12020047": {
        "deprecated": false,
        "id": 12020047,
        "alias": "Contents.Quest.Mission.20047",
        "text": "주변의 환영 처치"
    },
    "12020048": {
        "deprecated": false,
        "id": 12020048,
        "alias": "Contents.Quest.Mission.20048",
        "text": "봇짐상인과 대화"
    },
    "12020049": {
        "deprecated": false,
        "id": 12020049,
        "alias": "Contents.Quest.Mission.20049",
        "text": "참고요숲 안쪽으로 이동"
    },
    "12020050": {
        "deprecated": false,
        "id": 12020050,
        "alias": "Contents.Quest.Mission.20050",
        "text": "한적한 곳에서 휴식"
    },
    "12020051": {
        "deprecated": false,
        "id": 12020051,
        "alias": "Contents.Quest.Mission.20051",
        "text": "각성의 회랑 찾기"
    },
    "12020052": {
        "deprecated": false,
        "id": 12020052,
        "alias": "Contents.Quest.Mission.20052",
        "text": "각성의 회랑 들어가기"
    },
    "12020053": {
        "deprecated": false,
        "id": 12020053,
        "alias": "Contents.Quest.Mission.20053",
        "text": "길을 막는 수호병 처치"
    },
    "12020054": {
        "deprecated": false,
        "id": 12020054,
        "alias": "Contents.Quest.Mission.20054",
        "text": "마지막 수호병 처치"
    },
    "12020055": {
        "deprecated": false,
        "id": 12020055,
        "alias": "Contents.Quest.Mission.20055",
        "text": "파사에게 다가가기"
    },
    "12020056": {
        "deprecated": false,
        "id": 12020056,
        "alias": "Contents.Quest.Mission.20056",
        "text": "지역입장"
    },
    "12020057": {
        "deprecated": false,
        "id": 12020057,
        "alias": "Contents.Quest.Mission.20057",
        "text": "아랑이 말한 곳으로 이동"
    },
    "12020058": {
        "deprecated": false,
        "id": 12020058,
        "alias": "Contents.Quest.Mission.20058",
        "text": "아랑과 대화"
    },
    "12020059": {
        "deprecated": false,
        "id": 12020059,
        "alias": "Contents.Quest.Mission.20059",
        "text": "아랑과 대련"
    },
    "12020060": {
        "deprecated": false,
        "id": 12020060,
        "alias": "Contents.Quest.Mission.20060",
        "text": "안개 숲 개척지로 이동"
    },
    "12020061": {
        "deprecated": false,
        "id": 12020061,
        "alias": "Contents.Quest.Mission.20061",
        "text": "목소리를 따라 이동"
    },
    "12020062": {
        "deprecated": false,
        "id": 12020062,
        "alias": "Contents.Quest.Mission.20062",
        "text": "비류하와 대화"
    },
    "12020063": {
        "deprecated": false,
        "id": 12020063,
        "alias": "Contents.Quest.Mission.20063",
        "text": "으슥한 곳으로 이동"
    },
    "12020064": {
        "deprecated": false,
        "id": 12020064,
        "alias": "Contents.Quest.Mission.20064",
        "text": "거점 책임자와 대화"
    },
    "12020065": {
        "deprecated": false,
        "id": 12020065,
        "alias": "Contents.Quest.Mission.20065",
        "text": "담인초와 투연초 처치"
    },
    "12020066": {
        "deprecated": false,
        "id": 12020066,
        "alias": "Contents.Quest.Mission.20066",
        "text": "정예 담인초 처치"
    },
    "12020067": {
        "deprecated": false,
        "id": 12020067,
        "alias": "Contents.Quest.Mission.20067",
        "text": "책임자 초불호와 대화"
    },
    "12020068": {
        "deprecated": false,
        "id": 12020068,
        "alias": "Contents.Quest.Mission.20068",
        "text": "약속한 장소로 이동"
    },
    "12020069": {
        "deprecated": false,
        "id": 12020069,
        "alias": "Contents.Quest.Mission.20069",
        "text": "흔적 조사"
    },
    "12020070": {
        "deprecated": false,
        "id": 12020070,
        "alias": "Contents.Quest.Mission.20070",
        "text": "난파선의 잔해 지역 정리"
    },
    "12020071": {
        "deprecated": false,
        "id": 12020071,
        "alias": "Contents.Quest.Mission.20071",
        "text": "50레벨 달성"
    },
    "12020072": {
        "deprecated": false,
        "id": 12020072,
        "alias": "Contents.Quest.Mission.20072",
        "text": "45레벨 달성"
    },
    "12020073": {
        "deprecated": false,
        "id": 12020073,
        "alias": "Contents.Quest.Mission.20073",
        "text": "녹각다귀의 뿔 구하기"
    },
    "12020074": {
        "deprecated": false,
        "id": 12020074,
        "alias": "Contents.Quest.Mission.20074",
        "text": "문 앞으로 이동"
    },
    "12020075": {
        "deprecated": false,
        "id": 12020075,
        "alias": "Contents.Quest.Mission.20075",
        "text": "회랑 안쪽으로 이동"
    },
    "12020076": {
        "deprecated": false,
        "id": 12020076,
        "alias": "Contents.Quest.Mission.20076",
        "text": "상인에게 거미줄 건네기"
    },
    "12020077": {
        "deprecated": false,
        "id": 12020077,
        "alias": "Contents.Quest.Mission.20077",
        "text": "조사림 안쪽으로 이동"
    },
    "12020078": {
        "deprecated": false,
        "id": 12020078,
        "alias": "Contents.Quest.Mission.20078",
        "text": "조사림 초입 살펴보기"
    }
}