{
    "40040000": {
        "deprecated": false,
        "Dev_Desc": "홍돈칠칠",
        "id": 40040000,
        "alias": "Contents.Quest.Guide.40000",
        "text": "난 봐주지 않으셔~!"
    },
    "40040001": {
        "deprecated": false,
        "Dev_Desc": "아랑",
        "id": 40040001,
        "alias": "Contents.Quest.Guide.40001",
        "text": "이정도면 되겠지?"
    },
    "40040002": {
        "deprecated": false,
        "Dev_Desc": "아랑",
        "id": 40040002,
        "alias": "Contents.Quest.Guide.40002",
        "text": "자, 이제 저기 가서 \n기다리자."
    },
    "40040003": {
        "deprecated": false,
        "Dev_Desc": "아랑",
        "id": 40040003,
        "alias": "Contents.Quest.Guide.40003",
        "text": "어서 가자!"
    },
    "40040004": {
        "deprecated": false,
        "Dev_Desc": "홍도니",
        "id": 40040004,
        "alias": "Contents.Quest.Guide.40004",
        "text": "이쪽이셔~!"
    },
    "40040005": {
        "deprecated": false,
        "Dev_Desc": "홍돈칠칠의 부하",
        "id": 40040005,
        "alias": "Contents.Quest.Guide.40005",
        "text": "고마우셔~!!"
    },
    "40040006": {
        "deprecated": false,
        "Dev_Desc": "아랑",
        "id": 40040006,
        "alias": "Contents.Quest.Guide.40006",
        "text": "이정도면 됐겠지?\n<textColor=[78:148:215:255]>풍백문</>으로 돌아가자."
    },
    "40040007": {
        "deprecated": false,
        "Dev_Desc": "아랑",
        "id": 40040007,
        "alias": "Contents.Quest.Guide.40007",
        "text": "자 이제 <textColor=[215:94:94:255]>검은새벽단</>인가?"
    },
    "40040008": {
        "deprecated": false,
        "Dev_Desc": "아랑",
        "id": 40040008,
        "alias": "Contents.Quest.Guide.40008",
        "text": "다른 조장한테 가보자."
    },
    "40040009": {
        "deprecated": false,
        "Dev_Desc": "사로잡힌 전투조원",
        "id": 40040009,
        "alias": "Contents.Quest.Guide.40009",
        "text": "문주님! 감사합니다!"
    },
    "40040010": {
        "deprecated": false,
        "Dev_Desc": "아랑",
        "id": 40040010,
        "alias": "Contents.Quest.Guide.40010",
        "text": "음? \n<textColor=[78:148:215:255]>시국 사형</>이잖아?"
    },
    "40040011": {
        "deprecated": false,
        "Dev_Desc": "PC",
        "id": 40040011,
        "alias": "Contents.Quest.Guide.40011",
        "text": "(이제 슬슬 돌아가도 \n될 것 같다)"
    },
    "40040012": {
        "deprecated": false,
        "Dev_Desc": "아랑",
        "id": 40040012,
        "alias": "Contents.Quest.Guide.40012",
        "text": "우선 상황부터 알아보자."
    },
    "40040013": {
        "deprecated": false,
        "Dev_Desc": "아랑",
        "id": 40040013,
        "alias": "Contents.Quest.Guide.40013",
        "text": "<textColor=[215:94:94:255]>불마자</>들이 이렇게나...\n<textColor=[78:148:215:255]>시국 사형</>은 괜찮은 걸까?"
    },
    "40040014": {
        "deprecated": false,
        "Dev_Desc": "아랑",
        "id": 40040014,
        "alias": "Contents.Quest.Guide.40014",
        "text": "<textColor=[78:148:215:255]>시국 사형</>...   \n도대체... 무슨 일을 \n벌이고 있는 거야... "
    },
    "40040015": {
        "deprecated": false,
        "Dev_Desc": "아랑",
        "id": 40040015,
        "alias": "Contents.Quest.Guide.40015",
        "text": "저기 강력한 녀석이 있어!"
    },
    "40040016": {
        "deprecated": false,
        "Dev_Desc": "PC",
        "id": 40040016,
        "alias": "Contents.Quest.Guide.40016",
        "text": "(초행길에 갑자기 \n경공 대결이라니...)"
    },
    "40040017": {
        "deprecated": false,
        "Dev_Desc": "PC",
        "id": 40040017,
        "alias": "Contents.Quest.Guide.40017",
        "text": "(우선 길을 따라 가보자)"
    },
    "40040018": {
        "deprecated": false,
        "Dev_Desc": "아랑",
        "id": 40040018,
        "alias": "Contents.Quest.Guide.40018",
        "text": "왜이렇게 늦는거야~"
    },
    "40040019": {
        "deprecated": false,
        "Dev_Desc": "아랑",
        "id": 40040019,
        "alias": "Contents.Quest.Guide.40019",
        "text": "경공을 다시 배워야겠네!"
    },
    "40040020": {
        "deprecated": false,
        "Dev_Desc": "아랑",
        "id": 40040020,
        "alias": "Contents.Quest.Guide.40020",
        "text": "아직 한참 아래네~"
    },
    "40040021": {
        "deprecated": false,
        "Dev_Desc": "PC",
        "id": 40040021,
        "alias": "Contents.Quest.Guide.40021",
        "text": "(<textColor=[78:148:215:255]>아랑</>이 보이지 않는다)"
    },
    "40040022": {
        "deprecated": false,
        "Dev_Desc": "PC",
        "id": 40040022,
        "alias": "Contents.Quest.Guide.40022",
        "text": "(이쪽으로 간 것 같다)"
    },
    "40040023": {
        "deprecated": false,
        "Dev_Desc": "아랑",
        "id": 40040023,
        "alias": "Contents.Quest.Guide.40023",
        "text": "여기야, 여기!"
    },
    "40040024": {
        "deprecated": false,
        "Dev_Desc": "홍돈칠칠",
        "id": 40040024,
        "alias": "Contents.Quest.Guide.40024",
        "text": "홍돈칠"
    },
    "40040025": {
        "deprecated": false,
        "Dev_Desc": "아랑",
        "id": 40040025,
        "alias": "Contents.Quest.Guide.40025",
        "text": "아랑"
    },
    "40040026": {
        "deprecated": false,
        "Dev_Desc": "홍도니",
        "id": 40040026,
        "alias": "Contents.Quest.Guide.40026",
        "text": "홍도니"
    },
    "40040027": {
        "deprecated": false,
        "Dev_Desc": "홍마니",
        "id": 40040027,
        "alias": "Contents.Quest.Guide.40027",
        "text": "홍마니"
    },
    "40040028": {
        "deprecated": false,
        "Dev_Desc": "홍처리",
        "id": 40040028,
        "alias": "Contents.Quest.Guide.40028",
        "text": "홍처리"
    },
    "40040029": {
        "deprecated": false,
        "Dev_Desc": "사로잡힌 전투조원",
        "id": 40040029,
        "alias": "Contents.Quest.Guide.40029",
        "text": "풍백문 전투조원"
    },
    "40040030": {
        "deprecated": false,
        "Dev_Desc": "아랑",
        "id": 40040030,
        "alias": "Contents.Quest.Guide.40030",
        "text": "여기까지 \n그냥 오긴 힘들 걸?"
    },
    "40040031": {
        "deprecated": false,
        "Dev_Desc": "아랑",
        "id": 40040031,
        "alias": "Contents.Quest.Guide.40031",
        "text": "주변을 정리하면서\n와야 할 거야!"
    },
    "40040032": {
        "deprecated": false,
        "Dev_Desc": "검은새벽단 강우",
        "id": 40040032,
        "alias": "Contents.Quest.Guide.40032",
        "text": "웬 놈이냐! 겁도 없이 이곳까지 \n찾아오다니. 후회하게 해주마!"
    },
    "40040033": {
        "deprecated": false,
        "Dev_Desc": "PC",
        "id": 40040033,
        "alias": "Contents.Quest.Guide.40033",
        "text": "(사로잡힌 단원들이 \n어딘가에 있다고 한다. \n그들을 찾아보자)"
    },
    "40040034": {
        "deprecated": false,
        "Dev_Desc": "PC",
        "id": 40040034,
        "alias": "Contents.Quest.Guide.40034",
        "text": "(<textColor=[215:94:94:255]>검은새벽단</>을 \n처치하면서 가야겠어!)"
    },
    "40040035": {
        "deprecated": false,
        "Dev_Desc": "검은새벽단 강우",
        "id": 40040035,
        "alias": "Contents.Quest.Guide.40035",
        "text": "검은새벽단 강우"
    },
    "40040036": {
        "deprecated": false,
        "Dev_Desc": "아랑",
        "id": 40040036,
        "alias": "Contents.Quest.Guide.40036",
        "text": "녀석들의 대장인가!?\n해치우자!"
    },
    "40040037": {
        "deprecated": false,
        "Dev_Desc": "아랑",
        "id": 40040037,
        "alias": "Contents.Quest.Guide.40037",
        "text": "이쪽이야!"
    }
}