{
    "91000": {
        "deprecated": false,
        "Dev_Desc": "1막 제목",
        "id": 91000,
        "alias": "Contents.WorldChallenge.91000",
        "text": "출항"
    },
    "91010": {
        "deprecated": false,
        "Dev_Desc": "1막 1장 제목",
        "id": 91010,
        "alias": "Contents.WorldChallenge.91010",
        "text": "모험의 시작"
    },
    "91011": {
        "deprecated": false,
        "Dev_Desc": "1막 1장 내용",
        "id": 91011,
        "alias": "Contents.WorldChallenge.91011",
        "text": "해월대륙으로 가기 위한 임무를 수행하자."
    },
    "91012": {
        "deprecated": false,
        "Dev_Desc": "1막 1장 목표",
        "id": 91012,
        "alias": "Contents.WorldChallenge.91012",
        "text": "에픽 1막 4장 완료"
    },
    "91020": {
        "deprecated": false,
        "Dev_Desc": "1막 2장 제목",
        "id": 91020,
        "alias": "Contents.WorldChallenge.91020",
        "text": "제일 무서운 건 인간"
    },
    "91021": {
        "deprecated": false,
        "Dev_Desc": "1막 2장 내용",
        "id": 91021,
        "alias": "Contents.WorldChallenge.91021",
        "text": "반달호수에 여러 위협이 있지만 같이 힘을 합쳐도 모자랄 인간들이 위협되고 있다. 창도단과 투엽단을 처치하여 가장 무서운 건 인간임을 보여주자"
    },
    "91022": {
        "deprecated": false,
        "Dev_Desc": "1막 2장 목표1",
        "id": 91022,
        "alias": "Contents.WorldChallenge.91022",
        "text": "모든 종류의 창도단 처치"
    },
    "91023": {
        "deprecated": false,
        "Dev_Desc": "1막 2장 목표2",
        "id": 91023,
        "alias": "Contents.WorldChallenge.91023",
        "text": "모든 종류의 투엽단 처치"
    },
    "91030": {
        "deprecated": false,
        "Dev_Desc": "1막 3장 제목",
        "id": 91030,
        "alias": "Contents.WorldChallenge.91030",
        "text": "목초지와 구릉지 안정화"
    },
    "91031": {
        "deprecated": false,
        "Dev_Desc": "1막 3장 내용",
        "id": 91031,
        "alias": "Contents.WorldChallenge.91031",
        "text": "해지는 목초지의 몬스터들이 반달 목장을 위협하고, 돌 언덕 구릉지의 맹수들이 지나가는 행인을 공격하고 있다. 이들을 처치하여 지역을 안정화하자."
    },
    "91032": {
        "deprecated": false,
        "Dev_Desc": "1막 3장 목표1",
        "id": 91032,
        "alias": "Contents.WorldChallenge.91032",
        "text": "해지는 목초지의 몬스터 처치"
    },
    "91033": {
        "deprecated": false,
        "Dev_Desc": "1막 3장 목표2",
        "id": 91033,
        "alias": "Contents.WorldChallenge.91033",
        "text": "돌 언덕 구릉지의 몬스터 처치"
    },
    "91040": {
        "deprecated": false,
        "Dev_Desc": "1막 4장 제목",
        "id": 91040,
        "alias": "Contents.WorldChallenge.91040",
        "text": "이세계의 기사"
    },
    "91041": {
        "deprecated": false,
        "Dev_Desc": "1막 4장 내용",
        "id": 91041,
        "alias": "Contents.WorldChallenge.91041",
        "text": "길을 잃고 떠도는 기사가 있다."
    },
    "91042": {
        "deprecated": false,
        "Dev_Desc": "1막 4장 목표1",
        "id": 91042,
        "alias": "Contents.WorldChallenge.91042",
        "text": "모순학 처치"
    },
    "91050": {
        "deprecated": false,
        "Dev_Desc": "1막 5장 제목",
        "id": 91050,
        "alias": "Contents.WorldChallenge.91050",
        "text": "반달호수 침식 제거"
    },
    "91051": {
        "deprecated": false,
        "Dev_Desc": "1막 5장 내용",
        "id": 91051,
        "alias": "Contents.WorldChallenge.91051",
        "text": "반달호수의 침식된 몬스터들이 주변에 영향을 미치는것 같다. 침식된 몬스터들을 처치하여 반달호수에 더 이상 영향을 미치지 못하게 하자."
    },
    "91052": {
        "deprecated": false,
        "Dev_Desc": "1막 5장 목표1",
        "id": 91052,
        "alias": "Contents.WorldChallenge.91052",
        "text": "파괴된 수와족 마을 몬스터 처치"
    },
    "91053": {
        "deprecated": false,
        "Dev_Desc": "1막 5장 목표2",
        "id": 91053,
        "alias": "Contents.WorldChallenge.91053",
        "text": "굴락 처치"
    },
    "91060": {
        "deprecated": false,
        "Dev_Desc": "1막 6장 제목",
        "id": 91060,
        "alias": "Contents.WorldChallenge.91060",
        "text": "골짜기 위협 제거"
    },
    "91061": {
        "deprecated": false,
        "Dev_Desc": "1막 6장 내용",
        "id": 91061,
        "alias": "Contents.WorldChallenge.91061",
        "text": "예로부터 으스스한 골짜기에 서식하는 강철악은 항상 수와족 마을을 위협하였다. 이제 그 불안함을 없애 버릴 때가 왔다!"
    },
    "91062": {
        "deprecated": false,
        "Dev_Desc": "1막 6장 목표",
        "id": 91062,
        "alias": "Contents.WorldChallenge.91062",
        "text": "강철악 처치"
    },
    "91070": {
        "deprecated": false,
        "Dev_Desc": "1막 7장 제목",
        "id": 91070,
        "alias": "Contents.WorldChallenge.91070",
        "text": "미궁의 흔적"
    },
    "91071": {
        "deprecated": false,
        "Dev_Desc": "1막 7장 내용",
        "id": 91071,
        "alias": "Contents.WorldChallenge.91071",
        "text": "불마자들을 처치하여 파괴된 각성의 미궁의 흔적을 찾아보자"
    },
    "91072": {
        "deprecated": false,
        "Dev_Desc": "1막 7장 목표1",
        "id": 91072,
        "alias": "Contents.WorldChallenge.91072",
        "text": "공허의 구덩이 불마자 처치"
    },
    "91073": {
        "deprecated": false,
        "Dev_Desc": "1막 7장 목표2",
        "id": 91073,
        "alias": "Contents.WorldChallenge.91073",
        "text": "모든 균열에서 나오는 불마자 처치"
    },
    "91074": {
        "deprecated": false,
        "Dev_Desc": "1막 7장 목표3",
        "id": 91074,
        "alias": "Contents.WorldChallenge.91074",
        "text": "대균열의 \"염환\" 처치"
    },
    "91075": {
        "deprecated": false,
        "Dev_Desc": "1막 7장 쿨타임 설명",
        "id": 91075,
        "alias": "Contents.WorldChallenge.91075",
        "text": "파괴된 각성의 미궁 해제까지 남은 시간"
    },
    "91080": {
        "deprecated": false,
        "Dev_Desc": "1막 8장 제목",
        "id": 91080,
        "alias": "Contents.WorldChallenge.91080",
        "text": "출항 준비"
    },
    "91081": {
        "deprecated": false,
        "Dev_Desc": "1막 8장 내용",
        "id": 91081,
        "alias": "Contents.WorldChallenge.91081",
        "text": "파괴된 각성의 미궁에서 앞으로 있을 새로운 대륙 탐사를 위한 준비를 하자."
    },
    "91082": {
        "deprecated": false,
        "Dev_Desc": "1막 8장 목표1",
        "id": 91082,
        "alias": "Contents.WorldChallenge.91082",
        "text": "파괴된 각성의 미궁의 몬스터 처치"
    },
    "91083": {
        "deprecated": false,
        "Dev_Desc": "1막 8장 목표2",
        "id": 91083,
        "alias": "Contents.WorldChallenge.91083",
        "text": "폭주 가디언 처치"
    },
    "91084": {
        "deprecated": false,
        "Dev_Desc": "1막 8장 쿨타임 설명",
        "id": 91084,
        "alias": "Contents.WorldChallenge.91084",
        "text": "출항 준비 완료까지 남은 시간"
    },
    "92000": {
        "deprecated": false,
        "Dev_Desc": "2막 제목",
        "id": 92000,
        "alias": "Contents.WorldChallenge.92000",
        "text": "태록림 탐사"
    },
    "92010": {
        "deprecated": false,
        "Dev_Desc": "2막 1장 제목",
        "id": 92010,
        "alias": "Contents.WorldChallenge.92010",
        "text": "신대륙에 발을 내딛다"
    },
    "92011": {
        "deprecated": false,
        "Dev_Desc": "2막 1장 내용",
        "id": 92011,
        "alias": "Contents.WorldChallenge.92011",
        "text": "바다를 건너 해월대륙의 예도항에 도착."
    },
    "92012": {
        "deprecated": false,
        "Dev_Desc": "2막 1장 목표",
        "id": 92012,
        "alias": "Contents.WorldChallenge.92012",
        "text": "예도항 도착 에픽 퀘스트 완료"
    },
    "92020": {
        "deprecated": false,
        "Dev_Desc": "2막 2장 제목",
        "id": 92020,
        "alias": "Contents.WorldChallenge.92020",
        "text": "태록림 생태 연구"
    },
    "92021": {
        "deprecated": false,
        "Dev_Desc": "2막 2장 내용",
        "id": 92021,
        "alias": "Contents.WorldChallenge.92021",
        "text": "예도항에서 동쪽에 위치한 '거미 숲 길' 및 '동부 생태 조사림'에서 생물 표본 채취"
    },
    "92022": {
        "deprecated": false,
        "Dev_Desc": "2막 2장 목표",
        "id": 92022,
        "alias": "Contents.WorldChallenge.92022",
        "text": "야생 동물 표본 채취"
    }
}