{
    "30001000": {
        "deprecated": false,
        "Dev_Desc": "아랑_1001_5",
        "id": 30001000,
        "alias": "Contents.Gossip.1000",
        "text": "일단 여기 대장과\n얘길 해보자."
    },
    "30001001": {
        "deprecated": false,
        "Dev_Desc": "동동 말풍선_1002_3",
        "id": 30001001,
        "alias": "Contents.Gossip.1001",
        "text": "썼냥? <textColor=[255:204:102:255]>소울</> 만났냥!?"
    },
    "30001002": {
        "deprecated": false,
        "Dev_Desc": "약초꾼 1 말풍선_1003_3_1_6",
        "id": 30001002,
        "alias": "Contents.Gossip.1002",
        "text": "으악~! 살려달라냥!"
    },
    "30001003": {
        "deprecated": false,
        "Dev_Desc": "약초꾼 2 말풍선_1003_3_1_6",
        "id": 30001003,
        "alias": "Contents.Gossip.1003",
        "text": "우릴 도와달라냥!!!"
    },
    "30001004": {
        "deprecated": false,
        "Dev_Desc": "하름 말풍선_1003_5",
        "id": 30001004,
        "alias": "Contents.Gossip.1004",
        "text": "<textColor=[255:204:102:255]>유공상패</>는 전부 모아온 건가?"
    },
    "30001005": {
        "deprecated": false,
        "Dev_Desc": "하름 말풍선_1003_5",
        "id": 30001005,
        "alias": "Contents.Gossip.1005",
        "text": "생각보다 빨리 일을 처리했군."
    },
    "30001006": {
        "deprecated": false,
        "Dev_Desc": "눈아웅 말풍선 1_1004_1 부터~",
        "id": 30001006,
        "alias": "Contents.Gossip.1006",
        "text": "저는 <textColor=[255:204:102:255]>유공상패</>를 수집하고 있습니다~"
    },
    "30001007": {
        "deprecated": false,
        "Dev_Desc": "눈아웅 말풍선 2_1004_1 부터~",
        "id": 30001007,
        "alias": "Contents.Gossip.1007",
        "text": "<textColor=[255:204:102:255]>유공상패</>를 가져오시면 \n제가 가진 <textColor=[255:204:102:255]>꾸러미</>와 바꿔드리겠습니다~"
    },
    "30001008": {
        "deprecated": false,
        "Dev_Desc": "조사훈 말풍선 1_1004_5_2_5",
        "id": 30001008,
        "alias": "Contents.Gossip.1008",
        "text": "<textColor=[215:94:94:255]>불마자</>를 닥치는대로 잡다보면\n핵을 얻으실 수 있습니다."
    },
    "30001009": {
        "deprecated": false,
        "Dev_Desc": "조사훈 말풍선 2_1004_5_2_5",
        "id": 30001009,
        "alias": "Contents.Gossip.1009",
        "text": "연구 보조금을 <textColor=[255:204:102:255]>기부</>하시면 제가 가진 핵을 드릴게요. \n사정이 사정이라 액수가 좀 크긴 합니다만... 허허... "
    },
    "30001010": {
        "deprecated": false,
        "Dev_Desc": "아랑 말풍선_1005_11",
        "id": 30001010,
        "alias": "Contents.Gossip.1010",
        "text": "<textColor=[255:204:102:255]><myHero.name/></>, 괜찮아?! \n무슨 기억을 본 거야?"
    },
    "30001011": {
        "deprecated": false,
        "Dev_Desc": "아랑 말풍선_1005_12",
        "id": 30001011,
        "alias": "Contents.Gossip.1011",
        "text": "<textColor=[255:204:102:255]><myHero.name/></>, 여기야~"
    },
    "30001012": {
        "deprecated": false,
        "Dev_Desc": "아랑 말풍선_1001_6",
        "id": 30001012,
        "alias": "Contents.Gossip.1012",
        "text": "일단 여길 나가서 <textColor=[110:216:175:255]>에레다 막사</>를 찾아보자."
    },
    "30001013": {
        "deprecated": false,
        "Dev_Desc": "동동 말풍선_1002_3",
        "id": 30001013,
        "alias": "Contents.Gossip.1013",
        "text": "여기다냥~ 이쪽이다냥~"
    },
    "30001014": {
        "deprecated": false,
        "Dev_Desc": "동동 말풍선_1002_3(2)",
        "id": 30001014,
        "alias": "Contents.Gossip.1014",
        "text": "얼른 <textColor=[255:204:102:255]>소울 소환서</>를 써봐라냥!"
    },
    "30001015": {
        "deprecated": false,
        "Dev_Desc": "동동 말풍선_1002_5",
        "id": 30001015,
        "alias": "Contents.Gossip.1015",
        "text": "내가 방금 준 <textColor=[255:204:102:255]>옷</>도 입어봐라냥~"
    },
    "30001016": {
        "deprecated": false,
        "Dev_Desc": "도하_1002_7",
        "id": 30001016,
        "alias": "Contents.Gossip.1016",
        "text": "매화단, 영교원, 도화상전, 그리고 금경철문.\n이 네 단체의 수장을 통칭 <textColor=[78:148:215:255]>사호</>라 부릅니다."
    },
    "30001017": {
        "deprecated": false,
        "Dev_Desc": "도하_1002_7",
        "id": 30001017,
        "alias": "Contents.Gossip.1017",
        "text": "사호의 의뢰를 해결하고 그 증거로\n<textColor=[255:204:102:255]>대어방 유공상패</>를 받아오십시오."
    },
    "30001018": {
        "deprecated": false,
        "Dev_Desc": "둥둥_1002_8",
        "id": 30001018,
        "alias": "Contents.Gossip.1018",
        "text": "아이쿠냥! 깜짝이냥!\n네 놈은 뭐냥?!"
    },
    "30001019": {
        "deprecated": false,
        "Dev_Desc": "둥둥_1002_9",
        "id": 30001019,
        "alias": "Contents.Gossip.1019",
        "text": "내가 준 <textColor=[255:204:102:255]>수호령 소환서</>를 사용해봐라냥~!"
    },
    "30001020": {
        "deprecated": false,
        "Dev_Desc": "둥둥_1003_1",
        "id": 30001020,
        "alias": "Contents.Gossip.1020",
        "text": "사호님들은 지금 <textColor=[110:216:175:255]>광장</>에 모여있다냥.\n광장은 여기서 충분히 걸어갈 수 있다냥~!"
    },
    "30001021": {
        "deprecated": false,
        "Dev_Desc": "퍼롱퍼롱_1003_3_1_1",
        "id": 30001021,
        "alias": "Contents.Gossip.1021",
        "text": "준비가 되면 말하게.\n내가 난파선까지 <textColor=[255:204:102:255]>순간이동</> 시켜주겠네. 퍼로롱~"
    },
    "30001022": {
        "deprecated": false,
        "Dev_Desc": "링링_1003_3_1_3",
        "id": 30001022,
        "alias": "Contents.Gossip.1022",
        "text": "흑흑... 어쩌지냥..."
    },
    "30001023": {
        "deprecated": false,
        "Dev_Desc": "링링_1003_3_1_3(2)",
        "id": 30001023,
        "alias": "Contents.Gossip.1023",
        "text": "친구들을 구해야 한다냥..."
    },
    "30001024": {
        "deprecated": false,
        "Dev_Desc": "링링_1003_3_1_4",
        "id": 30001024,
        "alias": "Contents.Gossip.1024",
        "text": "정말 고맙다냥...\n친구들은 이 길을 따라가면 있다냥."
    },
    "30001025": {
        "deprecated": false,
        "Dev_Desc": "링링_1003_3_1_4(2)",
        "id": 30001025,
        "alias": "Contents.Gossip.1025",
        "text": "<textColor=[215:94:94:255]>피부가 파란 사람들</>이 갑자기\n우릴 공격했다냥... 흑흑..."
    },
    "30001026": {
        "deprecated": false,
        "Dev_Desc": "약초꾼_1003_3_1_6(2)",
        "id": 30001026,
        "alias": "Contents.Gossip.1026",
        "text": "우린 먹어도 맛이 없다냥!!"
    },
    "30001027": {
        "deprecated": false,
        "Dev_Desc": "약초꾼_1003_3_1_6(3)",
        "id": 30001027,
        "alias": "Contents.Gossip.1027",
        "text": "아무도 없냐냥! 누가 좀 도와달라냥!"
    },
    "30001028": {
        "deprecated": false,
        "Dev_Desc": "링링_1003_3_1_7",
        "id": 30001028,
        "alias": "Contents.Gossip.1028",
        "text": "다들 무사했구나냥! 다행이다냥!"
    },
    "30001029": {
        "deprecated": false,
        "Dev_Desc": "링링_1003_3_1_7 화자:약초꾼1",
        "id": 30001029,
        "alias": "Contents.Gossip.1029",
        "text": "우린 괜찮다냥! \n저 분이 우릴 구해줬다냥!"
    },
    "30001030": {
        "deprecated": false,
        "Dev_Desc": "링링_1003_3_1_7 화자:약초꾼2",
        "id": 30001030,
        "alias": "Contents.Gossip.1030",
        "text": "갑자기 영웅처럼 나타나서 다 물리쳤다냥~!"
    },
    "30001031": {
        "deprecated": false,
        "Dev_Desc": "링링_1003_3_1_7 화자:약초꾼3",
        "id": 30001031,
        "alias": "Contents.Gossip.1031",
        "text": "너무너무 멋있었다냥!!"
    },
    "30001032": {
        "deprecated": false,
        "Dev_Desc": "링링_1003_3_1_8",
        "id": 30001032,
        "alias": "Contents.Gossip.1032",
        "text": "안쪽에 있는 <textColor=[255:204:102:255]>반달초</>를 구해다주면 된다냥.\n정말정말 고맙다냥!"
    },
    "30001033": {
        "deprecated": false,
        "Dev_Desc": "퍼롱퍼롱_1003_3_1_10",
        "id": 30001033,
        "alias": "Contents.Gossip.1033",
        "text": "포로롱~ 돌아왔구먼."
    },
    "30001034": {
        "deprecated": false,
        "Dev_Desc": "퍼롱퍼롱_1003_3_1_11",
        "id": 30001034,
        "alias": "Contents.Gossip.1034",
        "text": "<textColor=[255:204:102:255]>유공상패</>는 이 옆 상자에 있다네. 호로롱~"
    },
    "30001035": {
        "deprecated": false,
        "Dev_Desc": "심하연_1003_3_2_4",
        "id": 30001035,
        "alias": "Contents.Gossip.1035",
        "text": "먼저 목공의 거처를 조사해 주시지요."
    },
    "30001036": {
        "deprecated": false,
        "Dev_Desc": "심하연_1003_3_2_4(2)",
        "id": 30001036,
        "alias": "Contents.Gossip.1036",
        "text": "이곳에서 북쪽 길을 따라가다보면\n<textColor=[110:216:175:255]>목공의 거처</>가 나올겁니다."
    },
    "30001037": {
        "deprecated": false,
        "Dev_Desc": "심하연_1003_3_2_7",
        "id": 30001037,
        "alias": "Contents.Gossip.1037",
        "text": "<textColor=[255:204:102:255]><myHero.name/></>님, 이쪽입니다."
    },
    "30001038": {
        "deprecated": false,
        "Dev_Desc": "아랑 1003_3_2_12",
        "id": 30001038,
        "alias": "Contents.Gossip.1038",
        "text": "배송된 게 설마 이 <textColor=[215:94:94:255]>괴물</>이었던 거야?! 세상에..."
    },
    "30001039": {
        "deprecated": false,
        "Dev_Desc": "심하연_1003_3_2_13",
        "id": 30001039,
        "alias": "Contents.Gossip.1039",
        "text": "<textColor=[255:204:102:255]><myHero.name/></>님, 기다리고 있었습니다."
    },
    "30001040": {
        "deprecated": false,
        "Dev_Desc": "심하연_1003_3_2_14",
        "id": 30001040,
        "alias": "Contents.Gossip.1040",
        "text": "수고하셨습니다.\n<textColor=[255:204:102:255]>상자</>에서 유공상패를 가져가십시오."
    },
    "30001041": {
        "deprecated": false,
        "Dev_Desc": "곽유옥_1003_3_3_2",
        "id": 30001041,
        "alias": "Contents.Gossip.1041",
        "text": "에휴~ 이를 어쩐담?"
    },
    "30001042": {
        "deprecated": false,
        "Dev_Desc": "곽유옥_1003_3_3_2",
        "id": 30001042,
        "alias": "Contents.Gossip.1042",
        "text": "이 못된 <textColor=[215:94:94:255]>도둑도치</> 녀석들!"
    },
    "30001043": {
        "deprecated": false,
        "Dev_Desc": "곽유옥_1003_3_3_5",
        "id": 30001043,
        "alias": "Contents.Gossip.1043",
        "text": "<textColor=[110:216:175:255]>자경단 초소</>는 이 언덕 위에 있어!"
    },
    "30001044": {
        "deprecated": false,
        "Dev_Desc": "곽유옥_1003_3_3_5",
        "id": 30001044,
        "alias": "Contents.Gossip.1044",
        "text": "조사를 마치면 <textColor=[110:216:175:255]>대나무 앞</>에서 만나자!"
    },
    "30001045": {
        "deprecated": false,
        "Dev_Desc": "자경단 초소장_1003_3_3_9-10",
        "id": 30001045,
        "alias": "Contents.Gossip.1045",
        "text": "아이고... 이거 보통 녀석이 아니었잖아?!"
    },
    "30001046": {
        "deprecated": false,
        "Dev_Desc": "자경단 초소장_1003_3_3_9-10",
        "id": 30001046,
        "alias": "Contents.Gossip.1046",
        "text": "이제 난 큰일 났다...!"
    },
    "30001047": {
        "deprecated": false,
        "Dev_Desc": "곽유옥 1003_3_3_11-12",
        "id": 30001047,
        "alias": "Contents.Gossip.1047",
        "text": "<textColor=[255:204:102:255]><myHero.name/></>~ 여기야~!"
    },
    "30001048": {
        "deprecated": false,
        "Dev_Desc": "곽유옥 1003_3_3_13",
        "id": 30001048,
        "alias": "Contents.Gossip.1048",
        "text": "유공상패는 이 <textColor=[255:204:102:255]>상자</>에 들어있어!\n도와줘서 정말 고마워~"
    },
    "30001049": {
        "deprecated": false,
        "Dev_Desc": "강철주먹_1003_3_4_2-3",
        "id": 30001049,
        "alias": "Contents.Gossip.1049",
        "text": "이 망할 보관소 녀석들...!!"
    },
    "30001050": {
        "deprecated": false,
        "Dev_Desc": "아랑 1003_3_4_11",
        "id": 30001050,
        "alias": "Contents.Gossip.1050",
        "text": "이게 그 <textColor=[255:204:102:255]>서신</>이야?\n뭐라고 쓰여있어?"
    },
    "30001051": {
        "deprecated": false,
        "Dev_Desc": "강철주먹_1003_3_4_14_화자:아랑",
        "id": 30001051,
        "alias": "Contents.Gossip.1051",
        "text": "흐음~ 짝사랑 오래하면 속에서 병날텐데~"
    },
    "30001052": {
        "deprecated": false,
        "Dev_Desc": "강철주먹_1003_3_4_14",
        "id": 30001052,
        "alias": "Contents.Gossip.1052",
        "text": "아, 쓸데없는 소리 하지 말고\n<textColor=[255:204:102:255]>유공상패</>나 갖고 썩 가버려!"
    },
    "30001053": {
        "deprecated": false,
        "Dev_Desc": "뒷거래쥐_1003_3_5_2-4",
        "id": 30001053,
        "alias": "Contents.Gossip.1053",
        "text": "내가 파는 유공상패는 정품 보증이다찍!"
    },
    "30001054": {
        "deprecated": false,
        "Dev_Desc": "뒷거래쥐_1003_3_5_2-4",
        "id": 30001054,
        "alias": "Contents.Gossip.1054",
        "text": "좀 비싸긴 하지만 대신 귀찮은 의뢰를 하나 덜 할 수 있다찍!"
    },
    "30001055": {
        "deprecated": false,
        "Dev_Desc": "아랑_1004_5_1_2",
        "id": 30001055,
        "alias": "Contents.Gossip.1055",
        "text": "<textColor=[255:204:102:255]><myHero.name/></>, 이리 와봐!"
    },
    "30001056": {
        "deprecated": false,
        "Dev_Desc": "아랑_1004_5_1_11",
        "id": 30001056,
        "alias": "Contents.Gossip.1056",
        "text": "설마 너도 <textColor=[110:216:175:255]>각성의 회랑</>을?!"
    },
    "30001057": {
        "deprecated": false,
        "Dev_Desc": "아랑_1004_5_1_19",
        "id": 30001057,
        "alias": "Contents.Gossip.1057",
        "text": "이게 무슨 일이람?!"
    },
    "30001058": {
        "deprecated": false,
        "Dev_Desc": "아랑_1004_5_1_19",
        "id": 30001058,
        "alias": "Contents.Gossip.1058",
        "text": "어디 다치진 않았어?"
    },
    "30001059": {
        "deprecated": false,
        "Dev_Desc": "아랑_1004_5_1_21",
        "id": 30001059,
        "alias": "Contents.Gossip.1059",
        "text": "어때? <textColor=[255:204:102:255]>비옥</>이 맞는 것 같아?"
    },
    "30001060": {
        "deprecated": false,
        "Dev_Desc": "아랑_1004_5_1_26",
        "id": 30001060,
        "alias": "Contents.Gossip.1060",
        "text": "세상에... 방금 무슨 일이 일어난 거지?"
    },
    "30001061": {
        "deprecated": false,
        "Dev_Desc": "아랑_1004_5_1_26",
        "id": 30001061,
        "alias": "Contents.Gossip.1061",
        "text": "<textColor=[255:204:102:255]><myHero.name/></>, 너 설마 노이의 비옥에 반응한 거야?!"
    },
    "30001062": {
        "deprecated": false,
        "Dev_Desc": "오름_1004_5_2_2",
        "id": 30001062,
        "alias": "Contents.Gossip.1062",
        "text": "<textColor=[255:204:102:255]><myHero.name/></>님. \n기다리고 있었습니다."
    },
    "30001063": {
        "deprecated": false,
        "Dev_Desc": "오름_1004_5_2_6",
        "id": 30001063,
        "alias": "Contents.Gossip.1063",
        "text": "<textColor=[255:204:102:255]>불마자의 핵</>은 모두 모으셨습니까?"
    },
    "30001064": {
        "deprecated": false,
        "Dev_Desc": "아랑_1005_9",
        "id": 30001064,
        "alias": "Contents.Gossip.1064",
        "text": "다행이야. 늦지 않았어...!"
    },
    "30001065": {
        "deprecated": false,
        "Dev_Desc": "아랑_1005_9",
        "id": 30001065,
        "alias": "Contents.Gossip.1065",
        "text": "<textColor=[78:148:215:255]>꼬맹이</> 녀석이 한 말이 맞았을 줄이야."
    },
    "30001066": {
        "deprecated": false,
        "Dev_Desc": "에레다 대원_1002_4",
        "id": 30001066,
        "alias": "Contents.Gossip.1066",
        "text": "저 사람인가? \n그 무술대회장 사건의 주인공 말이야..."
    },
    "30001067": {
        "deprecated": false,
        "Dev_Desc": "에레다 대원_1002_4",
        "id": 30001067,
        "alias": "Contents.Gossip.1067",
        "text": "쉿!!!괜히 쳐다보지마!!!\n하름님께서도 긴밀하게 지켜본다고 하셨어."
    },
    "30001068": {
        "deprecated": false,
        "Dev_Desc": "둥둥_1002_7",
        "id": 30001068,
        "alias": "Contents.Gossip.1068",
        "text": "수호령 소환서를 사용해 보라냥!"
    },
    "30001069": {
        "deprecated": false,
        "Dev_Desc": "아랑_1003_3_3_6",
        "id": 30001069,
        "alias": "Contents.Gossip.1069",
        "text": "이 자는 내가 잡고 있을게!"
    },
    "30001070": {
        "deprecated": false,
        "Dev_Desc": "아랑_1003_3_3_7",
        "id": 30001070,
        "alias": "Contents.Gossip.1070",
        "text": "어딜 도망가려고? 여기 가만히 계시지?"
    },
    "30001071": {
        "deprecated": false,
        "Dev_Desc": "쓰러진 사람",
        "id": 30001071,
        "alias": "Contents.Gossip.1071",
        "text": "으으... 윽..."
    },
    "30001072": {
        "deprecated": false,
        "Dev_Desc": "유공상패 수집가 눈아웅",
        "id": 30001072,
        "alias": "Contents.Gossip.1072",
        "text": "혹시 유공상패 가지신 분 있나요~?"
    },
    "30001073": {
        "deprecated": false,
        "Dev_Desc": "유공상패 수집가 눈아웅",
        "id": 30001073,
        "alias": "Contents.Gossip.1073",
        "text": "유공상패를 저한테 주시면 유용한 물건으로 교환해드립니다~"
    },
    "30001074": {
        "deprecated": false,
        "Dev_Desc": "유공상패 수집가 눈아웅",
        "id": 30001074,
        "alias": "Contents.Gossip.1074",
        "text": "언젠가는 수월평원의 유공상패를 종류별로 모두 모을 겁니다. 하하"
    },
    "30001075": {
        "deprecated": false,
        "Dev_Desc": "총타주 임연수",
        "id": 30001075,
        "alias": "Contents.Gossip.1075",
        "text": "에헴!!! 자자, 다들 잘 들으라고! 케헴!!!"
    },
    "30001076": {
        "deprecated": false,
        "Dev_Desc": "총타주 임연수",
        "id": 30001076,
        "alias": "Contents.Gossip.1076",
        "text": "현 시각 이후 나, 임연수의 허가를 받지 않은 수월항 내 모든 활동은 불법으로 간주한다!"
    },
    "30001077": {
        "deprecated": false,
        "Dev_Desc": "총타주 임연수",
        "id": 30001077,
        "alias": "Contents.Gossip.1077",
        "text": "크흠!!!! 대어방 총타주 권한에 따라 \n반박, 항의, 불응 시에는 처벌을 받을 수 있으니까아 주의 하라고오~?"
    },
    "30001078": {
        "deprecated": false,
        "Dev_Desc": "도화상전 물류상_남",
        "id": 30001078,
        "alias": "Contents.Gossip.1078",
        "text": "뭐? 제정신인가? 언질도 안 주다가 이렇게 갑자기 활동 금지를 때린다고?"
    },
    "30001079": {
        "deprecated": false,
        "Dev_Desc": "도화상전 물류상_남",
        "id": 30001079,
        "alias": "Contents.Gossip.1079",
        "text": "아오!!! 상전주님 또 난리 나겠네."
    },
    "30001080": {
        "deprecated": false,
        "Dev_Desc": "수월항 일꾼_여",
        "id": 30001080,
        "alias": "Contents.Gossip.1080",
        "text": "왜 또 난리야 진짜... "
    },
    "30001081": {
        "deprecated": false,
        "Dev_Desc": "수월항 일꾼_남",
        "id": 30001081,
        "alias": "Contents.Gossip.1081",
        "text": "대체 무슨 꿍꿍이로 저러는 거지?!"
    },
    "30001082": {
        "deprecated": false,
        "Dev_Desc": "금경철문 대장장이_여",
        "id": 30001082,
        "alias": "Contents.Gossip.1082",
        "text": "그러게. 저번에 훼방질 놓은 게 얼마나 됐다고 말이야."
    },
    "30001083": {
        "deprecated": false,
        "Dev_Desc": "금경철문 대장장이_여",
        "id": 30001083,
        "alias": "Contents.Gossip.1083",
        "text": "사호들께서 골치 꽤나 썩으시겠어."
    }
}