{
    "12015000": {
        "deprecated": false,
        "Dev_Desc": "[LV.6] 탐사(썩은 벌목지)",
        "id": 12015000,
        "alias": "Contents.Quest.Mission.15000",
        "text": "서인족 전사 조사"
    },
    "12015001": {
        "deprecated": false,
        "Dev_Desc": "[LV.6] 탐사(썩은 벌목지)",
        "id": 12015001,
        "alias": "Contents.Quest.Mission.15001",
        "text": "서인족 궁수 조사"
    },
    "12015002": {
        "deprecated": false,
        "Dev_Desc": "[LV.7] 탐사(얕은 호수)",
        "id": 12015002,
        "alias": "Contents.Quest.Mission.15002",
        "text": "다음 탐사 대상 찾기"
    },
    "12015003": {
        "deprecated": false,
        "Dev_Desc": "[LV.7] 탐사(얕은 호수)",
        "id": 12015003,
        "alias": "Contents.Quest.Mission.15003",
        "text": "푸른 소라게 조사"
    },
    "12015004": {
        "deprecated": false,
        "Dev_Desc": "[LV.7] 탐사(얕은 호수)",
        "id": 12015004,
        "alias": "Contents.Quest.Mission.15004",
        "text": "연잎 인간 조사"
    },
    "12015005": {
        "deprecated": false,
        "Dev_Desc": "[LV.7] 탐사(거북호)",
        "id": 12015005,
        "alias": "Contents.Quest.Mission.15005",
        "text": "다음 탐사 대상 찾기"
    },
    "12015006": {
        "deprecated": false,
        "Dev_Desc": "[LV.8] 탐사(드러난 유적지)",
        "id": 12015006,
        "alias": "Contents.Quest.Mission.15006",
        "text": "다음 탐사 대상 찾기"
    },
    "12015007": {
        "deprecated": false,
        "Dev_Desc": "[LV.8] 탐사(드러난 유적지)",
        "id": 12015007,
        "alias": "Contents.Quest.Mission.15007",
        "text": "폭주 수호포병 조사"
    },
    "12015008": {
        "deprecated": false,
        "Dev_Desc": "[LV.14] 탐사(투엽단 근거지)",
        "id": 12015008,
        "alias": "Contents.Quest.Mission.15008",
        "text": "다음 탐사 대상 찾기"
    },
    "12015009": {
        "deprecated": false,
        "Dev_Desc": "[LV.14] 탐사(투엽단 근거지)",
        "id": 12015009,
        "alias": "Contents.Quest.Mission.15009",
        "text": "기공사와 도끼전사 조사"
    },
    "12015010": {
        "deprecated": false,
        "Dev_Desc": "[LV.15] 탐사(고도시 숲길)",
        "id": 12015010,
        "alias": "Contents.Quest.Mission.15010",
        "text": "다음 탐사 대상 찾기"
    },
    "12015011": {
        "deprecated": false,
        "Dev_Desc": "[LV.15] 탐사(고도시 숲길)",
        "id": 12015011,
        "alias": "Contents.Quest.Mission.15011",
        "text": "수목정령 조사"
    },
    "12015012": {
        "deprecated": false,
        "Dev_Desc": "[LV.16] 탐사(창도단 소굴)",
        "id": 12015012,
        "alias": "Contents.Quest.Mission.15012",
        "text": "다음 탐사 대상 찾기"
    },
    "12015013": {
        "deprecated": false,
        "Dev_Desc": "[LV.16] 탐사(창도단 소굴)",
        "id": 12015013,
        "alias": "Contents.Quest.Mission.15013",
        "text": "궁사와 조련된 호랑이 조사"
    },
    "12015014": {
        "deprecated": false,
        "Dev_Desc": "[LV.18] 탐사(깊은 묘지 숲)",
        "id": 12015014,
        "alias": "Contents.Quest.Mission.15014",
        "text": "다음 탐사 대상 찾기"
    },
    "12015015": {
        "deprecated": false,
        "Dev_Desc": "[LV.18] 탐사(깊은 묘지 숲)",
        "id": 12015015,
        "alias": "Contents.Quest.Mission.15015",
        "text": "동자령과 노숙령 조사"
    },
    "12015016": {
        "deprecated": false,
        "Dev_Desc": "[LV.18] 탐사(깊은 묘지 숲)",
        "id": 12015016,
        "alias": "Contents.Quest.Mission.15016",
        "text": "도깨비 조사"
    },
    "12015017": {
        "deprecated": false,
        "Dev_Desc": "[LV.21] 탐사(해지는 목초지)",
        "id": 12015017,
        "alias": "Contents.Quest.Mission.15017",
        "text": "다음 탐사 대상 찾기"
    },
    "12015018": {
        "deprecated": false,
        "Dev_Desc": "[LV.21] 탐사(해지는 목초지)",
        "id": 12015018,
        "alias": "Contents.Quest.Mission.15018",
        "text": "사묘정 조사"
    },
    "12015019": {
        "deprecated": false,
        "Dev_Desc": "[LV.21] 탐사(해지는 목초지)",
        "id": 12015019,
        "alias": "Contents.Quest.Mission.15019",
        "text": "투엽단 조사"
    },
    "12015020": {
        "deprecated": false,
        "Dev_Desc": "[LV.23] 탐사(돌 언덕 구릉지)",
        "id": 12015020,
        "alias": "Contents.Quest.Mission.15020",
        "text": "다음 탐사 대상 찾기"
    },
    "12015021": {
        "deprecated": false,
        "Dev_Desc": "[LV.23] 탐사(돌 언덕 구릉지)",
        "id": 12015021,
        "alias": "Contents.Quest.Mission.15021",
        "text": "호랑이 조사"
    },
    "12015022": {
        "deprecated": false,
        "Dev_Desc": "[LV.23] 탐사(돌 언덕 구릉지)",
        "id": 12015022,
        "alias": "Contents.Quest.Mission.15022",
        "text": "투엽단 정찰꾼 조사"
    },
    "12015023": {
        "deprecated": false,
        "Dev_Desc": "[LV.26] 탐사(파괴된 수와족...)",
        "id": 12015023,
        "alias": "Contents.Quest.Mission.15023",
        "text": "다음 탐사 대상 찾기"
    },
    "12015024": {
        "deprecated": false,
        "Dev_Desc": "[LV.26] 탐사(파괴된 수와족...)",
        "id": 12015024,
        "alias": "Contents.Quest.Mission.15024",
        "text": "서인족 궁수와 악어 조사"
    },
    "12015025": {
        "deprecated": false,
        "Dev_Desc": "[LV.30] 탐사(공허의 구덩이)",
        "id": 12015025,
        "alias": "Contents.Quest.Mission.15025",
        "text": "다음 탐사 대상 찾기"
    },
    "12015026": {
        "deprecated": false,
        "Dev_Desc": "[LV.30] 탐사(공허의 구덩이)",
        "id": 12015026,
        "alias": "Contents.Quest.Mission.15026",
        "text": "불마자 궁수와 암살자 조사"
    },
    "12015027": {
        "deprecated": false,
        "Dev_Desc": "[LV.7] 탐사(얕은 호수)_도둑도치",
        "id": 12015027,
        "alias": "Contents.Quest.Mission.15102",
        "text": "도둑도치 조사"
    },
    "12015028": {
        "deprecated": false,
        "Dev_Desc": "[LV.7] 탐사(거북호)_호수 거북",
        "id": 12015028,
        "alias": "Contents.Quest.Mission.15105",
        "text": "호수거북 조사"
    },
    "12015029": {
        "deprecated": false,
        "Dev_Desc": "[LV.8] 탐사(드러난 유적지)",
        "id": 12015029,
        "alias": "Contents.Quest.Mission.15106",
        "text": "폭주 수호검병 조사"
    },
    "12015030": {
        "deprecated": false,
        "Dev_Desc": "[LV.14] 탐사(투엽단 근거지)",
        "id": 12015030,
        "alias": "Contents.Quest.Mission.15108",
        "text": "검과 활을 든 투엽단 조사"
    },
    "12015031": {
        "deprecated": false,
        "Dev_Desc": "[LV.15] 탐사(고도시 숲길)",
        "id": 12015031,
        "alias": "Contents.Quest.Mission.15111",
        "text": "호랑이 조사"
    },
    "12015032": {
        "deprecated": false,
        "Dev_Desc": "[LV.16] 탐사(창도단 소굴)",
        "id": 12015032,
        "alias": "Contents.Quest.Mission.15113",
        "text": "검과 닻을 든 창도단 조사"
    },
    "12015033": {
        "deprecated": false,
        "Dev_Desc": "[LV.18] 탐사(깊은 묘지 숲)",
        "id": 12015033,
        "alias": "Contents.Quest.Mission.15115",
        "text": "거미와 늑대 조사"
    },
    "12015034": {
        "deprecated": false,
        "Dev_Desc": "[LV.21] 탐사(해지는 목초지)",
        "id": 12015034,
        "alias": "Contents.Quest.Mission.15118",
        "text": "발발이 조사"
    },
    "12015035": {
        "deprecated": false,
        "Dev_Desc": "[LV.23] 탐사(돌 언덕 구릉지)",
        "id": 12015035,
        "alias": "Contents.Quest.Mission.15121",
        "text": "곰 조사"
    },
    "12015036": {
        "deprecated": false,
        "Dev_Desc": "[LV.26] 탐사(파괴된 수와족...)",
        "id": 12015036,
        "alias": "Contents.Quest.Mission.15124",
        "text": "서인족 전사 조사"
    },
    "12015037": {
        "deprecated": false,
        "Dev_Desc": "[LV.30] 탐사(공허의 구덩이)",
        "id": 12015037,
        "alias": "Contents.Quest.Mission.15126",
        "text": "불마자 전사 조사"
    }
}