{
    "20045000": {
        "deprecated": false,
        "Dev_Desc": "45000_0 - 온영인 (초기 위치)",
        "id": 20045000,
        "alias": "Contents.Quest.Dialogue.45000",
        "text": "너무한 거 아냐. 하나가 없어? 어떻게?"
    },
    "20045001": {
        "deprecated": false,
        "Dev_Desc": "45000_0 - PC",
        "id": 20045001,
        "alias": "Contents.Quest.Dialogue.45001",
        "text": "(무슨 일이냐고 묻는다)"
    },
    "20045002": {
        "deprecated": false,
        "Dev_Desc": "45000_0 - 온영인 (초기 위치)",
        "id": 20045002,
        "alias": "Contents.Quest.Dialogue.45002",
        "text": "아이고, 깜짝이야! 갑자기 말을 걸어서 놀랐잖아요."
    },
    "20045003": {
        "deprecated": false,
        "Dev_Desc": "45000_0 - PC",
        "id": 20045003,
        "alias": "Contents.Quest.Dialogue.45003",
        "text": "(뭔가 큰소리를 지르고 계셔서\n무슨 일이 있나 싶어서 말을 걸었다고 한다)"
    },
    "20045004": {
        "deprecated": false,
        "Dev_Desc": "45000_0 - 온영인 (초기 위치)",
        "id": 20045004,
        "alias": "Contents.Quest.Dialogue.45004",
        "text": "제가요? 또 그랬어요? 이 습관 어떻게 고치지... \n이러다 상전 비밀도 막 다 말하는 거 아닌지 모르겠네."
    },
    "20045005": {
        "deprecated": false,
        "Dev_Desc": "45000_0 - 온영인 (초기 위치)",
        "id": 20045005,
        "alias": "Contents.Quest.Dialogue.45005",
        "text": "근데 지금 그게 중요한 게 아니란 말이에요."
    },
    "20045006": {
        "deprecated": false,
        "Dev_Desc": "45000_0 - 온영인 (초기 위치)",
        "id": 20045006,
        "alias": "Contents.Quest.Dialogue.45006",
        "text": "절 믿고, <textColor=[110:216:175:255]>비옥대지</>는 <textColor=[78:148:215:255]>영인이</>한테 맡긴다는 식으로...\n지금 기대란 기대는 다 받고 있는데요."
    },
    "20045007": {
        "deprecated": false,
        "Dev_Desc": "45000_0 - 온영인 (초기 위치)",
        "id": 20045007,
        "alias": "Contents.Quest.Dialogue.45007",
        "text": "<textColor=[110:216:175:255]>비옥대지</>, 썩고 말라서 전부 태워버려야 할\n이 빌어먹을 곳에는 돈 될 게 없어요."
    },
    "20045008": {
        "deprecated": false,
        "Dev_Desc": "45000_0 - 온영인 (초기 위치)",
        "id": 20045008,
        "alias": "Contents.Quest.Dialogue.45008",
        "text": "뭐 어떻게 찾아내든 만들어 내든 해야죠.\n<textColor=[110:216:175:255]>수수께끼 벌판</>으로 탐사 갑니다!"
    },
    "20045009": {
        "deprecated": false,
        "Dev_Desc": "45000_0 - 온영인 (초기 위치)",
        "id": 20045009,
        "alias": "Contents.Quest.Dialogue.45009",
        "text": "이것도 인연인데, 시간 되시면 같이 가시죠."
    },
    "20045010": {
        "deprecated": false,
        "Dev_Desc": "45000_2 - 온영인 (원령의 언덕)",
        "id": 20045010,
        "alias": "Contents.Quest.Dialogue.45010",
        "text": "아... 여기도 꽝이네."
    },
    "20045011": {
        "deprecated": false,
        "Dev_Desc": "45000_2 - PC",
        "id": 20045011,
        "alias": "Contents.Quest.Dialogue.45011",
        "text": "(뭔가 특별한 게 없는지 묻는다)"
    },
    "20045012": {
        "deprecated": false,
        "Dev_Desc": "45000_2 - 온영인 (원령의 언덕)",
        "id": 20045012,
        "alias": "Contents.Quest.Dialogue.45012",
        "text": "혹시 뭔가 보이시나요?"
    },
    "20045013": {
        "deprecated": false,
        "Dev_Desc": "45000_2 - PC",
        "id": 20045013,
        "alias": "Contents.Quest.Dialogue.45013",
        "text": "(경제적인 가치 같은 건 잘 모르겠다고 한다)"
    },
    "20045014": {
        "deprecated": false,
        "Dev_Desc": "45000_2 - 온영인 (원령의 언덕)",
        "id": 20045014,
        "alias": "Contents.Quest.Dialogue.45014",
        "text": "뭐 그야 그렇겠죠...\n상인의 입장에서 보자면 여긴 지옥 같은 곳이라고요."
    },
    "20045015": {
        "deprecated": false,
        "Dev_Desc": "45000_2 - PC",
        "id": 20045015,
        "alias": "Contents.Quest.Dialogue.45015",
        "text": "(그래도 좀 더 조사가 필요한 게 아니냐 묻는다)"
    },
    "20045016": {
        "deprecated": false,
        "Dev_Desc": "45000_2 - 온영인 (원령의 언덕)",
        "id": 20045016,
        "alias": "Contents.Quest.Dialogue.45016",
        "text": "뭐, 틀린 말씀은 아니네요.\n어차피 망한 인생... 삽질 한 번 더해보죠. 뭐."
    },
    "20045017": {
        "deprecated": false,
        "Dev_Desc": "45000_2 - PC",
        "id": 20045017,
        "alias": "Contents.Quest.Dialogue.45017",
        "text": "(자신이 도와줄 테니 너무 절망하지 말라고 한다)"
    },
    "20045018": {
        "deprecated": false,
        "Dev_Desc": "45000_4 - 온영인 (원령의 언덕)",
        "id": 20045018,
        "alias": "Contents.Quest.Dialogue.45018",
        "text": "감사합니다. 덕분에 이것저것 조사할 수 있었어요."
    },
    "20045019": {
        "deprecated": false,
        "Dev_Desc": "45000_4 - PC",
        "id": 20045019,
        "alias": "Contents.Quest.Dialogue.45019",
        "text": "(뭔가 가능성이 있냐고 묻는다)"
    },
    "20045020": {
        "deprecated": false,
        "Dev_Desc": "45000_4 - 온영인 (원령의 언덕)",
        "id": 20045020,
        "alias": "Contents.Quest.Dialogue.45020",
        "text": "아무것도 없네요. <textColor=[215:94:94:255]>어둑시니</>밖에 없어요."
    },
    "20045021": {
        "deprecated": false,
        "Dev_Desc": "45000_4 - 온영인 (원령의 언덕)",
        "id": 20045021,
        "alias": "Contents.Quest.Dialogue.45021",
        "text": "그나마 땅을 개간하면 가능성이 있을 것 같은데..."
    },
    "20045022": {
        "deprecated": false,
        "Dev_Desc": "45000_4 - 온영인 (원령의 언덕)",
        "id": 20045022,
        "alias": "Contents.Quest.Dialogue.45022",
        "text": "이 많은 <textColor=[215:94:94:255]>어둑시니</>를 어떻게 하지 않으면 답이 없죠."
    },
    "20045023": {
        "deprecated": false,
        "Dev_Desc": "45000_4 - PC",
        "id": 20045023,
        "alias": "Contents.Quest.Dialogue.45023",
        "text": "(<textColor=[215:94:94:255]>발발이</>는 가능성이 없냐고 묻는다)"
    },
    "20045024": {
        "deprecated": false,
        "Dev_Desc": "45000_4 - 온영인 (원령의 언덕)",
        "id": 20045024,
        "alias": "Contents.Quest.Dialogue.45024",
        "text": "<textColor=[215:94:94:255]>발발이</>요? 시커멓게 생겨서... 염료라도 뽑을 수 있을까 싶네요.\n뭐 검은색 염료야 흔하디흔하니까요."
    },
    "20045025": {
        "deprecated": false,
        "Dev_Desc": "45000_4 - 온영인 (원령의 언덕)",
        "id": 20045025,
        "alias": "Contents.Quest.Dialogue.45025",
        "text": "하지만... <textColor=[78:148:215:255]>온영인</> 사전에 포기란 없습니다.\n이게 제가 찾은 방법이에요."
    },
    "20045026": {
        "deprecated": false,
        "Dev_Desc": "45000_4 - 온영인 (원령의 언덕)",
        "id": 20045026,
        "alias": "Contents.Quest.Dialogue.45026",
        "text": "<textColor=[110:216:175:255]>비옥대지</>. 내가 너를 태워 없앨지언정\n절대 포기 안 해. 누가 먼저 죽을지 한번 해보자!"
    },
    "20045027": {
        "deprecated": false,
        "Dev_Desc": "45001_2 - 온영인 (재앙의 은신처)",
        "id": 20045027,
        "alias": "Contents.Quest.Dialogue.45027",
        "text": "이곳은 인적이 별로 없고 하니\n뭔가 새로운 게 있을 것 같아요."
    },
    "20045028": {
        "deprecated": false,
        "Dev_Desc": "45001_2 - PC",
        "id": 20045028,
        "alias": "Contents.Quest.Dialogue.45028",
        "text": "(인적이 없는 이유가 있지 않겠냐고 묻는다)"
    },
    "20045029": {
        "deprecated": false,
        "Dev_Desc": "45001_2 - 온영인 (재앙의 은신처)",
        "id": 20045029,
        "alias": "Contents.Quest.Dialogue.45029",
        "text": "사업은 원래 위험과 같이하는 거라고요."
    },
    "20045030": {
        "deprecated": false,
        "Dev_Desc": "45001_2 - 온영인 (재앙의 은신처)",
        "id": 20045030,
        "alias": "Contents.Quest.Dialogue.45030",
        "text": "안전한 곳만 다니면서 좋은 물건을 내놓으라고 하면 안 되죠!"
    },
    "20045031": {
        "deprecated": false,
        "Dev_Desc": "45001_2 - 온영인 (재앙의 은신처)",
        "id": 20045031,
        "alias": "Contents.Quest.Dialogue.45031",
        "text": "물론 저라고 목숨이 아깝지 않은 것은 아닙니다. \n그래도... 지금은 도전해야 할 시기에요."
    },
    "20045032": {
        "deprecated": false,
        "Dev_Desc": "45001_2 - PC",
        "id": 20045032,
        "alias": "Contents.Quest.Dialogue.45032",
        "text": "(일단 여기선 도와주겠다고 한다)"
    },
    "20045033": {
        "deprecated": false,
        "Dev_Desc": "45001_4 - 온영인 (재앙의 은신처)",
        "id": 20045033,
        "alias": "Contents.Quest.Dialogue.45033",
        "text": "감사합니다. \n잡아 주신 거 옆에서 바로 확인해봤어요."
    },
    "20045034": {
        "deprecated": false,
        "Dev_Desc": "45001_4 - PC",
        "id": 20045034,
        "alias": "Contents.Quest.Dialogue.45034",
        "text": "(뭔가 특별한 게 있냐고 묻는다)"
    },
    "20045035": {
        "deprecated": false,
        "Dev_Desc": "45001_4 - 온영인 (재앙의 은신처)",
        "id": 20045035,
        "alias": "Contents.Quest.Dialogue.45035",
        "text": "전혀 특별하지 않아요. 아무것도 없어요.\n이젠 끝이라고요! 포기하는 수밖에 없네요."
    },
    "20045036": {
        "deprecated": false,
        "Dev_Desc": "45001_4 - 온영인 (재앙의 은신처)",
        "id": 20045036,
        "alias": "Contents.Quest.Dialogue.45036",
        "text": "그냥 선배님들이 깔아 주신 \n<textColor=[78:148:215:255]>풍백문</> 물건 공급이나 성실하게 하면 되죠."
    },
    "20045037": {
        "deprecated": false,
        "Dev_Desc": "45001_4 - 온영인 (재앙의 은신처)",
        "id": 20045037,
        "alias": "Contents.Quest.Dialogue.45037",
        "text": "그것만 해도 큰 매출과 이익이 꾸준하고 나올 테니...\n뭐 할 필요도 없어요. 사실..."
    },
    "20045038": {
        "deprecated": false,
        "Dev_Desc": "45001_4 - 온영인 (재앙의 은신처)",
        "id": 20045038,
        "alias": "Contents.Quest.Dialogue.45038",
        "text": "야! <textColor=[78:148:215:255]>온영인</>, 너 아무것도 하지 마!\n너 뭐 할 때마다 손실만 생겨!"
    },
    "20045039": {
        "deprecated": false,
        "Dev_Desc": "45001_4 - 온영인 (재앙의 은신처)",
        "id": 20045039,
        "alias": "Contents.Quest.Dialogue.45039",
        "text": "그냥 선배들이 시키는 대로\n<textColor=[78:148:215:255]>풍백문</> 장사나 하라고!!! 뭐 하려고 하지 말고! 아휴!"
    },
    "20045040": {
        "deprecated": false,
        "Dev_Desc": "45001_4 - PC",
        "id": 20045040,
        "alias": "Contents.Quest.Dialogue.45040",
        "text": "(진정하라고 한다)"
    },
    "20045041": {
        "deprecated": false,
        "Dev_Desc": "45001_5 - 온영인 (재앙의 은신처)",
        "id": 20045041,
        "alias": "Contents.Quest.Dialogue.45041",
        "text": "흐음... 그래. \n파견 업무 끝나고 온 거야?"
    },
    "20045042": {
        "deprecated": false,
        "Dev_Desc": "45001_5 - 장규리 (재앙의 은신처)",
        "id": 20045042,
        "alias": "Contents.Quest.Dialogue.45042",
        "text": "예, 온 선배님 여기 계신다고 듣고 찾아왔습니다."
    },
    "20045043": {
        "deprecated": false,
        "Dev_Desc": "45001_5 - 온영인 (재앙의 은신처)",
        "id": 20045043,
        "alias": "Contents.Quest.Dialogue.45043",
        "text": "뭘 여기까지 와? 피곤할 텐데...\n간만에 지부에서 좀 쉬지 그랬어."
    },
    "20045044": {
        "deprecated": false,
        "Dev_Desc": "45001_5 - 장규리 (재앙의 은신처)",
        "id": 20045044,
        "alias": "Contents.Quest.Dialogue.45044",
        "text": "아무것도 못 찾았거든요...\n침대에 누우려고 했는데 못 눕겠더라고요."
    },
    "20045045": {
        "deprecated": false,
        "Dev_Desc": "45001_5 - 장규리 (재앙의 은신처)",
        "id": 20045045,
        "alias": "Contents.Quest.Dialogue.45045",
        "text": "내가 뭘 했다고 이 폭신한 침대에 눕나...\n나 같은 사람이 <textColor=[78:148:215:255]>도화상전</>에 어울리긴 하는 건가... "
    },
    "20045046": {
        "deprecated": false,
        "Dev_Desc": "45001_5 - 온영인 (재앙의 은신처)",
        "id": 20045046,
        "alias": "Contents.Quest.Dialogue.45046",
        "text": "뭘 그런 말을 해?\n나도 지금 좋은 게 없어서 고민이야."
    },
    "20045047": {
        "deprecated": false,
        "Dev_Desc": "45001_5 - 장규리 (재앙의 은신처)",
        "id": 20045047,
        "alias": "Contents.Quest.Dialogue.45047",
        "text": "저 <textColor=[78:148:215:255]>도화상전</> 들어와서 곧 삼 년이잖아요.\n현재 성과라면 정식 상인은 못 될 거예요."
    },
    "20045048": {
        "deprecated": false,
        "Dev_Desc": "45001_5 - 온영인 (재앙의 은신처)",
        "id": 20045048,
        "alias": "Contents.Quest.Dialogue.45048",
        "text": "야! 야! 벌써 그러기야?\n아직 포기하긴 일러. <textColor=[110:216:175:255]>비옥대지</> 더 뒤져 보자."
    },
    "20045049": {
        "deprecated": false,
        "Dev_Desc": "45001_5 - PC",
        "id": 20045049,
        "alias": "Contents.Quest.Dialogue.45049",
        "text": "(<textColor=[110:216:175:255]>숲의 장막</> 쪽은 가봤는지 묻는다)"
    },
    "20045050": {
        "deprecated": false,
        "Dev_Desc": "45001_5 - 장규리 (재앙의 은신처)",
        "id": 20045050,
        "alias": "Contents.Quest.Dialogue.45050",
        "text": "아직입니다. 한번 가볼까요?"
    },
    "20045051": {
        "deprecated": false,
        "Dev_Desc": "45002_2 - 장규리 (붉은 숲의 길)",
        "id": 20045051,
        "alias": "Contents.Quest.Dialogue.45051",
        "text": "여기의 괴물들을 조사해서 \n상품 가치가 있는지 알아보려고요."
    },
    "20045052": {
        "deprecated": false,
        "Dev_Desc": "45002_2 - 온영인 (붉은 숲의 길)",
        "id": 20045052,
        "alias": "Contents.Quest.Dialogue.45052",
        "text": "뭔가 특별한 게 있어 보여?"
    },
    "20045053": {
        "deprecated": false,
        "Dev_Desc": "45002_2 - 장규리 (붉은 숲의 길)",
        "id": 20045053,
        "alias": "Contents.Quest.Dialogue.45053",
        "text": "사실 잘 모르겠습니다.\n있을 것 같았는데 없는 경우가 많았거든요."
    },
    "20045054": {
        "deprecated": false,
        "Dev_Desc": "45002_2 - 온영인 (붉은 숲의 길)",
        "id": 20045054,
        "alias": "Contents.Quest.Dialogue.45054",
        "text": "없을 것 같았는데 있는 경우도 드물던데..."
    },
    "20045055": {
        "deprecated": false,
        "Dev_Desc": "45002_2 - 장규리 (붉은 숲의 길)",
        "id": 20045055,
        "alias": "Contents.Quest.Dialogue.45055",
        "text": "맞습니다. \n그래도 이게 마지막 기회라고 생각하고 해보려고요."
    },
    "20045056": {
        "deprecated": false,
        "Dev_Desc": "45002_2 - PC",
        "id": 20045056,
        "alias": "Contents.Quest.Dialogue.45056",
        "text": "(자신이 도와줄 테니 좀 더 해보자고 한다)"
    },
    "20045057": {
        "deprecated": false,
        "Dev_Desc": "45002_2 - 온영인 (붉은 숲의 길)",
        "id": 20045057,
        "alias": "Contents.Quest.Dialogue.45057",
        "text": "뭐, 틀린 말씀은 아니네요.\n삽질 한 번 더하는 게 뭐 그리 대수입니까?"
    },
    "20045058": {
        "deprecated": false,
        "Dev_Desc": "45002_4 - PC",
        "id": 20045058,
        "alias": "Contents.Quest.Dialogue.45058",
        "text": "(이번엔 뭔가 있냐고 묻는다)"
    },
    "20045059": {
        "deprecated": false,
        "Dev_Desc": "45002_4 - 온영인 (붉은 숲의 길)",
        "id": 20045059,
        "alias": "Contents.Quest.Dialogue.45059",
        "text": "그냥 뭐... 평범하네요.\n특별한 건 없었습니다."
    },
    "20045060": {
        "deprecated": false,
        "Dev_Desc": "45002_4 - 장규리 (붉은 숲의 길)",
        "id": 20045060,
        "alias": "Contents.Quest.Dialogue.45060",
        "text": "그렇군요... 후...\n그동안 감사했습니다."
    },
    "20045061": {
        "deprecated": false,
        "Dev_Desc": "45002_4 - 온영인 (붉은 숲의 길)",
        "id": 20045061,
        "alias": "Contents.Quest.Dialogue.45061",
        "text": "왜 그래? 벌써 끝난 것처럼..."
    },
    "20045062": {
        "deprecated": false,
        "Dev_Desc": "45002_4 - 장규리 (붉은 숲의 길)",
        "id": 20045062,
        "alias": "Contents.Quest.Dialogue.45062",
        "text": "이제 사실... 결정 난 거라고 봐도 무방하지 않을까요?"
    },
    "20045063": {
        "deprecated": false,
        "Dev_Desc": "45002_4 - 온영인 (붉은 숲의 길)",
        "id": 20045063,
        "alias": "Contents.Quest.Dialogue.45063",
        "text": "나나 <textColor=[78:148:215:255]>규리</> 씨나 다를 게 없는데... \n내가 운 좋게 좋은 시기에 들어온 것뿐인데..."
    },
    "20045064": {
        "deprecated": false,
        "Dev_Desc": "45002_4 - 장규리 (붉은 숲의 길)",
        "id": 20045064,
        "alias": "Contents.Quest.Dialogue.45064",
        "text": "아닙니다. 무슨 말씀 하시는 거예요.\n괜찮습니다. 그렇게 위로하지 않으셔도 됩니다."
    },
    "20045065": {
        "deprecated": false,
        "Dev_Desc": "45002_4 - 온영인 (붉은 숲의 길)",
        "id": 20045065,
        "alias": "Contents.Quest.Dialogue.45065",
        "text": "혹시 이번에 정식 발령이 안 나면... \n내가 다른 상전에 갈 수 있게 추천서라도 써줄게요."
    },
    "20045066": {
        "deprecated": false,
        "Dev_Desc": "45002_4 - 장규리 (붉은 숲의 길)",
        "id": 20045066,
        "alias": "Contents.Quest.Dialogue.45066",
        "text": "말씀만으로도 감사합니다. 큰 도움이 될 것 같습니다."
    },
    "20045067": {
        "deprecated": false,
        "Dev_Desc": "45002_4 - 장규리 (붉은 숲의 길)",
        "id": 20045067,
        "alias": "Contents.Quest.Dialogue.45067",
        "text": "근데... 상전에서 일하는 게 \n저와 맞는 일인지 좀 더 고민해 보겠습니다."
    },
    "20045068": {
        "deprecated": false,
        "Dev_Desc": "45002_4 - PC",
        "id": 20045068,
        "alias": "Contents.Quest.Dialogue.45068",
        "text": "(너무 가혹한 게 아닌지 묻는다)"
    },
    "20045069": {
        "deprecated": false,
        "Dev_Desc": "45002_4 - 온영인 (붉은 숲의 길)",
        "id": 20045069,
        "alias": "Contents.Quest.Dialogue.45069",
        "text": "<textColor=[78:148:215:255]>박대비</>님이 관리 역할을 맡고 정하신 규칙입니다.\n어쩔 수 없죠... 성과를 내는 게 상인의 일이니까요."
    },
    "20045070": {
        "deprecated": false,
        "Dev_Desc": "45002_4 - PC",
        "id": 20045070,
        "alias": "Contents.Quest.Dialogue.45070",
        "text": "(그래도 너무한 것 같다며\n혹시 <textColor=[78:148:215:255]>곽호룡</>을 만나면 상황을 전하겠다고 한다)"
    },
    "20045071": {
        "deprecated": false,
        "Dev_Desc": "45100_0 - 호수석",
        "id": 20045071,
        "alias": "Contents.Quest.Dialogue.45071",
        "text": "좋은 돌이 있다면 어디든 가야지!"
    },
    "20045072": {
        "deprecated": false,
        "Dev_Desc": "45100_0 - 호수석",
        "id": 20045072,
        "alias": "Contents.Quest.Dialogue.45072",
        "text": "좋은 돌이 있으면 얼마든 사야지!"
    },
    "20045073": {
        "deprecated": false,
        "Dev_Desc": "45100_0 - PC",
        "id": 20045073,
        "alias": "Contents.Quest.Dialogue.45073",
        "text": "(좋은 돌이 뭐길래 그렇게 뜨겁게 이야기하는지 묻는다)"
    },
    "20045074": {
        "deprecated": false,
        "Dev_Desc": "45100_0 - 호수석",
        "id": 20045074,
        "alias": "Contents.Quest.Dialogue.45074",
        "text": "내가 타고난 천재여서 둘도 없는 수준의 장인이 아닌 이상에야..."
    },
    "20045075": {
        "deprecated": false,
        "Dev_Desc": "45100_0 - 호수석",
        "id": 20045075,
        "alias": "Contents.Quest.Dialogue.45075",
        "text": "기술은 결국 비슷한 수준에서 수렴이 되더라고."
    },
    "20045076": {
        "deprecated": false,
        "Dev_Desc": "45100_0 - 호수석",
        "id": 20045076,
        "alias": "Contents.Quest.Dialogue.45076",
        "text": "그럼 뭐야? 돌이야. 좋은 돌이 있어야 좋은 작품이 나온다고!"
    },
    "20045077": {
        "deprecated": false,
        "Dev_Desc": "45100_0 - 호수석",
        "id": 20045077,
        "alias": "Contents.Quest.Dialogue.45077",
        "text": "쓰레기 돌로 작품을 만들 사람도 있겠지."
    },
    "20045078": {
        "deprecated": false,
        "Dev_Desc": "45100_0 - 호수석",
        "id": 20045078,
        "alias": "Contents.Quest.Dialogue.45078",
        "text": "근데 일단 난 아니야. 그래서 좋은 돌을 찾아다니는 거야."
    },
    "20045079": {
        "deprecated": false,
        "Dev_Desc": "45100_0 - PC",
        "id": 20045079,
        "alias": "Contents.Quest.Dialogue.45079",
        "text": "(이제야 좀 이해가 간다고 한다)"
    },
    "20045080": {
        "deprecated": false,
        "Dev_Desc": "45100_0 - 호수석",
        "id": 20045080,
        "alias": "Contents.Quest.Dialogue.45080",
        "text": "말이 좀 통하는군! \n좋은 돌을 보러 갈 건데, 같이 가세!"
    },
    "20045081": {
        "deprecated": false,
        "Dev_Desc": "45100_2 - PC",
        "id": 20045081,
        "alias": "Contents.Quest.Dialogue.45081",
        "text": "(돌이 어떠냐고 묻는다)"
    },
    "20045082": {
        "deprecated": false,
        "Dev_Desc": "45100_2 - 호수석 (경사로)",
        "id": 20045082,
        "alias": "Contents.Quest.Dialogue.45082",
        "text": "세상엔 돌을 보자마자 그 안의 모양이 보이는 사람도 있다더구먼."
    },
    "20045083": {
        "deprecated": false,
        "Dev_Desc": "45100_2 - 호수석 (경사로)",
        "id": 20045083,
        "alias": "Contents.Quest.Dialogue.45083",
        "text": "단지 그 형태가 드러나도록 조각하면 작품이 나온다고..."
    },
    "20045084": {
        "deprecated": false,
        "Dev_Desc": "45100_2 - 호수석 (경사로)",
        "id": 20045084,
        "alias": "Contents.Quest.Dialogue.45084",
        "text": "근데 난 그렇진 않고... 결국은 때리고 만져 봐야지 알겠더라고."
    },
    "20045085": {
        "deprecated": false,
        "Dev_Desc": "45100_2 - PC",
        "id": 20045085,
        "alias": "Contents.Quest.Dialogue.45085",
        "text": "(고개를 끄덕인다)"
    },
    "20045086": {
        "deprecated": false,
        "Dev_Desc": "45100_2 - 호수석 (경사로)",
        "id": 20045086,
        "alias": "Contents.Quest.Dialogue.45086",
        "text": "주변에 <textColor=[215:94:94:255]>시귀</>들로부터 보호해 주겠나?"
    },
    "20045087": {
        "deprecated": false,
        "Dev_Desc": "45100_2 - 호수석 (경사로)",
        "id": 20045087,
        "alias": "Contents.Quest.Dialogue.45087",
        "text": "그사이에 한번 확인해 보겠네.\n나의 손에 있는 정과 망치로!"
    },
    "20045088": {
        "deprecated": false,
        "Dev_Desc": "45100_4 - PC",
        "id": 20045088,
        "alias": "Contents.Quest.Dialogue.45088",
        "text": "(돌이 좀 어떠냐고 묻는다)"
    },
    "20045089": {
        "deprecated": false,
        "Dev_Desc": "45100_4 - 호수석 (경사로)",
        "id": 20045089,
        "alias": "Contents.Quest.Dialogue.45089",
        "text": "내가 정말 점잖은 사람인데... 욕하고 싶을 정도야!"
    },
    "20045090": {
        "deprecated": false,
        "Dev_Desc": "45100_4 - 호수석 (경사로)",
        "id": 20045090,
        "alias": "Contents.Quest.Dialogue.45090",
        "text": "와우! 너무 좋네. 오우... \n여기 석공들 모아두면 오우 막 입에서 욕이 어휴!"
    },
    "20045091": {
        "deprecated": false,
        "Dev_Desc": "45100_4 - PC",
        "id": 20045091,
        "alias": "Contents.Quest.Dialogue.45091",
        "text": "(돌이 좋은데 왜 욕을 하느냐고 묻는다)"
    },
    "20045092": {
        "deprecated": false,
        "Dev_Desc": "45100_4 - 호수석 (경사로)",
        "id": 20045092,
        "alias": "Contents.Quest.Dialogue.45092",
        "text": "어우 답답하네. 그게 있어. 돌이 너무 좋을 때..."
    },
    "20045093": {
        "deprecated": false,
        "Dev_Desc": "45100_4 - 호수석 (경사로)",
        "id": 20045093,
        "alias": "Contents.Quest.Dialogue.45093",
        "text": "그냥 좋은 말로는 표현하기 쉽지 않을 정도의 만족감?"
    },
    "20045094": {
        "deprecated": false,
        "Dev_Desc": "45100_4 - 호수석 (경사로)",
        "id": 20045094,
        "alias": "Contents.Quest.Dialogue.45094",
        "text": "그냥 갓 증류한 독주를 그대로 목에 넘기고 싶은 기분?"
    },
    "20045095": {
        "deprecated": false,
        "Dev_Desc": "45100_4 - PC",
        "id": 20045095,
        "alias": "Contents.Quest.Dialogue.45095",
        "text": "(좀 이상해 보인다고 한다)"
    },
    "20045096": {
        "deprecated": false,
        "Dev_Desc": "45100_4 - 호수석 (경사로)",
        "id": 20045096,
        "alias": "Contents.Quest.Dialogue.45096",
        "text": "뭐야? 왜 <textColor=[78:148:215:255]>수양</>대원이 우리쪽으로 오는 거지?"
    },
    "20045097": {
        "deprecated": false,
        "Dev_Desc": "45100_5 - 수양 성유연",
        "id": 20045097,
        "alias": "Contents.Quest.Dialogue.45097",
        "text": "수고 많으십니다. 여기는 많이 위험한 곳입니다."
    },
    "20045098": {
        "deprecated": false,
        "Dev_Desc": "45100_5 - 수양 성유연",
        "id": 20045098,
        "alias": "Contents.Quest.Dialogue.45098",
        "text": "안전한 곳으로 자리를 옮겨 주시기 바랍니다."
    },
    "20045099": {
        "deprecated": false,
        "Dev_Desc": "45100_5 - 호수석 (경사로)",
        "id": 20045099,
        "alias": "Contents.Quest.Dialogue.45099",
        "text": "그래서 도와줄 사람 데리고 왔어요. 됐죠?"
    },
    "20045100": {
        "deprecated": false,
        "Dev_Desc": "45100_5 - 수양 성유연",
        "id": 20045100,
        "alias": "Contents.Quest.Dialogue.45100",
        "text": "그건 알겠습니다만, 더 이상 여기 머무르시면 안 됩니다."
    },
    "20045101": {
        "deprecated": false,
        "Dev_Desc": "45100_5 - 호수석 (경사로)",
        "id": 20045101,
        "alias": "Contents.Quest.Dialogue.45101",
        "text": "아! 이 사람이... 한참 기분 좋은데 왜 이래!\n내가 돌 좀 만지다 가겠다는데..."
    },
    "20045102": {
        "deprecated": false,
        "Dev_Desc": "45100_5 - PC",
        "id": 20045102,
        "alias": "Contents.Quest.Dialogue.45102",
        "text": "(금방 떠나겠다고 한다)"
    },
    "20045103": {
        "deprecated": false,
        "Dev_Desc": "45100_5 - 호수석 (경사로)",
        "id": 20045103,
        "alias": "Contents.Quest.Dialogue.45103",
        "text": "아니. 위험하면 <textColor=[78:148:215:255]>수양</>에서 기지라도 만들어서!\n안전하게 만들어야 할 거 아냐?"
    },
    "20045104": {
        "deprecated": false,
        "Dev_Desc": "45100_5 - 수양 성유연",
        "id": 20045104,
        "alias": "Contents.Quest.Dialogue.45104",
        "text": "지금 남부에선 <textColor=[215:94:94:255]>청인족</>과 전쟁을 벌이고 있습니다."
    },
    "20045105": {
        "deprecated": false,
        "Dev_Desc": "45100_5 - 수양 성유연",
        "id": 20045105,
        "alias": "Contents.Quest.Dialogue.45105",
        "text": "이렇게 후방에 대원을 배치할 여유가 없습니다."
    },
    "20045106": {
        "deprecated": false,
        "Dev_Desc": "45100_5 - 호수석 (경사로)",
        "id": 20045106,
        "alias": "Contents.Quest.Dialogue.45106",
        "text": "<textColor=[78:148:215:255]>금경철문</>이 일년에 <textColor=[78:148:215:255]>수양</>에 내는 돈이 얼만지나 알아?"
    },
    "20045107": {
        "deprecated": false,
        "Dev_Desc": "45100_5 - 호수석 (경사로)",
        "id": 20045107,
        "alias": "Contents.Quest.Dialogue.45107",
        "text": "건방진 녀석들이... 누구 돈으로 군복 입는지 알기나 해?\n<textColor=[78:148:215:255]>사호</> 돈 없었으면 <textColor=[110:216:175:255]>해월대륙</> 원정 유지도 못 했어."
    },
    "20045108": {
        "deprecated": false,
        "Dev_Desc": "45100_5 - PC",
        "id": 20045108,
        "alias": "Contents.Quest.Dialogue.45108",
        "text": "(이 사람 데리고 금방 떠나겠다고 한다)"
    },
    "20045109": {
        "deprecated": false,
        "Dev_Desc": "45100_7 - PC",
        "id": 20045109,
        "alias": "Contents.Quest.Dialogue.45109",
        "text": "(좀 진정하라고 한다)"
    },
    "20045110": {
        "deprecated": false,
        "Dev_Desc": "45100_7 - 호수석 (경사로)",
        "id": 20045110,
        "alias": "Contents.Quest.Dialogue.45110",
        "text": "나 흥분 안 했어. 그냥 논리적으로 화가 난 거야."
    },
    "20045111": {
        "deprecated": false,
        "Dev_Desc": "45100_7 - 호수석 (경사로)",
        "id": 20045111,
        "alias": "Contents.Quest.Dialogue.45111",
        "text": "돈은 엄청나게 받아먹으면서 \n이런 거 하나 처리 못 하는데 화가 나? 안 나?"
    },
    "20045112": {
        "deprecated": false,
        "Dev_Desc": "45100_7 - PC",
        "id": 20045112,
        "alias": "Contents.Quest.Dialogue.45112",
        "text": "(알겠으니 손에 든 망치 내려놓으라고 한다)"
    },
    "20045113": {
        "deprecated": false,
        "Dev_Desc": "45100_7 - 호수석 (경사로)",
        "id": 20045113,
        "alias": "Contents.Quest.Dialogue.45113",
        "text": "이게 진짜 <textColor=[78:148:215:255]>사호</>를 봉으로 아는 건지..."
    },
    "20045114": {
        "deprecated": false,
        "Dev_Desc": "45100_7 - 호수석 (경사로)",
        "id": 20045114,
        "alias": "Contents.Quest.Dialogue.45114",
        "text": "<textColor=[78:148:215:255]>금경철문</>만 이런 게 아니라니까?\n저기 <textColor=[110:216:175:255]>탁회암 협곡</> 쪽에 가면 <textColor=[78:148:215:255]>매화단</>원 있거든?"
    },
    "20045115": {
        "deprecated": false,
        "Dev_Desc": "45100_7 - 호수석 (경사로)",
        "id": 20045115,
        "alias": "Contents.Quest.Dialogue.45115",
        "text": "가서 한번 만나서 이야기 좀 들어봐."
    },
    "20045116": {
        "deprecated": false,
        "Dev_Desc": "45100_7 - 호수석 (경사로)",
        "id": 20045116,
        "alias": "Contents.Quest.Dialogue.45116",
        "text": "<textColor=[78:148:215:255]>수양</>? 엉망이야! 완전 개들이 노는 공터 같은 곳이야."
    },
    "20045117": {
        "deprecated": false,
        "Dev_Desc": "45100_7 - PC",
        "id": 20045117,
        "alias": "Contents.Quest.Dialogue.45117",
        "text": "(자신은 <textColor=[110:216:175:255]>탁회암 협곡</>으로 가볼 테니\n<textColor=[110:216:175:255]>연구지</>로 돌아가라고 한다)"
    },
    "20045118": {
        "deprecated": false,
        "Dev_Desc": "45100_7 - 호수석 (경사로)",
        "id": 20045118,
        "alias": "Contents.Quest.Dialogue.45118",
        "text": "그래, 내 걱정은 하지 말고 가서 '<textColor=[78:148:215:255]>청수국</>'을 만나봐.\n<textColor=[78:148:215:255]>호수석</>이 추천했다고 하면 알 거야."
    },
    "20045119": {
        "deprecated": false,
        "Dev_Desc": "45101_2 - PC",
        "id": 20045119,
        "alias": "Contents.Quest.Dialogue.45119",
        "text": "(혹시 <textColor=[78:148:215:255]>매화단</> <textColor=[78:148:215:255]>청수국</>이 맞는지 묻는다)"
    },
    "20045120": {
        "deprecated": false,
        "Dev_Desc": "45101_2 - PC",
        "id": 20045120,
        "alias": "Contents.Quest.Dialogue.45120",
        "text": "(<textColor=[78:148:215:255]>금경철문</>의 <textColor=[78:148:215:255]>호수석</>이 알려줘서 찾아왔다고 한다)"
    },
    "20045121": {
        "deprecated": false,
        "Dev_Desc": "45101_2 - 청수국",
        "id": 20045121,
        "alias": "Contents.Quest.Dialogue.45121",
        "text": "아, 그 사람? 좀 싫은데...\n근데 그래서요?"
    },
    "20045122": {
        "deprecated": false,
        "Dev_Desc": "45101_2 - PC",
        "id": 20045122,
        "alias": "Contents.Quest.Dialogue.45122",
        "text": "(<textColor=[78:148:215:255]>수양</>으로부터 제대로 지원을 받지 못한다는 \n이야기를 들었다고 한다)"
    },
    "20045123": {
        "deprecated": false,
        "Dev_Desc": "45101_2 - 청수국",
        "id": 20045123,
        "alias": "Contents.Quest.Dialogue.45123",
        "text": "맞아요. 근데 애초에 별로 기대를 안 했어요."
    },
    "20045124": {
        "deprecated": false,
        "Dev_Desc": "45101_2 - 청수국",
        "id": 20045124,
        "alias": "Contents.Quest.Dialogue.45124",
        "text": "지금 탐사대도 지원 없이 우리끼리 해보고 있는데... 좀 힘드네요."
    },
    "20045125": {
        "deprecated": false,
        "Dev_Desc": "45101_2 - 청수국",
        "id": 20045125,
        "alias": "Contents.Quest.Dialogue.45125",
        "text": "괜찮으시면 저랑 같이 가서 좀 도와주실래요?"
    },
    "20045126": {
        "deprecated": false,
        "Dev_Desc": "45101_2 - 청수국",
        "id": 20045126,
        "alias": "Contents.Quest.Dialogue.45126",
        "text": "우선 저기 앞의 <textColor=[215:94:94:255]>청인족</>부터 처치하고 <textColor=[110:216:175:255]>용머리곶</>으로 이동하시죠."
    },
    "20045127": {
        "deprecated": false,
        "Dev_Desc": "45101_5 - PC",
        "id": 20045127,
        "alias": "Contents.Quest.Dialogue.45127",
        "text": "(<textColor=[215:94:94:255]>창도단</>이 끝이 없다고 한다)"
    },
    "20045128": {
        "deprecated": false,
        "Dev_Desc": "45101_5 - 청수국 (용머리곶)",
        "id": 20045128,
        "alias": "Contents.Quest.Dialogue.45128",
        "text": "맞아요. 나름대로 최선을 다했지만 <textColor=[78:148:215:255]>매화단</>만으로\n여기 기지 건설을 못 할 것 같아요."
    },
    "20045129": {
        "deprecated": false,
        "Dev_Desc": "45101_5 - 청수국 (용머리곶)",
        "id": 20045129,
        "alias": "Contents.Quest.Dialogue.45129",
        "text": "어떻게 겨우 짓더라도 유지를 못 할 것 같구요."
    },
    "20045130": {
        "deprecated": false,
        "Dev_Desc": "45101_5 - PC",
        "id": 20045130,
        "alias": "Contents.Quest.Dialogue.45130",
        "text": "(다른 방법이 없는지 묻는다)"
    },
    "20045131": {
        "deprecated": false,
        "Dev_Desc": "45101_5 - 청수국 (용머리곶)",
        "id": 20045131,
        "alias": "Contents.Quest.Dialogue.45131",
        "text": "제가 묻고 싶네요. 좋은 방법이 없을지?\n<textColor=[215:94:94:255]>창도단</>은 끊임없이 여길 습격해 오는데..."
    },
    "20045132": {
        "deprecated": false,
        "Dev_Desc": "45101_5 - 청수국 (용머리곶)",
        "id": 20045132,
        "alias": "Contents.Quest.Dialogue.45132",
        "text": "이 정도에서 포기하는 게 맞을 것 같아요."
    },
    "20045133": {
        "deprecated": false,
        "Dev_Desc": "45101_5 - PC",
        "id": 20045133,
        "alias": "Contents.Quest.Dialogue.45133",
        "text": "(<textColor=[78:148:215:255]>수양</>과 이야기를 해봤는지 묻는다)"
    },
    "20045134": {
        "deprecated": false,
        "Dev_Desc": "45101_5 - 청수국 (용머리곶)",
        "id": 20045134,
        "alias": "Contents.Quest.Dialogue.45134",
        "text": "해봤죠. 지금 내는 금액의 두 배를 내라고 하더라고요."
    },
    "20045135": {
        "deprecated": false,
        "Dev_Desc": "45101_5 - 청수국 (용머리곶)",
        "id": 20045135,
        "alias": "Contents.Quest.Dialogue.45135",
        "text": "뭐, 사실 두 배 내라고 했을 때 낼 마음도 있었는데...\n<textColor=[78:148:215:255]>매화단</>, <textColor=[78:148:215:255]>금경철문</> 둘 이외엔 별로 관심이 없어서요."
    },
    "20045136": {
        "deprecated": false,
        "Dev_Desc": "45101_5 - 청수국 (용머리곶)",
        "id": 20045136,
        "alias": "Contents.Quest.Dialogue.45136",
        "text": "결국 각자 알아서 잘해보자는 식으로 끝났어요."
    },
    "20045137": {
        "deprecated": false,
        "Dev_Desc": "45101_5 - PC",
        "id": 20045137,
        "alias": "Contents.Quest.Dialogue.45137",
        "text": "(할 말이 없어 그냥 고개만 끄덕인다)"
    },
    "20045138": {
        "deprecated": false,
        "Dev_Desc": "45102_1 - PC",
        "id": 20045138,
        "alias": "Contents.Quest.Dialogue.45138",
        "text": "(그럼 바로 철수할 것인지 묻는다)"
    },
    "20045139": {
        "deprecated": false,
        "Dev_Desc": "45102_1 - 청수국 (용머리곶)",
        "id": 20045139,
        "alias": "Contents.Quest.Dialogue.45139",
        "text": "철수해야 하는데... 그게 합리적인데...\n왜 난 미련을 버리지 못하는 걸까?"
    },
    "20045140": {
        "deprecated": false,
        "Dev_Desc": "45102_1 - 청수국 (용머리곶)",
        "id": 20045140,
        "alias": "Contents.Quest.Dialogue.45140",
        "text": "여기 오면 하고 싶은 게 많았는데..."
    },
    "20045141": {
        "deprecated": false,
        "Dev_Desc": "45102_1 - 청수국 (용머리곶)",
        "id": 20045141,
        "alias": "Contents.Quest.Dialogue.45141",
        "text": "뭐 하나 제대로 탐사한 것도 없어.\n이럴 거면 왜 오자고 한 거야!"
    },
    "20045142": {
        "deprecated": false,
        "Dev_Desc": "45102_1 - PC",
        "id": 20045142,
        "alias": "Contents.Quest.Dialogue.45142",
        "text": "(그럼 기지 건설을 시도해볼 거냐고 묻는다)"
    },
    "20045143": {
        "deprecated": false,
        "Dev_Desc": "45102_1 - 청수국 (용머리곶)",
        "id": 20045143,
        "alias": "Contents.Quest.Dialogue.45143",
        "text": "아니요. 너무 위험하고 성공해도 기지를 유지하기 어려울 거예요."
    },
    "20045144": {
        "deprecated": false,
        "Dev_Desc": "45102_1 - PC",
        "id": 20045144,
        "alias": "Contents.Quest.Dialogue.45144",
        "text": "(그럼 이제 철수할 것인지 묻는다)"
    },
    "20045145": {
        "deprecated": false,
        "Dev_Desc": "45102_1 - 청수국 (용머리곶)",
        "id": 20045145,
        "alias": "Contents.Quest.Dialogue.45145",
        "text": "이제 빠져야죠... \n그래도 억울해서 그냥은 못 나가죠."
    },
    "20045146": {
        "deprecated": false,
        "Dev_Desc": "45102_1 - 청수국 (용머리곶)",
        "id": 20045146,
        "alias": "Contents.Quest.Dialogue.45146",
        "text": "나중에라도 대응해야 할 테니... \n<textColor=[215:94:94:255]>창도단</> 장비 조사를 좀 해야겠어요."
    },
    "20045147": {
        "deprecated": false,
        "Dev_Desc": "45102_4 - PC",
        "id": 20045147,
        "alias": "Contents.Quest.Dialogue.45147",
        "text": "(이제 충분하냐고 묻는다)"
    },
    "20045148": {
        "deprecated": false,
        "Dev_Desc": "45102_4 - 청수국 (탐사지)",
        "id": 20045148,
        "alias": "Contents.Quest.Dialogue.45148",
        "text": "예! 처음에 올 때 계획에 비하면 보잘것없지만...\n매번 성공할 수는 없죠."
    },
    "20045149": {
        "deprecated": false,
        "Dev_Desc": "45102_4 - 청수국 (탐사지)",
        "id": 20045149,
        "alias": "Contents.Quest.Dialogue.45149",
        "text": "뭐 여기 와서 얻은 정보도 별로 없지만...\n이거라도 보고서를 만들어 올려야겠어요."
    },
    "20045150": {
        "deprecated": false,
        "Dev_Desc": "45102_4 - 청수국 (탐사지)",
        "id": 20045150,
        "alias": "Contents.Quest.Dialogue.45150",
        "text": "예산이 빠듯한 상태에서\n제가 우겨서 탐사한 건데..."
    },
    "20045151": {
        "deprecated": false,
        "Dev_Desc": "45102_4 - 청수국 (탐사지)",
        "id": 20045151,
        "alias": "Contents.Quest.Dialogue.45151",
        "text": "이제와서 보면... 바보 같았네요.\n그냥 포기할 걸..."
    },
    "20045152": {
        "deprecated": false,
        "Dev_Desc": "45102_4 - 청수국 (탐사지)",
        "id": 20045152,
        "alias": "Contents.Quest.Dialogue.45152",
        "text": "계륵같은 곳이었네요.\n덕분에 큰 손실없이 나왔습니다."
    },
    "20045153": {
        "deprecated": false,
        "Dev_Desc": "45102_4 - PC",
        "id": 20045153,
        "alias": "Contents.Quest.Dialogue.45153",
        "text": "(별일 아니라고 한다)"
    },
    "20045154": {
        "deprecated": false,
        "Dev_Desc": "45102_4 - 청수국 (탐사지)",
        "id": 20045154,
        "alias": "Contents.Quest.Dialogue.45154",
        "text": "<textColor=[215:94:94:255]>창도단</>이 왜 이곳으로 왔는지는 모르겠어요."
    },
    "20045155": {
        "deprecated": false,
        "Dev_Desc": "45102_4 - 청수국 (탐사지)",
        "id": 20045155,
        "alias": "Contents.Quest.Dialogue.45155",
        "text": "그래도 이렇게 정리한 자료가 \n앞으로 <textColor=[215:94:94:255]>창도단</> 대응에 도움이 되면 좋겠네요."
    },
    "20045156": {
        "deprecated": false,
        "Dev_Desc": "45102_4 - 청수국 (탐사지)",
        "id": 20045156,
        "alias": "Contents.Quest.Dialogue.45156",
        "text": "이 이상의 정밀 조사를 위해선\n<textColor=[78:148:215:255]>매화단</> 단독으로는 좀 힘들 것 같아요."
    },
    "20045160": {
        "deprecated": false,
        "Dev_Desc": "45102_4 - 청수국 (탐사지)",
        "id": 20045160,
        "alias": "Contents.Quest.Dialogue.45160",
        "text": "근데 딱히 연계해서 같이 조사할 곳이 없다는 게 문제네요."
    },
    "20045161": {
        "deprecated": false,
        "Dev_Desc": "45103_0 - 박대비 (탐사지)",
        "id": 20045161,
        "alias": "Contents.Quest.Dialogue.45161",
        "text": "<textColor=[255:204:102:255]><myHero.name/></>님! 잠시만 기다려 주십시오.\n계속 찾아 다녔습니다!"
    },
    "20045162": {
        "deprecated": false,
        "Dev_Desc": "45103_0 - PC",
        "id": 20045162,
        "alias": "Contents.Quest.Dialogue.45162",
        "text": "(무슨 일인지 묻는다)"
    },
    "20045163": {
        "deprecated": false,
        "Dev_Desc": "45103_0 - 박대비 (탐사지)",
        "id": 20045163,
        "alias": "Contents.Quest.Dialogue.45163",
        "text": "아니... 그게... <textColor=[110:216:175:255]>해월대륙</>에서 보고 들은 이야기를\n<textColor=[78:148:215:255]>곽호룡</>님께 전달할 거라는 이야기를 들었습니다. 사실입니까?"
    },
    "20045164": {
        "deprecated": false,
        "Dev_Desc": "45103_0 - PC",
        "id": 20045164,
        "alias": "Contents.Quest.Dialogue.45164",
        "text": "(<textColor=[78:148:215:255]>곽호룡</>님에게 요청받은 일이라고 한다)"
    },
    "20045165": {
        "deprecated": false,
        "Dev_Desc": "45103_0 - 박대비 (탐사지)",
        "id": 20045165,
        "alias": "Contents.Quest.Dialogue.45165",
        "text": "그러니까... 아직은 제가 제대로 처리 못 한 일도 있고\n약간 급한 부분도 있다고 해야 할까요?"
    },
    "20045166": {
        "deprecated": false,
        "Dev_Desc": "45103_0 - 박대비 (탐사지)",
        "id": 20045166,
        "alias": "Contents.Quest.Dialogue.45166",
        "text": "요령이 없는 사람이라서 부족한 부분이 많기도 하고요."
    },
    "20045167": {
        "deprecated": false,
        "Dev_Desc": "45103_0 - PC",
        "id": 20045167,
        "alias": "Contents.Quest.Dialogue.45167",
        "text": "(무슨 말을 하고 싶은지 묻는다)"
    },
    "20045168": {
        "deprecated": false,
        "Dev_Desc": "45103_0 - 박대비 (탐사지)",
        "id": 20045168,
        "alias": "Contents.Quest.Dialogue.45168",
        "text": "간단하게 말씀드리자면... \n<textColor=[78:148:215:255]>곽호룡</>님께 더 정제된 이야기를 전달하는 게 좋을 것 같아서요."
    },
    "20045169": {
        "deprecated": false,
        "Dev_Desc": "45103_0 - PC",
        "id": 20045169,
        "alias": "Contents.Quest.Dialogue.45169",
        "text": "(어떤 의미인지 알겠다고 하고,\n자신이 알아서 전달하겠다고 한다)"
    },
    "20045170": {
        "deprecated": false,
        "Dev_Desc": "45103_1 - 곽호룡 (탐사지)",
        "id": 20045170,
        "alias": "Contents.Quest.Dialogue.45170",
        "text": "자네 왔는가?"
    },
    "20045171": {
        "deprecated": false,
        "Dev_Desc": "45103_1 - PC",
        "id": 20045171,
        "alias": "Contents.Quest.Dialogue.45171",
        "text": "(인사를 나눈 후, \n그동안의 이야기를 들려준다)"
    },
    "20045172": {
        "deprecated": false,
        "Dev_Desc": "45103_1 - 곽호룡 (탐사지)",
        "id": 20045172,
        "alias": "Contents.Quest.Dialogue.45172",
        "text": "아... 그래? 음... 생각할 부분이 많군.\n맞네. 현재 <textColor=[78:148:215:255]>도화상전</>이 제대로 된 역할을 하지 못하고 있구먼."
    },
    "20045173": {
        "deprecated": false,
        "Dev_Desc": "45103_1 - 곽호룡 (탐사지)",
        "id": 20045173,
        "alias": "Contents.Quest.Dialogue.45173",
        "text": "다른 일이 있었다는 건 핑계에 불과해.\n내가 내 할 일은 제대로 하지 못했다는 것을 인정하겠네."
    },
    "20045174": {
        "deprecated": false,
        "Dev_Desc": "45103_1 - 곽호룡 (탐사지)",
        "id": 20045174,
        "alias": "Contents.Quest.Dialogue.45174",
        "text": "대비... 이 녀석을 어떻게 가르쳐야 좋을까?\n제대로 된 사람으로 만들어야 하는데..."
    },
    "20045175": {
        "deprecated": false,
        "Dev_Desc": "45103_1 - PC",
        "id": 20045175,
        "alias": "Contents.Quest.Dialogue.45175",
        "text": "(자신이 할 말은 없는 것 같다고 한다)"
    },
    "20045176": {
        "deprecated": false,
        "Dev_Desc": "45103_1 - 곽호룡 (탐사지)",
        "id": 20045176,
        "alias": "Contents.Quest.Dialogue.45176",
        "text": "응. 말하기 어려운 내용이겠지. 알아.\n스스로 깨우친다면 제일이겠지만..."
    },
    "20045177": {
        "deprecated": false,
        "Dev_Desc": "45103_1 - 곽호룡 (탐사지)",
        "id": 20045177,
        "alias": "Contents.Quest.Dialogue.45177",
        "text": "아쉽게도 그렇게 깨우칠 타입은 아닌 것 같아.\n내가 가서 직접 알려주지 않으면 안 되겠군."
    },
    "20045178": {
        "deprecated": false,
        "Dev_Desc": "45103_1 - 곽호룡 (탐사지)",
        "id": 20045178,
        "alias": "Contents.Quest.Dialogue.45178",
        "text": "고맙네. 좋은 정보를 많이 알려줘서...\n이 은혜는 나중에 이자 붙여서 갚도록 하지!"
    },
    "20045179": {
        "deprecated": false,
        "Dev_Desc": "45103_4 - 곽호룡 (탐사지2)",
        "id": 20045179,
        "alias": "Contents.Quest.Dialogue.45179",
        "text": "<textColor=[78:148:215:255]>도화상전</>의 사람에게 기대하는 덕목에 대해서\n몇 번 이야기한 적이 있었을 거다."
    },
    "20045180": {
        "deprecated": false,
        "Dev_Desc": "45103_4 - 곽호룡 (탐사지2)",
        "id": 20045180,
        "alias": "Contents.Quest.Dialogue.45180",
        "text": "단기적으로 적자가 날 수도 있어. \n투자할 때 이걸 손실로 봐선 안 된다."
    },
    "20045181": {
        "deprecated": false,
        "Dev_Desc": "45103_4 - 곽호룡 (탐사지2)",
        "id": 20045181,
        "alias": "Contents.Quest.Dialogue.45181",
        "text": "적자를 죽음보다 싫어하는 것은 \n상인으로서 좋은 자질일 수도 있다. "
    },
    "20045182": {
        "deprecated": false,
        "Dev_Desc": "45103_4 - 곽호룡 (탐사지2)",
        "id": 20045182,
        "alias": "Contents.Quest.Dialogue.45182",
        "text": "하지만 <textColor=[78:148:215:255]>도화상전</>을 맡을 사람은\n단순히 지금만 봐선 안 돼."
    },
    "20045183": {
        "deprecated": false,
        "Dev_Desc": "45103_4 - 곽호룡 (탐사지2)",
        "id": 20045183,
        "alias": "Contents.Quest.Dialogue.45183",
        "text": "더 길게 보고, 더 크게 보는 사람이기에\n많은 사람을 이끌 수 있는 거다."
    },
    "20045184": {
        "deprecated": false,
        "Dev_Desc": "45103_4 - 박대비 (탐사지2)",
        "id": 20045184,
        "alias": "Contents.Quest.Dialogue.45184",
        "text": "그런 말씀 마십시오. \n제가 어찌 그런 역할을..."
    },
    "20045185": {
        "deprecated": false,
        "Dev_Desc": "45103_4 - 박대비 (탐사지2)",
        "id": 20045185,
        "alias": "Contents.Quest.Dialogue.45185",
        "text": "저같이 그릇이 작은 사람에게 \n그런 일은 당치도 않습니다."
    },
    "20045186": {
        "deprecated": false,
        "Dev_Desc": "45103_4 - 곽호룡 (탐사지2)",
        "id": 20045186,
        "alias": "Contents.Quest.Dialogue.45186",
        "text": "나도 언젠가는 죽는다. "
    },
    "20045187": {
        "deprecated": false,
        "Dev_Desc": "45103_4 - 곽호룡 (탐사지2)",
        "id": 20045187,
        "alias": "Contents.Quest.Dialogue.45187",
        "text": "내가 죽은 이후에도\n<textColor=[78:148:215:255]>도화상전</>을 맡아줄 사람이 필요해."
    },
    "20045188": {
        "deprecated": false,
        "Dev_Desc": "45103_4 - 곽호룡 (탐사지2)",
        "id": 20045188,
        "alias": "Contents.Quest.Dialogue.45188",
        "text": "널 보니... <textColor=[78:148:215:255]>도화상전</>을 키우다 무리해 \n건강을 해쳤던 선대인이 기억나는구나."
    },
    "20045189": {
        "deprecated": false,
        "Dev_Desc": "45103_4 - 박대비 (탐사지2)",
        "id": 20045189,
        "alias": "Contents.Quest.Dialogue.45189",
        "text": "선친의 이름에 먹칠을 하고 있어 부끄럽습니다."
    },
    "20045190": {
        "deprecated": false,
        "Dev_Desc": "45103_4 - 곽호룡 (탐사지2)",
        "id": 20045190,
        "alias": "Contents.Quest.Dialogue.45190",
        "text": "널 잘 가르쳐야... 죽고 나서 \n그 친구의 얼굴을 제대로 볼 거 아니겠느냐."
    },
    "20045191": {
        "deprecated": false,
        "Dev_Desc": "45003_0시티즌온영인 (잿빛 밀림)",
        "id": 20045191,
        "alias": "Contents.Quest.Dialogue.45191",
        "text": "아이고, 이게 누구십니까?"
    },
    "20045192": {
        "deprecated": false,
        "Dev_Desc": "45003_0PC-",
        "id": 20045192,
        "alias": "Contents.Quest.Dialogue.45192",
        "text": "(이렇게 위험한 곳에 왜 혼자 있냐고 묻는다)"
    },
    "20045193": {
        "deprecated": false,
        "Dev_Desc": "45003_0시티즌온영인 (잿빛 밀림)",
        "id": 20045193,
        "alias": "Contents.Quest.Dialogue.45193",
        "text": "제가 그동안 입으론 위험을 무릅쓰느니 마느니 했는데요."
    },
    "20045194": {
        "deprecated": false,
        "Dev_Desc": "45003_0시티즌온영인 (잿빛 밀림)",
        "id": 20045194,
        "alias": "Contents.Quest.Dialogue.45194",
        "text": "곰곰이 생각해보니까 안전한 곳에 서서\n손만 흔들고 있었던 거였습니다."
    },
    "20045195": {
        "deprecated": false,
        "Dev_Desc": "45003_0시티즌온영인 (잿빛 밀림)",
        "id": 20045195,
        "alias": "Contents.Quest.Dialogue.45195",
        "text": "위험 감수하는 척만 한 거예요.\n아주 안전한 곳에서요."
    },
    "20045196": {
        "deprecated": false,
        "Dev_Desc": "45003_0PC-",
        "id": 20045196,
        "alias": "Contents.Quest.Dialogue.45196",
        "text": "(이것저것 많이 시도해보지 않았냐고 한다)"
    },
    "20045197": {
        "deprecated": false,
        "Dev_Desc": "45003_0시티즌온영인 (잿빛 밀림)",
        "id": 20045197,
        "alias": "Contents.Quest.Dialogue.45197",
        "text": "그동안 흑자는 유지하는 선에서 한두 개 시도해본 거죠.\n지금 와서 보면 소극적이었습니다."
    },
    "20045198": {
        "deprecated": false,
        "Dev_Desc": "45003_0PC-",
        "id": 20045198,
        "alias": "Contents.Quest.Dialogue.45198",
        "text": "(상인에게 흑자는 중요한 게 아니냐 묻는다)"
    },
    "20045199": {
        "deprecated": false,
        "Dev_Desc": "45003_0시티즌온영인 (잿빛 밀림)",
        "id": 20045199,
        "alias": "Contents.Quest.Dialogue.45199",
        "text": "맞죠. 중요하죠. 근데 그거 하나 지키려고 아무것도 못 한 겁니다."
    },
    "20045200": {
        "deprecated": false,
        "Dev_Desc": "45003_0시티즌온영인 (잿빛 밀림)",
        "id": 20045200,
        "alias": "Contents.Quest.Dialogue.45200",
        "text": "새롭게 매출원을 발굴하고,\n<textColor=[110:216:175:255]>비옥대지</>에 많은 상인이 필요하다는 걸 증명하려고요"
    },
    "20045201": {
        "deprecated": false,
        "Dev_Desc": "45003_0시티즌온영인 (잿빛 밀림)",
        "id": 20045201,
        "alias": "Contents.Quest.Dialogue.45201",
        "text": "딱히... <textColor=[78:148:215:255]>장규리</>씨때문만은 아니고요.\n저 스스로에 관한 문제입니다."
    },
    "20045202": {
        "deprecated": false,
        "Dev_Desc": "45003_4PC-",
        "id": 20045202,
        "alias": "Contents.Quest.Dialogue.45202",
        "text": "(성과가 있는지 물어본다)"
    },
    "20045203": {
        "deprecated": false,
        "Dev_Desc": "45003_4시티즌온영인 (잿빛 밀림)",
        "id": 20045203,
        "alias": "Contents.Quest.Dialogue.45203",
        "text": "후우... 쉽지 않네요."
    },
    "20045204": {
        "deprecated": false,
        "Dev_Desc": "45003_4시티즌온영인 (잿빛 밀림)",
        "id": 20045204,
        "alias": "Contents.Quest.Dialogue.45204",
        "text": "제가 상인으로서 보는 눈이 없는 것인지..."
    },
    "20045205": {
        "deprecated": false,
        "Dev_Desc": "45003_4시티즌온영인 (잿빛 밀림)",
        "id": 20045205,
        "alias": "Contents.Quest.Dialogue.45205",
        "text": "정말 아무 곳도 없는 곳에서\n헛된 일을 하는 것인지 모르겠네요."
    },
    "20045206": {
        "deprecated": false,
        "Dev_Desc": "45003_4시티즌온영인 (잿빛 밀림)",
        "id": 20045206,
        "alias": "Contents.Quest.Dialogue.45206",
        "text": "혹시 괜찮으시면... \n<textColor=[110:216:175:255]>비옥 폐허</>에 같이 가주시겠습니까?"
    },
    "20045207": {
        "deprecated": false,
        "Dev_Desc": "45003_4PC-",
        "id": 20045207,
        "alias": "Contents.Quest.Dialogue.45207",
        "text": "(거긴 너무 위험하지 않겠냐고 묻는다)"
    },
    "20045208": {
        "deprecated": false,
        "Dev_Desc": "45003_4시티즌온영인 (잿빛 밀림)",
        "id": 20045208,
        "alias": "Contents.Quest.Dialogue.45208",
        "text": "저도 그렇게 생각합니다.\n지금까지 들어가지 않았던 이유가 있었죠."
    },
    "20045209": {
        "deprecated": false,
        "Dev_Desc": "45003_4시티즌온영인 (잿빛 밀림)",
        "id": 20045209,
        "alias": "Contents.Quest.Dialogue.45209",
        "text": "그래도 뭐라도 끝까지 해보지 않으면\n스스로 납득할 수 없을 것 같습니다."
    },
    "20045210": {
        "deprecated": false,
        "Dev_Desc": "45004_3PC-",
        "id": 20045210,
        "alias": "Contents.Quest.Dialogue.45210",
        "text": "(제대로 된 핵은 구하지 못했다고 한다)"
    },
    "20045211": {
        "deprecated": false,
        "Dev_Desc": "45004_3시티즌온영인 (잿빛 밀림)",
        "id": 20045211,
        "alias": "Contents.Quest.Dialogue.45211",
        "text": "아... 모두 가루 혹은 파편이군요.\n이거라도 가져가서 정밀히 조사해보겠습니다."
    },
    "20045212": {
        "deprecated": false,
        "Dev_Desc": "45004_3시티즌온영인 (잿빛 밀림)",
        "id": 20045212,
        "alias": "Contents.Quest.Dialogue.45212",
        "text": "어쨌든 손에 쉽게 넣을 수 없는 물건이니만큼\n다른 가치가 발견될지도 모릅니다."
    },
    "20045213": {
        "deprecated": false,
        "Dev_Desc": "45004_3PC-",
        "id": 20045213,
        "alias": "Contents.Quest.Dialogue.45213",
        "text": "(만약에 가치가 발견되어도\n이후에 핵을 계속 구할 방법이 있냐고 묻는다)"
    },
    "20045214": {
        "deprecated": false,
        "Dev_Desc": "45004_3시티즌온영인 (잿빛 밀림)",
        "id": 20045214,
        "alias": "Contents.Quest.Dialogue.45214",
        "text": "비용보다 가치가 높다면 <textColor=[78:148:215:255]>풍백문</>에 요청을 해서라도\n어떻게든 해볼 수는 있겠죠."
    },
    "20045215": {
        "deprecated": false,
        "Dev_Desc": "45004_3PC-",
        "id": 20045215,
        "alias": "Contents.Quest.Dialogue.45215",
        "text": "(조용히 고개를 끄덕인다)"
    },
    "20045216": {
        "deprecated": false,
        "Dev_Desc": "45004_3시티즌온영인 (잿빛 밀림)",
        "id": 20045216,
        "alias": "Contents.Quest.Dialogue.45216",
        "text": "이렇게 큰 도움을 주셨는데...\n이런 분위기가 되어 버렸네요."
    },
    "20045217": {
        "deprecated": false,
        "Dev_Desc": "45004_3시티즌온영인 (잿빛 밀림)",
        "id": 20045217,
        "alias": "Contents.Quest.Dialogue.45217",
        "text": "이제 겨우 두 번 해본 겁니다. 포기 안 해요.\n적자가 나더라도 계속할 겁니다."
    },
    "20045218": {
        "deprecated": false,
        "Dev_Desc": "45004_3시티즌온영인 (잿빛 밀림)",
        "id": 20045218,
        "alias": "Contents.Quest.Dialogue.45218",
        "text": "예전에 저 정식 상인으로 발령받았을 때\n<textColor=[78:148:215:255]>곽호룡</> 상전주님이 해주신 말씀이 있어요."
    },
    "20045219": {
        "deprecated": false,
        "Dev_Desc": "45004_3시티즌온영인 (잿빛 밀림)",
        "id": 20045219,
        "alias": "Contents.Quest.Dialogue.45219",
        "text": "잘하는 상인이 있으면 손해 보더라도\n계속 시도하라고 한다!"
    },
    "20045220": {
        "deprecated": false,
        "Dev_Desc": "45004_3시티즌온영인 (잿빛 밀림)",
        "id": 20045220,
        "alias": "Contents.Quest.Dialogue.45220",
        "text": "자리에 앉아서 장부나 보고 있으라고 하진 않는다!"
    },
    "20045221": {
        "deprecated": false,
        "Dev_Desc": "45004_3시티즌온영인 (잿빛 밀림)",
        "id": 20045221,
        "alias": "Contents.Quest.Dialogue.45221",
        "text": "그 말을 잊고 장부의 숫자만 보고 살았습니다.\n계속 시도해서 여기가 적자가 나더라도..."
    },
    "20045222": {
        "deprecated": false,
        "Dev_Desc": "45004_3시티즌온영인 (잿빛 밀림)",
        "id": 20045222,
        "alias": "Contents.Quest.Dialogue.45222",
        "text": "그래서 제가 그 책임을 지게 되더라도...\n저는 <textColor=[78:148:215:255]>도화상전</>의 상인으로서 행동할 겁니다."
    }
}