{
    "1": {
        "deprecated": false,
        "id": 1,
        "alias": "Contents.Zone.Name.1",
        "text": "세계"
    },
    "2": {
        "deprecated": false,
        "id": 2,
        "alias": "Contents.Zone.Name.2",
        "text": "제룡림"
    },
    "3": {
        "deprecated": false,
        "id": 3,
        "alias": "Contents.Zone.Name.3",
        "text": "대사막"
    },
    "4": {
        "deprecated": false,
        "id": 4,
        "alias": "Contents.Zone.Name.4",
        "text": "수월평원"
    },
    "5": {
        "deprecated": false,
        "id": 5,
        "alias": "Contents.Zone.Name.5",
        "text": "백청산맥"
    },
    "6": {
        "deprecated": false,
        "id": 6,
        "alias": "Contents.Zone.Name.6",
        "text": "해월대륙"
    },
    "7": {
        "deprecated": false,
        "id": 7,
        "alias": "Contents.Zone.Name.7",
        "text": "반달호수"
    },
    "8": {
        "deprecated": false,
        "id": 8,
        "alias": "Contents.Zone.Name.8",
        "text": "고도시"
    },
    "9": {
        "deprecated": false,
        "id": 9,
        "alias": "Contents.Zone.Name.9",
        "text": "늑대구릉"
    },
    "10": {
        "deprecated": false,
        "id": 10,
        "alias": "Contents.Zone.Name.10",
        "text": "돼지농장"
    },
    "11": {
        "deprecated": false,
        "id": 11,
        "alias": "Contents.Zone.Name.11",
        "text": "눈보라유적지"
    },
    "12": {
        "deprecated": false,
        "id": 12,
        "alias": "Contents.Zone.Name.12",
        "text": "뱀비늘계곡"
    },
    "13": {
        "deprecated": false,
        "id": 13,
        "alias": "Contents.Zone.Name.13",
        "text": "태록림"
    },
    "14": {
        "deprecated": false,
        "id": 14,
        "alias": "Contents.Zone.Name.14",
        "text": "용린 사막"
    },
    "15": {
        "deprecated": false,
        "id": 15,
        "alias": "Contents.Zone.Name.15",
        "text": "비옥 대지"
    },
    "1000": {
        "deprecated": false,
        "id": 1000,
        "alias": "Contents.Zone.Name.1000",
        "text": "예도항"
    },
    "1001": {
        "deprecated": false,
        "id": 1001,
        "alias": "Contents.Zone.Name.1001",
        "text": "풍요 우림 거점"
    },
    "1002": {
        "deprecated": false,
        "id": 1002,
        "alias": "Contents.Zone.Name.1002",
        "text": "안개 숲 개척지"
    },
    "1003": {
        "deprecated": false,
        "id": 1003,
        "alias": "Contents.Zone.Name.1003",
        "text": "낙원 계곡 입구"
    },
    "1004": {
        "deprecated": false,
        "id": 1004,
        "alias": "Contents.Zone.Name.1004",
        "text": "약초꾼 쉼터"
    },
    "1005": {
        "deprecated": false,
        "id": 1005,
        "alias": "Contents.Zone.Name.1005",
        "text": "비경의 자드락"
    },
    "1006": {
        "deprecated": false,
        "id": 1006,
        "alias": "Contents.Zone.Name.1006",
        "text": "거미 숲 길"
    },
    "1007": {
        "deprecated": false,
        "id": 1007,
        "alias": "Contents.Zone.Name.1007",
        "text": "동부 생태 조사림"
    },
    "1008": {
        "deprecated": false,
        "id": 1008,
        "alias": "Contents.Zone.Name.1008",
        "text": "녹색 뿔의 숲"
    },
    "1009": {
        "deprecated": false,
        "id": 1009,
        "alias": "Contents.Zone.Name.1009",
        "text": "만다라 폭포 앞"
    },
    "1010": {
        "deprecated": false,
        "id": 1010,
        "alias": "Contents.Zone.Name.1010",
        "text": "버려진 감시탑"
    },
    "1011": {
        "deprecated": false,
        "id": 1011,
        "alias": "Contents.Zone.Name.1011",
        "text": "난파선의 잔해"
    },
    "1012": {
        "deprecated": false,
        "id": 1012,
        "alias": "Contents.Zone.Name.1012",
        "text": "난파선의 무덤"
    },
    "1013": {
        "deprecated": false,
        "id": 1013,
        "alias": "Contents.Zone.Name.1013",
        "text": "골짜기 바람길"
    },
    "1014": {
        "deprecated": false,
        "Dev_Desc": "100004",
        "id": 1014,
        "alias": "Contents.Zone.Name.1014",
        "text": "혈비의 숲"
    },
    "1015": {
        "deprecated": false,
        "id": 1015,
        "alias": "Contents.Zone.Name.1015",
        "text": "안개 그늘 숲 남부"
    },
    "1016": {
        "deprecated": false,
        "id": 1016,
        "alias": "Contents.Zone.Name.1016",
        "text": "메말라 가는 늪지"
    },
    "1017": {
        "deprecated": false,
        "id": 1017,
        "alias": "Contents.Zone.Name.1017",
        "text": "뱀버섯 군락"
    },
    "1018": {
        "deprecated": false,
        "Dev_Desc": "100007",
        "id": 1018,
        "alias": "Contents.Zone.Name.1018",
        "text": "개척자 위령 묘지"
    },
    "1019": {
        "deprecated": false,
        "Dev_Desc": "100009",
        "id": 1019,
        "alias": "Contents.Zone.Name.1019",
        "text": "담인초 습지"
    },
    "1020": {
        "deprecated": false,
        "Dev_Desc": "100008",
        "id": 1020,
        "alias": "Contents.Zone.Name.1020",
        "text": "참고요 숲"
    },
    "1021": {
        "deprecated": false,
        "Dev_Desc": "100010",
        "id": 1021,
        "alias": "Contents.Zone.Name.1021",
        "text": "낙원 구릉"
    },
    "1022": {
        "deprecated": false,
        "id": 1022,
        "alias": "Contents.Zone.Name.1022",
        "text": "풀내음 언덕길"
    },
    "1023": {
        "deprecated": false,
        "id": 1023,
        "alias": "Contents.Zone.Name.1023",
        "text": "폭포 남부 숲"
    },
    "1024": {
        "deprecated": false,
        "id": 1024,
        "alias": "Contents.Zone.Name.1024",
        "text": "해맞이 비탈길"
    },
    "1025": {
        "deprecated": false,
        "Dev_Desc": "100011",
        "id": 1025,
        "alias": "Contents.Zone.Name.1025",
        "text": "검은 진흙지대"
    },
    "1026": {
        "deprecated": false,
        "Dev_Desc": "100000",
        "id": 1026,
        "alias": "Contents.Zone.Name.1026",
        "text": "도깨비 해변"
    },
    "1027": {
        "deprecated": false,
        "id": 1027,
        "alias": "Contents.Zone.Name.1027",
        "text": "북쪽 샛길"
    },
    "1028": {
        "deprecated": false,
        "id": 1028,
        "alias": "Contents.Zone.Name.1028",
        "text": "만다라 샛길"
    },
    "1029": {
        "deprecated": false,
        "id": 1029,
        "alias": "Contents.Zone.Name.1029",
        "text": "가는 모래 하구"
    },
    "1030": {
        "deprecated": false,
        "id": 1030,
        "alias": "Contents.Zone.Name.1030",
        "text": "나들길"
    },
    "1031": {
        "deprecated": false,
        "id": 1031,
        "alias": "Contents.Zone.Name.1031",
        "text": "해안 진출로"
    },
    "1032": {
        "deprecated": false,
        "id": 1032,
        "alias": "Contents.Zone.Name.1032",
        "text": "언덕 숲"
    },
    "1033": {
        "deprecated": false,
        "id": 1033,
        "alias": "Contents.Zone.Name.1033",
        "text": "녹색 뿔 샘터"
    },
    "1034": {
        "deprecated": false,
        "id": 1034,
        "alias": "Contents.Zone.Name.1034",
        "text": "행방불명의 길"
    },
    "1035": {
        "deprecated": false,
        "id": 1035,
        "alias": "Contents.Zone.Name.1035",
        "text": "이룡도"
    },
    "1036": {
        "deprecated": false,
        "id": 1036,
        "alias": "Contents.Zone.Name.1036",
        "text": "늪지 북부 해안길"
    },
    "1037": {
        "deprecated": false,
        "id": 1037,
        "alias": "Contents.Zone.Name.1037",
        "text": "습격당한 비밀 통로"
    },
    "1038": {
        "deprecated": false,
        "id": 1038,
        "alias": "Contents.Zone.Name.1038",
        "text": "습격당한 비밀 통로"
    },
    "1039": {
        "deprecated": false,
        "id": 1039,
        "alias": "Contents.Zone.Name.1039",
        "text": "습격당한 비밀 통로"
    },
    "1040": {
        "deprecated": false,
        "id": 1040,
        "alias": "Contents.Zone.Name.1040",
        "text": "에레다 비밀거점"
    },
    "1041": {
        "deprecated": false,
        "id": 1041,
        "alias": "Contents.Zone.Name.1041",
        "text": "잊혀진 낙원의 미궁"
    },
    "1042": {
        "deprecated": false,
        "id": 1042,
        "alias": "Contents.Zone.Name.1042",
        "text": "안개 그늘 숲 북부"
    },
    "1043": {
        "deprecated": false,
        "id": 1043,
        "alias": "Contents.Zone.Name.1043",
        "text": "황혼의 비경"
    },
    "1044": {
        "deprecated": false,
        "id": 1044,
        "alias": "Contents.Zone.Name.1044",
        "text": "발자국 없는 해안"
    },
    "1045": {
        "deprecated": false,
        "id": 1045,
        "alias": "Contents.Zone.Name.1045",
        "text": "잊혀진 낙원의 미궁 1층"
    },
    "1046": {
        "deprecated": false,
        "id": 1046,
        "alias": "Contents.Zone.Name.1046",
        "text": "잊혀진 낙원의 미궁 2층"
    },
    "1047": {
        "deprecated": false,
        "id": 1047,
        "alias": "Contents.Zone.Name.1047",
        "text": "잊혀진 낙원의 미궁 3층"
    },
    "1048": {
        "deprecated": false,
        "id": 1048,
        "alias": "Contents.Zone.Name.1048",
        "text": "잊혀진 낙원의 미궁 4층"
    },
    "1049": {
        "deprecated": false,
        "id": 1049,
        "alias": "Contents.Zone.Name.1049",
        "text": "잊혀진 낙원의 미궁 5층"
    },
    "1050": {
        "deprecated": false,
        "Dev_Desc": "100020",
        "id": 1050,
        "alias": "Contents.Zone.Name.1050",
        "text": "붉은 비탈"
    },
    "1051": {
        "deprecated": false,
        "id": 1051,
        "alias": "Contents.Zone.Name.1051",
        "text": "수수께끼 벌판"
    },
    "1052": {
        "deprecated": false,
        "id": 1052,
        "alias": "Contents.Zone.Name.1052",
        "text": "숲의 장막"
    },
    "1053": {
        "deprecated": false,
        "id": 1053,
        "alias": "Contents.Zone.Name.1053",
        "text": "원령의 언덕"
    },
    "1054": {
        "deprecated": false,
        "id": 1054,
        "alias": "Contents.Zone.Name.1054",
        "text": "잿빛 밀림"
    },
    "1055": {
        "deprecated": false,
        "Dev_Desc": "100030",
        "id": 1055,
        "alias": "Contents.Zone.Name.1055",
        "text": "재앙의 은신처"
    },
    "1056": {
        "deprecated": false,
        "id": 1056,
        "alias": "Contents.Zone.Name.1056",
        "text": "붉은 뿔의 길"
    },
    "1057": {
        "deprecated": false,
        "id": 1057,
        "alias": "Contents.Zone.Name.1057",
        "text": "꿈결의 숲"
    },
    "1058": {
        "deprecated": false,
        "id": 1058,
        "alias": "Contents.Zone.Name.1058",
        "text": "솟을바위산"
    },
    "1059": {
        "deprecated": false,
        "id": 1059,
        "alias": "Contents.Zone.Name.1059",
        "text": "솟을바위 경사로"
    },
    "1060": {
        "deprecated": false,
        "id": 1060,
        "alias": "Contents.Zone.Name.1060",
        "text": "파석의 갈채"
    },
    "1061": {
        "deprecated": false,
        "id": 1061,
        "alias": "Contents.Zone.Name.1061",
        "text": "용머리 곶"
    },
    "1062": {
        "deprecated": false,
        "id": 1062,
        "alias": "Contents.Zone.Name.1062",
        "text": "탁회암 협곡"
    },
    "1063": {
        "deprecated": false,
        "Dev_Desc": "100026",
        "id": 1063,
        "alias": "Contents.Zone.Name.1063",
        "text": "붉은 숲길"
    },
    "1064": {
        "deprecated": false,
        "Dev_Desc": "100027",
        "id": 1064,
        "alias": "Contents.Zone.Name.1064",
        "text": "단풍노을 골짜기"
    },
    "1065": {
        "deprecated": false,
        "id": 1065,
        "alias": "Contents.Zone.Name.1065",
        "text": "벌목지"
    },
    "1066": {
        "deprecated": false,
        "id": 1066,
        "alias": "Contents.Zone.Name.1066",
        "text": "비옥 폐허"
    },
    "1067": {
        "deprecated": false,
        "id": 1067,
        "alias": "Contents.Zone.Name.1067",
        "text": "비옥 발굴지"
    },
    "1068": {
        "deprecated": false,
        "id": 1068,
        "alias": "Contents.Zone.Name.1068",
        "text": "사묘정의 숲"
    },
    "1069": {
        "deprecated": false,
        "Dev_Desc": "100028",
        "id": 1069,
        "alias": "Contents.Zone.Name.1069",
        "text": "비옥 폭포"
    },
    "1070": {
        "deprecated": false,
        "id": 1070,
        "alias": "Contents.Zone.Name.1070",
        "text": "혈비패 은신처"
    },
    "1071": {
        "deprecated": false,
        "id": 1071,
        "alias": "Contents.Zone.Name.1071",
        "text": "숨겨진 낙원"
    },
    "1072": {
        "deprecated": false,
        "id": 1072,
        "alias": "Contents.Zone.Name.1072",
        "text": "심연의 틈"
    },
    "1073": {
        "deprecated": false,
        "id": 1073,
        "alias": "Contents.Zone.Name.1073",
        "text": "물안개 고원"
    },
    "1074": {
        "deprecated": false,
        "id": 1074,
        "alias": "Contents.Zone.Name.1074",
        "text": "바람길"
    },
    "1075": {
        "deprecated": false,
        "id": 1075,
        "alias": "Contents.Zone.Name.1075",
        "text": "Lv.30 거미 숲 길"
    },
    "1076": {
        "deprecated": false,
        "id": 1076,
        "alias": "Contents.Zone.Name.1076",
        "text": "Lv.31 동부 생태 조사림"
    },
    "1077": {
        "deprecated": false,
        "id": 1077,
        "alias": "Contents.Zone.Name.1077",
        "text": "Lv.32 녹색 뿔의 숲"
    },
    "1078": {
        "deprecated": false,
        "id": 1078,
        "alias": "Contents.Zone.Name.1078",
        "text": "Lv.33 만다라 폭포 앞"
    },
    "1079": {
        "deprecated": false,
        "id": 1079,
        "alias": "Contents.Zone.Name.1079",
        "text": "Lv.34 버려진 감시탑"
    },
    "1080": {
        "deprecated": false,
        "id": 1080,
        "alias": "Contents.Zone.Name.1080",
        "text": "Lv.35 난파선의 잔해"
    },
    "1081": {
        "deprecated": false,
        "id": 1081,
        "alias": "Contents.Zone.Name.1081",
        "text": "Lv.37 발자국 없는 해안"
    },
    "1082": {
        "deprecated": false,
        "id": 1082,
        "alias": "Contents.Zone.Name.1082",
        "text": "Lv.39 난파선의 무덤"
    },
    "1083": {
        "deprecated": false,
        "id": 1083,
        "alias": "Contents.Zone.Name.1083",
        "text": "Lv.40 골짜기 바람길"
    },
    "1084": {
        "deprecated": false,
        "id": 1084,
        "alias": "Contents.Zone.Name.1084",
        "text": "Lv.40 녹색 뿔 샘터"
    },
    "1085": {
        "deprecated": false,
        "id": 1085,
        "alias": "Contents.Zone.Name.1085",
        "text": "Lv.41 혈비의 숲"
    },
    "1086": {
        "deprecated": false,
        "id": 1086,
        "alias": "Contents.Zone.Name.1086",
        "text": "Lv.42 안개 그늘 숲 남부"
    },
    "1087": {
        "deprecated": false,
        "id": 1087,
        "alias": "Contents.Zone.Name.1087",
        "text": "Lv.42 안개 그늘 숲 북부"
    },
    "1088": {
        "deprecated": false,
        "id": 1088,
        "alias": "Contents.Zone.Name.1088",
        "text": "Lv.43 메말라 가는 늪지"
    },
    "1089": {
        "deprecated": false,
        "id": 1089,
        "alias": "Contents.Zone.Name.1089",
        "text": "Lv.44 뱀버섯 군락"
    },
    "1090": {
        "deprecated": false,
        "id": 1090,
        "alias": "Contents.Zone.Name.1090",
        "text": "Lv.45 개척자 위령묘지"
    },
    "1091": {
        "deprecated": false,
        "id": 1091,
        "alias": "Contents.Zone.Name.1091",
        "text": "Lv.46 참고요 숲"
    },
    "1092": {
        "deprecated": false,
        "id": 1092,
        "alias": "Contents.Zone.Name.1092",
        "text": "Lv.47 담인초 습지"
    },
    "1093": {
        "deprecated": false,
        "id": 1093,
        "alias": "Contents.Zone.Name.1093",
        "text": "Lv.47 낙원 구릉"
    },
    "1094": {
        "deprecated": false,
        "id": 1094,
        "alias": "Contents.Zone.Name.1094",
        "text": "Lv.50 검은 진흙지대"
    },
    "1095": {
        "deprecated": false,
        "id": 1095,
        "alias": "Contents.Zone.Name.1095",
        "text": "Lv.48 풀내음 언덕길"
    },
    "1096": {
        "deprecated": false,
        "id": 1096,
        "alias": "Contents.Zone.Name.1096",
        "text": "Lv.51 해맞이 비탈길"
    },
    "1097": {
        "deprecated": false,
        "id": 1097,
        "alias": "Contents.Zone.Name.1097",
        "text": "Lv.49 물안개 고원"
    },
    "1098": {
        "deprecated": false,
        "id": 1098,
        "alias": "Contents.Zone.Name.1098",
        "text": "Lv.49 폭포 남부 숲"
    },
    "1099": {
        "deprecated": false,
        "id": 1099,
        "alias": "Contents.Zone.Name.1099",
        "text": "Lv.49 도깨비 해변"
    },
    "1100": {
        "deprecated": false,
        "Dev_Desc": "100021",
        "id": 1100,
        "alias": "Contents.Zone.Name.1100",
        "text": "풍백문 해월지부"
    },
    "1101": {
        "deprecated": false,
        "id": 1101,
        "alias": "Contents.Zone.Name.1101",
        "text": "날개사냥 집결지"
    },
    "1102": {
        "deprecated": false,
        "id": 1102,
        "alias": "Contents.Zone.Name.1102",
        "text": "수정밀림 연구지"
    },
    "1103": {
        "deprecated": false,
        "id": 1103,
        "alias": "Contents.Zone.Name.1103",
        "text": "용머리 탐사지"
    },
    "1104": {
        "deprecated": false,
        "id": 1104,
        "alias": "Contents.Zone.Name.1104",
        "text": "심연의 틈"
    },
    "1105": {
        "deprecated": false,
        "id": 1105,
        "alias": "Contents.Zone.Name.1105",
        "text": "심연의 공동"
    },
    "1106": {
        "deprecated": false,
        "id": 1106,
        "alias": "Contents.Zone.Name.1106",
        "text": "하름의 은거처"
    },
    "1107": {
        "deprecated": false,
        "Dev_Desc": "100001",
        "id": 1107,
        "alias": "Contents.Zone.Name.1107",
        "text": "동부 생태 조사림 인근"
    },
    "1108": {
        "deprecated": false,
        "Dev_Desc": "100002",
        "id": 1108,
        "alias": "Contents.Zone.Name.1108",
        "text": "녹색 뿔의 숲 인근"
    },
    "1109": {
        "deprecated": false,
        "Dev_Desc": "100003",
        "id": 1109,
        "alias": "Contents.Zone.Name.1109",
        "text": "난파선의 잔해 인근"
    },
    "1110": {
        "deprecated": false,
        "Dev_Desc": "100005",
        "id": 1110,
        "alias": "Contents.Zone.Name.1110",
        "text": "안개 그늘 숲 인근"
    },
    "1111": {
        "deprecated": false,
        "Dev_Desc": "100006",
        "id": 1111,
        "alias": "Contents.Zone.Name.1111",
        "text": "메말라 가는 늪지 인근"
    },
    "1112": {
        "deprecated": false,
        "Dev_Desc": "100012",
        "id": 1112,
        "alias": "Contents.Zone.Name.1112",
        "text": "버려진 감시탐 인근"
    },
    "1113": {
        "deprecated": false,
        "Dev_Desc": "100013",
        "id": 1113,
        "alias": "Contents.Zone.Name.1113",
        "text": "물안개 고원 인근"
    },
    "1114": {
        "deprecated": false,
        "Dev_Desc": "100014",
        "id": 1114,
        "alias": "Contents.Zone.Name.1114",
        "text": "폭포 남부 숲 인근"
    },
    "1115": {
        "deprecated": false,
        "Dev_Desc": "100022",
        "id": 1115,
        "alias": "Contents.Zone.Name.1115",
        "text": "벌목지 인근"
    },
    "1116": {
        "deprecated": false,
        "Dev_Desc": "100023",
        "id": 1116,
        "alias": "Contents.Zone.Name.1116",
        "text": "비옥 폐허 인근"
    },
    "1117": {
        "deprecated": false,
        "Dev_Desc": "100024",
        "id": 1117,
        "alias": "Contents.Zone.Name.1117",
        "text": "탁회암 협곡 인근"
    },
    "1118": {
        "deprecated": false,
        "Dev_Desc": "100025",
        "id": 1118,
        "alias": "Contents.Zone.Name.1118",
        "text": "솟을바위산 인근"
    },
    "1119": {
        "deprecated": false,
        "id": 1119,
        "alias": "Contents.Zone.Name.1119",
        "text": "꿈결의 숲 인근"
    },
    "1120": {
        "deprecated": false,
        "id": 1120,
        "alias": "Contents.Zone.Name.1120",
        "text": "예도항 인근"
    },
    "1121": {
        "deprecated": false,
        "id": 1121,
        "alias": "Contents.Zone.Name.1121",
        "text": "심연의 틈 1층"
    },
    "1122": {
        "deprecated": false,
        "id": 1122,
        "alias": "Contents.Zone.Name.1122",
        "text": "심연의 틈 2층"
    },
    "1123": {
        "deprecated": false,
        "id": 1123,
        "alias": "Contents.Zone.Name.1123",
        "text": "심연의 틈 3층"
    },
    "1124": {
        "deprecated": false,
        "id": 1124,
        "alias": "Contents.Zone.Name.1124",
        "text": "심연의 틈 4층"
    },
    "1125": {
        "deprecated": false,
        "id": 1125,
        "alias": "Contents.Zone.Name.1125",
        "text": "심연의 틈 5층"
    },
    "1126": {
        "deprecated": false,
        "id": 1126,
        "alias": "Contents.Zone.Name.1126",
        "text": "심연의 틈 6층"
    },
    "1127": {
        "deprecated": false,
        "id": 1127,
        "alias": "Contents.Zone.Name.1127",
        "text": "심연의 틈 7층"
    },
    "1128": {
        "deprecated": false,
        "id": 1128,
        "alias": "Contents.Zone.Name.1128",
        "text": "패잔병 소굴"
    },
    "1129": {
        "deprecated": false,
        "id": 1129,
        "alias": "Contents.Zone.Name.1129",
        "text": "Lv.43 이룡도"
    },
    "1130": {
        "deprecated": false,
        "id": 1130,
        "alias": "Contents.Zone.Name.1130",
        "text": "Lv.32 언덕 숲"
    },
    "1131": {
        "deprecated": false,
        "id": 1131,
        "alias": "Contents.Zone.Name.1131",
        "text": "Lv.34 가는 모래 하구"
    },
    "2000": {
        "deprecated": false,
        "id": 2000,
        "alias": "Contents.Zone.Name.2000",
        "text": "수월항"
    },
    "2001": {
        "deprecated": false,
        "id": 2001,
        "alias": "Contents.Zone.Name.2001",
        "text": "신 대어방 총타"
    },
    "2002": {
        "deprecated": false,
        "id": 2002,
        "alias": "Contents.Zone.Name.2002",
        "text": "무술대회장"
    },
    "2003": {
        "deprecated": false,
        "id": 2003,
        "alias": "Contents.Zone.Name.2003",
        "text": "수와족 임시거점"
    },
    "2004": {
        "deprecated": false,
        "id": 2004,
        "alias": "Contents.Zone.Name.2004",
        "text": "야생 보전회 거점"
    },
    "2005": {
        "deprecated": false,
        "id": 2005,
        "alias": "Contents.Zone.Name.2005",
        "text": "낚시꾼 촌락"
    },
    "2006": {
        "deprecated": false,
        "id": 2006,
        "alias": "Contents.Zone.Name.2006",
        "text": "반달 목장"
    },
    "2007": {
        "deprecated": false,
        "id": 2007,
        "alias": "Contents.Zone.Name.2007",
        "text": "소호촌"
    },
    "2008": {
        "deprecated": false,
        "id": 2008,
        "alias": "Contents.Zone.Name.2008",
        "text": "균열 연구가 야영지"
    },
    "2009": {
        "deprecated": false,
        "id": 2009,
        "alias": "Contents.Zone.Name.2009",
        "text": "네이냥 야영장"
    },
    "2010": {
        "deprecated": false,
        "Dev_Desc": "A01",
        "id": 2010,
        "alias": "Contents.Zone.Name.2010",
        "text": "얕은 호수"
    },
    "2011": {
        "deprecated": false,
        "Dev_Desc": "A02",
        "id": 2011,
        "alias": "Contents.Zone.Name.2011",
        "text": "썩은 벌목지"
    },
    "2012": {
        "deprecated": false,
        "Dev_Desc": "A03",
        "id": 2012,
        "alias": "Contents.Zone.Name.2012",
        "text": "거북호"
    },
    "2013": {
        "deprecated": false,
        "Dev_Desc": "A04",
        "id": 2013,
        "alias": "Contents.Zone.Name.2013",
        "text": "드러난 유적지"
    },
    "2014": {
        "deprecated": false,
        "Dev_Desc": "A05",
        "id": 2014,
        "alias": "Contents.Zone.Name.2014",
        "text": "해지는 목초지"
    },
    "2015": {
        "deprecated": false,
        "Dev_Desc": "A06",
        "id": 2015,
        "alias": "Contents.Zone.Name.2015",
        "text": "창도단 소굴"
    },
    "2016": {
        "deprecated": false,
        "Dev_Desc": "A07",
        "id": 2016,
        "alias": "Contents.Zone.Name.2016",
        "text": "고도시 숲길"
    },
    "2017": {
        "deprecated": false,
        "Dev_Desc": "A08",
        "id": 2017,
        "alias": "Contents.Zone.Name.2017",
        "text": "투엽단 근거지"
    },
    "2018": {
        "deprecated": false,
        "Dev_Desc": "A09",
        "id": 2018,
        "alias": "Contents.Zone.Name.2018",
        "text": "공허의 구덩이"
    },
    "2019": {
        "deprecated": false,
        "Dev_Desc": "A10",
        "id": 2019,
        "alias": "Contents.Zone.Name.2019",
        "text": "깊은 묘지 숲"
    },
    "2020": {
        "deprecated": false,
        "Dev_Desc": "A11",
        "id": 2020,
        "alias": "Contents.Zone.Name.2020",
        "text": "돌 언덕 구릉지"
    },
    "2021": {
        "deprecated": false,
        "Dev_Desc": "A12",
        "id": 2021,
        "alias": "Contents.Zone.Name.2021",
        "text": "파괴된 수와족 마을"
    },
    "2022": {
        "deprecated": false,
        "Dev_Desc": "A13",
        "id": 2022,
        "alias": "Contents.Zone.Name.2022",
        "text": "으스스한 골짜기"
    },
    "2023": {
        "deprecated": false,
        "id": 2023,
        "alias": "Contents.Zone.Name.2023",
        "text": "먼바다 전망탑"
    },
    "2024": {
        "deprecated": false,
        "id": 2024,
        "alias": "Contents.Zone.Name.2024",
        "text": "떠밀려온 난파선 잔해"
    },
    "2025": {
        "deprecated": false,
        "id": 2025,
        "alias": "Contents.Zone.Name.2025",
        "text": "목공의 거처"
    },
    "2026": {
        "deprecated": false,
        "id": 2026,
        "alias": "Contents.Zone.Name.2026",
        "text": "호숫가 별채"
    },
    "2027": {
        "deprecated": false,
        "id": 2027,
        "alias": "Contents.Zone.Name.2027",
        "text": "고도시 관문"
    },
    "2028": {
        "deprecated": false,
        "id": 2028,
        "alias": "Contents.Zone.Name.2028",
        "text": "숲속 폭포 연못"
    },
    "2029": {
        "deprecated": false,
        "id": 2029,
        "alias": "Contents.Zone.Name.2029",
        "text": "버려진 기와집"
    },
    "2030": {
        "deprecated": false,
        "id": 2030,
        "alias": "Contents.Zone.Name.2030",
        "text": "마르지 않는 협곡"
    },
    "2031": {
        "deprecated": false,
        "id": 2031,
        "alias": "Contents.Zone.Name.2031",
        "text": "도깨비 사당"
    },
    "2032": {
        "deprecated": false,
        "id": 2032,
        "alias": "Contents.Zone.Name.2032",
        "text": "새발 모양 네거리"
    },
    "2033": {
        "deprecated": false,
        "id": 2033,
        "alias": "Contents.Zone.Name.2033",
        "text": "도화상전"
    },
    "2034": {
        "deprecated": false,
        "id": 2034,
        "alias": "Contents.Zone.Name.2034",
        "text": "영교원"
    },
    "2035": {
        "deprecated": false,
        "id": 2035,
        "alias": "Contents.Zone.Name.2035",
        "text": "금경철문"
    },
    "2036": {
        "deprecated": false,
        "id": 2036,
        "alias": "Contents.Zone.Name.2036",
        "text": "매화단 본부"
    },
    "2037": {
        "deprecated": false,
        "id": 2037,
        "alias": "Contents.Zone.Name.2037",
        "text": "수목정령의 타락지"
    },
    "2038": {
        "deprecated": false,
        "id": 2038,
        "alias": "Contents.Zone.Name.2038",
        "text": "반달호수"
    },
    "2039": {
        "deprecated": false,
        "id": 2039,
        "alias": "Contents.Zone.Name.2039",
        "text": "파괴된 각성의 미궁"
    },
    "2040": {
        "deprecated": false,
        "id": 2040,
        "alias": "Contents.Zone.Name.2040",
        "text": "고도시 관문"
    },
    "2041": {
        "deprecated": false,
        "id": 2041,
        "alias": "Contents.Zone.Name.2041",
        "text": "예도항 상업 지구"
    },
    "2042": {
        "deprecated": false,
        "id": 2042,
        "alias": "Contents.Zone.Name.2042",
        "text": "예도항 선착장"
    },
    "2043": {
        "deprecated": false,
        "id": 2043,
        "alias": "Contents.Zone.Name.2043",
        "text": "예도항 공방 지구"
    },
    "2044": {
        "deprecated": false,
        "id": 2044,
        "alias": "Contents.Zone.Name.2044",
        "text": "예도항 수양 기지"
    },
    "2045": {
        "deprecated": false,
        "id": 2045,
        "alias": "Contents.Zone.Name.2045",
        "text": "에레다 비밀거점"
    },
    "2046": {
        "deprecated": false,
        "id": 2046,
        "alias": "Contents.Zone.Name.2046",
        "text": "개척자 위령 묘지 묘비"
    },
    "2047": {
        "deprecated": false,
        "id": 2047,
        "alias": "Contents.Zone.Name.2047",
        "text": "개척자 위령 묘지 사당"
    },
    "2048": {
        "deprecated": false,
        "id": 2048,
        "alias": "Contents.Zone.Name.2048",
        "text": "석양의 수와족 폐허"
    },
    "2049": {
        "deprecated": false,
        "id": 2049,
        "alias": "Contents.Zone.Name.2049",
        "text": "밤의 고도시 숲길"
    },
    "2050": {
        "deprecated": false,
        "id": 2050,
        "alias": "Contents.Zone.Name.2050",
        "text": "투엽단 불법 도축장"
    },
    "2051": {
        "deprecated": false,
        "id": 2051,
        "alias": "Contents.Zone.Name.2051",
        "text": "문파 광장"
    },
    "2052": {
        "deprecated": false,
        "id": 2052,
        "alias": "Contents.Zone.Name.2052",
        "text": "문파 상전"
    },
    "2053": {
        "deprecated": false,
        "id": 2053,
        "alias": "Contents.Zone.Name.2053",
        "text": "연무장"
    },
    "2054": {
        "deprecated": false,
        "id": 2054,
        "alias": "Contents.Zone.Name.2054",
        "text": "소환지"
    },
    "2055": {
        "deprecated": false,
        "id": 2055,
        "alias": "Contents.Zone.Name.2055",
        "text": "잊혀진 낙원의 미궁 6층"
    },
    "2056": {
        "deprecated": false,
        "Dev_Desc": "잊혀진 낙원의 미궁 5층 보스존 낙원동",
        "id": 2056,
        "alias": "Contents.Zone.Name.2056",
        "text": "청인동"
    },
    "2057": {
        "deprecated": false,
        "Dev_Desc": "잊혀진 낙원의 미궁 6층 보스존 풍뢰동",
        "id": 2057,
        "alias": "Contents.Zone.Name.2057",
        "text": "풍뢰동"
    },
    "2058": {
        "deprecated": false,
        "Dev_Desc": "잊혀진 낙원의 미궁 7층",
        "id": 2058,
        "alias": "Contents.Zone.Name.2058",
        "text": "잊혀진 낙원의 미궁 7층"
    },
    "2059": {
        "deprecated": false,
        "Dev_Desc": "잊혀진 낙원의 미궁 8층",
        "id": 2059,
        "alias": "Contents.Zone.Name.2059",
        "text": "잊혀진 낙원의 미궁 8층"
    },
    "2060": {
        "deprecated": false,
        "id": 2060,
        "alias": "Contents.Zone.Name.2060",
        "text": "호수 화물 보관소"
    },
    "2061": {
        "deprecated": false,
        "id": 2061,
        "alias": "Contents.Zone.Name.2061",
        "text": "호수 정상 언덕"
    },
    "2062": {
        "deprecated": false,
        "id": 2062,
        "alias": "Contents.Zone.Name.2062",
        "text": "잊혀진 회랑"
    },
    "2063": {
        "deprecated": false,
        "id": 2063,
        "alias": "Contents.Zone.Name.2063",
        "text": "가라앉은 회랑"
    },
    "2064": {
        "deprecated": false,
        "id": 2064,
        "alias": "Contents.Zone.Name.2064",
        "text": "공허의 구덩이 샛길"
    },
    "2065": {
        "deprecated": false,
        "id": 2065,
        "alias": "Contents.Zone.Name.2065",
        "text": "Lv.7 얕은 호수"
    },
    "2066": {
        "deprecated": false,
        "id": 2066,
        "alias": "Contents.Zone.Name.2066",
        "text": "Lv.6 썩은 벌목지"
    },
    "2067": {
        "deprecated": false,
        "id": 2067,
        "alias": "Contents.Zone.Name.2067",
        "text": "Lv.7 거북호"
    },
    "2068": {
        "deprecated": false,
        "id": 2068,
        "alias": "Contents.Zone.Name.2068",
        "text": "Lv.8 드러난 유적지"
    },
    "2069": {
        "deprecated": false,
        "id": 2069,
        "alias": "Contents.Zone.Name.2069",
        "text": "Lv.21 해지는 목초지"
    },
    "2070": {
        "deprecated": false,
        "id": 2070,
        "alias": "Contents.Zone.Name.2070",
        "text": "Lv.23 돌 언덕 구릉지"
    },
    "2071": {
        "deprecated": false,
        "id": 2071,
        "alias": "Contents.Zone.Name.2071",
        "text": "Lv.14 투엽단 근거지"
    },
    "2072": {
        "deprecated": false,
        "id": 2072,
        "alias": "Contents.Zone.Name.2072",
        "text": "Lv.16 창도단 소굴"
    },
    "2073": {
        "deprecated": false,
        "id": 2073,
        "alias": "Contents.Zone.Name.2073",
        "text": "Lv.15 고도시 숲길"
    },
    "2074": {
        "deprecated": false,
        "id": 2074,
        "alias": "Contents.Zone.Name.2074",
        "text": "Lv.30 공허의 구덩이"
    },
    "2075": {
        "deprecated": false,
        "id": 2075,
        "alias": "Contents.Zone.Name.2075",
        "text": "Lv.18 깊은 묘지 숲"
    },
    "2076": {
        "deprecated": false,
        "id": 2076,
        "alias": "Contents.Zone.Name.2076",
        "text": "Lv.26 파괴된 수와족 마을 "
    },
    "2077": {
        "deprecated": false,
        "id": 2077,
        "alias": "Contents.Zone.Name.2077",
        "text": "Lv.28 으스스한 골짜기"
    },
    "2078": {
        "deprecated": false,
        "id": 2078,
        "alias": "Contents.Zone.Name.2078",
        "text": "Lv.21 마르지 않는 협곡"
    },
    "2079": {
        "deprecated": false,
        "id": 2079,
        "alias": "Contents.Zone.Name.2079",
        "text": "Lv.27 떠밀려온 난파선 잔해 "
    },
    "2080": {
        "deprecated": false,
        "Dev_Desc": "랜드마크",
        "id": 2080,
        "alias": "Contents.Zone.Name.2080",
        "text": "수월항"
    },
    "2081": {
        "deprecated": false,
        "Dev_Desc": "랜드마크",
        "id": 2081,
        "alias": "Contents.Zone.Name.2081",
        "text": "파괴된 수와족 마을"
    },
    "2082": {
        "deprecated": false,
        "Dev_Desc": "랜드마크",
        "id": 2082,
        "alias": "Contents.Zone.Name.2082",
        "text": "신 대어방 총타"
    },
    "2083": {
        "deprecated": false,
        "Dev_Desc": "랜드마크",
        "id": 2083,
        "alias": "Contents.Zone.Name.2083",
        "text": "공허의 구덩이"
    },
    "2084": {
        "deprecated": false,
        "Dev_Desc": "랜드마크",
        "id": 2084,
        "alias": "Contents.Zone.Name.2084",
        "text": "야생 보전회 거점"
    },
    "2085": {
        "deprecated": false,
        "id": 2085,
        "alias": "Contents.Zone.Name.2085",
        "text": "수월 광장"
    },
    "2086": {
        "deprecated": false,
        "id": 2086,
        "alias": "Contents.Zone.Name.2086",
        "text": "Lv.35 호수 정상 언덕"
    },
    "2087": {
        "deprecated": false,
        "id": 2087,
        "alias": "Contents.Zone.Name.2087",
        "text": "파괴된 각성의 미궁 1층"
    },
    "2088": {
        "deprecated": false,
        "id": 2088,
        "alias": "Contents.Zone.Name.2088",
        "text": "파괴된 각성의 미궁 2층"
    },
    "2089": {
        "deprecated": false,
        "id": 2089,
        "alias": "Contents.Zone.Name.2089",
        "text": "파괴된 각성의 미궁 3층"
    },
    "2090": {
        "deprecated": false,
        "id": 2090,
        "alias": "Contents.Zone.Name.2090",
        "text": "얕은 호수 인근"
    },
    "2091": {
        "deprecated": false,
        "id": 2091,
        "alias": "Contents.Zone.Name.2091",
        "text": "고도시 숲 인근"
    },
    "2092": {
        "deprecated": false,
        "id": 2092,
        "alias": "Contents.Zone.Name.2092",
        "text": "수련의 폐허"
    },
    "2093": {
        "deprecated": false,
        "id": 2093,
        "alias": "Contents.Zone.Name.2093",
        "text": "황금의 숲길"
    },
    "2094": {
        "deprecated": false,
        "id": 2094,
        "alias": "Contents.Zone.Name.2094",
        "text": "파괴된 각성의 미궁 4층"
    },
    "2095": {
        "deprecated": false,
        "id": 2095,
        "alias": "Contents.Zone.Name.2095",
        "text": "파괴된 각성의 미궁 5층"
    },
    "2096": {
        "deprecated": false,
        "id": 2096,
        "alias": "Contents.Zone.Name.2096",
        "text": "파괴된 각성의 미궁 6층"
    },
    "2097": {
        "deprecated": false,
        "id": 2097,
        "alias": "Contents.Zone.Name.2097",
        "text": "일성관 야영지"
    },
    "2098": {
        "deprecated": false,
        "id": 2098,
        "alias": "Contents.Zone.Name.2098",
        "text": "Lv.54 일성관 야영지"
    },
    "2099": {
        "deprecated": false,
        "id": 2099,
        "alias": "Contents.Zone.Name.2099",
        "text": "혈비패 야영지"
    },
    "2100": {
        "deprecated": false,
        "id": 2100,
        "alias": "Contents.Zone.Name.2100",
        "text": "Lv.54 혈비패 야영지"
    },
    "2101": {
        "deprecated": false,
        "id": 2101,
        "alias": "Contents.Zone.Name.2101",
        "text": "Lv.54 에레다 비밀거점"
    },
    "2102": {
        "deprecated": false,
        "id": 2102,
        "alias": "Contents.Zone.Name.2102",
        "text": "Lv.35 호수 정상 언덕 길"
    },
    "2103": {
        "deprecated": false,
        "id": 2103,
        "alias": "Contents.Zone.Name.2103",
        "text": "호수 정상 언덕 길"
    },
    "2104": {
        "deprecated": false,
        "id": 2104,
        "alias": "Contents.Zone.Name.2104",
        "text": "Lv.7 호수 화물 보관소"
    },
    "2105": {
        "deprecated": false,
        "id": 2105,
        "alias": "Contents.Zone.Name.2105",
        "text": "파괴된 각성의 미궁 7층"
    },
    "2106": {
        "deprecated": false,
        "id": 2106,
        "alias": "Contents.Zone.Name.2106",
        "text": "파괴된 각성의 미궁 8층"
    },
    "2107": {
        "deprecated": false,
        "id": 2107,
        "alias": "Contents.Zone.Name.2107",
        "text": "낙원동"
    },
    "9000": {
        "deprecated": false,
        "id": 9000,
        "alias": "Contents.Zone.Name.9000",
        "text": "수와족 거주지"
    },
    "9001": {
        "deprecated": false,
        "id": 9001,
        "alias": "Contents.Zone.Name.9001",
        "text": "어인족 부락"
    },
    "9002": {
        "deprecated": false,
        "id": 9002,
        "alias": "Contents.Zone.Name.9002",
        "text": "원숭이 온천"
    },
    "9898": {
        "deprecated": false,
        "id": 9898,
        "alias": "Contents.Zone.Name.9898",
        "text": "지하묘지 지하2층"
    },
    "9998": {
        "deprecated": false,
        "id": 9998,
        "alias": "Contents.Zone.Name.9998",
        "text": "지하묘지 지하3층"
    },
    "9999": {
        "deprecated": false,
        "id": 9999,
        "alias": "Contents.Zone.Name.9999",
        "text": "지하묘지"
    },
    "8000": {
        "deprecated": false,
        "id": 8000,
        "alias": "Contents.Zone.Name.8000",
        "text": "해룡 내부"
    },
    "8001": {
        "deprecated": false,
        "id": 8001,
        "alias": "Contents.Zone.Name.8001",
        "text": "각성의 회랑"
    },
    "8100": {
        "deprecated": false,
        "id": 8100,
        "alias": "Contents.Zone.Name.8100",
        "text": "문파 장원"
    },
    "8101": {
        "deprecated": false,
        "id": 8101,
        "alias": "Contents.Zone.Name.8101",
        "text": "문파거점"
    },
    "8108": {
        "deprecated": false,
        "id": 8108,
        "alias": "Contents.Zone.Name.8108",
        "text": "1층"
    },
    "8109": {
        "deprecated": false,
        "id": 8109,
        "alias": "Contents.Zone.Name.8109",
        "text": "2층"
    },
    "8110": {
        "deprecated": false,
        "id": 8110,
        "alias": "Contents.Zone.Name.8110",
        "text": "3층"
    },
    "8111": {
        "deprecated": false,
        "id": 8111,
        "alias": "Contents.Zone.Name.8111",
        "text": "4층"
    },
    "8112": {
        "deprecated": false,
        "id": 8112,
        "alias": "Contents.Zone.Name.8112",
        "text": "5층"
    },
    "8113": {
        "deprecated": false,
        "id": 8113,
        "alias": "Contents.Zone.Name.8113",
        "text": "6층"
    },
    "8114": {
        "deprecated": false,
        "id": 8114,
        "alias": "Contents.Zone.Name.8114",
        "text": "7층"
    },
    "8115": {
        "deprecated": false,
        "id": 8115,
        "alias": "Contents.Zone.Name.8115",
        "text": "8층"
    },
    "8117": {
        "deprecated": false,
        "id": 8117,
        "alias": "Contents.Zone.Name.8117",
        "text": "잊혀진 낙원의 미궁"
    },
    "8118": {
        "deprecated": false,
        "id": 8118,
        "alias": "Contents.Zone.Name.8118",
        "text": "Lv.30"
    },
    "8119": {
        "deprecated": false,
        "id": 8119,
        "alias": "Contents.Zone.Name.8119",
        "text": "Lv.40"
    },
    "8120": {
        "deprecated": false,
        "id": 8120,
        "alias": "Contents.Zone.Name.8120",
        "text": "Lv.50"
    },
    "8121": {
        "deprecated": false,
        "id": 8121,
        "alias": "Contents.Zone.Name.8121",
        "text": "Lv.55"
    },
    "8122": {
        "deprecated": false,
        "id": 8122,
        "alias": "Contents.Zone.Name.8122",
        "text": "Lv.60"
    },
    "8123": {
        "deprecated": false,
        "id": 8123,
        "alias": "Contents.Zone.Name.8123",
        "text": "어스름한 호숫가"
    },
    "8124": {
        "deprecated": false,
        "id": 8124,
        "alias": "Contents.Zone.Name.8124",
        "text": "풍년의 반달호수"
    },
    "8125": {
        "deprecated": false,
        "id": 8125,
        "alias": "Contents.Zone.Name.8125",
        "text": "보스"
    },
    "8126": {
        "deprecated": false,
        "id": 8126,
        "alias": "Contents.Zone.Name.8126",
        "text": "파괴된 각성의 미궁(심층)"
    },
    "8127": {
        "deprecated": false,
        "id": 8127,
        "alias": "Contents.Zone.Name.8127",
        "text": "파괴된 각성의 미궁(심층)"
    },
    "8128": {
        "deprecated": false,
        "id": 8128,
        "alias": "Contents.Zone.Name.8128",
        "text": "파괴된 각성의 미궁(심층) 1층"
    },
    "8129": {
        "deprecated": false,
        "id": 8129,
        "alias": "Contents.Zone.Name.8129",
        "text": "파괴된 각성의 미궁(심층) 2층"
    },
    "8130": {
        "deprecated": false,
        "id": 8130,
        "alias": "Contents.Zone.Name.8130",
        "text": "파괴된 각성의 미궁(심층) 3층"
    },
    "8131": {
        "deprecated": false,
        "id": 8131,
        "alias": "Contents.Zone.Name.8131",
        "text": "파괴된 각성의 미궁(심층) 4층"
    },
    "8132": {
        "deprecated": false,
        "id": 8132,
        "alias": "Contents.Zone.Name.8132",
        "text": "타락한 회랑"
    }
}