{
    "17101000": {
        "deprecated": false,
        "id": 17101000,
        "alias": "Contents.Quest.Desc.1010000",
        "text": "회랑의 시련을 극복하자."
    },
    "17101001": {
        "deprecated": false,
        "id": 17101001,
        "alias": "Contents.Quest.Desc.1010001",
        "text": "회랑의 시련을 극복하자."
    },
    "17101002": {
        "deprecated": false,
        "id": 17101002,
        "alias": "Contents.Quest.Desc.1010002",
        "text": "회랑의 시련을 극복하자."
    },
    "17101003": {
        "deprecated": false,
        "id": 17101003,
        "alias": "Contents.Quest.Desc.1010003",
        "text": "회랑의 시련을 극복하자."
    },
    "17101004": {
        "deprecated": false,
        "id": 17101004,
        "alias": "Contents.Quest.Desc.1010004",
        "text": "회랑의 시련을 극복하자."
    },
    "17101015": {
        "deprecated": false,
        "id": 17101015,
        "alias": "Contents.Quest.Desc.1010015",
        "text": "회랑의 시련을 극복하자."
    },
    "17101016": {
        "deprecated": false,
        "id": 17101016,
        "alias": "Contents.Quest.Desc.1010016",
        "text": "회랑의 시련을 극복하자."
    },
    "17101017": {
        "deprecated": false,
        "id": 17101017,
        "alias": "Contents.Quest.Desc.1010017",
        "text": "회랑의 시련을 극복하자."
    },
    "17101018": {
        "deprecated": false,
        "id": 17101018,
        "alias": "Contents.Quest.Desc.1010018",
        "text": "회랑의 시련을 극복하자."
    },
    "17101019": {
        "deprecated": false,
        "id": 17101019,
        "alias": "Contents.Quest.Desc.1010019",
        "text": "회랑의 시련을 극복하자."
    },
    "17101020": {
        "deprecated": false,
        "id": 17101020,
        "alias": "Contents.Quest.Desc.1010020",
        "text": "회랑의 시련을 극복하자."
    },
    "17101021": {
        "deprecated": false,
        "id": 17101021,
        "alias": "Contents.Quest.Desc.1010021",
        "text": "회랑의 시련을 극복하자."
    },
    "17101022": {
        "deprecated": false,
        "id": 17101022,
        "alias": "Contents.Quest.Desc.1010022",
        "text": "회랑의 시련을 극복하자."
    },
    "17101023": {
        "deprecated": false,
        "id": 17101023,
        "alias": "Contents.Quest.Desc.1010023",
        "text": "회랑의 시련을 극복하자."
    },
    "17101024": {
        "deprecated": false,
        "id": 17101024,
        "alias": "Contents.Quest.Desc.1010024",
        "text": "회랑의 시련을 극복하자."
    },
    "17101025": {
        "deprecated": false,
        "id": 17101025,
        "alias": "Contents.Quest.Desc.1010025",
        "text": "회랑의 시련을 극복하자."
    },
    "17101026": {
        "deprecated": false,
        "id": 17101026,
        "alias": "Contents.Quest.Desc.1010026",
        "text": "회랑의 시련을 극복하자."
    },
    "17101027": {
        "deprecated": false,
        "id": 17101027,
        "alias": "Contents.Quest.Desc.1010027",
        "text": "회랑의 시련을 극복하자."
    },
    "17101028": {
        "deprecated": false,
        "id": 17101028,
        "alias": "Contents.Quest.Desc.1010028",
        "text": "회랑의 시련을 극복하자."
    },
    "11100051": {
        "deprecated": false,
        "id": 11100051,
        "alias": "Contents.Quest.Desc.1000051",
        "text": "[권장 레벨] 12\n해수 사냥꾼 추수갓!\n해수 사냥의 기회를 준다고?!\n어디 한 번 내가 나서 볼까?"
    },
    "11100052": {
        "deprecated": false,
        "id": 11100052,
        "alias": "Contents.Quest.Desc.1000052",
        "text": "[권장 레벨] 23\n정말 추수갓한테 인정 받은 걸까?\n일단 해수 사냥부터 시작해보자!"
    },
    "11100053": {
        "deprecated": false,
        "id": 11100053,
        "alias": "Contents.Quest.Desc.1000053",
        "text": "[권장 레벨] 16\n어쨌든 이 근방에 해수 위치가 있는 것 같다!\n해수를 찾아보자!"
    },
    "11100054": {
        "deprecated": false,
        "id": 11100054,
        "alias": "Contents.Quest.Desc.1000054",
        "text": "[권장 레벨] 30\n다시 만난 걸 기뻐하는 건지, 슬퍼하는 건지\n도통 알 수가 없는 추수갓!\n이번엔 어떤 해수를 찾게 될까? 어서 찾아보자!"
    },
    "11100055": {
        "deprecated": false,
        "id": 11100055,
        "alias": "Contents.Quest.Desc.1000055",
        "text": "[권장 레벨] 26\n추수갓과 오도독, 우두둑이 \n정말 실력이 있는 건지 의심이 들지만...\n일단 해수 사냥부터 시작해보자!"
    },
    "11100056": {
        "deprecated": false,
        "id": 11100056,
        "alias": "Contents.Quest.Desc.1000056",
        "text": "[권장 레벨] 32\n추수갓은 혼자 해수를 찾으러 갔다가 행방불명된 것 같다. 해수가 있는 곳에 추수갓이 있겠지? 어서 해수의 흔적을 찾아보자!"
    },
    "11100057": {
        "deprecated": false,
        "id": 11100057,
        "alias": "Contents.Quest.Desc.1000057",
        "text": "[권장 레벨] 43\n여전히 추수갓은 행방불명 상태인 듯하다.\n어서 해수의 흔적을 찾아보고 추수갓도 있는지 살펴보자!"
    },
    "11100058": {
        "deprecated": false,
        "id": 11100058,
        "alias": "Contents.Quest.Desc.1000058",
        "text": "[권장 레벨] 48\n추수갓을 찾으려고 애쓰는 오도독!\n어서 해수의 흔적을 찾아보고 추수갓도 있는지 살펴보자!"
    },
    "11100059": {
        "deprecated": false,
        "id": 11100059,
        "alias": "Contents.Quest.Desc.1000059",
        "text": "[권장 레벨] 52\n둘이서 원정대를 꾸리자는 우두둑!\n추수갓과 오도독은 어쩌고?\n일단 아주 엄청나다는 그 해수를 찾아보자! "
    },
    "11100060": {
        "deprecated": false,
        "id": 11100060,
        "alias": "Contents.Quest.Desc.1000060",
        "text": "[권장 레벨] 54\n해수 사냥 원정대의 운명이 나에게?\n이번에도 역시 내가 나서야겠군!\n해수를 사냥해보자!"
    },
    "11100061": {
        "deprecated": false,
        "id": 11100061,
        "alias": "Contents.Quest.Desc.1000061",
        "text": "[권장 레벨] 51\n추수갓이 날 알아보지 못하는 것 같다.\n일단 해수의 흔적을 찾아서 사냥을 하자."
    },
    "11100062": {
        "deprecated": false,
        "id": 11100062,
        "alias": "Contents.Quest.Desc.1000062",
        "text": "[권장 레벨] 51\n우두둑에게 배신당한 오도독!\n해수를 사냥해서 이 세상엔 의리도 있다는 걸 보여주자!"
    },
    "11100063": {
        "deprecated": false,
        "id": 11100063,
        "alias": "Contents.Quest.Desc.1000063",
        "text": "[권장 레벨] 56\n혼자서 고군분투 중인 오도독.\n사람들과의 약속을 지키려고 애쓰는 듯 하다.\n해수를 처치해서 오도독을 도와주자!"
    },
    "11100064": {
        "deprecated": false,
        "id": 11100064,
        "alias": "Contents.Quest.Desc.1000064",
        "text": "[권장 레벨] 56\n나에게 걸맞은 해수를 준비했다는 추수갓!\n어떤 해수인지 흔적을 찾아내서 사냥해보자!"
    },
    "11100065": {
        "deprecated": false,
        "id": 11100065,
        "alias": "Contents.Quest.Desc.1000065",
        "text": "[권장 레벨] 64\n도망친 적도 없는데, 이상한 오해를 하시네~\n해수를 찾아서 실력을 보여주자!"
    },
    "11100066": {
        "deprecated": false,
        "id": 11100066,
        "alias": "Contents.Quest.Desc.1000066",
        "text": "[권장 레벨] 51\n해수를 처치했는데 추수갓이 사라지지 않고 있다니!\n추수갓이 날 알아보는지 말을 걸어보자!"
    },
    "11100067": {
        "deprecated": false,
        "id": 11100067,
        "alias": "Contents.Quest.Desc.1000067",
        "text": "[권장 레벨] 56\n오도독이 추수갓을 찾아 감격한 것 같다!\n해수 원정대의 신입으로서 함께 지켜보자!"
    },
    "11100068": {
        "deprecated": false,
        "id": 11100068,
        "alias": "Contents.Quest.Desc.1000151",
        "text": "[권장 레벨] 12\n균열 연구가 야영지에서 큰 소리로 홍보 중인 추수갓과 일행들!\n함께 해수를 사냥할 무인을 찾고 있는 것 같다.\n다가가서 말을 걸어보자."
    },
    "11100069": {
        "deprecated": false,
        "id": 11100069,
        "alias": "Contents.Quest.Desc.1000152",
        "text": "[권장 레벨] 23\n추수갓과 오도독, 우두둑이 돌 언덕 구릉지 부근에서\n해수 사냥꾼 단원을 모집중이다.\n어서 가서 말을 걸어보자!"
    },
    "11100070": {
        "deprecated": false,
        "id": 11100070,
        "alias": "Contents.Quest.Desc.1000153",
        "text": "[권장 레벨] 16\n고도시 숲길 쪽에 해수가 나타난 것 같다!\n해수 사냥꾼인 추수갓 그리고 오도독과 우두둑을 찾아 말을 걸어보자."
    },
    "11100071": {
        "deprecated": false,
        "id": 11100071,
        "alias": "Contents.Quest.Desc.1000154",
        "text": "[권장 레벨] 30\n해수 사냥꾼 추수갓과 오도독, 우두둑이 \n공허의 구덩이 부근에 나타났다.\n가서 해수의 흔적이 있는지 찾아보자!"
    },
    "11100072": {
        "deprecated": false,
        "id": 11100072,
        "alias": "Contents.Quest.Desc.1000155",
        "text": "[권장 레벨] 26\n파괴된 수와족 마을 언저리에서 들려오는\n익숙한 목소리!\n해수 사냥꾼인 추수갓과 일행인 오도독과 우두둑이다.\n어서 가서 말을 걸어보자."
    },
    "11100073": {
        "deprecated": false,
        "id": 11100073,
        "alias": "Contents.Quest.Desc.1000156",
        "text": "[권장 레벨] 32\n거미 숲 길에서 애타게 추수갓을 찾고 있는 오도독과 우두둑!\n반달 호수의 해수 사냥꾼이 태록림에는 무슨 일이지?\n다가가서 말을 걸어보자."
    },
    "11100074": {
        "deprecated": false,
        "id": 11100074,
        "alias": "Contents.Quest.Desc.1000157",
        "text": "\n[권장 레벨] 43\n오도독과 우두둑이 안개 그늘 숲 남부에 있는 것 같다.\n추수갓은 대체 어디로 간 걸까?\n다가가서 말을 걸어보자."
    },
    "11100075": {
        "deprecated": false,
        "id": 11100075,
        "alias": "Contents.Quest.Desc.1000158",
        "text": "[권장 레벨] 48\n오도독과 우두둑이 담인초 습지에 나타났다!\n추수갓은 정말, 어떻게 되고 만 것일까?!\n다가가서 말을 걸어보자."
    },
    "11100076": {
        "deprecated": false,
        "id": 11100076,
        "alias": "Contents.Quest.Desc.1000159",
        "text": "[권장 레벨] 52\n해맞이 비탈길에 홀로 있는 우두둑!\n오도독과 무슨 일이 있었던 걸까?\n다가가서 말을 걸어보자!"
    },
    "11100077": {
        "deprecated": false,
        "id": 11100077,
        "alias": "Contents.Quest.Desc.1000160",
        "text": "[권장 레벨] 54\n오도독과 우두둑이 늪지 북부 해안길에서\n옥신각신 중이다!\n이대로는 위태로운 해수 원정대!\n어서 가서 말을 걸어보자!"
    },
    "11100078": {
        "deprecated": false,
        "id": 11100078,
        "alias": "Contents.Quest.Desc.1000161",
        "text": "[권장 레벨] 51\n태록림에서는 코빼기도 안 보이던 추수갓이 비옥대지에 나타났다!\n풍백문 해월지부로 가서 말을 걸어보자!"
    },
    "11100079": {
        "deprecated": false,
        "id": 11100079,
        "alias": "Contents.Quest.Desc.1000162",
        "text": "[권장 레벨] 51\n원령의 언덕에서 해수 사냥꾼을 모집하고\n있는 것 같다!\n다가가서 말을 걸어보자!"
    },
    "11100080": {
        "deprecated": false,
        "id": 11100080,
        "alias": "Contents.Quest.Desc.1000163",
        "text": "[권장 레벨] 56\n꿈결의 숲 오도독이 나타났다.\n이번엔 또 무슨 일이지?\n다가가서 말을 걸어보자!"
    },
    "11100081": {
        "deprecated": false,
        "id": 11100081,
        "alias": "Contents.Quest.Desc.1000164",
        "text": "[권장 레벨] 56\n용머리 곶 으슥한 곳에 해수 원정대가\n나타났다고 한다!\n추수갓과 우지근일까? 아니면 오도독일까?\n다가가서 말을 걸어보자!"
    },
    "11100082": {
        "deprecated": false,
        "id": 11100082,
        "alias": "Contents.Quest.Desc.1000165",
        "text": "[권장 레벨] 64\n재앙의 은신처에 해수 원정대가 나타났다!\n오도독은 빚을 모두 갚았을까?\n어서 가서 말을 걸어보자!"
    },
    "11100083": {
        "deprecated": false,
        "id": 11100083,
        "alias": "Contents.Quest.Desc.1000166",
        "text": "[권장 레벨] 51\n해수를 처치했는데 추수갓이 사라지지 않고 있다니!\n무엇을 기다리고 있는지 말을 걸어보자!"
    },
    "11100084": {
        "deprecated": false,
        "id": 11100084,
        "alias": "Contents.Quest.Desc.1000167",
        "text": "[권장 레벨] 56\n드디어 오도독이 추수갓을 만난 것 같다!\n해수 사냥이 둘의 인연을 이어준 것일까?\n다가가서 말을 걸어보자!"
    }
}