{
    "2000000": {
        "deprecated": false,
        "id": 2000000,
        "alias": "Content.Env.Name.2000000",
        "text": "ENV 이름"
    },
    "2000001": {
        "deprecated": false,
        "id": 2000001,
        "alias": "Content.Env.ActionName.2000001",
        "text": "조작중 설명"
    },
    "2000002": {
        "deprecated": false,
        "id": 2000002,
        "alias": "Content.Env.ActionName.2000002",
        "text": "각성의 회랑에서 퇴장하시겠습니까?"
    },
    "2000003": {
        "deprecated": false,
        "id": 2000003,
        "alias": "Content.Env.ActionName.2000003",
        "text": "각성의 회랑에 입장하시겠습니까?"
    },
    "2000004": {
        "deprecated": false,
        "id": 2000004,
        "alias": "Content.Env.ActionName.2000004",
        "text": "각성의 미궁에 입장하시겠습니까?"
    },
    "2000005": {
        "deprecated": false,
        "id": 2000005,
        "alias": "Content.Env.ActionName.2000005",
        "text": "파괴된 각성의 미궁에 입장하시겠습니까?"
    },
    "2000006": {
        "deprecated": false,
        "id": 2000006,
        "alias": "Content.Env.ActionName.2000006",
        "text": "잊혀진 낙원의 미궁에 입장하시겠습니까?"
    },
    "2000007": {
        "deprecated": false,
        "id": 2000007,
        "alias": "Content.Env.ActionName.2000007",
        "text": "파괴된 각성의 미궁에서 퇴장하시겠습니까?"
    },
    "2000008": {
        "deprecated": false,
        "id": 2000008,
        "alias": "Content.Env.ActionName.2000008",
        "text": "다음층으로 이동하시겠습니까?"
    },
    "2000009": {
        "deprecated": false,
        "id": 2000009,
        "alias": "Content.Env.ActionName.2000009",
        "text": "이전층으로 이동하시겠습니까?"
    },
    "2000010": {
        "deprecated": false,
        "id": 2000010,
        "alias": "Content.Env.ActionName.2000010",
        "text": "심연의 틈에 입장하시겠습니까?"
    },
    "2000011": {
        "deprecated": false,
        "id": 2000011,
        "alias": "Content.Env.ActionName.2000011",
        "text": "심연의 틈에서 퇴장하시겠습니까?"
    },
    "2000012": {
        "deprecated": false,
        "id": 2000012,
        "alias": "Content.Env.ActionName.2000012",
        "text": "잊혀진 낙원의 미궁에서 퇴장하시겠습니까?"
    },
    "2200100": {
        "deprecated": false,
        "Dev_Desc": "공허의 구덩이 보물상자",
        "id": 2200100,
        "alias": "Content.Env.Name.2200100",
        "text": "보물상자"
    },
    "900000": {
        "deprecated": false,
        "Dev_Desc": "혼불 애도 ",
        "id": 900000,
        "alias": "Content.Env.ActionName.900000",
        "text": "애도 중"
    }
}