{
    "83000": {
        "deprecated": false,
        "Dev_Desc": "시즌 패스 : 시즌 1 / 미션 이름",
        "id": 83000,
        "alias": "Contents.SoulPass.Mission.1.1",
        "text": "협행 3회 완료"
    },
    "83001": {
        "deprecated": false,
        "Dev_Desc": "시즌 패스 : 시즌 1 / 미션 이름",
        "id": 83001,
        "alias": "Contents.SoulPass.Mission.1.2",
        "text": "출석 하기"
    },
    "83002": {
        "deprecated": false,
        "Dev_Desc": "시즌 패스 : 시즌 1 / 미션 이름",
        "id": 83002,
        "alias": "Contents.SoulPass.Mission.1.3",
        "text": "무기 제작 시도 3회"
    },
    "83003": {
        "deprecated": false,
        "Dev_Desc": "시즌 패스 : 시즌 1 / 미션 이름",
        "id": 83003,
        "alias": "Contents.SoulPass.Mission.1.4",
        "text": "방어구 제작 시도 3회"
    },
    "83004": {
        "deprecated": false,
        "Dev_Desc": "시즌 패스 : 시즌 1 / 미션 이름",
        "id": 83004,
        "alias": "Contents.SoulPass.Mission.1.5",
        "text": "장신구 제작 시도 3회"
    },
    "83005": {
        "deprecated": false,
        "Dev_Desc": "시즌 패스 : 시즌 1 / 미션 이름",
        "id": 83005,
        "alias": "Contents.SoulPass.Mission.1.6",
        "text": "무기 강화 시도 5회"
    },
    "83006": {
        "deprecated": false,
        "Dev_Desc": "시즌 패스 : 시즌 1 / 미션 이름",
        "id": 83006,
        "alias": "Contents.SoulPass.Mission.1.7",
        "text": "방어구 강화 시도 5회"
    },
    "83007": {
        "deprecated": false,
        "Dev_Desc": "시즌 패스 : 시즌 1 / 미션 이름",
        "id": 83007,
        "alias": "Contents.SoulPass.Mission.1.8",
        "text": "장신구 강화 시도 1회"
    },
    "83008": {
        "deprecated": false,
        "Dev_Desc": "시즌 패스 : 시즌 1 / 미션 이름",
        "id": 83008,
        "alias": "Contents.SoulPass.Mission.1.9",
        "text": "무기 강화 시도 20회"
    },
    "83009": {
        "deprecated": false,
        "Dev_Desc": "시즌 패스 : 시즌 1 / 미션 이름",
        "id": 83009,
        "alias": "Contents.SoulPass.Mission.1.10",
        "text": "방어구 강화 시도 30회"
    },
    "83010": {
        "deprecated": false,
        "Dev_Desc": "시즌 패스 : 시즌 1 / 미션 이름",
        "id": 83010,
        "alias": "Contents.SoulPass.Mission.1.11",
        "text": "장신구 강화 시도 10회"
    },
    "83011": {
        "deprecated": false,
        "Dev_Desc": "시즌 패스 : 시즌 1 / 미션 이름",
        "id": 83011,
        "alias": "Contents.SoulPass.Mission.1.12",
        "text": "무기 강화 시도 40회"
    },
    "83012": {
        "deprecated": false,
        "Dev_Desc": "시즌 패스 : 시즌 1 / 미션 이름",
        "id": 83012,
        "alias": "Contents.SoulPass.Mission.1.13",
        "text": "방어구 강화 시도 60회"
    },
    "83013": {
        "deprecated": false,
        "Dev_Desc": "시즌 패스 : 시즌 1 / 미션 이름",
        "id": 83013,
        "alias": "Contents.SoulPass.Mission.1.14",
        "text": "장신구 강화 시도 20회"
    },
    "83014": {
        "deprecated": false,
        "Dev_Desc": "시즌 패스 : 시즌 1 / 미션 이름",
        "id": 83014,
        "alias": "Contents.SoulPass.Mission.1.15",
        "text": "[경공] 질주 300m"
    },
    "83015": {
        "deprecated": false,
        "Dev_Desc": "시즌 패스 : 시즌 1 / 미션 이름",
        "id": 83015,
        "alias": "Contents.SoulPass.Mission.1.16",
        "text": "[경공] 도약 20회"
    },
    "83016": {
        "deprecated": false,
        "Dev_Desc": "시즌 패스 : 시즌 1 / 미션 이름",
        "id": 83016,
        "alias": "Contents.SoulPass.Mission.1.17",
        "text": "[경공] 활루 200m"
    },
    "83017": {
        "deprecated": false,
        "Dev_Desc": "시즌 패스 : 시즌 1 / 미션 이름",
        "id": 83017,
        "alias": "Contents.SoulPass.Mission.1.18",
        "text": "[경공] 수상비 70m"
    },
    "83018": {
        "deprecated": false,
        "Dev_Desc": "시즌 패스 : 시즌 1 / 미션 이름",
        "id": 83018,
        "alias": "Contents.SoulPass.Mission.1.19",
        "text": "[경공] 활강 200m"
    },
    "83019": {
        "deprecated": false,
        "Dev_Desc": "시즌 패스 : 시즌 1 / 미션 이름",
        "id": 83019,
        "alias": "Contents.SoulPass.Mission.1.20",
        "text": "[경공] 천상비 20회"
    },
    "83020": {
        "deprecated": false,
        "Dev_Desc": "시즌 패스 : 시즌 1 / 미션 이름",
        "id": 83020,
        "alias": "Contents.SoulPass.Mission.1.21",
        "text": "[경공] 회류비 10회"
    },
    "83021": {
        "deprecated": false,
        "Dev_Desc": "시즌 패스 : 시즌 1 / 미션 이름",
        "id": 83021,
        "alias": "Contents.SoulPass.Mission.1.22",
        "text": "[경공] 강하 40m"
    },
    "83022": {
        "deprecated": false,
        "Dev_Desc": "시즌 패스 : 시즌 1 / 미션 이름",
        "id": 83022,
        "alias": "Contents.SoulPass.Mission.1.23",
        "text": "소울 소환"
    },
    "83023": {
        "deprecated": false,
        "Dev_Desc": "시즌 패스 : 시즌 1 / 미션 이름",
        "id": 83023,
        "alias": "Contents.SoulPass.Mission.1.24",
        "text": "수호령 소환"
    },
    "83024": {
        "deprecated": false,
        "Dev_Desc": "시즌 패스 : 시즌 1 / 미션 이름",
        "id": 83024,
        "alias": "Contents.SoulPass.Mission.1.25",
        "text": "[Lv. 18] 깊은 묘지 숲 몬스터 처치"
    },
    "83025": {
        "deprecated": false,
        "Dev_Desc": "시즌 패스 : 시즌 1 / 미션 이름",
        "id": 83025,
        "alias": "Contents.SoulPass.Mission.1.26",
        "text": "[Lv. 21] 해지는 목초지 몬스터 처치"
    },
    "83026": {
        "deprecated": false,
        "Dev_Desc": "시즌 패스 : 시즌 1 / 미션 이름",
        "id": 83026,
        "alias": "Contents.SoulPass.Mission.1.27",
        "text": "[Lv. 26] 파괴된 수와족 마을 몬스터 처치"
    },
    "83027": {
        "deprecated": false,
        "Dev_Desc": "시즌 패스 : 시즌 1 / 미션 이름",
        "id": 83027,
        "alias": "Contents.SoulPass.Mission.1.28",
        "text": "[Lv. 30] 거미 숲 길 몬스터 처치"
    },
    "83028": {
        "deprecated": false,
        "Dev_Desc": "시즌 패스 : 시즌 1 / 미션 이름",
        "id": 83028,
        "alias": "Contents.SoulPass.Mission.1.29",
        "text": "[Lv. 32] 녹색 뿔의 숲 몬스터 처치"
    },
    "83029": {
        "deprecated": false,
        "Dev_Desc": "시즌 패스 : 시즌 1 / 미션 이름",
        "id": 83029,
        "alias": "Contents.SoulPass.Mission.1.30",
        "text": "[Lv. 33] 만다라 폭포 앞 몬스터 처치"
    },
    "83030": {
        "deprecated": false,
        "Dev_Desc": "시즌 패스 : 시즌 1 / 미션 이름",
        "id": 83030,
        "alias": "Contents.SoulPass.Mission.1.31",
        "text": "[Lv. 34] 버려진 감시탑 몬스터 처치"
    },
    "83031": {
        "deprecated": false,
        "Dev_Desc": "시즌 패스 : 시즌 1 / 미션 이름",
        "id": 83031,
        "alias": "Contents.SoulPass.Mission.1.32",
        "text": "[Lv. 35] 난파선 잔해 몬스터 처치"
    },
    "83032": {
        "deprecated": false,
        "Dev_Desc": "시즌 패스 : 시즌 1 / 미션 이름",
        "id": 83032,
        "alias": "Contents.SoulPass.Mission.1.33",
        "text": "[Lv. 37] 발자국 없는 해안 몬스터 처치"
    },
    "83033": {
        "deprecated": false,
        "Dev_Desc": "시즌 패스 : 시즌 1 / 미션 이름",
        "id": 83033,
        "alias": "Contents.SoulPass.Mission.1.34",
        "text": "[Lv. 40] 골짜기 바람길 몬스터 처치"
    },
    "83034": {
        "deprecated": false,
        "Dev_Desc": "시즌 패스 : 시즌 1 / 미션 이름",
        "id": 83034,
        "alias": "Contents.SoulPass.Mission.1.35",
        "text": "[Lv. 41] 혈비의 숲 몬스터 처치"
    },
    "83035": {
        "deprecated": false,
        "Dev_Desc": "시즌 패스 : 시즌 1 / 미션 이름",
        "id": 83035,
        "alias": "Contents.SoulPass.Mission.1.36",
        "text": "[Lv. 42] 안개 그늘 숲 북부 몬스터 처치"
    },
    "83036": {
        "deprecated": false,
        "Dev_Desc": "시즌 패스 : 시즌 1 / 미션 이름",
        "id": 83036,
        "alias": "Contents.SoulPass.Mission.1.37",
        "text": "[Lv. 43] 메말라 가는 늪지 몬스터 처치"
    },
    "83037": {
        "deprecated": false,
        "Dev_Desc": "시즌 패스 : 시즌 1 / 미션 이름",
        "id": 83037,
        "alias": "Contents.SoulPass.Mission.1.38",
        "text": "[Lv. 44] 뱀 버섯 군락 몬스터 처치"
    },
    "83038": {
        "deprecated": false,
        "Dev_Desc": "시즌 패스 : 시즌 1 / 미션 이름",
        "id": 83038,
        "alias": "Contents.SoulPass.Mission.1.39",
        "text": "[Lv. 45] 개척자 위령 묘지 몬스터 처치"
    },
    "83039": {
        "deprecated": false,
        "Dev_Desc": "시즌 패스 : 시즌 1 / 미션 이름",
        "id": 83039,
        "alias": "Contents.SoulPass.Mission.1.40",
        "text": "[반달호수] 일격의 수호병 9호 처치"
    },
    "83040": {
        "deprecated": false,
        "Dev_Desc": "시즌 패스 : 시즌 1 / 미션 이름",
        "id": 83040,
        "alias": "Contents.SoulPass.Mission.1.41",
        "text": "[반달호수] 일격의 수호병 19호 처치"
    },
    "83041": {
        "deprecated": false,
        "Dev_Desc": "시즌 패스 : 시즌 1 / 미션 이름",
        "id": 83041,
        "alias": "Contents.SoulPass.Mission.1.42",
        "text": "[반달호수] 일격의 수호병 28호 처치"
    },
    "83042": {
        "deprecated": false,
        "Dev_Desc": "시즌 패스 : 시즌 1 / 미션 이름",
        "id": 83042,
        "alias": "Contents.SoulPass.Mission.1.43",
        "text": "[반달호수] 파괴의 수호병 29호 처치"
    },
    "83043": {
        "deprecated": false,
        "Dev_Desc": "시즌 패스 : 시즌 1 / 미션 이름",
        "id": 83043,
        "alias": "Contents.SoulPass.Mission.1.44",
        "text": "[반달호수] 일격의 수호병 31호 처치"
    },
    "83044": {
        "deprecated": false,
        "Dev_Desc": "시즌 패스 : 시즌 1 / 미션 이름",
        "id": 83044,
        "alias": "Contents.SoulPass.Mission.1.45",
        "text": "[반달호수] 철벽의 수호병 35호 처치"
    },
    "83045": {
        "deprecated": false,
        "Dev_Desc": "시즌 패스 : 시즌 1 / 미션 이름",
        "id": 83045,
        "alias": "Contents.SoulPass.Mission.1.46",
        "text": "[태록림] 일격의 수호병 33호 처치"
    },
    "83046": {
        "deprecated": false,
        "Dev_Desc": "시즌 패스 : 시즌 1 / 미션 이름",
        "id": 83046,
        "alias": "Contents.SoulPass.Mission.1.47",
        "text": "[태록림] 파괴의 수호병 38호 처치"
    },
    "83047": {
        "deprecated": false,
        "Dev_Desc": "시즌 패스 : 시즌 1 / 미션 이름",
        "id": 83047,
        "alias": "Contents.SoulPass.Mission.1.48",
        "text": "[태록림] 파괴의 수호병 44호 처치"
    },
    "83048": {
        "deprecated": false,
        "Dev_Desc": "시즌 패스 : 시즌 1 / 미션 이름",
        "id": 83048,
        "alias": "Contents.SoulPass.Mission.1.49",
        "text": "[태록림] 일격의 수호병 47호 처치"
    },
    "83049": {
        "deprecated": false,
        "Dev_Desc": "시즌 패스 : 시즌 1 / 미션 이름",
        "id": 83049,
        "alias": "Contents.SoulPass.Mission.1.50",
        "text": "[태록림] 파괴의 수호병 48호 처치"
    },
    "83050": {
        "deprecated": false,
        "Dev_Desc": "시즌 패스 : 시즌 1 / 미션 이름",
        "id": 83050,
        "alias": "Contents.SoulPass.Mission.1.51",
        "text": "[태록림] 파괴의 수호병 52호 처치"
    },
    "83051": {
        "deprecated": false,
        "Dev_Desc": "데일리 패스 / 미션 이름",
        "id": 83051,
        "alias": "Contents.SoulPass.Mission.2.1",
        "text": "출석 하기"
    },
    "83052": {
        "deprecated": false,
        "Dev_Desc": "데일리 패스 / 미션 이름",
        "id": 83052,
        "alias": "Contents.SoulPass.Mission.2.2",
        "text": "몬스터 처치 100회"
    },
    "83053": {
        "deprecated": false,
        "Dev_Desc": "데일리 패스 / 미션 이름",
        "id": 83053,
        "alias": "Contents.SoulPass.Mission.2.3",
        "text": "초급 회복약 사용 100회"
    },
    "83054": {
        "deprecated": false,
        "Dev_Desc": "데일리 패스 / 미션 이름",
        "id": 83054,
        "alias": "Contents.SoulPass.Mission.2.4",
        "text": "초급 회복약 사용 500회"
    },
    "83055": {
        "deprecated": false,
        "Dev_Desc": "데일리 패스 / 미션 이름",
        "id": 83055,
        "alias": "Contents.SoulPass.Mission.2.5",
        "text": "초급 회복약 사용 1000회"
    },
    "83056": {
        "deprecated": false,
        "Dev_Desc": "데일리 패스 / 미션 이름",
        "id": 83056,
        "alias": "Contents.SoulPass.Mission.2.6",
        "text": "용정차 사용 100회"
    },
    "83057": {
        "deprecated": false,
        "Dev_Desc": "데일리 패스 / 미션 이름",
        "id": 83057,
        "alias": "Contents.SoulPass.Mission.2.7",
        "text": "용정차 사용 250회"
    },
    "83058": {
        "deprecated": false,
        "Dev_Desc": "데일리 패스 / 미션 이름",
        "id": 83058,
        "alias": "Contents.SoulPass.Mission.2.8",
        "text": "용정차 사용 500회"
    },
    "83059": {
        "deprecated": false,
        "Dev_Desc": "데일리 패스 / 미션 이름",
        "id": 83059,
        "alias": "Contents.SoulPass.Mission.2.9",
        "text": "영신단 사용 100회"
    },
    "83060": {
        "deprecated": false,
        "Dev_Desc": "데일리 패스 / 미션 이름",
        "id": 83060,
        "alias": "Contents.SoulPass.Mission.2.10",
        "text": "영신단 사용 250회"
    },
    "83061": {
        "deprecated": false,
        "Dev_Desc": "데일리 패스 / 미션 이름",
        "id": 83061,
        "alias": "Contents.SoulPass.Mission.2.11",
        "text": "영신단 사용 500회"
    },
    "83062": {
        "deprecated": false,
        "Dev_Desc": "데일리 패스 / 미션 이름",
        "id": 83062,
        "alias": "Contents.SoulPass.Mission.2.12",
        "text": "왕만두 사용 100회"
    },
    "83063": {
        "deprecated": false,
        "Dev_Desc": "데일리 패스 / 미션 이름",
        "id": 83063,
        "alias": "Contents.SoulPass.Mission.2.13",
        "text": "왕만두 사용 200회"
    },
    "83064": {
        "deprecated": false,
        "Dev_Desc": "데일리 패스 / 미션 이름",
        "id": 83064,
        "alias": "Contents.SoulPass.Mission.2.14",
        "text": "왕만두 사용 300회"
    },
    "83065": {
        "deprecated": false,
        "Dev_Desc": "데일리 패스 / 미션 이름",
        "id": 83065,
        "alias": "Contents.SoulPass.Mission.2.15",
        "text": "협행 수행 20회"
    },
    "83066": {
        "deprecated": false,
        "Dev_Desc": "데일리 패스 / 미션 이름",
        "id": 83066,
        "alias": "Contents.SoulPass.Mission.2.16",
        "text": "협행 수행 40회"
    },
    "83067": {
        "deprecated": false,
        "Dev_Desc": "데일리 패스 / 미션 이름",
        "id": 83067,
        "alias": "Contents.SoulPass.Mission.2.17",
        "text": "협행 수행 60회"
    },
    "83068": {
        "deprecated": false,
        "Dev_Desc": "데일리 패스 / 미션 이름",
        "id": 83068,
        "alias": "Contents.SoulPass.Mission.2.18",
        "text": "협행 수행 80회"
    },
    "83069": {
        "deprecated": false,
        "Dev_Desc": "데일리 패스 / 미션 이름",
        "id": 83069,
        "alias": "Contents.SoulPass.Mission.2.19",
        "text": "협행 수행 100회"
    },
    "83070": {
        "deprecated": false,
        "Dev_Desc": "데일리 패스 / 미션 이름",
        "id": 83070,
        "alias": "Contents.SoulPass.Mission.2.20",
        "text": "장비 강화 시도 10회"
    },
    "83071": {
        "deprecated": false,
        "Dev_Desc": "데일리 패스 / 미션 이름",
        "id": 83071,
        "alias": "Contents.SoulPass.Mission.2.21",
        "text": "장비 강화 시도 20회"
    },
    "83072": {
        "deprecated": false,
        "Dev_Desc": "데일리 패스 / 미션 이름",
        "id": 83072,
        "alias": "Contents.SoulPass.Mission.2.22",
        "text": "장비 강화 시도 30회"
    },
    "83073": {
        "deprecated": false,
        "Dev_Desc": "데일리 패스 / 미션 이름",
        "id": 83073,
        "alias": "Contents.SoulPass.Mission.2.23",
        "text": "장비 강화 시도 40회"
    },
    "83074": {
        "deprecated": false,
        "Dev_Desc": "데일리 패스 / 미션 이름",
        "id": 83074,
        "alias": "Contents.SoulPass.Mission.2.24",
        "text": "장비 강화 시도 50회"
    },
    "83075": {
        "deprecated": false,
        "Dev_Desc": "스페셜 패스 / 미션 이름",
        "id": 83075,
        "alias": "Contents.SoulPass.Mission.3.1",
        "text": "매일 출석 체크!"
    },
    "83076": {
        "deprecated": false,
        "Dev_Desc": "스페셜 패스 / 미션 이름",
        "id": 83076,
        "alias": "Contents.SoulPass.Mission.3.2",
        "text": "최초 출석 체크!"
    },
    "83077": {
        "deprecated": false,
        "Dev_Desc": "스페셜 패스 / 미션 이름",
        "id": 83077,
        "alias": "Contents.SoulPass.Mission.3.3",
        "text": "누적 출석 체크 3회"
    },
    "83078": {
        "deprecated": false,
        "Dev_Desc": "스페셜 패스 / 미션 이름",
        "id": 83078,
        "alias": "Contents.SoulPass.Mission.3.4",
        "text": "누적 출석 체크 5회"
    },
    "83079": {
        "deprecated": false,
        "Dev_Desc": "스페셜 패스 / 미션 이름",
        "id": 83079,
        "alias": "Contents.SoulPass.Mission.3.5",
        "text": "누적 출석 체크 7회"
    },
    "83080": {
        "deprecated": false,
        "Dev_Desc": "스페셜 패스 / 미션 이름",
        "id": 83080,
        "alias": "Contents.SoulPass.Mission.3.6",
        "text": "누적 출석 체크 12회"
    },
    "83081": {
        "deprecated": false,
        "Dev_Desc": "이벤트 패스 / 미션 이름",
        "id": 83081,
        "alias": "Contents.SoulPass.Mission.4.1",
        "text": "어스름한 호숫가 몬스터 소탕 "
    },
    "83082": {
        "deprecated": false,
        "Dev_Desc": "이벤트 패스 / 미션 이름",
        "id": 83082,
        "alias": "Contents.SoulPass.Mission.4.2",
        "text": "어스름한 호숫가 정예 몬스터 소탕"
    },
    "83083": {
        "deprecated": false,
        "Dev_Desc": "한가위 패스 / 미션 이름",
        "id": 83083,
        "alias": "Contents.SoulPass.Mission.5.1",
        "text": "출석 하기"
    },
    "83084": {
        "deprecated": false,
        "Dev_Desc": "한가위 패스 / 미션 이름",
        "id": 83084,
        "alias": "Contents.SoulPass.Mission.5.2",
        "text": "협행 3회 완료"
    },
    "83085": {
        "deprecated": false,
        "Dev_Desc": "한가위 패스 / 미션 이름",
        "id": 83085,
        "alias": "Contents.SoulPass.Mission.5.3",
        "text": "풍년의 반달호수 몬스터 소탕"
    },
    "83086": {
        "deprecated": false,
        "Dev_Desc": "한가위 패스 / 미션 이름",
        "id": 83086,
        "alias": "Contents.SoulPass.Mission.5.4",
        "text": "풍년의 반달호수 정예 몬스터 소탕"
    },
    "83087": {
        "deprecated": false,
        "Dev_Desc": "한가위 패스 / 미션 이름",
        "id": 83087,
        "alias": "Contents.SoulPass.Mission.5.5",
        "text": "2일 출석"
    },
    "83088": {
        "deprecated": false,
        "Dev_Desc": "한가위 패스 / 미션 이름",
        "id": 83088,
        "alias": "Contents.SoulPass.Mission.5.6",
        "text": "4일 출석"
    },
    "83089": {
        "deprecated": false,
        "Dev_Desc": "한가위 패스 / 미션 이름",
        "id": 83089,
        "alias": "Contents.SoulPass.Mission.5.7",
        "text": "6일 출석"
    },
    "83090": {
        "deprecated": false,
        "Dev_Desc": "한가위 패스 / 미션 이름",
        "id": 83090,
        "alias": "Contents.SoulPass.Mission.5.8",
        "text": "8일 출석"
    },
    "83091": {
        "deprecated": false,
        "Dev_Desc": "한가위 패스 / 미션 이름",
        "id": 83091,
        "alias": "Contents.SoulPass.Mission.5.9",
        "text": "10일 출석"
    },
    "83092": {
        "deprecated": false,
        "Dev_Desc": "한가위 패스 / 미션 이름",
        "id": 83092,
        "alias": "Contents.SoulPass.Mission.5.10",
        "text": "12일 출석"
    },
    "83093": {
        "deprecated": false,
        "Dev_Desc": "한가위 패스 / 미션 이름",
        "id": 83093,
        "alias": "Contents.SoulPass.Mission.5.11",
        "text": "14일 출석"
    },
    "83094": {
        "deprecated": false,
        "Dev_Desc": "한가위 패스 / 미션 이름",
        "id": 83094,
        "alias": "Contents.SoulPass.Mission.5.12",
        "text": "풍년의 반달호수 몬스터 소탕"
    },
    "83095": {
        "deprecated": false,
        "Dev_Desc": "한가위 패스 / 미션 이름",
        "id": 83095,
        "alias": "Contents.SoulPass.Mission.5.13",
        "text": "풍년의 반달호수 정예 몬스터 소탕"
    },
    "83096": {
        "deprecated": false,
        "Dev_Desc": "한가위 패스 / 미션 이름",
        "id": 83096,
        "alias": "Contents.SoulPass.Mission.5.14",
        "text": "풍년의 반달호수 몬스터 소탕"
    },
    "83097": {
        "deprecated": false,
        "Dev_Desc": "한가위 패스 / 미션 이름",
        "id": 83097,
        "alias": "Contents.SoulPass.Mission.5.15",
        "text": "풍년의 반달호수 정예 몬스터 소탕"
    },
    "83098": {
        "deprecated": false,
        "Dev_Desc": "한가위 패스 / 미션 이름",
        "id": 83098,
        "alias": "Contents.SoulPass.Mission.5.16",
        "text": "풍년의 반달호수 몬스터 소탕"
    },
    "83099": {
        "deprecated": false,
        "Dev_Desc": "한가위 패스 / 미션 이름",
        "id": 83099,
        "alias": "Contents.SoulPass.Mission.5.17",
        "text": "풍년의 반달호수 정예 몬스터 소탕"
    },
    "83100": {
        "deprecated": false,
        "Dev_Desc": "한가위 패스 / 미션 이름",
        "id": 83100,
        "alias": "Contents.SoulPass.Mission.5.18",
        "text": "풍년의 반달호수에서 녹력대귀 처치 1회"
    },
    "83101": {
        "deprecated": false,
        "Dev_Desc": "한가위 패스 / 미션 이름",
        "id": 83101,
        "alias": "Contents.SoulPass.Mission.5.19",
        "text": "풍년의 반달호수에서 녹력대귀 처치 2회"
    },
    "83102": {
        "deprecated": false,
        "Dev_Desc": "한가위 패스 / 미션 이름",
        "id": 83102,
        "alias": "Contents.SoulPass.Mission.5.20",
        "text": "풍년의 반달호수에서 녹력대귀 처치 3회"
    },
    "83103": {
        "deprecated": false,
        "Dev_Desc": "한가위 패스 / 미션 이름",
        "id": 83103,
        "alias": "Contents.SoulPass.Mission.5.21",
        "text": "풍년의 반달호수에서 굴락 처치 1회"
    },
    "83104": {
        "deprecated": false,
        "Dev_Desc": "한가위 패스 / 미션 이름",
        "id": 83104,
        "alias": "Contents.SoulPass.Mission.5.22",
        "text": "풍년의 반달호수에서 굴락 처치 2회"
    },
    "83105": {
        "deprecated": false,
        "Dev_Desc": "한가위 패스 / 미션 이름",
        "id": 83105,
        "alias": "Contents.SoulPass.Mission.5.23",
        "text": "풍년의 반달호수에서 굴락 처치 3회"
    },
    "83106": {
        "deprecated": false,
        "Dev_Desc": "한가위 패스 / 미션 이름",
        "id": 83106,
        "alias": "Contents.SoulPass.Mission.5.24",
        "text": "풍년의 반달호수에서 백화렴 처치 1회"
    },
    "83107": {
        "deprecated": false,
        "Dev_Desc": "한가위 패스 / 미션 이름",
        "id": 83107,
        "alias": "Contents.SoulPass.Mission.5.25",
        "text": "풍년의 반달호수에서 백화렴 처치 2회"
    },
    "83108": {
        "deprecated": false,
        "Dev_Desc": "한가위 패스 / 미션 이름",
        "id": 83108,
        "alias": "Contents.SoulPass.Mission.5.26",
        "text": "풍년의 반달호수에서 백화렴 처치 3회"
    },
    "83109": {
        "deprecated": false,
        "Dev_Desc": "한가위 패스 / 미션 이름",
        "id": 83109,
        "alias": "Contents.SoulPass.Mission.5.27",
        "text": "금/토/일 21시 풍년의 반달호수에서 홍매화 처치 1회"
    },
    "83110": {
        "deprecated": false,
        "Dev_Desc": "한가위 패스 / 미션 이름",
        "id": 83110,
        "alias": "Contents.SoulPass.Mission.5.28",
        "text": "금/토/일 21시 풍년의 반달호수에서 홍매화 처치 2회"
    },
    "83111": {
        "deprecated": false,
        "Dev_Desc": "데일리 패스2 / 미션 이름",
        "id": 83111,
        "alias": "Contents.SoulPass.Mission.6.1",
        "text": "출석하기"
    },
    "83112": {
        "deprecated": false,
        "Dev_Desc": "데일리 패스2 / 미션 이름",
        "id": 83112,
        "alias": "Contents.SoulPass.Mission.6.2",
        "text": "몬스터 처치 100회"
    },
    "83113": {
        "deprecated": false,
        "Dev_Desc": "데일리 패스2 / 미션 이름",
        "id": 83113,
        "alias": "Contents.SoulPass.Mission.6.3",
        "text": "초급 회복약 사용 1,000회"
    },
    "83114": {
        "deprecated": false,
        "Dev_Desc": "데일리 패스2 / 미션 이름",
        "id": 83114,
        "alias": "Contents.SoulPass.Mission.6.4",
        "text": "초급 회복약 사용 3,000회"
    },
    "83115": {
        "deprecated": false,
        "Dev_Desc": "데일리 패스2 / 미션 이름",
        "id": 83115,
        "alias": "Contents.SoulPass.Mission.6.5",
        "text": "초급 회복약 사용 5,000회"
    },
    "83116": {
        "deprecated": false,
        "Dev_Desc": "데일리 패스2 / 미션 이름",
        "id": 83116,
        "alias": "Contents.SoulPass.Mission.6.6",
        "text": "용정차 사용 100회"
    },
    "83117": {
        "deprecated": false,
        "Dev_Desc": "데일리 패스2 / 미션 이름",
        "id": 83117,
        "alias": "Contents.SoulPass.Mission.6.7",
        "text": "용정차 사용 300회"
    },
    "83118": {
        "deprecated": false,
        "Dev_Desc": "데일리 패스2 / 미션 이름",
        "id": 83118,
        "alias": "Contents.SoulPass.Mission.6.8",
        "text": "용정차 사용 600회"
    },
    "83119": {
        "deprecated": false,
        "Dev_Desc": "데일리 패스2 / 미션 이름",
        "id": 83119,
        "alias": "Contents.SoulPass.Mission.6.9",
        "text": "영신단 사용 100회"
    },
    "83120": {
        "deprecated": false,
        "Dev_Desc": "데일리 패스2 / 미션 이름",
        "id": 83120,
        "alias": "Contents.SoulPass.Mission.6.10",
        "text": "영신단 사용 300회"
    },
    "83121": {
        "deprecated": false,
        "Dev_Desc": "데일리 패스2 / 미션 이름",
        "id": 83121,
        "alias": "Contents.SoulPass.Mission.6.11",
        "text": "영신단 사용 600회"
    },
    "83122": {
        "deprecated": false,
        "Dev_Desc": "데일리 패스2 / 미션 이름",
        "id": 83122,
        "alias": "Contents.SoulPass.Mission.6.12",
        "text": "1일 출석"
    },
    "83123": {
        "deprecated": false,
        "Dev_Desc": "데일리 패스2 / 미션 이름",
        "id": 83123,
        "alias": "Contents.SoulPass.Mission.6.13",
        "text": "2일 출석"
    },
    "83124": {
        "deprecated": false,
        "Dev_Desc": "데일리 패스2 / 미션 이름",
        "id": 83124,
        "alias": "Contents.SoulPass.Mission.6.14",
        "text": "3일 출석"
    },
    "83125": {
        "deprecated": false,
        "Dev_Desc": "데일리 패스2 / 미션 이름",
        "id": 83125,
        "alias": "Contents.SoulPass.Mission.6.15",
        "text": "4일 출석"
    },
    "83126": {
        "deprecated": false,
        "Dev_Desc": "데일리 패스2 / 미션 이름",
        "id": 83126,
        "alias": "Contents.SoulPass.Mission.6.16",
        "text": "5일 출석"
    },
    "83127": {
        "deprecated": false,
        "Dev_Desc": "데일리 패스2 / 미션 이름",
        "id": 83127,
        "alias": "Contents.SoulPass.Mission.6.17",
        "text": "6일 출석"
    },
    "83128": {
        "deprecated": false,
        "Dev_Desc": "데일리 패스2 / 미션 이름",
        "id": 83128,
        "alias": "Contents.SoulPass.Mission.6.18",
        "text": "7일 출석"
    },
    "83129": {
        "deprecated": false,
        "Dev_Desc": "데일리 패스2 / 미션 이름",
        "id": 83129,
        "alias": "Contents.SoulPass.Mission.6.19",
        "text": "8일 출석"
    },
    "83130": {
        "deprecated": false,
        "Dev_Desc": "데일리 패스2 / 미션 이름",
        "id": 83130,
        "alias": "Contents.SoulPass.Mission.6.20",
        "text": "9일 출석"
    },
    "83131": {
        "deprecated": false,
        "Dev_Desc": "데일리 패스2 / 미션 이름",
        "id": 83131,
        "alias": "Contents.SoulPass.Mission.6.21",
        "text": "10일 출석"
    },
    "83132": {
        "deprecated": false,
        "Dev_Desc": "데일리 패스2 / 미션 이름",
        "id": 83132,
        "alias": "Contents.SoulPass.Mission.6.22",
        "text": "협행 수행 10회"
    },
    "83133": {
        "deprecated": false,
        "Dev_Desc": "데일리 패스2 / 미션 이름",
        "id": 83133,
        "alias": "Contents.SoulPass.Mission.6.23",
        "text": "협행 수행 20회"
    },
    "83134": {
        "deprecated": false,
        "Dev_Desc": "데일리 패스2 / 미션 이름",
        "id": 83134,
        "alias": "Contents.SoulPass.Mission.6.24",
        "text": "협행 수행 30회"
    },
    "83135": {
        "deprecated": false,
        "Dev_Desc": "데일리 패스2 / 미션 이름",
        "id": 83135,
        "alias": "Contents.SoulPass.Mission.6.25",
        "text": "협행 수행 40회"
    },
    "83136": {
        "deprecated": false,
        "Dev_Desc": "데일리 패스2 / 미션 이름",
        "id": 83136,
        "alias": "Contents.SoulPass.Mission.6.26",
        "text": "협행 수행 50회"
    },
    "83137": {
        "deprecated": false,
        "Dev_Desc": "데일리 패스2 / 미션 이름",
        "id": 83137,
        "alias": "Contents.SoulPass.Mission.6.27",
        "text": "무기 강화 시도 30회"
    },
    "83138": {
        "deprecated": false,
        "Dev_Desc": "데일리 패스2 / 미션 이름",
        "id": 83138,
        "alias": "Contents.SoulPass.Mission.6.28",
        "text": "방어구 강화 시도 30회"
    },
    "83139": {
        "deprecated": false,
        "Dev_Desc": "데일리 패스2 / 미션 이름",
        "id": 83139,
        "alias": "Contents.SoulPass.Mission.6.29",
        "text": "장신구 강화 시도 20회"
    },
    "83140": {
        "deprecated": false,
        "Dev_Desc": "데일리 패스2 / 미션 이름",
        "id": 83140,
        "alias": "Contents.SoulPass.Mission.6.30",
        "text": "몬스터 처치 10,000회"
    },
    "83141": {
        "deprecated": false,
        "Dev_Desc": "데일리 패스2 / 미션 이름",
        "id": 83141,
        "alias": "Contents.SoulPass.Mission.6.31",
        "text": "몬스터 처치 50,000회"
    },
    "83142": {
        "deprecated": false,
        "Dev_Desc": "소울 시즌 패스 / 미션 이름",
        "id": 83142,
        "alias": "Contents.SoulPass.Mission.7.1",
        "text": "출석 하기"
    },
    "83143": {
        "deprecated": false,
        "Dev_Desc": "소울 시즌 패스 / 미션 이름",
        "id": 83143,
        "alias": "Contents.SoulPass.Mission.7.2",
        "text": "협행 완료 3회"
    },
    "83144": {
        "deprecated": false,
        "Dev_Desc": "소울 시즌 패스 / 미션 이름",
        "id": 83144,
        "alias": "Contents.SoulPass.Mission.7.3",
        "text": "일반 몬스터 소탕"
    },
    "83145": {
        "deprecated": false,
        "Dev_Desc": "소울 시즌 패스 / 미션 이름",
        "id": 83145,
        "alias": "Contents.SoulPass.Mission.7.4",
        "text": "정예 몬스터 소탕"
    },
    "83146": {
        "deprecated": false,
        "Dev_Desc": "소울 시즌 패스 / 미션 이름",
        "id": 83146,
        "alias": "Contents.SoulPass.Mission.7.5",
        "text": "장비 강화 시도 1회"
    },
    "83147": {
        "deprecated": false,
        "Dev_Desc": "소울 시즌 패스 / 미션 이름",
        "id": 83147,
        "alias": "Contents.SoulPass.Mission.7.6",
        "text": "용정차 사용 36회"
    },
    "83148": {
        "deprecated": false,
        "Dev_Desc": "소울 시즌 패스 / 미션 이름",
        "id": 83148,
        "alias": "Contents.SoulPass.Mission.7.7",
        "text": "영신단 사용 36회"
    },
    "83149": {
        "deprecated": false,
        "Dev_Desc": "소울 시즌 패스 / 미션 이름",
        "id": 83149,
        "alias": "Contents.SoulPass.Mission.7.8",
        "text": "소울 소환 1회"
    },
    "83150": {
        "deprecated": false,
        "Dev_Desc": "소울 시즌 패스 / 미션 이름",
        "id": 83150,
        "alias": "Contents.SoulPass.Mission.7.9",
        "text": "수호령 소환 1회"
    },
    "83151": {
        "deprecated": false,
        "Dev_Desc": "소울 시즌 패스 / 미션 이름",
        "id": 83151,
        "alias": "Contents.SoulPass.Mission.7.10",
        "text": "무기 강화 시도 30회"
    },
    "83152": {
        "deprecated": false,
        "Dev_Desc": "소울 시즌 패스 / 미션 이름",
        "id": 83152,
        "alias": "Contents.SoulPass.Mission.7.11",
        "text": "방어구 강화 시도 30회"
    },
    "83153": {
        "deprecated": false,
        "Dev_Desc": "소울 시즌 패스 / 미션 이름",
        "id": 83153,
        "alias": "Contents.SoulPass.Mission.7.12",
        "text": "장신구 강화 시도 10회"
    },
    "83155": {
        "deprecated": false,
        "Dev_Desc": "소울 시즌 패스 / 미션 이름",
        "id": 83155,
        "alias": "Contents.SoulPass.Mission.7.14",
        "text": "5일 출석"
    },
    "83156": {
        "deprecated": false,
        "Dev_Desc": "소울 시즌 패스 / 미션 이름",
        "id": 83156,
        "alias": "Contents.SoulPass.Mission.7.15",
        "text": "10일 출석"
    },
    "83157": {
        "deprecated": false,
        "Dev_Desc": "소울 시즌 패스 / 미션 이름",
        "id": 83157,
        "alias": "Contents.SoulPass.Mission.7.16",
        "text": "15일 출석"
    },
    "83158": {
        "deprecated": false,
        "Dev_Desc": "소울 시즌 패스 / 미션 이름",
        "id": 83158,
        "alias": "Contents.SoulPass.Mission.7.17",
        "text": "20일 출석"
    },
    "83159": {
        "deprecated": false,
        "Dev_Desc": "스타팅 패스 / 미션 이름",
        "id": 83159,
        "alias": "Contents.SoulPass.Mission.8.1",
        "text": "2일 출석"
    },
    "83160": {
        "deprecated": false,
        "Dev_Desc": "스타팅 패스 / 미션 이름",
        "id": 83160,
        "alias": "Contents.SoulPass.Mission.8.2",
        "text": "4일 출석"
    },
    "83161": {
        "deprecated": false,
        "Dev_Desc": "스타팅 패스 / 미션 이름",
        "id": 83161,
        "alias": "Contents.SoulPass.Mission.8.3",
        "text": "6일 출석"
    },
    "83162": {
        "deprecated": false,
        "Dev_Desc": "스타팅 패스 / 미션 이름",
        "id": 83162,
        "alias": "Contents.SoulPass.Mission.8.4",
        "text": "8일 출석"
    },
    "83163": {
        "deprecated": false,
        "Dev_Desc": "스타팅 패스 / 미션 이름",
        "id": 83163,
        "alias": "Contents.SoulPass.Mission.8.5",
        "text": "10일 출석"
    },
    "83164": {
        "deprecated": false,
        "Dev_Desc": "스타팅 패스 / 미션 이름",
        "id": 83164,
        "alias": "Contents.SoulPass.Mission.8.6",
        "text": "12일 출석"
    },
    "83165": {
        "deprecated": false,
        "Dev_Desc": "스타팅 패스 / 미션 이름",
        "id": 83165,
        "alias": "Contents.SoulPass.Mission.8.7",
        "text": "14일 출석"
    },
    "83166": {
        "deprecated": false,
        "Dev_Desc": "스타팅 패스 / 미션 이름",
        "id": 83166,
        "alias": "Contents.SoulPass.Mission.8.8",
        "text": "16일 출석"
    },
    "83167": {
        "deprecated": false,
        "Dev_Desc": "스타팅 패스 / 미션 이름",
        "id": 83167,
        "alias": "Contents.SoulPass.Mission.8.9",
        "text": "18일 출석"
    },
    "83168": {
        "deprecated": false,
        "Dev_Desc": "스타팅 패스 / 미션 이름",
        "id": 83168,
        "alias": "Contents.SoulPass.Mission.8.10",
        "text": "20일 출석"
    },
    "83169": {
        "deprecated": false,
        "Dev_Desc": "스타팅 패스 / 미션 이름",
        "id": 83169,
        "alias": "Contents.SoulPass.Mission.8.11",
        "text": "22일 출석"
    },
    "83170": {
        "deprecated": false,
        "Dev_Desc": "스타팅 패스 / 미션 이름",
        "id": 83170,
        "alias": "Contents.SoulPass.Mission.8.12",
        "text": "24일 출석"
    },
    "83171": {
        "deprecated": false,
        "Dev_Desc": "스타팅 패스 / 미션 이름",
        "id": 83171,
        "alias": "Contents.SoulPass.Mission.8.13",
        "text": "26일 출석"
    },
    "83172": {
        "deprecated": false,
        "Dev_Desc": "스타팅 패스 / 미션 이름",
        "id": 83172,
        "alias": "Contents.SoulPass.Mission.8.14",
        "text": "협행 완료 6회"
    },
    "83173": {
        "deprecated": false,
        "Dev_Desc": "스타팅 패스 / 미션 이름",
        "id": 83173,
        "alias": "Contents.SoulPass.Mission.8.15",
        "text": "협행 완료 12회"
    },
    "83174": {
        "deprecated": false,
        "Dev_Desc": "스타팅 패스 / 미션 이름",
        "id": 83174,
        "alias": "Contents.SoulPass.Mission.8.16",
        "text": "협행 완료 18회"
    },
    "83175": {
        "deprecated": false,
        "Dev_Desc": "스타팅 패스 / 미션 이름",
        "id": 83175,
        "alias": "Contents.SoulPass.Mission.8.17",
        "text": "협행 완료 24회"
    },
    "83176": {
        "deprecated": false,
        "Dev_Desc": "스타팅 패스 / 미션 이름",
        "id": 83176,
        "alias": "Contents.SoulPass.Mission.8.18",
        "text": "협행 완료 30회"
    },
    "83177": {
        "deprecated": false,
        "Dev_Desc": "스타팅 패스 / 미션 이름",
        "id": 83177,
        "alias": "Contents.SoulPass.Mission.8.19",
        "text": "협행 완료 36회"
    },
    "83178": {
        "deprecated": false,
        "Dev_Desc": "스타팅 패스 / 미션 이름",
        "id": 83178,
        "alias": "Contents.SoulPass.Mission.8.20",
        "text": "협행 완료 42회"
    },
    "83179": {
        "deprecated": false,
        "Dev_Desc": "스타팅 패스 / 미션 이름",
        "id": 83179,
        "alias": "Contents.SoulPass.Mission.8.21",
        "text": "협행 완료 48회"
    },
    "83180": {
        "deprecated": false,
        "Dev_Desc": "스타팅 패스 / 미션 이름",
        "id": 83180,
        "alias": "Contents.SoulPass.Mission.8.22",
        "text": "협행 완료 54회"
    },
    "83181": {
        "deprecated": false,
        "Dev_Desc": "스타팅 패스 / 미션 이름",
        "id": 83181,
        "alias": "Contents.SoulPass.Mission.8.23",
        "text": "협행 완료 60회"
    },
    "83182": {
        "deprecated": false,
        "Dev_Desc": "스타팅 패스 / 미션 이름",
        "id": 83182,
        "alias": "Contents.SoulPass.Mission.8.24",
        "text": "협행 완료 66회"
    },
    "83183": {
        "deprecated": false,
        "Dev_Desc": "스타팅 패스 / 미션 이름",
        "id": 83183,
        "alias": "Contents.SoulPass.Mission.8.25",
        "text": "협행 완료 72회"
    },
    "83184": {
        "deprecated": false,
        "Dev_Desc": "스타팅 패스 / 미션 이름",
        "id": 83184,
        "alias": "Contents.SoulPass.Mission.8.26",
        "text": "협행 완료 78회"
    },
    "83185": {
        "deprecated": false,
        "Dev_Desc": "스타팅 패스 / 미션 이름",
        "id": 83185,
        "alias": "Contents.SoulPass.Mission.8.27",
        "text": "협행 완료 84회"
    },
    "83186": {
        "deprecated": false,
        "Dev_Desc": "스타팅 패스 / 미션 이름",
        "id": 83186,
        "alias": "Contents.SoulPass.Mission.8.28",
        "text": "무기 제작 시도 3회"
    },
    "83187": {
        "deprecated": false,
        "Dev_Desc": "스타팅 패스 / 미션 이름",
        "id": 83187,
        "alias": "Contents.SoulPass.Mission.8.29",
        "text": "방어구 제작 시도 3회"
    },
    "83188": {
        "deprecated": false,
        "Dev_Desc": "스타팅 패스 / 미션 이름",
        "id": 83188,
        "alias": "Contents.SoulPass.Mission.8.30",
        "text": "장신구 제작 시도 3회"
    },
    "83189": {
        "deprecated": false,
        "Dev_Desc": "스타팅 패스 / 미션 이름",
        "id": 83189,
        "alias": "Contents.SoulPass.Mission.8.31",
        "text": "무기 강화 시도 5회"
    },
    "83190": {
        "deprecated": false,
        "Dev_Desc": "스타팅 패스 / 미션 이름",
        "id": 83190,
        "alias": "Contents.SoulPass.Mission.8.32",
        "text": "방어구 강화 시도 5회"
    },
    "83191": {
        "deprecated": false,
        "Dev_Desc": "스타팅 패스 / 미션 이름",
        "id": 83191,
        "alias": "Contents.SoulPass.Mission.8.33",
        "text": "장신구 강화 시도 1회"
    },
    "83192": {
        "deprecated": false,
        "Dev_Desc": "스타팅 패스 / 미션 이름",
        "id": 83192,
        "alias": "Contents.SoulPass.Mission.8.34",
        "text": "무기 강화 시도 20회"
    },
    "83193": {
        "deprecated": false,
        "Dev_Desc": "스타팅 패스 / 미션 이름",
        "id": 83193,
        "alias": "Contents.SoulPass.Mission.8.35",
        "text": "방어구 강화 시도 30회"
    },
    "83194": {
        "deprecated": false,
        "Dev_Desc": "스타팅 패스 / 미션 이름",
        "id": 83194,
        "alias": "Contents.SoulPass.Mission.8.36",
        "text": "장신구 강화 시도 10회"
    },
    "83195": {
        "deprecated": false,
        "Dev_Desc": "스타팅 패스 / 미션 이름",
        "id": 83195,
        "alias": "Contents.SoulPass.Mission.8.37",
        "text": "무기 강화 시도 40회"
    },
    "83196": {
        "deprecated": false,
        "Dev_Desc": "스타팅 패스 / 미션 이름",
        "id": 83196,
        "alias": "Contents.SoulPass.Mission.8.38",
        "text": "방어구 강화 시도 60회"
    },
    "83197": {
        "deprecated": false,
        "Dev_Desc": "스타팅 패스 / 미션 이름",
        "id": 83197,
        "alias": "Contents.SoulPass.Mission.8.39",
        "text": "장신구 강화 시도 20회"
    },
    "83198": {
        "deprecated": false,
        "Dev_Desc": "스타팅 패스 / 미션 이름",
        "id": 83198,
        "alias": "Contents.SoulPass.Mission.8.40",
        "text": "[경공] 질주 300m"
    },
    "83199": {
        "deprecated": false,
        "Dev_Desc": "스타팅 패스 / 미션 이름",
        "id": 83199,
        "alias": "Contents.SoulPass.Mission.8.41",
        "text": "[경공] 도약 20회"
    },
    "83200": {
        "deprecated": false,
        "Dev_Desc": "스타팅 패스 / 미션 이름",
        "id": 83200,
        "alias": "Contents.SoulPass.Mission.8.42",
        "text": "[경공] 활루 200m"
    },
    "83201": {
        "deprecated": false,
        "Dev_Desc": "스타팅 패스 / 미션 이름",
        "id": 83201,
        "alias": "Contents.SoulPass.Mission.8.43",
        "text": "[경공] 수상비 70m"
    },
    "83202": {
        "deprecated": false,
        "Dev_Desc": "스타팅 패스 / 미션 이름",
        "id": 83202,
        "alias": "Contents.SoulPass.Mission.8.44",
        "text": "[경공] 활강 200m"
    },
    "83203": {
        "deprecated": false,
        "Dev_Desc": "스타팅 패스 / 미션 이름",
        "id": 83203,
        "alias": "Contents.SoulPass.Mission.8.45",
        "text": "[경공] 천상비 20회"
    },
    "83204": {
        "deprecated": false,
        "Dev_Desc": "스타팅 패스 / 미션 이름",
        "id": 83204,
        "alias": "Contents.SoulPass.Mission.8.46",
        "text": "[경공] 회류비 10회"
    },
    "83205": {
        "deprecated": false,
        "Dev_Desc": "스타팅 패스 / 미션 이름",
        "id": 83205,
        "alias": "Contents.SoulPass.Mission.8.47",
        "text": "[경공] 강하 40m"
    },
    "83206": {
        "deprecated": false,
        "Dev_Desc": "스타팅 패스 / 미션 이름",
        "id": 83206,
        "alias": "Contents.SoulPass.Mission.8.48",
        "text": "소울 소환"
    },
    "83207": {
        "deprecated": false,
        "Dev_Desc": "스타팅 패스 / 미션 이름",
        "id": 83207,
        "alias": "Contents.SoulPass.Mission.8.49",
        "text": "수호령 소환"
    },
    "83208": {
        "deprecated": false,
        "Dev_Desc": "스타팅 패스 / 미션 이름",
        "id": 83208,
        "alias": "Contents.SoulPass.Mission.8.50",
        "text": "[Lv. 18] 깊은 묘지 숲 몬스터 처치"
    },
    "83209": {
        "deprecated": false,
        "Dev_Desc": "스타팅 패스 / 미션 이름",
        "id": 83209,
        "alias": "Contents.SoulPass.Mission.8.51",
        "text": "[Lv. 21] 해지는 목초지 몬스터 처치"
    },
    "83210": {
        "deprecated": false,
        "Dev_Desc": "스타팅 패스 / 미션 이름",
        "id": 83210,
        "alias": "Contents.SoulPass.Mission.8.52",
        "text": "[Lv. 26] 파괴된 수와족 마을 몬스터 처치"
    },
    "83211": {
        "deprecated": false,
        "Dev_Desc": "스타팅 패스 / 미션 이름",
        "id": 83211,
        "alias": "Contents.SoulPass.Mission.8.53",
        "text": "[Lv. 30] 거미 숲 길 몬스터 처치"
    },
    "83212": {
        "deprecated": false,
        "Dev_Desc": "스타팅 패스 / 미션 이름",
        "id": 83212,
        "alias": "Contents.SoulPass.Mission.8.54",
        "text": "[Lv. 32] 녹색 뿔의 숲 몬스터 처치"
    },
    "83213": {
        "deprecated": false,
        "Dev_Desc": "스타팅 패스 / 미션 이름",
        "id": 83213,
        "alias": "Contents.SoulPass.Mission.8.55",
        "text": "[Lv. 33] 만다라 폭포 앞 몬스터 처치"
    },
    "83214": {
        "deprecated": false,
        "Dev_Desc": "스타팅 패스 / 미션 이름",
        "id": 83214,
        "alias": "Contents.SoulPass.Mission.8.56",
        "text": "[Lv. 34] 버려진 감시탑 몬스터 처치"
    },
    "83215": {
        "deprecated": false,
        "Dev_Desc": "스타팅 패스 / 미션 이름",
        "id": 83215,
        "alias": "Contents.SoulPass.Mission.8.57",
        "text": "[Lv. 35] 난파선의 잔해 몬스터 처치"
    },
    "83216": {
        "deprecated": false,
        "Dev_Desc": "스타팅 패스 / 미션 이름",
        "id": 83216,
        "alias": "Contents.SoulPass.Mission.8.58",
        "text": "[Lv. 37] 발자국 없는 해안 몬스터 처치"
    },
    "83217": {
        "deprecated": false,
        "Dev_Desc": "스타팅 패스 / 미션 이름",
        "id": 83217,
        "alias": "Contents.SoulPass.Mission.8.59",
        "text": "[Lv. 40] 골짜기 바람길 몬스터 처치"
    },
    "83218": {
        "deprecated": false,
        "Dev_Desc": "스타팅 패스 / 미션 이름",
        "id": 83218,
        "alias": "Contents.SoulPass.Mission.8.60",
        "text": "[Lv. 41] 혈비의 숲 몬스터 처치"
    },
    "83219": {
        "deprecated": false,
        "Dev_Desc": "스타팅 패스 / 미션 이름",
        "id": 83219,
        "alias": "Contents.SoulPass.Mission.8.61",
        "text": "[Lv. 42] 안개 그늘 숲 북부 몬스터 처치"
    },
    "83220": {
        "deprecated": false,
        "Dev_Desc": "스타팅 패스 / 미션 이름",
        "id": 83220,
        "alias": "Contents.SoulPass.Mission.8.62",
        "text": "[Lv. 43] 메말라 가는 늪지 몬스터 처치"
    },
    "83221": {
        "deprecated": false,
        "Dev_Desc": "스타팅 패스 / 미션 이름",
        "id": 83221,
        "alias": "Contents.SoulPass.Mission.8.63",
        "text": "[Lv. 44] 뱀버섯 군락 몬스터 처치"
    },
    "83222": {
        "deprecated": false,
        "Dev_Desc": "스타팅 패스 / 미션 이름",
        "id": 83222,
        "alias": "Contents.SoulPass.Mission.8.64",
        "text": "[Lv. 45] 개척자 위령묘지 몬스터 처치"
    },
    "83223": {
        "deprecated": false,
        "Dev_Desc": "스타팅 패스 / 미션 이름",
        "id": 83223,
        "alias": "Contents.SoulPass.Mission.8.65",
        "text": "[반달호수] 일격의 수호병 9호 처치"
    },
    "83224": {
        "deprecated": false,
        "Dev_Desc": "스타팅 패스 / 미션 이름",
        "id": 83224,
        "alias": "Contents.SoulPass.Mission.8.66",
        "text": "[반달호수] 일격의 수호병 19호 처치"
    },
    "83225": {
        "deprecated": false,
        "Dev_Desc": "스타팅 패스 / 미션 이름",
        "id": 83225,
        "alias": "Contents.SoulPass.Mission.8.67",
        "text": "[반달호수] 일격의 수호병 28호 처치"
    },
    "83226": {
        "deprecated": false,
        "Dev_Desc": "스타팅 패스 / 미션 이름",
        "id": 83226,
        "alias": "Contents.SoulPass.Mission.8.68",
        "text": "[반달호수] 파괴의 수호병 29호 처치"
    },
    "83227": {
        "deprecated": false,
        "Dev_Desc": "스타팅 패스 / 미션 이름",
        "id": 83227,
        "alias": "Contents.SoulPass.Mission.8.69",
        "text": "[반달호수] 일격의 수호병 31호 처치"
    },
    "83228": {
        "deprecated": false,
        "Dev_Desc": "스타팅 패스 / 미션 이름",
        "id": 83228,
        "alias": "Contents.SoulPass.Mission.8.70",
        "text": "[반달호수] 철벽의 수호병 35호 처치"
    },
    "83229": {
        "deprecated": false,
        "Dev_Desc": "스타팅 패스 / 미션 이름",
        "id": 83229,
        "alias": "Contents.SoulPass.Mission.8.71",
        "text": "[태록림] 일격의 수호병 33호 처치"
    },
    "83230": {
        "deprecated": false,
        "Dev_Desc": "스타팅 패스 / 미션 이름",
        "id": 83230,
        "alias": "Contents.SoulPass.Mission.8.72",
        "text": "[태록림] 파괴의 수호병 38호 처치"
    },
    "83231": {
        "deprecated": false,
        "Dev_Desc": "스타팅 패스 / 미션 이름",
        "id": 83231,
        "alias": "Contents.SoulPass.Mission.8.73",
        "text": "[태록림] 파괴의 수호병 44호 처치"
    },
    "83232": {
        "deprecated": false,
        "Dev_Desc": "스타팅 패스 / 미션 이름",
        "id": 83232,
        "alias": "Contents.SoulPass.Mission.8.74",
        "text": "[태록림] 일격의 수호병 47호 처치"
    },
    "83233": {
        "deprecated": false,
        "Dev_Desc": "스타팅 패스 / 미션 이름",
        "id": 83233,
        "alias": "Contents.SoulPass.Mission.8.75",
        "text": "[태록림] 파괴의 수호병 48호 처치"
    },
    "83234": {
        "deprecated": false,
        "Dev_Desc": "스타팅 패스 / 미션 이름",
        "id": 83234,
        "alias": "Contents.SoulPass.Mission.8.76",
        "text": "[태록림] 파괴의 수호병 52호 처치"
    }
}