{
    "12005000": {
        "deprecated": false,
        "Dev_Desc": "반달스페셜_5000_1",
        "id": 12005000,
        "alias": "Contents.Quest.Mission.5000",
        "text": "김메일과 대화"
    },
    "12005001": {
        "deprecated": false,
        "Dev_Desc": "반달스페셜_5000_2",
        "id": 12005001,
        "alias": "Contents.Quest.Mission.5001",
        "text": "건초 수집 의뢰"
    },
    "12005002": {
        "deprecated": false,
        "Dev_Desc": "반달스페셜_5000_3",
        "id": 12005002,
        "alias": "Contents.Quest.Mission.5002",
        "text": "창고로 이동"
    },
    "12005003": {
        "deprecated": false,
        "Dev_Desc": "반달스페셜_5000_4",
        "id": 12005003,
        "alias": "Contents.Quest.Mission.5003",
        "text": "양 시체 조사"
    },
    "12005004": {
        "deprecated": false,
        "Dev_Desc": "반달스페셜_5000_5",
        "id": 12005004,
        "alias": "Contents.Quest.Mission.5004",
        "text": "양 시체 추적"
    },
    "12005005": {
        "deprecated": false,
        "Dev_Desc": "반달스페셜_5000_6",
        "id": 12005005,
        "alias": "Contents.Quest.Mission.5005",
        "text": "의문의 무리 처치"
    },
    "12005006": {
        "deprecated": false,
        "Dev_Desc": "반달스페셜_5000_7",
        "id": 12005006,
        "alias": "Contents.Quest.Mission.5006",
        "text": "양 시체 추적"
    },
    "12005007": {
        "deprecated": false,
        "Dev_Desc": "반달스페셜_5000_8",
        "id": 12005007,
        "alias": "Contents.Quest.Mission.5007",
        "text": "의문의 무리 처치"
    },
    "12005008": {
        "deprecated": false,
        "Dev_Desc": "반달스페셜_5000_9",
        "id": 12005008,
        "alias": "Contents.Quest.Mission.5008",
        "text": "수상한 동굴 발견"
    },
    "12005009": {
        "deprecated": false,
        "Dev_Desc": "반달스페셜_5001_1",
        "id": 12005009,
        "alias": "Contents.Quest.Mission.5009",
        "text": "투엽단 처치"
    },
    "12005010": {
        "deprecated": false,
        "Dev_Desc": "반달스페셜_5001_2",
        "id": 12005010,
        "alias": "Contents.Quest.Mission.5010",
        "text": "김메일과 대화"
    },
    "12005011": {
        "deprecated": false,
        "Dev_Desc": "반달스페셜_5100_1",
        "id": 12005011,
        "alias": "Contents.Quest.Mission.5011",
        "text": "심하연과 대화"
    },
    "12005012": {
        "deprecated": false,
        "Dev_Desc": "반달스페셜_5100_2",
        "id": 12005012,
        "alias": "Contents.Quest.Mission.5012",
        "text": "사호의 첩자와 접선"
    },
    "12005013": {
        "deprecated": false,
        "Dev_Desc": "반달스페셜_5100_3",
        "id": 12005013,
        "alias": "Contents.Quest.Mission.5013",
        "text": "치연과 대화"
    },
    "12005014": {
        "deprecated": false,
        "Dev_Desc": "반달스페셜_5100_4",
        "id": 12005014,
        "alias": "Contents.Quest.Mission.5014",
        "text": "치연과 전투"
    },
    "12005015": {
        "deprecated": false,
        "Dev_Desc": "반달스페셜_5100_5",
        "id": 12005015,
        "alias": "Contents.Quest.Mission.5015",
        "text": "치연과 대화"
    },
    "12005016": {
        "deprecated": false,
        "Dev_Desc": "반달스페셜_5101_1",
        "id": 12005016,
        "alias": "Contents.Quest.Mission.5016",
        "text": "개골와의 거처로 이동"
    },
    "12005017": {
        "deprecated": false,
        "Dev_Desc": "반달스페셜_5101_2",
        "id": 12005017,
        "alias": "Contents.Quest.Mission.5017",
        "text": "치연과 대화"
    },
    "12005018": {
        "deprecated": false,
        "Dev_Desc": "반달스페셜_5101_3",
        "id": 12005018,
        "alias": "Contents.Quest.Mission.5018",
        "text": "개골와의 머리 획득"
    },
    "12005019": {
        "deprecated": false,
        "Dev_Desc": "반달스페셜_5101_4",
        "id": 12005019,
        "alias": "Contents.Quest.Mission.5019",
        "text": "창도단 입단 신청"
    },
    "12005020": {
        "deprecated": false,
        "Dev_Desc": "반달스페셜_5101_5",
        "id": 12005020,
        "alias": "Contents.Quest.Mission.5020",
        "text": "치연과 대화"
    },
    "12005021": {
        "deprecated": false,
        "Dev_Desc": "반달스페셜_5101_6",
        "id": 12005021,
        "alias": "Contents.Quest.Mission.5021",
        "text": "투엽단 근거지로 이동"
    },
    "12005022": {
        "deprecated": false,
        "Dev_Desc": "반달스페셜_5101_7",
        "id": 12005022,
        "alias": "Contents.Quest.Mission.5022",
        "text": "투엽단 처치"
    },
    "12005023": {
        "deprecated": false,
        "Dev_Desc": "반달스페셜_5102_1",
        "id": 12005023,
        "alias": "Contents.Quest.Mission.5023",
        "text": "투엽단 두목 천막 접근"
    },
    "12005024": {
        "deprecated": false,
        "Dev_Desc": "반달스페셜_5102_2",
        "id": 12005024,
        "alias": "Contents.Quest.Mission.5024",
        "text": "보물상자 조사"
    },
    "12005025": {
        "deprecated": false,
        "Dev_Desc": "반달스페셜_5102_3",
        "id": 12005025,
        "alias": "Contents.Quest.Mission.5025",
        "text": "돌주먹 독대 요청"
    },
    "12005026": {
        "deprecated": false,
        "Dev_Desc": "반달스페셜_5102_4",
        "id": 12005026,
        "alias": "Contents.Quest.Mission.5026",
        "text": "군용 물자 조사"
    },
    "12005027": {
        "deprecated": false,
        "Dev_Desc": "반달스페셜_5102_5",
        "id": 12005027,
        "alias": "Contents.Quest.Mission.5027",
        "text": "창도단 처치"
    },
    "12005028": {
        "deprecated": false,
        "Dev_Desc": "반달스페셜_5102_6(사용X)",
        "id": 12005028,
        "alias": "Contents.Quest.Mission.5028",
        "text": "밖으로 나오기"
    },
    "12005029": {
        "deprecated": false,
        "Dev_Desc": "반달스페셜_5102_7",
        "id": 12005029,
        "alias": "Contents.Quest.Mission.5029",
        "text": "치연과 대화"
    },
    "12005030": {
        "deprecated": false,
        "Dev_Desc": "반달스페셜_5102_8",
        "id": 12005030,
        "alias": "Contents.Quest.Mission.5030",
        "text": "소지품을 열어 신호탄 사용"
    },
    "12005031": {
        "deprecated": false,
        "Dev_Desc": "반달스페셜_5102_10",
        "id": 12005031,
        "alias": "Contents.Quest.Mission.5031",
        "text": "심하연과 대화"
    },
    "12005032": {
        "deprecated": false,
        "Dev_Desc": "반달스페셜_5200_1",
        "id": 12005032,
        "alias": "Contents.Quest.Mission.5032",
        "text": "소호촌 대인배와 대화"
    },
    "12005033": {
        "deprecated": false,
        "Dev_Desc": "반달스페셜_5200_2",
        "id": 12005033,
        "alias": "Contents.Quest.Mission.5033",
        "text": "피해 가족 방문"
    },
    "12005034": {
        "deprecated": false,
        "Dev_Desc": "반달스페셜_5200_3",
        "id": 12005034,
        "alias": "Contents.Quest.Mission.5034",
        "text": "주변 환경 조사"
    },
    "12005035": {
        "deprecated": false,
        "Dev_Desc": "반달스페셜_5200_4",
        "id": 12005035,
        "alias": "Contents.Quest.Mission.5035",
        "text": "숲 진입로 조사"
    },
    "12005036": {
        "deprecated": false,
        "Dev_Desc": "반달스페셜_5201_1",
        "id": 12005036,
        "alias": "Contents.Quest.Mission.5036",
        "text": "숲 안으로 이동"
    },
    "12005037": {
        "deprecated": false,
        "Dev_Desc": "반달스페셜_5201_2",
        "id": 12005037,
        "alias": "Contents.Quest.Mission.5037",
        "text": "동자령에게 접근"
    },
    "12005038": {
        "deprecated": false,
        "Dev_Desc": "반달스페셜_5201_3",
        "id": 12005038,
        "alias": "Contents.Quest.Mission.5038",
        "text": "주변 몬스터 처치"
    },
    "12005039": {
        "deprecated": false,
        "Dev_Desc": "반달스페셜_5201_4",
        "id": 12005039,
        "alias": "Contents.Quest.Mission.5039",
        "text": "동자령 추적"
    },
    "12005040": {
        "deprecated": false,
        "Dev_Desc": "반달스페셜_5201_5",
        "id": 12005040,
        "alias": "Contents.Quest.Mission.5040",
        "text": "주변 몬스터 처치"
    },
    "12005041": {
        "deprecated": false,
        "Dev_Desc": "반달스페셜_5201_6",
        "id": 12005041,
        "alias": "Contents.Quest.Mission.5041",
        "text": "동자령 추적"
    },
    "12005042": {
        "deprecated": false,
        "Dev_Desc": "반달스페셜_5201_7",
        "id": 12005042,
        "alias": "Contents.Quest.Mission.5042",
        "text": "울고 있는 아이와 대화"
    },
    "12005043": {
        "deprecated": false,
        "Dev_Desc": "반달스페셜_5202_1",
        "id": 12005043,
        "alias": "Contents.Quest.Mission.5043",
        "text": "동자령 추적"
    },
    "12005044": {
        "deprecated": false,
        "Dev_Desc": "반달스페셜_5202_2",
        "id": 12005044,
        "alias": "Contents.Quest.Mission.5044",
        "text": "주변 몬스터 처치"
    },
    "12005045": {
        "deprecated": false,
        "Dev_Desc": "반달스페셜_5202_3",
        "id": 12005045,
        "alias": "Contents.Quest.Mission.5045",
        "text": "동자령 추적"
    },
    "12005046": {
        "deprecated": false,
        "Dev_Desc": "반달스페셜_5202_4",
        "id": 12005046,
        "alias": "Contents.Quest.Mission.5046",
        "text": "아이의 상태 확인"
    },
    "12005047": {
        "deprecated": false,
        "Dev_Desc": "반달스페셜_5202_5",
        "id": 12005047,
        "alias": "Contents.Quest.Mission.5047",
        "text": "주변 살펴보기"
    },
    "12005048": {
        "deprecated": false,
        "Dev_Desc": "반달스페셜_5202_6",
        "id": 12005048,
        "alias": "Contents.Quest.Mission.5048",
        "text": "주변 몬스터 처치"
    },
    "12005049": {
        "deprecated": false,
        "Dev_Desc": "반달스페셜_5202_7",
        "id": 12005049,
        "alias": "Contents.Quest.Mission.5049",
        "text": "동자령 추적"
    },
    "12005050": {
        "deprecated": false,
        "Dev_Desc": "반달스페셜_5202_8",
        "id": 12005050,
        "alias": "Contents.Quest.Mission.5050",
        "text": "동자령 찾기"
    },
    "12005051": {
        "deprecated": false,
        "Dev_Desc": "반달스페셜_5202_9",
        "id": 12005051,
        "alias": "Contents.Quest.Mission.5051",
        "text": "동자령 추적"
    },
    "12005052": {
        "deprecated": false,
        "Dev_Desc": "반달스페셜_5202_10",
        "id": 12005052,
        "alias": "Contents.Quest.Mission.5052",
        "text": "동자령과 대화"
    },
    "12005053": {
        "deprecated": false,
        "Dev_Desc": "반달스페셜_5202_11",
        "id": 12005053,
        "alias": "Contents.Quest.Mission.5053",
        "text": "위험해 보이는 자 처치"
    },
    "12005054": {
        "deprecated": false,
        "Dev_Desc": "반달스페셜_5202_12",
        "id": 12005054,
        "alias": "Contents.Quest.Mission.5054",
        "text": "동자령과 대화"
    },
    "12005055": {
        "deprecated": false,
        "Dev_Desc": "반달스페셜_5203_1",
        "id": 12005055,
        "alias": "Contents.Quest.Mission.5055",
        "text": "소호촌 대인배에게 보고"
    },
    "12005056": {
        "deprecated": false,
        "Dev_Desc": "반달스페셜_5203_2",
        "id": 12005056,
        "alias": "Contents.Quest.Mission.5056",
        "text": "소향의 부모와 대화"
    },
    "12005057": {
        "deprecated": false,
        "Dev_Desc": "반달스페셜_5300_1",
        "id": 12005057,
        "alias": "Contents.Quest.Mission.5057",
        "text": "의문의 소리를 쫓아 이동"
    },
    "12005058": {
        "deprecated": false,
        "Dev_Desc": "반달스페셜_5300_2",
        "id": 12005058,
        "alias": "Contents.Quest.Mission.5058",
        "text": "침식된 짐승 처치"
    },
    "12005059": {
        "deprecated": false,
        "Dev_Desc": "반달스페셜_5300_3",
        "id": 12005059,
        "alias": "Contents.Quest.Mission.5059",
        "text": "소리의 근원지 확인"
    },
    "12005060": {
        "deprecated": false,
        "Dev_Desc": "반달스페셜_5300_4",
        "id": 12005060,
        "alias": "Contents.Quest.Mission.5060",
        "text": "문을 막은 울타리 제거"
    },
    "12005061": {
        "deprecated": false,
        "Dev_Desc": "반달스페셜_5300_5",
        "id": 12005061,
        "alias": "Contents.Quest.Mission.5061",
        "text": "와와와 대화"
    },
    "12005062": {
        "deprecated": false,
        "Dev_Desc": "반달스페셜_5300_6",
        "id": 12005062,
        "alias": "Contents.Quest.Mission.5062",
        "text": "침식된 짐승 처치"
    },
    "12005063": {
        "deprecated": false,
        "Dev_Desc": "반달스페셜_5300_7",
        "id": 12005063,
        "alias": "Contents.Quest.Mission.5063",
        "text": "수와족 거점으로 이동"
    },
    "12005064": {
        "deprecated": false,
        "Dev_Desc": "반달스페셜_5300_8",
        "id": 12005064,
        "alias": "Contents.Quest.Mission.5064",
        "text": "와와와 대화"
    },
    "12005065": {
        "deprecated": false,
        "Dev_Desc": "반달스페셜_5301_1",
        "id": 12005065,
        "alias": "Contents.Quest.Mission.5065",
        "text": "피난민 와와와 대화"
    },
    "12005066": {
        "deprecated": false,
        "Dev_Desc": "반달스페셜_5301_2",
        "id": 12005066,
        "alias": "Contents.Quest.Mission.5066",
        "text": "촌장 대와와 대화"
    },
    "12005067": {
        "deprecated": false,
        "Dev_Desc": "반달스페셜_5301_3",
        "id": 12005067,
        "alias": "Contents.Quest.Mission.5067",
        "text": "탈환 작전 개시"
    },
    "12005068": {
        "deprecated": false,
        "Dev_Desc": "반달스페셜_5301_4",
        "id": 12005068,
        "alias": "Contents.Quest.Mission.5068",
        "text": "촌장 대와와 대화"
    },
    "12005069": {
        "deprecated": false,
        "Dev_Desc": "반달스페셜_5302_1",
        "id": 12005069,
        "alias": "Contents.Quest.Mission.5069",
        "text": "골짜기 입구로 이동"
    },
    "12005070": {
        "deprecated": false,
        "Dev_Desc": "반달스페셜_5302_2",
        "id": 12005070,
        "alias": "Contents.Quest.Mission.5070",
        "text": "강철악 처치"
    },
    "12005071": {
        "deprecated": false,
        "Dev_Desc": "반달스페셜_5302_3",
        "id": 12005071,
        "alias": "Contents.Quest.Mission.5071",
        "text": "촌장 대와와 대화"
    },
    "12005072": {
        "deprecated": false,
        "Dev_Desc": "반달스페셜_5400_1",
        "id": 12005072,
        "alias": "Contents.Quest.Mission.5072",
        "text": "동동과 대화"
    },
    "12005073": {
        "deprecated": false,
        "Dev_Desc": "반달스페셜_5400_2",
        "id": 12005073,
        "alias": "Contents.Quest.Mission.5073",
        "text": "임연수의 행방 추적"
    },
    "12005074": {
        "deprecated": false,
        "Dev_Desc": "반달스페셜_5400_3",
        "id": 12005074,
        "alias": "Contents.Quest.Mission.5074",
        "text": "임연수 추궁"
    },
    "12005075": {
        "deprecated": false,
        "Dev_Desc": "반달스페셜_5400_4",
        "id": 12005075,
        "alias": "Contents.Quest.Mission.5075",
        "text": "용병 큰산 처치"
    },
    "12005076": {
        "deprecated": false,
        "Dev_Desc": "반달스페셜_5400_5",
        "id": 12005076,
        "alias": "Contents.Quest.Mission.5076",
        "text": "사호의 대화 듣기"
    },
    "12005077": {
        "deprecated": false,
        "Dev_Desc": "반달스페셜_5400_6",
        "id": 12005077,
        "alias": "Contents.Quest.Mission.5077",
        "text": "홍매화와 대화"
    },
    "12005078": {
        "deprecated": false,
        "Dev_Desc": "반달스페셜_5500_1",
        "id": 12005078,
        "alias": "Contents.Quest.Mission.5078",
        "text": "심하연과 대화"
    },
    "12005079": {
        "deprecated": false,
        "Dev_Desc": "반달스페셜_5500_2",
        "id": 12005079,
        "alias": "Contents.Quest.Mission.5079",
        "text": "사호의 연설 듣기"
    },
    "12005080": {
        "deprecated": false,
        "Dev_Desc": "반달스페셜_5500_3",
        "id": 12005080,
        "alias": "Contents.Quest.Mission.5080",
        "text": "퍼롱퍼롱과 대화"
    },
    "12005081": {
        "deprecated": false,
        "Dev_Desc": "반달스페셜_5101_4",
        "id": 12005081,
        "alias": "Contents.Quest.Mission.5081",
        "text": "치연과 대화"
    },
    "12005082": {
        "deprecated": false,
        "Dev_Desc": "반달스페셜_5302_4",
        "id": 12005082,
        "alias": "Contents.Quest.Mission.5082",
        "text": "와와와 대화"
    },
    "12005083": {
        "deprecated": false,
        "Dev_Desc": "반달스페셜_5102_9",
        "id": 12005083,
        "alias": "Contents.Quest.Mission.5083",
        "text": "심하연 기다리기"
    },
    "12005084": {
        "deprecated": false,
        "Dev_Desc": "반달스페셜_5102_7",
        "id": 12005084,
        "alias": "Contents.Quest.Mission.5084",
        "text": "버려진 기와집으로 이동"
    },
    "12005085": {
        "deprecated": false,
        "Dev_Desc": "반달스페셜_5000_2",
        "id": 12005085,
        "alias": "Contents.Quest.Mission.5085",
        "text": "건초 배치 의뢰"
    },
    "12005086": {
        "deprecated": false,
        "Dev_Desc": "반달스페셜_5102_3",
        "id": 12005086,
        "alias": "Contents.Quest.Mission.5086",
        "text": "호랑이 가죽 수집"
    }
}