{
    "12025000": {
        "deprecated": false,
        "Dev_Desc": "태록림스페셜_25000_1",
        "id": 12025000,
        "alias": "Contents.Quest.Mission.25000",
        "text": "담당자와 대화"
    },
    "12025001": {
        "deprecated": false,
        "Dev_Desc": "태록림스페셜_25000_2",
        "id": 12025001,
        "alias": "Contents.Quest.Mission.25001",
        "text": "금경철문으로 이동"
    },
    "12025002": {
        "deprecated": false,
        "Dev_Desc": "태록림스페셜_25000_3",
        "id": 12025002,
        "alias": "Contents.Quest.Mission.25002",
        "text": "장인과 대화"
    },
    "12025003": {
        "deprecated": false,
        "Dev_Desc": "태록림스페셜_25000_4",
        "id": 12025003,
        "alias": "Contents.Quest.Mission.25003",
        "text": "발발이와 거미 채집"
    },
    "12025004": {
        "deprecated": false,
        "Dev_Desc": "태록림스페셜_25000_5",
        "id": 12025004,
        "alias": "Contents.Quest.Mission.25004",
        "text": "재료 전달하기"
    },
    "12025005": {
        "deprecated": false,
        "Dev_Desc": "태록림스페셜_25000_6",
        "id": 12025005,
        "alias": "Contents.Quest.Mission.25005",
        "text": "전양원과 대화"
    },
    "12025006": {
        "deprecated": false,
        "Dev_Desc": "태록림스페셜_25001_1",
        "id": 12025006,
        "alias": "Contents.Quest.Mission.25006",
        "text": "금경철문 장인과 대화"
    },
    "12025007": {
        "deprecated": false,
        "Dev_Desc": "태록림스페셜_25001_2",
        "id": 12025007,
        "alias": "Contents.Quest.Mission.25007",
        "text": "남쪽 해안으로 이동"
    },
    "12025008": {
        "deprecated": false,
        "Dev_Desc": "태록림스페셜_25001_3",
        "id": 12025008,
        "alias": "Contents.Quest.Mission.25008",
        "text": "거미 사냥"
    },
    "12025009": {
        "deprecated": false,
        "Dev_Desc": "태록림스페셜_25001_4",
        "id": 12025009,
        "alias": "Contents.Quest.Mission.25009",
        "text": "금경철문 장인과 대화"
    },
    "12025010": {
        "deprecated": false,
        "Dev_Desc": "태록림스페셜_25002_1",
        "id": 12025010,
        "alias": "Contents.Quest.Mission.25010",
        "text": "도화상전 담당자와의 대화"
    },
    "12025011": {
        "deprecated": false,
        "Dev_Desc": "태록림스페셜_25002_2",
        "id": 12025011,
        "alias": "Contents.Quest.Mission.25011",
        "text": "사슴가죽 얻기"
    },
    "12025012": {
        "deprecated": false,
        "Dev_Desc": "태록림스페셜_25002_3",
        "id": 12025012,
        "alias": "Contents.Quest.Mission.25012",
        "text": "도화상전 담당자와의 대화"
    },
    "12025013": {
        "deprecated": false,
        "Dev_Desc": "태록림스페셜_25002_4",
        "id": 12025013,
        "alias": "Contents.Quest.Mission.25013",
        "text": "이사민과 대화"
    },
    "12025014": {
        "deprecated": false,
        "Dev_Desc": "태록림스페셜_25003_1",
        "id": 12025014,
        "alias": "Contents.Quest.Mission.25014",
        "text": "신해월과 대화"
    },
    "12025015": {
        "deprecated": false,
        "Dev_Desc": "태록림스페셜_25003_2",
        "id": 12025015,
        "alias": "Contents.Quest.Mission.25015",
        "text": "식물 주변의 적 제거"
    },
    "12025016": {
        "deprecated": false,
        "Dev_Desc": "태록림스페셜_25003_3",
        "id": 12025016,
        "alias": "Contents.Quest.Mission.25016",
        "text": "단단한 식물 줄기 채집"
    },
    "12025017": {
        "deprecated": false,
        "Dev_Desc": "태록림스페셜_25003_4",
        "id": 12025017,
        "alias": "Contents.Quest.Mission.25017",
        "text": "신해월에게 줄기 전달"
    },
    "12025018": {
        "deprecated": false,
        "Dev_Desc": "태록림스페셜_25004_1",
        "id": 12025018,
        "alias": "Contents.Quest.Mission.25018",
        "text": "이사민과 대화"
    },
    "12025019": {
        "deprecated": false,
        "Dev_Desc": "태록림스페셜_25004_2",
        "id": 12025019,
        "alias": "Contents.Quest.Mission.25019",
        "text": "곽호룡과의 대화"
    },
    "12025020": {
        "deprecated": false,
        "Dev_Desc": "태록림스페셜_25004_3",
        "id": 12025020,
        "alias": "Contents.Quest.Mission.25020",
        "text": "단단한 식물 줄기 채집"
    },
    "12025021": {
        "deprecated": false,
        "Dev_Desc": "태록림스페셜_25004_4",
        "id": 12025021,
        "alias": "Contents.Quest.Mission.25021",
        "text": "신해월에게 줄기 전달"
    },
    "12025022": {
        "deprecated": false,
        "Dev_Desc": "태록림스페셜_25004_5",
        "id": 12025022,
        "alias": "Contents.Quest.Mission.25022",
        "text": "곽호룡과의 대화"
    },
    "12025023": {
        "deprecated": false,
        "Dev_Desc": "태록림스페셜_25004_6",
        "id": 12025023,
        "alias": "Contents.Quest.Mission.25023",
        "text": "이사민과의 대화"
    },
    "12025024": {
        "deprecated": false,
        "Dev_Desc": "태록림스페셜_25005_1",
        "id": 12025024,
        "alias": "Contents.Quest.Mission.25024",
        "text": "매화단에 다가가기"
    },
    "12025025": {
        "deprecated": false,
        "Dev_Desc": "태록림스페셜_25005_2",
        "id": 12025025,
        "alias": "Contents.Quest.Mission.25025",
        "text": "수양 부대로 이동"
    },
    "12025026": {
        "deprecated": false,
        "Dev_Desc": "태록림스페셜_25005_3",
        "id": 12025026,
        "alias": "Contents.Quest.Mission.25026",
        "text": "부대원 대화 엿듣기"
    },
    "12025027": {
        "deprecated": false,
        "Dev_Desc": "태록림스페셜_25005_4",
        "id": 12025027,
        "alias": "Contents.Quest.Mission.25027",
        "text": "매화단 건자감과의 대화"
    },
    "12025028": {
        "deprecated": false,
        "Dev_Desc": "태록림스페셜_25006_1",
        "id": 12025028,
        "alias": "Contents.Quest.Mission.25028",
        "text": "곽호룡과의 대화"
    },
    "12025029": {
        "deprecated": false,
        "Dev_Desc": "태록림스페셜_25006_2",
        "id": 12025029,
        "alias": "Contents.Quest.Mission.25029",
        "text": "참석 요청하기"
    },
    "12025030": {
        "deprecated": false,
        "Dev_Desc": "태록림스페셜_25006_3",
        "id": 12025030,
        "alias": "Contents.Quest.Mission.25030",
        "text": "연회 요리 재료 얻기"
    },
    "12025031": {
        "deprecated": false,
        "Dev_Desc": "태록림스페셜_25006_4",
        "id": 12025031,
        "alias": "Contents.Quest.Mission.25031",
        "text": "곽호룡과의 대화"
    },
    "12025032": {
        "deprecated": false,
        "Dev_Desc": "태록림스페셜_25200_1",
        "id": 12025032,
        "alias": "Contents.Quest.Mission.25032",
        "text": "물가 주변 짐승 제거"
    },
    "12025033": {
        "deprecated": false,
        "Dev_Desc": "태록림스페셜_25200_2",
        "id": 12025033,
        "alias": "Contents.Quest.Mission.25033",
        "text": "원인 조사하기"
    },
    "12025034": {
        "deprecated": false,
        "Dev_Desc": "태록림스페셜_25200_3",
        "id": 12025034,
        "alias": "Contents.Quest.Mission.25034",
        "text": "퐁퐁과의 대화"
    },
    "12025035": {
        "deprecated": false,
        "Dev_Desc": "태록림스페셜_25201_1",
        "id": 12025035,
        "alias": "Contents.Quest.Mission.25035",
        "text": "곤란한 자와 대화"
    },
    "12025036": {
        "deprecated": false,
        "Dev_Desc": "태록림스페셜_25201_2",
        "id": 12025036,
        "alias": "Contents.Quest.Mission.25036",
        "text": "진흙지대로 이동"
    },
    "12025037": {
        "deprecated": false,
        "Dev_Desc": "태록림스페셜_25201_3",
        "id": 12025037,
        "alias": "Contents.Quest.Mission.25037",
        "text": "순찰대원과 대화"
    },
    "12025038": {
        "deprecated": false,
        "Dev_Desc": "태록림스페셜_25201_4",
        "id": 12025038,
        "alias": "Contents.Quest.Mission.25038",
        "text": "안쪽에서 찾기"
    },
    "12025039": {
        "deprecated": false,
        "Dev_Desc": "태록림스페셜_25201_5",
        "id": 12025039,
        "alias": "Contents.Quest.Mission.25039",
        "text": "다도연씨와 대화"
    },
    "12025040": {
        "deprecated": false,
        "Dev_Desc": "태록림스페셜_25201_6",
        "id": 12025040,
        "alias": "Contents.Quest.Mission.25040",
        "text": "악어 처치"
    },
    "12025041": {
        "deprecated": false,
        "Dev_Desc": "태록림스페셜_25201_7",
        "id": 12025041,
        "alias": "Contents.Quest.Mission.25041",
        "text": "다도연씨와 대화"
    },
    "12025042": {
        "deprecated": false,
        "Dev_Desc": "태록림스페셜_25202_1",
        "id": 12025042,
        "alias": "Contents.Quest.Mission.25042",
        "text": "비탈길의 위협 제거"
    },
    "12025043": {
        "deprecated": false,
        "Dev_Desc": "태록림스페셜_25202_2",
        "id": 12025043,
        "alias": "Contents.Quest.Mission.25043",
        "text": "위험한 장소 확인"
    },
    "12025044": {
        "deprecated": false,
        "Dev_Desc": "태록림스페셜_25202_3",
        "id": 12025044,
        "alias": "Contents.Quest.Mission.25044",
        "text": "묘면족 처치"
    },
    "12025045": {
        "deprecated": false,
        "Dev_Desc": "태록림스페셜_25202_4",
        "id": 12025045,
        "alias": "Contents.Quest.Mission.25045",
        "text": "이율경과 대화"
    },
    "12025046": {
        "deprecated": false,
        "Dev_Desc": "태록림스페셜_25203_1",
        "id": 12025046,
        "alias": "Contents.Quest.Mission.25046",
        "text": "거미 몰아내기"
    },
    "12025047": {
        "deprecated": false,
        "Dev_Desc": "태록림스페셜_25203_2",
        "id": 12025047,
        "alias": "Contents.Quest.Mission.25047",
        "text": "영역 표시 제거"
    },
    "12025048": {
        "deprecated": false,
        "Dev_Desc": "태록림스페셜_25203_3",
        "id": 12025048,
        "alias": "Contents.Quest.Mission.25048",
        "text": "와키키와 대화"
    },
    "12025049": {
        "deprecated": false,
        "Dev_Desc": "태록림스페셜_25204_2",
        "id": 12025049,
        "alias": "Contents.Quest.Mission.25049",
        "text": "주변의 적 제거"
    },
    "12025050": {
        "deprecated": false,
        "Dev_Desc": "태록림스페셜_25204_1",
        "id": 12025050,
        "alias": "Contents.Quest.Mission.25050",
        "text": "다른 장소로 이동"
    },
    "12025051": {
        "deprecated": false,
        "Dev_Desc": "태록림스페셜_25204_3",
        "id": 12025051,
        "alias": "Contents.Quest.Mission.25051",
        "text": "박대비와 대화"
    },
    "12025052": {
        "deprecated": false,
        "Dev_Desc": "태록림스페셜_25007_1",
        "id": 12025052,
        "alias": "Contents.Quest.Mission.25052",
        "text": "건자감과 대화"
    },
    "12025053": {
        "deprecated": false,
        "Dev_Desc": "태록림스페셜_25007_2",
        "id": 12025053,
        "alias": "Contents.Quest.Mission.25053",
        "text": "해변의 위협 처치"
    },
    "12025054": {
        "deprecated": false,
        "Dev_Desc": "태록림스페셜_25007_3",
        "id": 12025054,
        "alias": "Contents.Quest.Mission.25054",
        "text": "건자감과 대화"
    },
    "12025055": {
        "deprecated": false,
        "Dev_Desc": "태록림스페셜_25007_4",
        "id": 12025055,
        "alias": "Contents.Quest.Mission.25055",
        "text": "창도단 증거 수집"
    },
    "12025056": {
        "deprecated": false,
        "Dev_Desc": "태록림스페셜_25008_1",
        "id": 12025056,
        "alias": "Contents.Quest.Mission.25056",
        "text": "건자감과 대화"
    },
    "12025057": {
        "deprecated": false,
        "Dev_Desc": "태록림스페셜_25008_2",
        "id": 12025057,
        "alias": "Contents.Quest.Mission.25057",
        "text": "난파선으로 이동"
    },
    "12025058": {
        "deprecated": false,
        "Dev_Desc": "태록림스페셜_25008_3",
        "id": 12025058,
        "alias": "Contents.Quest.Mission.25058",
        "text": "주변 위협 처치"
    },
    "12025059": {
        "deprecated": false,
        "Dev_Desc": "태록림스페셜_25008_4",
        "id": 12025059,
        "alias": "Contents.Quest.Mission.25059",
        "text": "건자감과 대화"
    },
    "12025060": {
        "deprecated": false,
        "Dev_Desc": "태록림스페셜_25008_5",
        "id": 12025060,
        "alias": "Contents.Quest.Mission.25060",
        "text": "순누비와 대화"
    },
    "12025061": {
        "deprecated": false,
        "Dev_Desc": "태록림스페셜_25003_3",
        "id": 12025061,
        "alias": "Contents.Quest.Mission.25061",
        "text": "근처에 있는 줄기 채집"
    },
    "12025062": {
        "deprecated": false,
        "Dev_Desc": "태록림스페셜_25003_4",
        "id": 12025062,
        "alias": "Contents.Quest.Mission.25062",
        "text": "좀 떨어진 곳의 줄기 채집"
    },
    "12025063": {
        "deprecated": false,
        "Dev_Desc": "태록림스페셜_25004_3",
        "id": 12025063,
        "alias": "Contents.Quest.Mission.25063",
        "text": "근처에 있는 줄기 채집"
    },
    "12025064": {
        "deprecated": false,
        "Dev_Desc": "태록림스페셜_25004_4",
        "id": 12025064,
        "alias": "Contents.Quest.Mission.25064",
        "text": "좀 떨어진 곳의 줄기 채집"
    },
    "12025065": {
        "deprecated": false,
        "Dev_Desc": "태록림스페셜_25004_3",
        "id": 12025065,
        "alias": "Contents.Quest.Mission.25065",
        "text": "식물 주변의 적 제거"
    }
}