{
    "41000000": {
        "deprecated": false,
        "Dev_Desc": "화자: PC",
        "id": 41000000,
        "alias": "Contents.Quest.Guide.1000000",
        "text": "아차!! 떨어졌네.. 다시 건너가 보자!!"
    },
    "41000001": {
        "deprecated": false,
        "Dev_Desc": "화자: PC",
        "id": 41000001,
        "alias": "Contents.Quest.Guide.1000001",
        "text": "아차!! 실수했네.. 점프로 다시 건너가 보자!!"
    },
    "41000051": {
        "deprecated": false,
        "Dev_Desc": "화자: PC",
        "id": 41000051,
        "alias": "Contents.Quest.Guide.1000051",
        "text": "(해수의 흔적을 찾아보자!)"
    },
    "41000102": {
        "deprecated": false,
        "Dev_Desc": "화자: PC",
        "id": 41000102,
        "alias": "Contents.Quest.Guide.1000052",
        "text": "(해수의 흔적을 찾아보자!)"
    },
    "41000153": {
        "deprecated": false,
        "Dev_Desc": "화자: PC",
        "id": 41000153,
        "alias": "Contents.Quest.Guide.1000053",
        "text": "(해수의 흔적을 찾아보자!)"
    },
    "41000204": {
        "deprecated": false,
        "Dev_Desc": "화자: PC",
        "id": 41000204,
        "alias": "Contents.Quest.Guide.1000054",
        "text": "(해수의 흔적을 찾아보자!)"
    },
    "41000255": {
        "deprecated": false,
        "Dev_Desc": "화자: PC",
        "id": 41000255,
        "alias": "Contents.Quest.Guide.1000055",
        "text": "(해수의 흔적을 찾아보자!)"
    },
    "41000306": {
        "deprecated": false,
        "Dev_Desc": "화자: PC",
        "id": 41000306,
        "alias": "Contents.Quest.Guide.1000056",
        "text": "(해수의 흔적을 찾아보자!)"
    },
    "41000357": {
        "deprecated": false,
        "Dev_Desc": "화자: PC",
        "id": 41000357,
        "alias": "Contents.Quest.Guide.1000057",
        "text": "(해수의 흔적을 찾아보자!)"
    },
    "41000408": {
        "deprecated": false,
        "Dev_Desc": "화자: PC",
        "id": 41000408,
        "alias": "Contents.Quest.Guide.1000058",
        "text": "(해수의 흔적을 찾아보자!)"
    },
    "41000459": {
        "deprecated": false,
        "Dev_Desc": "화자: PC",
        "id": 41000459,
        "alias": "Contents.Quest.Guide.1000059",
        "text": "(해수의 흔적을 찾아보자!)"
    },
    "41000510": {
        "deprecated": false,
        "Dev_Desc": "화자: PC",
        "id": 41000510,
        "alias": "Contents.Quest.Guide.1000060",
        "text": "(해수의 흔적을 찾아보자!)"
    },
    "41000561": {
        "deprecated": false,
        "Dev_Desc": "화자: PC",
        "id": 41000561,
        "alias": "Contents.Quest.Guide.1000061",
        "text": "(해수의 흔적을 찾아보자!)"
    },
    "41000612": {
        "deprecated": false,
        "Dev_Desc": "화자: PC",
        "id": 41000612,
        "alias": "Contents.Quest.Guide.1000062",
        "text": "(해수의 흔적을 찾아보자!)"
    },
    "41000663": {
        "deprecated": false,
        "Dev_Desc": "화자: PC",
        "id": 41000663,
        "alias": "Contents.Quest.Guide.1000063",
        "text": "(해수의 흔적을 찾아보자!)"
    },
    "41000714": {
        "deprecated": false,
        "Dev_Desc": "화자: PC",
        "id": 41000714,
        "alias": "Contents.Quest.Guide.1000064",
        "text": "(해수의 흔적을 찾아보자!)"
    },
    "41000765": {
        "deprecated": false,
        "Dev_Desc": "화자: PC",
        "id": 41000765,
        "alias": "Contents.Quest.Guide.1000065",
        "text": "(해수의 흔적을 찾아보자!)"
    },
    "41000816": {
        "deprecated": false,
        "Dev_Desc": "화자: PC",
        "id": 41000816,
        "alias": "Contents.Quest.Guide.1000151",
        "text": "(해수를 처치했다!)"
    },
    "41000867": {
        "deprecated": false,
        "Dev_Desc": "화자: PC",
        "id": 41000867,
        "alias": "Contents.Quest.Guide.1000152",
        "text": "(해수를 처치했다!)"
    },
    "41000918": {
        "deprecated": false,
        "Dev_Desc": "화자: PC",
        "id": 41000918,
        "alias": "Contents.Quest.Guide.1000153",
        "text": "(해수를 처치했다!)"
    },
    "41000969": {
        "deprecated": false,
        "Dev_Desc": "화자: PC",
        "id": 41000969,
        "alias": "Contents.Quest.Guide.1000154",
        "text": "(해수를 처치했다!)"
    },
    "41001020": {
        "deprecated": false,
        "Dev_Desc": "화자: PC",
        "id": 41001020,
        "alias": "Contents.Quest.Guide.1000155",
        "text": "(해수를 처치했다!)"
    },
    "41001071": {
        "deprecated": false,
        "Dev_Desc": "화자: PC",
        "id": 41001071,
        "alias": "Contents.Quest.Guide.1000156",
        "text": "(해수를 처치했다! \n근데 추수갓은 여기 없는 것 같은데?)"
    },
    "41001122": {
        "deprecated": false,
        "Dev_Desc": "화자: PC",
        "id": 41001122,
        "alias": "Contents.Quest.Guide.1000157",
        "text": "(해수를 처치했다! \n근데 추수갓은 여기 없는 것 같은데?)"
    },
    "41001173": {
        "deprecated": false,
        "Dev_Desc": "화자: PC",
        "id": 41001173,
        "alias": "Contents.Quest.Guide.1000158",
        "text": "(해수를 처치했다! \n근데 추수갓은 여기 없는 것 같은데?)"
    },
    "41001224": {
        "deprecated": false,
        "Dev_Desc": "화자: PC",
        "id": 41001224,
        "alias": "Contents.Quest.Guide.1000159",
        "text": "(해수를 처치했다! \n근데 우두둑이 사라진 것 같은데?)"
    },
    "41001275": {
        "deprecated": false,
        "Dev_Desc": "화자: PC",
        "id": 41001275,
        "alias": "Contents.Quest.Guide.1000160",
        "text": "(해수를 처치했다!\n근데 추수갓은 대체 어디에…?)"
    },
    "41001326": {
        "deprecated": false,
        "Dev_Desc": "화자: PC",
        "id": 41001326,
        "alias": "Contents.Quest.Guide.1000161",
        "text": "(해수를 처치했다!)"
    },
    "41001377": {
        "deprecated": false,
        "Dev_Desc": "화자: PC",
        "id": 41001377,
        "alias": "Contents.Quest.Guide.1000162",
        "text": "(해수를 처치했다!)"
    },
    "41001428": {
        "deprecated": false,
        "Dev_Desc": "화자: PC",
        "id": 41001428,
        "alias": "Contents.Quest.Guide.1000163",
        "text": "(해수를 처치했다!)"
    },
    "41001479": {
        "deprecated": false,
        "Dev_Desc": "화자: PC",
        "id": 41001479,
        "alias": "Contents.Quest.Guide.1000164",
        "text": "(해수 원정대가 회포를 풀게 해주자~)"
    },
    "41001530": {
        "deprecated": false,
        "Dev_Desc": "화자: PC",
        "id": 41001530,
        "alias": "Contents.Quest.Guide.1000165",
        "text": "(해수를 처치했다!)"
    },
    "41000256": {
        "deprecated": false,
        "Dev_Desc": "화자: PC",
        "id": 41000256,
        "alias": "Contents.Quest.Guide.1000050",
        "text": "(해수를 처치했다!)"
    },
    "46000000": {
        "deprecated": false,
        "Dev_Desc": "튜토리얼_독초거사",
        "id": 46000000,
        "alias": "Contents.Quest.Guide.6000000",
        "text": "독초거사"
    },
    "46000001": {
        "deprecated": false,
        "Dev_Desc": "튜토리얼_독초거사",
        "id": 46000001,
        "alias": "Contents.Quest.Guide.6000001",
        "text": "이곳의 연잎인간은\n매우 공격적이니 조심하거라."
    },
    "46000002": {
        "deprecated": false,
        "Dev_Desc": "튜토리얼_독초거사",
        "id": 46000002,
        "alias": "Contents.Quest.Guide.6000002",
        "text": "어허! 조심하거라!\n호수가 있지 않느냐."
    },
    "46000003": {
        "deprecated": false,
        "Dev_Desc": "튜토리얼_독초거사",
        "id": 46000003,
        "alias": "Contents.Quest.Guide.6000003",
        "text": "행여 물에 빠지기라도 하면\n빠르게 움직일 수 없느니라."
    },
    "46000004": {
        "deprecated": false,
        "Dev_Desc": "튜토리얼_독초거사",
        "id": 46000004,
        "alias": "Contents.Quest.Guide.6000004",
        "text": "물론 상승경공을 익히면\n물에 빠져도 걱정 없겠지만 말이다~"
    },
    "46000005": {
        "deprecated": false,
        "Dev_Desc": "튜토리얼_독초거사",
        "id": 46000005,
        "alias": "Contents.Quest.Guide.6000005",
        "text": "지금이다!\n질주와 활루를 사용해 보거라!"
    }
}