{
    "14000000": {
        "deprecated": false,
        "Dev_Desc": "칙령_다미르수호령_칙령이름",
        "id": 14000000,
        "alias": "RoyalOrder.Name.4000000",
        "text": "다미르 수호령"
    },
    "14000001": {
        "deprecated": false,
        "Dev_Desc": "칙령_다미르수호령_칙령Desc",
        "id": 14000001,
        "alias": "RoyalOrder.Goal.4000000",
        "text": "알테 세력권의 다미르 특별령을 수호하라!"
    },
    "14000002": {
        "deprecated": false,
        "Dev_Desc": "칙령_다미르수호령_칙령Desc",
        "id": 14000002,
        "alias": "RoyalOrder.4000000.MissionDesc.1",
        "text": "고운모래 해변의 위협 제거"
    },
    "14000003": {
        "deprecated": false,
        "Dev_Desc": "칙령_다미르수호령_칙령Desc",
        "id": 14000003,
        "alias": "RoyalOrder.4000000.MissionDesc.1.1",
        "text": "부두 노동자 처치"
    },
    "14000004": {
        "deprecated": false,
        "Dev_Desc": "칙령_다미르수호령_칙령Desc",
        "id": 14000004,
        "alias": "RoyalOrder.4000000.MissionDesc.1.2",
        "text": "모래해변 거북 처치"
    },
    "14000005": {
        "deprecated": false,
        "Dev_Desc": "칙령_다미르수호령_칙령Desc",
        "id": 14000005,
        "alias": "RoyalOrder.4000000.MissionDesc.1.3",
        "text": "단단한 프로고 처치"
    },
    "14000006": {
        "deprecated": false,
        "Dev_Desc": "칙령_다미르수호령_칙령Desc",
        "id": 14000006,
        "alias": "RoyalOrder.4000000.MissionDesc.2",
        "text": "낮은 야자수 밭의 위협 제거"
    },
    "14000007": {
        "deprecated": false,
        "Dev_Desc": "칙령_다미르수호령_칙령Desc",
        "id": 14000007,
        "alias": "RoyalOrder.4000000.MissionDesc.2.1",
        "text": "낮은 야자수 밭 생물 처치"
    },
    "14000008": {
        "deprecated": false,
        "Dev_Desc": "칙령_다미르수호령_칙령Desc",
        "id": 14000008,
        "alias": "RoyalOrder.4000000.MissionDesc.2.2",
        "text": "장난꾸러기 앙키 처치"
    },
    "14000009": {
        "deprecated": false,
        "Dev_Desc": "칙령_다미르수호령_칙령Desc",
        "id": 14000009,
        "alias": "RoyalOrder.4000000.MissionDesc.3",
        "text": "다미르 약탈자 섬멸"
    },
    "14000010": {
        "deprecated": false,
        "Dev_Desc": "칙령_다미르수호령_칙령Desc",
        "id": 14000010,
        "alias": "RoyalOrder.4000000.MissionDesc.3.1",
        "text": "마차 주변의 약탈자 처치"
    },
    "14000011": {
        "deprecated": false,
        "Dev_Desc": "칙령_다미르수호령_칙령Desc",
        "id": 14000011,
        "alias": "RoyalOrder.4000000.MissionDesc.3.2",
        "text": "은거지의 약탈자 처치"
    },
    "14000012": {
        "deprecated": false,
        "Dev_Desc": "칙령_다미르수호령_칙령Desc",
        "id": 14000012,
        "alias": "RoyalOrder.4000000.MissionDesc.3.3",
        "text": "창고의 약탈자 처치"
    },
    "14000013": {
        "deprecated": false,
        "Dev_Desc": "칙령_다미르수호령_칙령Desc",
        "id": 14000013,
        "alias": "RoyalOrder.4000000.MissionDesc.4",
        "text": "바위 언덕의 위협 제거"
    },
    "14000014": {
        "deprecated": false,
        "Dev_Desc": "칙령_다미르수호령_칙령Desc",
        "id": 14000014,
        "alias": "RoyalOrder.4000000.MissionDesc.4.1",
        "text": "성난 동물 처치"
    },
    "14000015": {
        "deprecated": false,
        "Dev_Desc": "칙령_다미르수호령_칙령Desc",
        "id": 14000015,
        "alias": "RoyalOrder.4000000.MissionDesc.4.2",
        "text": "싸이클롭스 처치"
    },
    "14000016": {
        "deprecated": false,
        "Dev_Desc": "칙령_다미르수호령_칙령Desc",
        "id": 14000016,
        "alias": "RoyalOrder.4000000.MissionDesc.4.3",
        "text": "언덕의 눈 이가스 처치"
    },
    "14000017": {
        "deprecated": false,
        "Dev_Desc": "칙령_다미르수호령_칙령Desc",
        "id": 14000017,
        "alias": "RoyalOrder.4000000.MissionDesc.5",
        "text": "알테 세력권의 강력한 존재 섬멸"
    },
    "14000018": {
        "deprecated": false,
        "Dev_Desc": "칙령_다미르수호령_칙령Desc",
        "id": 14000018,
        "alias": "RoyalOrder.4000000.MissionDesc.5.1",
        "text": "용암갑주 리오리노 처치"
    },
    "14000019": {
        "deprecated": false,
        "Dev_Desc": "칙령_다미르수호령_칙령Desc",
        "id": 14000019,
        "alias": "RoyalOrder.4000000.MissionDesc.5.2",
        "text": "호청 삼색거와 처치"
    },
    "14000020": {
        "deprecated": false,
        "Dev_Desc": "칙령_다미르수호령_칙령Desc",
        "id": 14000020,
        "alias": "RoyalOrder.4000000.MissionDesc.5.3",
        "text": "초극현검 백화렴 처치"
    },
    "14000021": {
        "deprecated": false,
        "Dev_Desc": "칙령_다미르수호령_칙령Desc",
        "id": 14000021,
        "alias": "RoyalOrder.4000000.MissionDesc.5.4",
        "text": "버려진 출정자 아리스 처치"
    },
    "14000022": {
        "deprecated": false,
        "Dev_Desc": "칙령_다미르수호령_칙령Desc",
        "id": 14000022,
        "alias": "RoyalOrder.4000000.MissionDesc.5.5",
        "text": "무쇠턱 강철악 처치"
    },
    "14000023": {
        "deprecated": false,
        "Dev_Desc": "칙령_반달호수_칙령이름",
        "id": 14000023,
        "alias": "RoyalOrder.Name.4000001",
        "text": "반달 호수 칙령"
    },
    "14000024": {
        "deprecated": false,
        "Dev_Desc": "칙령_반달호수_칙령Desc",
        "id": 14000024,
        "alias": "RoyalOrder.Goal.4000001",
        "text": "반달호수를 수호하라!"
    },
    "14000025": {
        "deprecated": false,
        "Dev_Desc": "칙령_반달호수_칙령Desc",
        "id": 14000025,
        "alias": "RoyalOrder.4000001.MissionDesc.1",
        "text": "신대어방 총타 주변의 위협 제거"
    },
    "14000026": {
        "deprecated": false,
        "Dev_Desc": "칙령_반달호수_칙령Desc",
        "id": 14000026,
        "alias": "RoyalOrder.4000001.MissionDesc.1.1",
        "text": "도둑도치 처치"
    }
}