{
    "18100000": {
        "deprecated": false,
        "Dev_Desc": "협행_반달_맛 좋은 열매",
        "id": 18100000,
        "alias": "Contents.Quest.Desc.2000000",
        "text": "도둑도치들이 머리에 달고 있는 것들을 보셨나요? \n열매, 꽃게, 생선 등 별미 중 별미죠. 수요층이 꽤 많아 활발히 거래되고 있습니다. 그것들을 모아주신다면 합당한 보상을 드리겠습니다."
    },
    "18100001": {
        "deprecated": false,
        "Dev_Desc": "협행_반달_도치도치 대소동",
        "id": 18100001,
        "alias": "Contents.Quest.Desc.2000001",
        "text": "이놈의 도치들 때문에 아주 골머리를 앓고 있습니다. 아, 글쎄 미끼로 쓸 지렁이들이 씨가 마르고 있다니까요.\n도치들을 좀 쫓아주시면 사례를 해드리겠습니다."
    },
    "18100002": {
        "deprecated": false,
        "Dev_Desc": "협행_반달_도치가 숨겨놓은 반짝이!",
        "id": 18100002,
        "alias": "Contents.Quest.Desc.2000002",
        "text": "저번에 한 도치가 반짝이를 들고 가는 걸 봤다냥! 분명히 행운을 가져다주는 물건일 거다냥!\n하나 구해다주면 좋은 물건을 주겠다냥!"
    },
    "18100003": {
        "deprecated": false,
        "Dev_Desc": "협행_반달_흔들리는 연잎 속에서…",
        "id": 18100003,
        "alias": "Contents.Quest.Desc.2000003",
        "text": "흔들리는 연잎 속에서 너의 창포향이 느껴진거야~\n아, 죄송합니다. 시상이 머리에 떠올라서요.\n별 건 아닙니다. 연잎 조각을 좀 구해주세요.\n                               - 풍류 시인 연금준 - "
    },
    "18100004": {
        "deprecated": false,
        "Dev_Desc": "협행_반달_움직이는 연잎",
        "id": 18100004,
        "alias": "Contents.Quest.Desc.2000004",
        "text": "연잎 인간을 좀 처치해주세요. 호숫가를 지나다 기척도 없이 툭툭 튀어나오는 연잎 인간 때문에 자지러지게 놀라 주저앉은 적이 한두 번이 아니라니까요.\n꼭 좀 부탁드립니다. 이러다 제 명에 못살겠어요."
    },
    "18100005": {
        "deprecated": false,
        "Dev_Desc": "협행_반달_우산을 만들 수 있어",
        "id": 18100005,
        "alias": "Contents.Quest.Desc.2000005",
        "text": "연잎인간을 보고 아주 좋은 사업 발상이 떠올랐어요. 저 커다란 연잎으로 우산을 만들어 보는거예요. 어때요? 굉장하죠? 하하. \n온전한 연잎을 구해주세요!"
    },
    "18100006": {
        "deprecated": false,
        "Dev_Desc": "협행_반달_시궁창의 주인들",
        "id": 18100006,
        "alias": "Contents.Quest.Desc.2000006",
        "text": "썩은 벌목지에서 어느 정도 목재를 구해보려했는데 안되겠소. 서인족들이 드글드글하니 접근조차 쉽지 않소.\n처치하면 수양의 이름으로 꼭 보상하리다."
    },
    "18100007": {
        "deprecated": false,
        "Dev_Desc": "협행_반달_냄새의 원인",
        "id": 18100007,
        "alias": "Contents.Quest.Desc.2000007",
        "text": "이게... 바다에서 바람이 불어오는가 봅니다. 분명 항구에 가까운데 냄새는 우리 대어방으로 다 옵니다! 이런 젠장! \n냄새의 근원인 빌어먹을 서인족을 처치해주시면 꼭 사례하겠습니다."
    },
    "18100008": {
        "deprecated": false,
        "Dev_Desc": "협행_반달_서인족의 무기 연구",
        "id": 18100008,
        "alias": "Contents.Quest.Desc.2000008",
        "text": "이 미천한 것들의 무기를 연구해서 뭐가 있을 까 싶다만... 하라면 해야지 어쩌겠나. 인생이 다 그렇지 않은가? \n서인족 무기 몇 개를 구해주게. 그리하면 합당한 보상을 주겠네."
    },
    "18100009": {
        "deprecated": false,
        "Dev_Desc": "협행_반달_단단한 껍질은 유용해",
        "id": 18100009,
        "alias": "Contents.Quest.Desc.2000009",
        "text": "호수거북의 단단한 껍질은 여러 용도로 사용할 수 있지. 그래서 말인데 온전한 거북이 등딱지를 몇 개 구해주게.\n사례는 잊지 않겠네."
    },
    "18100010": {
        "deprecated": false,
        "Dev_Desc": "협행_반달_거북이는 죄가 없다냥!",
        "id": 18100010,
        "alias": "Contents.Quest.Desc.2000010",
        "text": "거북이가 난폭해지는 건 다 인간들이 쓰레기를 버려서다냥! 죄 없는 거북이한테 너무 뭐라하지 말라냥!\n착한 모험가가 거북호의 쓰레기를 좀 치워달라냥! 부탁이다냥!"
    },
    "18100011": {
        "deprecated": false,
        "Dev_Desc": "협행_반달_거북이는 죄가 있어",
        "id": 18100011,
        "alias": "Contents.Quest.Desc.2000011",
        "text": "거북이가 난폭해져서 거북호의 물고기가 씨가 마르고 있습니다. 저희의 돈줄, 아, 생업이 달려있습니다.\n호수거북 좀 쫓아내 주시면 꼭 사례하겠습니다."
    },
    "18100012": {
        "deprecated": false,
        "Dev_Desc": "협행_반달_유적지를 지켜달라냥!",
        "id": 18100012,
        "alias": "Contents.Quest.Desc.2000012",
        "text": "아직 조사하지 못한 것들이 너무 많다냥... 그런데 저 괴생명체들이 유적지 근처를 배회하고 있다냥!\n모험가가 저것들을 처치해달라냥!\n                           - 개척바롱단 네이냥 - "
    },
    "18100013": {
        "deprecated": false,
        "Dev_Desc": "협행_반달_움직이는 바위다냥!",
        "id": 18100013,
        "alias": "Contents.Quest.Desc.2000013",
        "text": "뭔가 익숙한 느낌이 난다냥. \n어디서 만난 적은 없지만서도 그렇다냥. \n우리가 조사를 할 수 있게 도와달라냥! \n그렇해주면 모험가에게 보상을 주겠다냥!"
    },
    "18100014": {
        "deprecated": false,
        "Dev_Desc": "협행_반달_신비한 부스러기",
        "id": 18100014,
        "alias": "Contents.Quest.Desc.2000014",
        "text": "유적지 근처에서 희귀한 물질이 발견된다고 하는군.\n움직이는 돌덩이들이 있다고 하는데 그것들의 부스러기인가보네. 모험가라면 충분히 구해줄 수 있겠지?"
    },
    "18100015": {
        "deprecated": false,
        "Dev_Desc": "협행_반달_불마의 존재(1)",
        "id": 18100015,
        "alias": "Contents.Quest.Desc.2000015",
        "text": "공허의 구덩이는 우리 에레다가 가장 주목하고 있는 곳이네. 예전에 큰 참사도 있었던 곳인 만큼 특별히 신경을 쓰고 있지.\n이곳에서 불마자 처치를 도와주게."
    },
    "18100016": {
        "deprecated": false,
        "Dev_Desc": "협행_반달_강력한 적",
        "id": 18100016,
        "alias": "Contents.Quest.Desc.2000016",
        "text": "균열에서 쏟아져 나오는 것들 중 일부 녀석들은 불마자들과는 차원이 다른 강함을 자랑하네.\n구덩이에서 그 녀석들을 쓰러뜨려 에레다를 도와주게!"
    },
    "18100017": {
        "deprecated": false,
        "Dev_Desc": "협행_반달_균열의 흔적",
        "id": 18100017,
        "alias": "Contents.Quest.Desc.2000017",
        "text": "제 이름은 김규녈! 균열광이죠. 후후.\n다른 게 아니라 불마자들에게서 균열의 흔적을 수집해 주시면 꼭 사례를 하겠습니다. \n제 힘으로는 무리거든요! 하하. 부탁드립니다!\n                          - 균열 연구가 김규녈 -"
    },
    "18100018": {
        "deprecated": false,
        "Dev_Desc": "협행_반달_목초지의 골칫거리",
        "id": 18100018,
        "alias": "Contents.Quest.Desc.2000018",
        "text": "목초지의 사묘정들 때문에 목장의 양들이 너무 놀라 쓰러지는 일들이 벌어지고 있습니다. \n불쌍한 양들... 모험가님께서 귀여운 양들을 위해서라도 좀 도와주십쇼!"
    },
    "18100019": {
        "deprecated": false,
        "Dev_Desc": "협행_반달_의외의 약재, 첫번째",
        "id": 18100019,
        "alias": "Contents.Quest.Desc.2000019",
        "text": "해월대륙에서 발견되는 풍토병에 쓸 약재가 필요하네. 사묘정의 잎이 효과가 좋다는 보고가 있네.\n모험가라면 충분히 구해줄 수 있을거라 믿네."
    },
    "18100020": {
        "deprecated": false,
        "Dev_Desc": "협행_반달_의외의 약재, 두번째",
        "id": 18100020,
        "alias": "Contents.Quest.Desc.2000020",
        "text": "구관이 명관이라고 늘 곁에 두고 사용했던 약재가 좀 필요하네. 목초지 근처에서 쉽게 구할 수 있는 것이니 어렵지 않을 걸세.\n구해다주면 합당한 보상을 주겠네."
    },
    "18100021": {
        "deprecated": false,
        "Dev_Desc": "협행_반달_붉은 염료가 필요해",
        "id": 18100021,
        "alias": "Contents.Quest.Desc.2000021",
        "text": "붉은 발발이의 풀은 아주 고운 색을 낼 수 있어요.\n근데 발발이가 워낙 사나워서 저희는 쉽게 구할 수가 없네요.\n모험가님께서 구해주실 수 있을까요?"
    },
    "18100022": {
        "deprecated": false,
        "Dev_Desc": "협행_반달_황금 염료가 필요해",
        "id": 18100022,
        "alias": "Contents.Quest.Desc.2000022",
        "text": "황금 발발이의 풀은 구하기 무척 까다롭죠.\n그래서 항상 수요가 넘치는 인기 품목이랍니다.\n구해주신다면 사례는 꼭 하겠습니다."
    },
    "18100023": {
        "deprecated": false,
        "Dev_Desc": "협행_반달_잃어버린 비법서",
        "id": 18100023,
        "alias": "Contents.Quest.Desc.2000023",
        "text": "목초지를 지나다가 비법서를 잃어버렸다냥...\n몇 번이고 가봤는데 못 찾았다냥...\n꼭 좀 찾아달라냥... 흑..."
    },
    "18100024": {
        "deprecated": false,
        "Dev_Desc": "협행_반달_피의 복수",
        "id": 18100024,
        "alias": "Contents.Quest.Desc.2000024",
        "text": "우리 단원들이 창도단 놈들에게 당했다고 하는군. 떼거지로 달려든 모양이야. \n그래서 말인데 창도단 놈들에게 피의 복수를 좀 해줄 수 있겠나? 사례는 섭섭치 않게 하겠네."
    },
    "18100025": {
        "deprecated": false,
        "Dev_Desc": "협행_반달_익숙하면서 다른 무기",
        "id": 18100025,
        "alias": "Contents.Quest.Desc.2000025",
        "text": "창도단의 무기는 조금 새로운 방식으로 제작된 것 같네. 분명히 우리 동방대륙의 기술이 포함되어있는데 뭔가 조금 다르네. \n더 자세히 보고 싶은데 자네가 좀 구해줄 수 있겠나."
    },
    "18100026": {
        "deprecated": false,
        "Dev_Desc": "협행_반달_의외의 유행품",
        "id": 18100026,
        "alias": "Contents.Quest.Desc.2000026",
        "text": "요즘 사람들 사이에서 의외로 유행하는 물건이 있어요. 바로 창도단의 장신구예요. 우리 도화상전이 이걸 놓칠 수 없죠! \n모험가님께서 구해주시면 합당한 보상을 드리겠어요."
    },
    "18100027": {
        "deprecated": false,
        "Dev_Desc": "협행_반달_도적단을 소탕하라",
        "id": 18100027,
        "alias": "Contents.Quest.Desc.2000027",
        "text": "창도단 녀석들... 오냐오냐 하니까 저희의 영역을 넘보는 것 같습니다. \n따끔하게 혼을 내줘야겠습니다. 아주 따아~끔하게 말입니다. 사례는 톡톡히 하겠습니다."
    },
    "18100028": {
        "deprecated": false,
        "Dev_Desc": "협행_반달_곰과 늑대의 시간",
        "id": 18100028,
        "alias": "Contents.Quest.Desc.2000028",
        "text": "돌 언덕 구릉지의 곰과 호랑이 때문에 주민들이 공포에 떨고 있습니다. 그 녀석들을 쫓아내주시면 사례하겠습니다.\n아, 잿빛바람님 몰래 진행해주십시오. 그 분께서 아시면 필시 화부터 내실 테니까요."
    },
    "18100029": {
        "deprecated": false,
        "Dev_Desc": "협행_반달_덧가죽을 구해줘",
        "id": 18100029,
        "alias": "Contents.Quest.Desc.2000029",
        "text": "동물 가죽은 어디에든 유용하게 사용할 수 있지.\n그런 의미에서 돌 언덕 구릉지의 곰과 호랑이에게서 온전한 가죽을 좀 모아주게. \n합당한 대가는 지불하겠네."
    },
    "18100030": {
        "deprecated": false,
        "Dev_Desc": "협행_반달_잃어버린 짐을 찾습니다",
        "id": 18100030,
        "alias": "Contents.Quest.Desc.2000030",
        "text": "돌 언덕 구릉지의 짐승들에게 쫓겨 봇짐을 잃어버리고 말았습니다. 저희도 짐을 그만 잃어버리고 싶은데 무서운 걸 어떡합니까... \n찾아주시면 꼭 답례하겠습니다."
    },
    "18100031": {
        "deprecated": false,
        "Dev_Desc": "협행_반달_행인 보호 임무",
        "id": 18100031,
        "alias": "Contents.Quest.Desc.2000031",
        "text": "숲길은 예로부터 주민들의 쉼터이자 산책로로 많이 사용됐었는데, 지금은 골칫 거리 정령들 때문에 사정이 좋지 않습니다. \n모험가님께서 주민들에게 숲길을 되찾아주세요."
    },
    "18100032": {
        "deprecated": false,
        "Dev_Desc": "협행_반달_흘리고 온 봇짐",
        "id": 18100032,
        "alias": "Contents.Quest.Desc.2000032",
        "text": "숲길을 통과하던 중 갑자기 나타난 수목 정령을 피해 달아나다가 그만 봇짐들을 떨어뜨리고 왔습니다. 다시 자리를 가봤지만 짐승들이 물고 간 모양인지 보이지 않았습니다.\n제 봇짐을 좀 찾아주세요."
    },
    "18100033": {
        "deprecated": false,
        "Dev_Desc": "협행_반달_제대로 된 약재",
        "id": 18100033,
        "alias": "Contents.Quest.Desc.2000033",
        "text": "고도시 숲길에 서식하는 산양의 뿔은 재질이 단단하며 약재로 쓰기에도 손색이 없다네. 하지만 그곳엔 청인족이니, 투엽단이니 온갖 위험한 놈들이 득실거리지 않은가?\n자네가 그걸 구해다 준다면 합당한 보상을 주겠네!"
    },
    "18100034": {
        "deprecated": false,
        "Dev_Desc": "협행_반달_정령, 가지, 없다…",
        "id": 18100034,
        "alias": "Contents.Quest.Desc.2000034",
        "text": "수목 정령의 가지는 혼령과 교감하는데 아주 효과가 좋다냥!\n우리가 수목 정령을 때려서 가져올 수 없으니...\n모험가가 수목 정령의 가지를 가져와 달라냥!"
    },
    "18100035": {
        "deprecated": false,
        "Dev_Desc": "협행_반달_밀렵단을 저지하라",
        "id": 18100035,
        "alias": "Contents.Quest.Desc.2000035",
        "text": "투엽단 녀석들이 기승을 부려 많은 야생 동물들이 피해를 입고 있는 상태라오. \n이 간악한 무리를 저지해 주면 합당한 보상을 주겠소. 반달호수의 야생 동물들에게 평화를 찾아주시오.\n                        - 야생 보전회 잿빛바람 - "
    },
    "18100036": {
        "deprecated": false,
        "Dev_Desc": "협행_반달_역지사지",
        "id": 18100036,
        "alias": "Contents.Quest.Desc.2000036",
        "text": "고도시 숲길에는 투엽단의 무분별한 밀렵 활동으로 죽어나간 야생 동물의 시체가 도처에 널려 있다오.  \n혹시라도 그곳에서 동물의 뼈를 발견하거든 수습해 주길 청하오. 답례는 반드시 하겠소.\n                        - 야생 보전회 잿빛바람 - "
    },
    "18100037": {
        "deprecated": false,
        "Dev_Desc": "협행_반달_소중한 인형을 찾아주세요",
        "id": 18100037,
        "alias": "Contents.Quest.Desc.2000037",
        "text": "흑흑... 제 인형 좀 찾아주세요...\n노, 노숙령과 동자령들이 가져간 게 분명해요...!\n흑흑... 소중한 인형인데...\n                              - 소호촌 꼬마아이 - "
    },
    "18100038": {
        "deprecated": false,
        "Dev_Desc": "협행_반달_원혼을 달래야한다냥",
        "id": 18100038,
        "alias": "Contents.Quest.Desc.2000038",
        "text": "깊은 묘지 숲의 령들을 달래야 한다냥!\n우리도 열심히 성불시키고 있는데 역부족이다냥...\n모험가는 주술같은 거 필요 없다냥! \n때려서 성불이다냥!!"
    },
    "18100039": {
        "deprecated": false,
        "Dev_Desc": "협행_반달_나, 김서방, 아니다.",
        "id": 18100039,
        "alias": "Contents.Quest.Desc.2000039",
        "text": "나, 김서방, 아니다. 아, 나, 도깨비, 아니다.\n도깨비, 괴롭히는, 도깨비들, 나쁘다.\n대신, 혼내달라.\n                                           - 김서방 - "
    },
    "18100040": {
        "deprecated": false,
        "Dev_Desc": "협행_반달_조금 다른 생물들",
        "id": 18100040,
        "alias": "Contents.Quest.Desc.2000040",
        "text": "호오... 꼭 균열에서 나온 불마의 존재가 아니더라도 균열의 흔적을 수집할 수도 있을 것 같습니다. 물론 제 추측이지만서두요! 하하.\n침식된 존재들에게서 균열의 흔적을 가져다 주시면 보답하겠습니다!\n                          - 균열 연구가 김규녈 -"
    },
    "18100041": {
        "deprecated": false,
        "Dev_Desc": "협행_반달_두고 온 물건",
        "id": 18100041,
        "alias": "Contents.Quest.Desc.2000041",
        "text": "마을을 되찾아야 하수와!!!\n그 전에 마을에서 짐부터 찾아와야 한수와!!!\n부탁하겠수와!\n                             - 수와족 촌장 대와 - "
    },
    "18100042": {
        "deprecated": false,
        "Dev_Desc": "협행_반달_수와족 마을 재건 사업",
        "id": 18100042,
        "alias": "Contents.Quest.Desc.2000042",
        "text": "마을을 되찾아야 하수와!!!\n마을을 망가뜨리고 있는 악어와 서인족을 물리치수와!\n건방진 괴물들을 물리치수와!\n                             - 수와족 촌장 대와 - "
    },
    "18100043": {
        "deprecated": false,
        "Dev_Desc": "협행_반달_불마의 존재(2)",
        "id": 18100043,
        "alias": "Contents.Quest.Desc.2000043",
        "text": "조금 다른 방식으로 불마의 존재가 생겨났다는 보고가 있네. 균열에 침식된 존재들을 처치해주게. \n조사 목적도 있지만... 그곳의 수와들에게 도움이 됐으면 좋겠네."
    },
    "18100044": {
        "deprecated": false,
        "Dev_Desc": "협행_반달_수양 협행 전문가",
        "id": 18100044,
        "alias": "Contents.Quest.Desc.2000044",
        "text": "우리 수양에서 제보한 협행을 [2]건 완료하면 특별히 보상을 주겠네.\n대장님의 이름으로 특별히 주는 보상이네.\n그럼 무운을 빌겠네."
    },
    "18100045": {
        "deprecated": false,
        "Dev_Desc": "협행_반달_에레다 협행 전문가",
        "id": 18100045,
        "alias": "Contents.Quest.Desc.2000045",
        "text": "우리 에레다는 본 문파에서 제보한 협행을 [2]건 완료하는 모험가에게 단장님의 이름으로 특별한 보상 주고 있네.\n불마의 기운을 없애는 일에 동참해주게."
    },
    "18100046": {
        "deprecated": false,
        "Dev_Desc": "협행_반달_도화상전 협행 전문가",
        "id": 18100046,
        "alias": "Contents.Quest.Desc.2000046",
        "text": "도화상전에서는 상전의 협행을 [4]건 완료하는 분에게 소정의 보상을 드리고 있어요. 저희 상전은 계산도 철저! 하고 지급도 확실! 하다는 거 알고 계시죠? \n많은 참여 부탁드려요~!"
    },
    "18100047": {
        "deprecated": false,
        "Dev_Desc": "협행_반달_영교원 협행 전문가",
        "id": 18100047,
        "alias": "Contents.Quest.Desc.2000047",
        "text": "영교원에서는 특별히 우리 협행을 [3]번 하는 모험가에게 보상을 주고있다냥! 우리 바롱족은 약속을 꼭 지킨다냥!\n그럼 힘내라냥~"
    },
    "18100048": {
        "deprecated": false,
        "Dev_Desc": "협행_반달_금경철문 협행 전문가",
        "id": 18100048,
        "alias": "Contents.Quest.Desc.2000048",
        "text": "금경철문의 협행을 [2]번 수행하는 이에게 철문주님의 이름으로 특별한 보상을 주겠네. 꼭 약속하지.\n딱 [2]번이면 되네!"
    },
    "18100049": {
        "deprecated": false,
        "Dev_Desc": "협행_반달_대어방 협행 전문가",
        "id": 18100049,
        "alias": "Contents.Quest.Desc.2000049",
        "text": "대어방에서는 협행을 수행하는 모험가님을 위해 특별한 보상을 드리고 있습니다. 대어방의 협행을 [4]건 수행하시는 분에게 자격이 주어집니다. 많은 참여 부탁드립니다."
    },
    "18100050": {
        "deprecated": false,
        "Dev_Desc": "협행_반달_비사문 협행 전문가",
        "id": 18100050,
        "alias": "Contents.Quest.Desc.2000050",
        "text": "반달호수의 주민들이 우리 비사문을 통해 제보한 협행을 [4]건 완료해주게. 그리하면 주민들을 대표하여 좀 더 특별한 감사를 표하도록 하지. 그럼 기다리고 있겠네."
    },
    "18100051": {
        "deprecated": false,
        "Dev_Desc": "반달호수_[Lv.27] 썩지 않는 난파선",
        "id": 18100051,
        "alias": "Contents.Quest.Desc.2000051",
        "text": "수월항 인근에 난파선의 잔해가 떠밀려 온건 제법 오래전 일이라네. 별 관심이 없었네만, 얼마 전 그 배가 아직도 그 자리에 그대로 있다는 소문을 들었어. 도대체 어떻게 만든 배인지 구경을 좀 해야겠네. 주변에 위협을 처리해주게."
    },
    "18100052": {
        "deprecated": false,
        "Dev_Desc": "반달호수_[Lv.27] 소라게의 독",
        "id": 18100052,
        "alias": "Contents.Quest.Desc.2000052",
        "text": "요즘 바다에서 자란 푸른 소라게가 보양식으로 인기더군요. 사람들은 잘 모르지만 소라게에는 독성이 있어 잘못 손질해서 먹었다가는 큰 탈이 납니다. 아무래도 이쪽으로 전문가인 저희 대어방이 직접 판매를 하는 편이 낫겠습니다."
    },
    "18100053": {
        "deprecated": false,
        "Dev_Desc": "반달호수_[Lv.27] 귀한 보양식",
        "id": 18100053,
        "alias": "Contents.Quest.Desc.2000053",
        "text": "바닷가에서 자란 푸른 소라게는 으뜸으로 꼽힙니다. 영양분이 풍부한 데다가 짭짤하면서도 담백한 맛이 일품이거든요. \n푸른 소라게의 게살을 모아다 주신다면 합당한 보상을 드리겠습니다."
    },
    "18100054": {
        "deprecated": false,
        "Dev_Desc": "반달호수_[Lv.27] 떠밀려온 난파선 조사",
        "id": 18100054,
        "alias": "Contents.Quest.Desc.2000054",
        "text": "수월항 근처에 떠밀려온 난파선이 수양 대원들의 사기를 떨어트리고 있는 모양일세. 우리 배도 항해 도중 난파될 수 있다고 생각하는 모양이야. 조사원을 파견할 계획이니 주변의 위협을 좀 처리해주게."
    },
    "18100055": {
        "deprecated": false,
        "Dev_Desc": "반달호수_[Lv.27] 반달초를 구해달라냥!",
        "id": 18100055,
        "alias": "Contents.Quest.Desc.2000055",
        "text": "반달초는 반달호수에서만 구할 수 있는 아주 귀한 약초다냥. 찾는 사람은 너무 많은데 구하기가 정말 어렵다냥!\n그래서 말인데냥... 모험가만 믿겠다냥!"
    },
    "18100056": {
        "deprecated": false,
        "Dev_Desc": "반달호수_[Lv.28] 최고의 재료",
        "id": 18100056,
        "alias": "Contents.Quest.Desc.2000056",
        "text": "우리 금경철문이 철만 다룬다고 생각하면 오산일세. 훌륭한 무기를 만들기 위해서는 수많은 재료가 필요 하지. \n으스스한 골짜기에 사는 늪지 악어의 가죽은 최고의 재료야. 자네가 좀 구해다 주게."
    },
    "18100057": {
        "deprecated": false,
        "Dev_Desc": "반달호수_[Lv.28] 진흙 속에 사는 물고기",
        "id": 18100057,
        "alias": "Contents.Quest.Desc.2000057",
        "text": "으스스한 골짜기는 물이 거의 말라버렸지만, 그런 진흙 밭에만 사는 특이한 놈들이 있답니다. 문제는 거기 사는 악어들도 그 맛을 알아 보이는 데로 잡아먹는다는 거죠. 악어의 수를 좀 줄여주시면 저희가 가서 후딱 잡아 오겠습니다!"
    },
    "18100058": {
        "deprecated": false,
        "Dev_Desc": "반달호수_[Lv.28] 악어 가죽이 필요해",
        "id": 18100058,
        "alias": "Contents.Quest.Desc.2000058",
        "text": "악어가죽은 내구성이 높은 데다가 세련되고 고급스러워 인기가 아주 많습니다. \n이번에도 주문이 잔뜩 들어왔는데 재고가 부족하네요. \n깨끗하고 흠집 없는 가죽으로 좀 구해다 주십시오."
    },
    "18100059": {
        "deprecated": false,
        "Dev_Desc": "반달호수_[Lv.28] 수양대원을 위한 특식",
        "id": 18100059,
        "alias": "Contents.Quest.Desc.2000059",
        "text": "해월대륙으로 가기 전 대원들에게 특식을 제공할 계획이네. 악어 고기는 단백질 함량이 높고 지방이 적어 대원들에게 환영받는 메뉴이지. \n좀 넉넉하게 구해다 주게. \n악어는 으스스한 골짜기에서 찾을 수 있을 걸세."
    },
    "18100060": {
        "deprecated": false,
        "Dev_Desc": "반달호수_[Lv.28] 늪지에서 피는 꽃",
        "id": 18100060,
        "alias": "Contents.Quest.Desc.2000060",
        "text": "늪지에서 피는 꽃은 생명력이 엄청 강하다냥!\n말려서 약재로 사용하면 효능이 두~배가 된다냥!\n모험가가 그 꽃 좀 가져다 달라냥!"
    },
    "18100100": {
        "deprecated": false,
        "Dev_Desc": "협행_의뢰자_대어방",
        "id": 18100100,
        "alias": "Contents.Quest.Desc.2100000",
        "text": "대어방"
    },
    "18100101": {
        "deprecated": false,
        "Dev_Desc": "협행_의뢰자_영교원",
        "id": 18100101,
        "alias": "Contents.Quest.Desc.2100001",
        "text": "영교원"
    },
    "18100102": {
        "deprecated": false,
        "Dev_Desc": "협행_의뢰자_에레다",
        "id": 18100102,
        "alias": "Contents.Quest.Desc.2100002",
        "text": "에레다"
    },
    "18100103": {
        "deprecated": false,
        "Dev_Desc": "협행_의뢰자_금경철문",
        "id": 18100103,
        "alias": "Contents.Quest.Desc.2100003",
        "text": "금경철문"
    },
    "18100104": {
        "deprecated": false,
        "Dev_Desc": "협행_의뢰자_도화상전",
        "id": 18100104,
        "alias": "Contents.Quest.Desc.2100004",
        "text": "도화상전"
    },
    "18100105": {
        "deprecated": false,
        "Dev_Desc": "협행_의뢰자_수양",
        "id": 18100105,
        "alias": "Contents.Quest.Desc.2100005",
        "text": "수양"
    },
    "18100106": {
        "deprecated": false,
        "Dev_Desc": "협행_의뢰자_비사문",
        "id": 18100106,
        "alias": "Contents.Quest.Desc.2100006",
        "text": "비사문"
    },
    "18100107": {
        "deprecated": false,
        "Dev_Desc": "협행_의뢰자_NPC_연금준",
        "id": 18100107,
        "alias": "Contents.Quest.Desc.2100007",
        "text": "연금준"
    },
    "18100108": {
        "deprecated": false,
        "Dev_Desc": "협행_의뢰자_NPC_김규녈",
        "id": 18100108,
        "alias": "Contents.Quest.Desc.2100008",
        "text": "김규녈"
    },
    "18100109": {
        "deprecated": false,
        "Dev_Desc": "협행_의뢰자_NPC_대와",
        "id": 18100109,
        "alias": "Contents.Quest.Desc.2100009",
        "text": "대와"
    },
    "18100110": {
        "deprecated": false,
        "Dev_Desc": "협행_의뢰자_NPC_네이냥",
        "id": 18100110,
        "alias": "Contents.Quest.Desc.2100010",
        "text": "네이냥"
    },
    "18100111": {
        "deprecated": false,
        "Dev_Desc": "협행_의뢰자_NPC_잿빛바람",
        "id": 18100111,
        "alias": "Contents.Quest.Desc.2100011",
        "text": "잿빛바람"
    },
    "18100112": {
        "deprecated": false,
        "Dev_Desc": "협행_의뢰자_NPC_김서방",
        "id": 18100112,
        "alias": "Contents.Quest.Desc.2100012",
        "text": "김서방"
    },
    "18100113": {
        "deprecated": false,
        "Dev_Desc": "협행_의뢰자_NPC_태록림_영교원 바롱",
        "id": 18100113,
        "alias": "Contents.Quest.Desc.2100013",
        "text": "영교원 바롱"
    },
    "18100114": {
        "deprecated": false,
        "Dev_Desc": "협행_의뢰자_NPC_태록림_에레다 단원",
        "id": 18100114,
        "alias": "Contents.Quest.Desc.2100014",
        "text": "에레다 단원"
    },
    "18100115": {
        "deprecated": false,
        "Dev_Desc": "협행_의뢰자_NPC_태록림_금경철문 장인",
        "id": 18100115,
        "alias": "Contents.Quest.Desc.2100015",
        "text": "금경철문 장인"
    },
    "18100116": {
        "deprecated": false,
        "Dev_Desc": "협행_의뢰자_NPC_태록림_도화상전 상인",
        "id": 18100116,
        "alias": "Contents.Quest.Desc.2100016",
        "text": "도화상전 상인"
    },
    "18100117": {
        "deprecated": false,
        "Dev_Desc": "협행_의뢰자_NPC_태록림_수양의 관리자",
        "id": 18100117,
        "alias": "Contents.Quest.Desc.2100017",
        "text": "수양의 관리자"
    },
    "18100118": {
        "deprecated": false,
        "Dev_Desc": "협행_의뢰자_NPC_태록림_비사문 협행관리인",
        "id": 18100118,
        "alias": "Contents.Quest.Desc.2100018",
        "text": "비사문 협행관리인"
    },
    "18100119": {
        "deprecated": false,
        "Dev_Desc": "협행_의뢰자_NPC_태록림_풍백문 책임자",
        "id": 18100119,
        "alias": "Contents.Quest.Desc.2100019",
        "text": "풍백문 책임자"
    },
    "18100120": {
        "deprecated": false,
        "Dev_Desc": "협행_의뢰자_NPC_태록림_명혜단 담당자",
        "id": 18100120,
        "alias": "Contents.Quest.Desc.2100020",
        "text": "명혜단 담당자"
    },
    "18100121": {
        "deprecated": false,
        "Dev_Desc": "협행_의뢰자_NPC_태록림_신해월",
        "id": 18100121,
        "alias": "Contents.Quest.Desc.2100021",
        "text": "신해월"
    },
    "18100122": {
        "deprecated": false,
        "Dev_Desc": "협행_의뢰자_NPC_태록림_사길미",
        "id": 18100122,
        "alias": "Contents.Quest.Desc.2100022",
        "text": "사길미"
    },
    "18100123": {
        "deprecated": false,
        "Dev_Desc": "협행_의뢰자_NPC_태록림_비전예",
        "id": 18100123,
        "alias": "Contents.Quest.Desc.2100023",
        "text": "비전예"
    },
    "18100124": {
        "deprecated": false,
        "Dev_Desc": "협행_의뢰자_NPC_태록림_전양원",
        "id": 18100124,
        "alias": "Contents.Quest.Desc.2100024",
        "text": "전양원"
    },
    "18100125": {
        "deprecated": false,
        "Dev_Desc": "협행_의뢰자_NPC_비옥대지_청수국",
        "id": 18100125,
        "alias": "Contents.Quest.Desc.2100025",
        "text": "청수국"
    },
    "18100126": {
        "deprecated": false,
        "Dev_Desc": "협행_의뢰자_NPC_태록림_명혜단",
        "id": 18100126,
        "alias": "Contents.Quest.Desc.2100026",
        "text": "명혜단"
    },
    "18100127": {
        "deprecated": false,
        "Dev_Desc": "협행_의뢰자_NPC_비옥대지_풍백문",
        "id": 18100127,
        "alias": "Contents.Quest.Desc.2100027",
        "text": "풍백문"
    },
    "18100128": {
        "deprecated": false,
        "Dev_Desc": "협행_테스트용_컨텐츠_아무개",
        "id": 18100128,
        "alias": "Contents.Quest.Desc.2100028",
        "text": "아무개"
    },
    "18100129": {
        "deprecated": false,
        "Dev_Desc": "협행_의뢰자_NPC_꼬마 아이",
        "id": 18100129,
        "alias": "Contents.Quest.Desc.2100029",
        "text": "꼬마 아이"
    },
    "18100130": {
        "deprecated": false,
        "Dev_Desc": "협행_NPC_온양인",
        "id": 18100130,
        "alias": "Contents.Quest.Desc.2100030",
        "text": "온영인"
    },
    "18100131": {
        "deprecated": false,
        "Dev_Desc": "협행_NPC_봇짐상인",
        "id": 18100131,
        "alias": "Contents.Quest.Desc.2100031",
        "text": "봇짐상인"
    },
    "18101000": {
        "deprecated": false,
        "Dev_Desc": "태록림_기름진 발발이",
        "id": 18101000,
        "alias": "Contents.Quest.Desc.2001000",
        "text": "밀림 발발이의 기름 먹은 풀은 화력 좋게 잘 타죠.\n연료로 사용하는 곳이 있습니다. \n풀을 가져오시면 적당한 값에 매입하도록 하겠습니다."
    },
    "18101001": {
        "deprecated": false,
        "Dev_Desc": "태록림_거미줄 연구",
        "id": 18101001,
        "alias": "Contents.Quest.Desc.2001001",
        "text": "밀림 거미는 아직 연구할 여지가 많이 남아 있습니다.\n거미줄 단백질을 다량 모을 수 있다면 연구에 큰 진척이 있을 것이며, 이는 후세를 위한 길이 될 것입니다.\n도움을 주신다면 보수는 당연하겠죠?"
    },
    "18101002": {
        "deprecated": false,
        "Dev_Desc": "태록림_생태계 복원",
        "id": 18101002,
        "alias": "Contents.Quest.Desc.2001002",
        "text": "본래 동부 생태 조사림은 곰과 호랑이의 서식지였습니다. 그런데 언제부턴가 개체수가 줄더니 이젠 아예 자취를 감춰 버렸습니다. 아무래도 시귀 때문인 것 같습니다! 가죽 공급이 다시 원활해질 수 있도록 시귀를 처치하여 생태계를 복원해 주십시오!"
    },
    "18101003": {
        "deprecated": false,
        "Dev_Desc": "태록림_자꾸 없어지는 비법서",
        "id": 18101003,
        "alias": "Contents.Quest.Desc.2001003",
        "text": "비법서를 또 잃어버렸다냥... 이 비법서는 발이 달렸는지 자주 없어진다냥! 동부 생태 조사림 근처에서 잃어버린 것 같은데 주변을 다 찾아봤지만 못 찾았다냥!\n제발 꼭 좀 찾아달라냥... 흑..."
    },
    "18101004": {
        "deprecated": false,
        "Dev_Desc": "태록림_방어선 구축",
        "id": 18101004,
        "alias": "Contents.Quest.Desc.2001004",
        "text": "방어선 구축을 잘해두면 적은 병사로 넓은 땅을 방어할 수 있죠. 좋은 위치를 찾아 적을 몰아내고 방어시설을 만들어야 합니다.\n녹각다귀를 밀어내는 작업을 도와주시겠습니까?"
    },
    "18101005": {
        "deprecated": false,
        "Dev_Desc": "태록림_늑대 집단",
        "id": 18101005,
        "alias": "Contents.Quest.Desc.2001005",
        "text": "늑대는 집단생활을 합니다. 그 수준이 높아 소수의 병력으로는 늑대를 상대하기 힘듭니다.\n언덕 숲에 가서 집단을 깨뜨려 주신다면 저희 에레다에서 남은 세력을 파괴할 계획입니다."
    },
    "18101006": {
        "deprecated": false,
        "Dev_Desc": "태록림_새로운 염료 개발",
        "id": 18101006,
        "alias": "Contents.Quest.Desc.2001006",
        "text": "발발이는 염료를 만들기에 좋은 소재죠. 해월대륙의 발발이에게선 어떤 염료를 얻을 수 있을지 기대됩니다.\n언덕 숲에 서식하는 오똑 발발이의 풀을 많이 얻어와 주십시오!"
    },
    "18101007": {
        "deprecated": false,
        "Dev_Desc": "태록림_만다라화의 소음 문제",
        "id": 18101007,
        "alias": "Contents.Quest.Desc.2001007",
        "text": "만다라화는 성격이 포악하여 사람들에게 위해를 가하는데, 그것 이외에도 소음을 발생 시켜 피해를 보고 있습니다. 많은 대원이 불만을 표시하고 있습니다.\n만다라 폭포 주변을 좀 조용하게 만들어주시면 사례하겠습니다."
    },
    "18101008": {
        "deprecated": false,
        "Dev_Desc": "태록림_장인들의 별미!",
        "id": 18101008,
        "alias": "Contents.Quest.Desc.2001008",
        "text": "장인분들이 즐겨 먹는 음식이 있습니다. \n약간 호불호가 갈릴 것 같은데... 여기 계신 분들은 무진장 좋아하더군요. 가는 모래 하구 근처에 있는 연안 소라게를 잡아서 내용물을 가져다주십시오."
    },
    "18101009": {
        "deprecated": false,
        "Dev_Desc": "태록림_거북 알 채집",
        "id": 18101009,
        "alias": "Contents.Quest.Desc.2001009",
        "text": "거북알이 별미라 엄청 먹어 치운다고 하더라구요. 지금 많다고 해서 남획하면 나중을 기약할 수 없습니다. 저희도 거북을 많이 사냥하긴 하지만... 알은 보호해야 할 것 같습니다. 가는 모래 하구에 있는 거북알을 채집해 주시면 저희가 보호하겠습니다."
    },
    "18101010": {
        "deprecated": false,
        "Dev_Desc": "태록림_연안 거북의 껍질",
        "id": 18101010,
        "alias": "Contents.Quest.Desc.2001010",
        "text": "저희 명혜단은 거북 통해 서식 환경에 따른 생물의 변화를 연구하고 있습니다. \n난파선의 잔해 부근에 있는 연안 거북의 단단한 등딱지를 구해다 주십시오. 보존 상태를 최대한 좋게 부탁드리겠습니다."
    },
    "18101011": {
        "deprecated": false,
        "Dev_Desc": "태록림_어둑시니 퇴치",
        "id": 18101011,
        "alias": "Contents.Quest.Desc.2001011",
        "text": "명혜단은 자신을 보호할 정도의 전투력을 가지고 있지만 무력집단은 아니다 보니 한계점이 명확합니다. 저희는 누구보다 저희 자신의 힘을 잘 알고 있죠.\n그런 의미에서 난파선의 잔해에 있는 어둑시니 처치를 부탁드리고자 합니다."
    },
    "18101012": {
        "deprecated": false,
        "Dev_Desc": "태록림_식인악어 퇴치",
        "id": 18101012,
        "alias": "Contents.Quest.Desc.2001012",
        "text": "악어도 인간에 피해만 주지 않으면 공존하고 싶은데... 연안 근처에 피해자가 속출하고 있습니다. 사람들의 접근을 막기도 어렵고...\n발자국 없는 해안에서 악어들을 몰아내 주십시오."
    },
    "18101013": {
        "deprecated": false,
        "Dev_Desc": "태록림_단단한 식물의 줄기",
        "id": 18101013,
        "alias": "Contents.Quest.Desc.2001013",
        "text": "바구니를 만들려고 하는데 새로운 재료가 필요합니다.\n골짜기 바람길 쪽에서 식물 줄기를 얻어 주시겠어요?\n주변의 적들이 무서워서 못 들어가겠습니다.\n                                - 공예가 신해월 - "
    },
    "18101014": {
        "deprecated": false,
        "Dev_Desc": "태록림_잃어버린 짐을 찾아요",
        "id": 18101014,
        "alias": "Contents.Quest.Desc.2001014",
        "text": "골짜기 바람길 쪽에서 곰에게 쫓겨 봇짐을 잃어버리고 말았습니다. 짐을 찾으러 가야 하는데... 괜히 갔다가 더 잃고 돌아올 것 같기도 하고... 역시 이런 건 전문가분께 부탁드리는 게 좋겠지요? 잘 부탁드리겠습니다!"
    },
    "18101015": {
        "deprecated": false,
        "Dev_Desc": "태록림_혈비패 축출",
        "id": 18101015,
        "alias": "Contents.Quest.Desc.2001015",
        "text": "수양은 혈비패와의 전쟁을 선포하였습니다!\n수양이든 혈비패든 하나는 박살 나야 끝날 겁니다.\n물론 수양이 박살 날 일은 없을 겁니다. 하핫!"
    },
    "18101016": {
        "deprecated": false,
        "Dev_Desc": "태록림_혈비패 두건 태우기",
        "id": 18101016,
        "alias": "Contents.Quest.Desc.2001016",
        "text": "혈비패에서 한자리하는 녀석들은 두건을 가지고 다닌다고 하더군.\n사실 전혀 신경 쓰고 싶진 않지만 약간 거슬리기도 해.\n두건을 모아 주겠나? 다 태워버릴 수 있게!"
    },
    "18101017": {
        "deprecated": false,
        "Dev_Desc": "태록림_달빛바람의 명예",
        "id": 18101017,
        "alias": "Contents.Quest.Desc.2001017",
        "text": "달빛바람님의 환영을 제거해 주십시오.\n이것때문에 이상한 소문이 돈단 말입니다.\n달빛바람님의 명예를 위해서라도 부탁드립니다."
    },
    "18101018": {
        "deprecated": false,
        "Dev_Desc": "태록림_투연초 연구",
        "id": 18101018,
        "alias": "Contents.Quest.Desc.2001018",
        "text": "영교원에서는 다양한 약초를 조사하고 있다냥!\n투연초는 괴물이라고 생각했는데 약초일 수도 있다는 의견이 나왔다냥!\n영교원은 잎사귀를 조사할 필요가 있다냥!"
    },
    "18101019": {
        "deprecated": false,
        "Dev_Desc": "태록림_곽호룡의 위신",
        "id": 18101019,
        "alias": "Contents.Quest.Desc.2001019",
        "text": "곽호룡님이 환영에 대한 이야기를 들으시고는 내가 그렇게 약할 것 같냐며 신경 쓰지 말라고 하셨습니다. \n그래도 도화상전의 외부 시선을 신경 쓰지 않을 수 없네요.\n처리 부탁드리겠습니다."
    },
    "18101020": {
        "deprecated": false,
        "Dev_Desc": "태록림_집단 요청",
        "id": 18101020,
        "alias": "Contents.Quest.Desc.2001020",
        "text": "아이고, 곧 안개숲 개척지로 물건을 팔러 가야 하는데, 가는 길목에 환영 인명충들이 들끓는다는 이야길 들었습니다요. 봇짐 상인도 신뢰가 생명인지라 안 갈 수도 없고... \n사람 한 명 구한다 생각하시고 좀 도와주십시오!\n                                 - 봇짐 상인 - "
    },
    "18101021": {
        "deprecated": false,
        "Dev_Desc": "태록림_튀어나오는 위험",
        "id": 18101021,
        "alias": "Contents.Quest.Desc.2001021",
        "text": "늪지를 조사해야 하는데 중간중간에 연잎인간들이 튀어나와서 깜짝깜짝 놀란다냥!\n이래선 제대로 조사를 진행할 수 없다냥!\n연잎인간을 없애달라냥!"
    },
    "18101022": {
        "deprecated": false,
        "Dev_Desc": "태록림_뱀버섯 해독제",
        "id": 18101022,
        "alias": "Contents.Quest.Desc.2001022",
        "text": "뱀버섯의 독은 만능 해독제입니다. 물론 제조가 어려워 보통 사람은 사용하지 못하지만요. \n뱀버섯 군락에 있는 서인족을 좀 처치해주십시오. 뱀버섯 독을 채집해달라 부탁드리고 싶지만... 독 채집이 까다로워 직접 가야 하거든요.\n                             - 뱀전문가 사길미 - "
    },
    "18101023": {
        "deprecated": false,
        "Dev_Desc": "태록림_묘지 근처 치안 확보",
        "id": 18101023,
        "alias": "Contents.Quest.Desc.2001023",
        "text": "묘지 근처에서 이상한 걸 봤다고 신고자가 늘고 있어요.\n저희도 아직 상황을 파악하지 못했습니다.\n일단 주변 영혼불이라도 제거해 봐야겠습니다."
    },
    "18101024": {
        "deprecated": false,
        "Dev_Desc": "태록림_묘약 개발",
        "id": 18101024,
        "alias": "Contents.Quest.Desc.2001024",
        "text": "묘지 근처에 갑자기 혈비패가 늘어났습니다.\n그곳에 딱히 혈비패에게 필요한 게 있을 것 같진 않은데...\n그 녀석들이라면 무슨 짓을 벌일지 알 수 없으니, \n지금 시점에서 없애 버리는 게 좋을 것 같습니다."
    },
    "18101025": {
        "deprecated": false,
        "Dev_Desc": "태록림_신묘약 개발",
        "id": 18101025,
        "alias": "Contents.Quest.Desc.2001025",
        "text": "에레다 대원들을 위해 묘약을 개발 중입니다. 낙원 산선호를 잘 연구하면 만병통치약을 만들 수 있을 것 같아요.\n그 지역의 분위기를 대원들이 좋아하지 않네요.\n산선호의 발을 좀 모아주시겠습니까?"
    },
    "18101026": {
        "deprecated": false,
        "Dev_Desc": "태록림_고대 묘면족의 무기",
        "id": 18101026,
        "alias": "Contents.Quest.Desc.2001026",
        "text": "고대에 존재했던 수많은 종족에 대해 알고 계십니까? 옛날에 비해 퇴화하긴 했지만 묘면족도 그중 하나입니다. \n묘면족의 무기를 좀 구해다 주십시오. 고대의 기술에 대한 실마리를 얻을 수도 있으니깐요."
    },
    "18101027": {
        "deprecated": false,
        "Dev_Desc": "태록림_담인초 새로운 연구",
        "id": 18101027,
        "alias": "Contents.Quest.Desc.2001027",
        "text": "담인초 사이에서도 미묘한 종의 차이가 있다고 한다냥!\n우린 담인초 연구를 위해 다양한 자료가 필요하다냥!\n이번엔 습지에 있는 담인초 잎사귀를 얻어달라냥!"
    },
    "18101028": {
        "deprecated": false,
        "Dev_Desc": "태록림_습격자 낙원족",
        "id": 18101028,
        "alias": "Contents.Quest.Desc.2001028",
        "text": "낙원족들은 눈에 보이면 파괴하는 걸 좋아하는 걸까?\n해월대륙에 설치한 협행표목이 낙원족에 의해 파괴되었어.\n그들이 접근할 수 없도록 퇴치해 주면 좋겠는데...\n부탁해도 될까?"
    },
    "18101029": {
        "deprecated": false,
        "Dev_Desc": "태록림_여기의 연잎도?",
        "id": 18101029,
        "alias": "Contents.Quest.Desc.2001029",
        "text": "반달호수에서 온전한 연잎을 이용해 우산으로 만드는 걸 시도했었는데요. 해월대륙의 연잎도 이용 가능할지 확인해보고자 합니다.\n낙원 구릉에서 온전한 연잎을 구해주십시오!"
    },
    "18101030": {
        "deprecated": false,
        "Dev_Desc": "태록림_언덕길 관리",
        "id": 18101030,
        "alias": "Contents.Quest.Desc.2001030",
        "text": "저희 명혜단은 풀내음 언덕길이 향기롭고 푸르른 곳으로 보존되기를 희망합니다. 그러니 자연의 섭리를 거스르고 고약한 냄새를 풀풀 풍기는 시귀를 좀 내쫓아 주십시오! 이왕이면 쓰레기도 좀 치워 주시면 좋고요."
    },
    "18101031": {
        "deprecated": false,
        "Dev_Desc": "태록림_사묘정 몰아내기",
        "id": 18101031,
        "alias": "Contents.Quest.Desc.2001031",
        "text": "요즘 들어 풀내음 사묘정 관련한 이야기가 많이 들려오네요. 치안 확보는 저희의 주요 임무가 아니긴 하지만... 이 정도라면 저희도 어느 정도는 힘을 보태야 할 것 같습니다.\n부탁드려도 될까요?"
    },
    "18101032": {
        "deprecated": false,
        "Dev_Desc": "태록림_삼색조 기름",
        "id": 18101032,
        "alias": "Contents.Quest.Desc.2001032",
        "text": "낙원 삼색조의 기름을 구해주시겠습니까?\n기름을 가공해서 나무에 바르려고요.\n습기에 강한 나무가 될 것으로 예상됩니다.\n                          - 폭포 관광객 비전예 - "
    },
    "18101033": {
        "deprecated": false,
        "Dev_Desc": "태록림_태록림 수원 관리",
        "id": 18101033,
        "alias": "Contents.Quest.Desc.2001033",
        "text": "폭포 남부 숲에서 시작된 물줄기는 태록림 구석구석으로 흐른다냥. 그런데냥, 최근 들어 나타난 시귀 때문에 그곳의 수질이 크게 오염되고 말았다냥! 이대로 가다간 사람들이 병에 걸릴지도 모른다냥!\n시귀를 처치해 달라냥!"
    },
    "18101034": {
        "deprecated": false,
        "Dev_Desc": "태록림_좋은 붓 제작",
        "id": 18101034,
        "alias": "Contents.Quest.Desc.2001034",
        "text": "저희 특성상 많은 기록을 남기게 되는데... 좋은 붓은 필수라고 할 수 있지요. 해월대륙에 와서 보니 여우의 털이 상태가 좋아 붓으로 만들 수 있을 것 같습니다.\n여우의 고운 털을 구해주시겠습니까?"
    },
    "18101035": {
        "deprecated": false,
        "Dev_Desc": "태록림_모면족 방어",
        "id": 18101035,
        "alias": "Contents.Quest.Desc.2001035",
        "text": "묘면족이 우리의 영역인 해맞이 비탈길에 침입하였습니다.\n그들의 공격을 막아내야 합니다.\n도와주시겠습니까?"
    },
    "18101036": {
        "deprecated": false,
        "Dev_Desc": "태록림_관광객 보호 임무",
        "id": 18101036,
        "alias": "Contents.Quest.Desc.2001036",
        "text": "해맞이 비탈길은 경치가 좋고, 폭포로 가는 길에 있어 많은 관광객이 이용하는 곳입니다.\n지금은 수목정령들이 골칫거리네요.\n비탈길이 다시 안전해질 수 있도록 도와주십시오."
    },
    "18101037": {
        "deprecated": false,
        "Dev_Desc": "태록림_작업자 보호 임무",
        "id": 18101037,
        "alias": "Contents.Quest.Desc.2001037",
        "text": "검은 진흙지대의 흙이 품질이 좋더군요. \n저희 일꾼들이 들어가서 흙을 가져와야 하는데 거북과 거미 때문에 위험하다는 의견이 많습니다.\n작업자들을 보호할 수 있도록 도와주시겠습니까?"
    },
    "18101038": {
        "deprecated": false,
        "Dev_Desc": "태록림_단단한 가죽 얻기",
        "id": 18101038,
        "alias": "Contents.Quest.Desc.2001038",
        "text": "좋은 가죽은 언제나 환영입니다. 다양한 입수 경로를 유지하는 게 좋더군요. 혹시 공급이 끊기더라도 대체품을 빨리 준비할 수 있거든요.\n진흙 악어의 가죽도 한번 써보고 싶습니다."
    },
    "18101039": {
        "deprecated": false,
        "Dev_Desc": "태록림_해변의 어둑시니",
        "id": 18101039,
        "alias": "Contents.Quest.Desc.2001039",
        "text": "어둑시니가 도깨비 해변을 장악했습니다. 해변가는 수양 쪽에서 처리해주면 좋겠는데 요즘 수양이 하는 일을 보면... \n저희가 나서서 처리하는 게 좋을 것 같습니다.\n도와주시겠습니까?"
    },
    "18101040": {
        "deprecated": false,
        "Dev_Desc": "태록림_별미, 거북알!",
        "id": 18101040,
        "alias": "Contents.Quest.Desc.2001040",
        "text": "여기까지 왔으면 도깨비 해변의 거북알은 한번 먹어봐야지!\n이게! 이게! 진짜 별미거든! \n안 먹으면 무조건 손해 보는 거야! \n가져와. 가져와! 내가 값은 잘 쳐줄게.\n                          - 시설 관리자 전양원 - "
    },
    "18101041": {
        "deprecated": false,
        "Dev_Desc": "태록림_자연에서 얻는 약재",
        "id": 18101041,
        "alias": "Contents.Quest.Desc.2001041",
        "text": "해월대륙의 발발이 잎 추출물엔 어떤 약효가 있을지 궁금하다냥!\n아직은 잘 모르지만, 분명히 뭔가 있을게 틀림없다냥!\n난파선의 잔해에서 발발이의 잎을 좀 넉넉히 구해달라냥!"
    },
    "18101042": {
        "deprecated": false,
        "Dev_Desc": "태록림_에레다 협행 전문가",
        "id": 18101042,
        "alias": "Contents.Quest.Desc.2001042",
        "text": "우리 에레다가 태록림에서 제보한 협행을 [3]건 완료하는 모험가에겐 단장님의 이름으로 특별한 보상을 주고 있네.\n불마의 기운을 없애는 일에 동참해주게."
    },
    "18101043": {
        "deprecated": false,
        "Dev_Desc": "태록림_금경철문 협행 전문가",
        "id": 18101043,
        "alias": "Contents.Quest.Desc.2001043",
        "text": "태록림에서 금경철문의 협행을 수행하는 이에게 철문주님의 이름으로 특별한 보상을 주겠네. 꼭 약속하지.\n딱 [3]번이면 되네!"
    },
    "18101044": {
        "deprecated": false,
        "Dev_Desc": "태록림_도화상전 협행 전문가",
        "id": 18101044,
        "alias": "Contents.Quest.Desc.2001044",
        "text": "도화상전에서는 상전의 태록림 협행을 [3]건 완료하는 분에게 소정의 보상을 드리고 있어요. \n도화상전이 보증한다는 게 무슨 의미인지 아시죠!\n많은 참여 부탁드려요~"
    },
    "18101045": {
        "deprecated": false,
        "Dev_Desc": "태록림_수양 협행 전문가",
        "id": 18101045,
        "alias": "Contents.Quest.Desc.2001045",
        "text": "태록림에서 수양이 제보한 협행을 [3]건 완료하면 \n특별히 큰 보상을 주겠네. 대장님의 이름으로 주는 특별한 보상이야.\n그럼 무운을 빌겠네."
    },
    "18101046": {
        "deprecated": false,
        "Dev_Desc": "태록림_영교원 협행 전문가",
        "id": 18101046,
        "alias": "Contents.Quest.Desc.2001046",
        "text": "영교원은 태록림에서 우리가 주는 협행을 [3]번 하는 모험가에게 보상을 주고있다냥! \n우리 바롱들은 약속을 꼭 지킨다냥!\n그럼 힘내라냥~"
    },
    "18101047": {
        "deprecated": false,
        "Dev_Desc": "태록림_명혜단 협행 전문가",
        "id": 18101047,
        "alias": "Contents.Quest.Desc.2001047",
        "text": "저희 명혜단은 탐구를 도와주시는 모험가분들께 제대로 된 보상을 드려야 한다고 생각합니다.\n태록림에서 저희가 드리는 협행을 [3]번 도와주신다면 보상을 기대하셔도 좋습니다. \n그럼 이번에도 부탁드리겠습니다."
    },
    "18101048": {
        "deprecated": false,
        "Dev_Desc": "태록림_비사문 협행 전문가",
        "id": 18101048,
        "alias": "Contents.Quest.Desc.2001048",
        "text": "우리 비사문에서 태록림의 협행을 처리해준 것에 감사를 표하네. \n주민들이 비사문을 통해 제보한 협행을 [2]건 완료해 주겠나? 그럼 기다리고 있겠네."
    },
    "18102000": {
        "deprecated": false,
        "Dev_Desc": "비옥대지_야영지 터 정리",
        "id": 18102000,
        "alias": "Contents.Quest.Desc.2002000",
        "text": "이젠 사용하지 않는 야영지긴 하지만...\n홍돈족이 살게 두고 싶진 않네요.\n괜찮으시면 그들을 몰아내 주시죠."
    },
    "18102001": {
        "deprecated": false,
        "Dev_Desc": "비옥대지_만다라화의 소음",
        "id": 18102001,
        "alias": "Contents.Quest.Desc.2002001",
        "text": "만다라화는 성질이 온화하지 않아 사람들이 좋아하지 않습니다. 무엇보다 시끄럽다는 게 제일 문제죠. 공존을 고려하다가도 결국은 포기하게 되는 것 같습니다.\n해월 지부 주변의 만다라화를 제거해 주십시오."
    },
    "18102002": {
        "deprecated": false,
        "Dev_Desc": "비옥대지_훈련생 보호",
        "id": 18102002,
        "alias": "Contents.Quest.Desc.2002002",
        "text": "곧 훈련생들이 수수께끼 벌판으로 첫 실전 훈련을 나갑니다. 아무래도 걱정이 좀 되는군요. 훈련생들이 위험에 빠지는 건 원치 않으니 미리 그 수를 좀 줄여둬야겠습니다."
    },
    "18102003": {
        "deprecated": false,
        "Dev_Desc": "비옥대지_전갈의 독",
        "id": 18102003,
        "alias": "Contents.Quest.Desc.2002003",
        "text": "이 지역 전갈의 독은 강하고 쓸데가 많기로 유명합니다. 돈을 벌기 위해 전갈 독을 채집하다 사고를 당하는 사람도 많아요.\n독을 치료하기 위해선 독이 필요하고... 그러다 사고를 당하고... 이상한 순환이 생겼네요.\n                             - 도화상전 온영인 - "
    },
    "18102004": {
        "deprecated": false,
        "Dev_Desc": "비옥대지_벌판 쓰레기 수거",
        "id": 18102004,
        "alias": "Contents.Quest.Desc.2002004",
        "text": "특정 단체를 지칭하고 싶지 않지만... 수수께끼 벌판에 쓰레기가 많이 버려져 있더군요. 벌판의 치안 확보를 도와주고 계시는 게 고맙기 때문에 별말씀을 드리고 싶지 않습니다. 도와주시겠습니까?"
    },
    "18102005": {
        "deprecated": false,
        "Dev_Desc": "비옥대지_좋은 붓 만들기",
        "id": 18102005,
        "alias": "Contents.Quest.Desc.2002005",
        "text": "이 지역에도 통통한 여우들이 많이 보이네요.\n털의 상태도 좋아 보입니다. \n저런 털이라면 좋은 붓을 만들 수 있겠어요.\n장막 여우의 고운 털을 구해주시겠습니까?"
    },
    "18102006": {
        "deprecated": false,
        "Dev_Desc": "비옥대지_지역주민 보호",
        "id": 18102006,
        "alias": "Contents.Quest.Desc.2002006",
        "text": "주민 보호가 풍백문의 주요 임무는 아니지만, 비옥대지 안에서라면 풍백문의 일이라고 생각합니다.\n어둑시니가 주민들에게 피해가 크다고 하니 부탁드리겠습니다."
    },
    "18102007": {
        "deprecated": false,
        "Dev_Desc": "비옥대지_날 보호해라냥!",
        "id": 18102007,
        "alias": "Contents.Quest.Desc.2002007",
        "text": "개척바롱단에게 수많은 시련이 있어왔다냥. \n물론 스스로의 힘으로 이겨내 왔지만... 최근에 충고를 들었다냥. 모든 걸 혼자서 짊어지지 말란 말이었다냥!\n맞다냥! 이젠 나도 주변의 도움을 받아보려 한다냥!\n                          - 개척바롱단 네이냥 - "
    },
    "18102008": {
        "deprecated": false,
        "Dev_Desc": "비옥대지_또 새로운 염료 개발",
        "id": 18102008,
        "alias": "Contents.Quest.Desc.2002008",
        "text": "이곳의 검은 발발이풀로 만드는 검은색은 빛 반사율이 극히 낮다는 실험결과가 있습니다. \n이건 혁명적인 검은색이에요.\n검은 발발이 풀을 구해주세요."
    },
    "18102009": {
        "deprecated": false,
        "Dev_Desc": "비옥대지_호랑이 가죽 구해요",
        "id": 18102009,
        "alias": "Contents.Quest.Desc.2002009",
        "text": "이곳의 호랑이는 색이 특별합니다. 그런 특별한 호랑이 가죽을 손에 넣고자 하는 부자들이 있어요. 부귀를 가져오고 잡귀를 몰아낸다는 속설이 있다는데...\n뭐 사실이든 아니든 상관없죠. 돈이 된다는 게 중요합니다."
    },
    "18102010": {
        "deprecated": false,
        "Dev_Desc": "비옥대지_강력한 적, 염옥",
        "id": 18102010,
        "alias": "Contents.Quest.Desc.2002010",
        "text": "비옥 발굴지 근처에는 시귀 병사들과 인부들이 여전히 남아있습니다. 수양을 믿고 이곳까지 온 이들이니 그들에게 안식을 선물하는 것 역시 수양이 해야 할 일이지만 도저히 여력이 생기질 않는군요. 도와주시겠습니까?"
    },
    "18102011": {
        "deprecated": false,
        "Dev_Desc": "비옥대지_균열 연구 자료",
        "id": 18102011,
        "alias": "Contents.Quest.Desc.2002011",
        "text": "제 이름은 김규녈! 균열광이죠. 후후. 해월대륙에 균열을 연구하러 왔습니다!\n예? 제가 해월대륙에 와서 균열이 일어난 게 아니냐고요? 오해입니다. 제가 연구해서 보여드리죠. 균열이 무엇인지를.\n                          - 균열 연구가 김규녈 -"
    },
    "18102012": {
        "deprecated": false,
        "Dev_Desc": "비옥대지_야금 야금 야금!",
        "id": 18102012,
        "alias": "Contents.Quest.Desc.2002012",
        "text": "박쥐가 사는 곳에도 뭔가 좋은 약초가 있을지도 모른다냥.\n그곳에선 야금 때문에 몰래몰래 숨어서 채취해야 하는데...\n위험하고 너무 효율이 떨어지는 것 같다냥!\n가서 야금을 제거해 주면 좋겠다냥!"
    },
    "18102013": {
        "deprecated": false,
        "Dev_Desc": "비옥대지_좋은 약초 찾기",
        "id": 18102013,
        "alias": "Contents.Quest.Desc.2002013",
        "text": "우리가 직접 가서 약초를 캐기엔 너무 위험하다냥.\n아직 그곳에 무엇이 있는지 모르는 게 문제니까 일단 눈에 보이는 들풀이라도 좋으니 적당히 뽑아오라냥.\n만약에 가치가 있다면 이후에 어떻게 할지 고민하겠다냥!"
    },
    "18102014": {
        "deprecated": false,
        "Dev_Desc": "비옥대지_붉은 뿔의 가치",
        "id": 18102014,
        "alias": "Contents.Quest.Desc.2002014",
        "text": "동부 숲에 돈이 될만한 걸 찾고 있습니다.\n우선은 붉은 뿔을 한번 조사해보려고요.\n이게 약효가 있거나... 특정한 용도로 쓸 수 있으면 좋겠네요."
    },
    "18102015": {
        "deprecated": false,
        "Dev_Desc": "비옥대지_하늘의 해파리",
        "id": 18102015,
        "alias": "Contents.Quest.Desc.2002015",
        "text": "바다에 있어야 할 해파리가 하늘에 떠 있다고냥?\n뭔가 굉장한 게 있을 지도 모르겠다냥... 생, 건조, 반건조, 얼려서 여러가지로 약효를 시험해 봐야겠다냥.\n우선 많이 잡아 와 달라냥!"
    },
    "18102016": {
        "deprecated": false,
        "Dev_Desc": "비옥대지_담인초 몰아내기",
        "id": 18102016,
        "alias": "Contents.Quest.Desc.2002016",
        "text": "사묘정의 숲은 병사들이 휴식처로 삼는 곳입니다. 근데 그곳의 투연초가 있어서 병사들에게 피해를 준다는군요.\n병사들에게 좋은 쉼터가 될 수 있도록, 투연초를 제거해 주시겠습니까?"
    },
    "18102017": {
        "deprecated": false,
        "Dev_Desc": "비옥대지_신규 염료 개발",
        "id": 18102017,
        "alias": "Contents.Quest.Desc.2002017",
        "text": "여기 삼색조 깃털에서 염료를 추출해 보려고요.\n만약에 성공한다면 기본색상 세 개에 합성색까지!\n앞으로 삼색조가 좋은 수입원이 될지도 모르겠네요."
    },
    "18102018": {
        "deprecated": false,
        "Dev_Desc": "비옥대지_화염초의 가치",
        "id": 18102018,
        "alias": "Contents.Quest.Desc.2002018",
        "text": "화염초에 대해서는 현재 두 가지 가능성을 보고 있습니다.\n화염초가 높은 온도를 내는 데 도움을 줄 것이라는 것과 높은 온도에 잘 버티는 능력이 있을 거란 추측이죠.\n화염초를 많이 가져오시면 금경철문에서 알아보겠습니다."
    },
    "18102019": {
        "deprecated": false,
        "Dev_Desc": "비옥대지_유강독모의 껍데기",
        "id": 18102019,
        "alias": "Contents.Quest.Desc.2002019",
        "text": "유강독모 유충의 껍데기를 조사하면 유강독모에 내성을 가진 물질을 발견할 수 있을지도 모릅니다.\n유강독모 유충의 껍데기를 좀 많이 얻어주시겠어요?\n조사가 속도를 높일 수 있을 겁니다."
    },
    "18102020": {
        "deprecated": false,
        "Dev_Desc": "비옥대지_담인초의 용도",
        "id": 18102020,
        "alias": "Contents.Quest.Desc.2002020",
        "text": "담인초의 조직을 잘만 이용하면 다용도로 쓸 수 있을 것 같습니다. 아직 구상 수준에 머물러 있습니다만, 표본을 많이 구할 수 있다면 연구를 한번 해보려 합니다.\n부탁드려도 될까요?"
    },
    "18102021": {
        "deprecated": false,
        "Dev_Desc": "비옥대지_좋은 품질의 석재",
        "id": 18102021,
        "alias": "Contents.Quest.Desc.2002021",
        "text": "솟을바위 경사로 쪽의 돌 품질이 좋은 것 같아서요. 장인들이 가서 돌을 캐려고 하는데 시귀 병사들이 돌아다녀서 어렵습니다. 수양에선 딱히 도와주지 않아서요.\n시귀 병사들을 좀 제거해 주시겠어요?"
    },
    "18102022": {
        "deprecated": false,
        "Dev_Desc": "비옥대지_양피지 재료",
        "id": 18102022,
        "alias": "Contents.Quest.Desc.2002022",
        "text": "사실 이제 종이의 품질이 높아져서... 양피지를 쓸 이유가 전혀 없다고 생각했습니다. 근데 높은 분 중 하나가 꼭 양피지를 쓰고 싶다고 하시네요. 거기에다 차마 이유를 묻진 못했습니다. 차라리 양피지를 만드는 게 쉽겠더라고요."
    },
    "18102023": {
        "deprecated": false,
        "Dev_Desc": "비옥대지_변이된 자의 도구",
        "id": 18102023,
        "alias": "Contents.Quest.Desc.2002023",
        "text": "시귀 채석꾼이 쓰는 도구의 수준이 궁금해서요.\n혹시 가능하다면 도구를 좀 수집해주시겠습니까?\n배울 게 있다면 배우려고요."
    },
    "18102024": {
        "deprecated": false,
        "Dev_Desc": "비옥대지_창도단 퇴치",
        "id": 18102024,
        "alias": "Contents.Quest.Desc.2002024",
        "text": "용머리 곶은 바닷바람이 불어와서 효능 좋은 약초가 자랄 것 같다냥! 근데 꼭 그런 곳마다 이상한 녀석들이 있어서 우리를 방해한다냥! 용머리 곶은 창도단 녀석들이 방해하는데, 우릴 좀 도와줬음 좋겠다냥!"
    },
    "18102025": {
        "deprecated": false,
        "Dev_Desc": "비옥대지_홍돈족 쫓아내기",
        "id": 18102025,
        "alias": "Contents.Quest.Desc.2002025",
        "text": "홍돈족은 해월대륙으로 넘어오기 위해 수양을 이용했습니다. 탐사를 돕기로 약속했지만 목적을 달성하자마자 탐사대를 떠나버리더군요. 최근엔 저희를 공격하기까지 합니다. \n마음 같아서는... 아닙니다. 그냥 쫓아내 주십시오."
    },
    "18102026": {
        "deprecated": false,
        "Dev_Desc": "비옥대지_창도단 장비 수거",
        "id": 18102026,
        "alias": "Contents.Quest.Desc.2002026",
        "text": "창도단 때문에 탐사고 뭐고 다 망쳤습니다.\n그래도 그들을 미리 조사해두는 건 필요할 것 같습니다.\n그들의 장비를 좀 얻어주실 수 있을까요?\n                          - 매화단 청수국 -"
    },
    "18102027": {
        "deprecated": false,
        "Dev_Desc": "비옥대지_청인족 퇴치 임무",
        "id": 18102027,
        "alias": "Contents.Quest.Desc.2002027",
        "text": "청인족들이 탁회암 고원 쪽에서 많이 발견된다고 합니다.\n사실 거기라면 풍백문이 나설 건 없겠지만... 혹시 청인족이 비옥대지쪽으로 넘어오지 않도록 사전에 막을 필요는 있을 것 같습니다."
    },
    "18102028": {
        "deprecated": false,
        "Dev_Desc": "비옥대지_풍백문 협행 전문가",
        "id": 18102028,
        "alias": "Contents.Quest.Desc.2002028",
        "text": "비옥대지에서 풍백문이 요청한 일을 [2]건 완료해주신 소협에겐 당연히 그에 응당한 보상을 드릴 것입니다.\n저희를 도와주십시오."
    },
    "18102029": {
        "deprecated": false,
        "Dev_Desc": "비옥대지_금경철문 협행 전문가",
        "id": 18102029,
        "alias": "Contents.Quest.Desc.2002029",
        "text": "비옥대지에서 금경철문의 협행을 수행하는 이에게 금경철문의 이름으로 특별한 보상을 주겠네. \n꼭 약속하지. 딱 [2]번이면 되네!"
    },
    "18102030": {
        "deprecated": false,
        "Dev_Desc": "비옥대지_도화상전 협행 전문가",
        "id": 18102030,
        "alias": "Contents.Quest.Desc.2002030",
        "text": "도화상전에서는 상전의 비옥대지 협행을 [2]건 완료하는 분에게 소정의 보상을 드리고 있어요. \n도화상전이 보증한다는 게 무슨 의미인지 아시죠!\n많은 참여 부탁드려요~"
    },
    "18102031": {
        "deprecated": false,
        "Dev_Desc": "비옥대지_수양 협행 전문가",
        "id": 18102031,
        "alias": "Contents.Quest.Desc.2002031",
        "text": "비옥대지에서 수양이 제보한 협행을 [2]건 완료하면 특별히 큰 보상을 주겠네.\n대장님의 이름으로 주는 특별한 보상이야.\n그럼 무운을 빌겠네."
    },
    "18102032": {
        "deprecated": false,
        "Dev_Desc": "비옥대지_영교원 협행 전문가",
        "id": 18102032,
        "alias": "Contents.Quest.Desc.2002032",
        "text": "영교원은 비옥대지에서 우리가 주는 협행을 [2]번 하는 모험가에게 보상을 주고있다냥! \n우리 바롱들은 약속을 꼭 지킨다냥! 그럼 힘내라냥~"
    },
    "18102033": {
        "deprecated": false,
        "Dev_Desc": "비옥대지_명혜단 협행 전문가",
        "id": 18102033,
        "alias": "Contents.Quest.Desc.2002033",
        "text": "저희 명혜단은 탐구를 도와주시는 모험가분들께 제대로 된 보상을 드려야 한다고 생각합니다. 비옥대지에서 저희가 드리는 협행을 [2]번 도와주신다면 보상을 기대하셔도 좋습니다. 그럼 이번에도 부탁드리겠습니다."
    },
    "18102034": {
        "deprecated": false,
        "Dev_Desc": "비옥대지_비사문 협행 전문가",
        "id": 18102034,
        "alias": "Contents.Quest.Desc.2002034",
        "text": "우리 비사문에서 비옥대지의 협행을 처리해준 것에 감사를 표하네.\n주민들이 비사문을 통해 제보한 협행을 [2]건 완료해 주겠나? 그럼 기다리고 있겠네."
    },
    "18102035": {
        "deprecated": false,
        "Dev_Desc": "비옥대지_[Lv.50] 만다라화의 무기",
        "id": 18102035,
        "alias": "Contents.Quest.Desc.2002035",
        "text": "만다라화가 들고 있는 그 무기가 있지 않습니까? \n바롱의 꼬리를 곧게 펴둔 것처럼 생긴 그거요.\n저희 장인 중의 하나가 그걸 조사하겠다고 \n만다라화에 접근했다가 공격을 받은 듯합니다.\n가서 좀 구해주시겠습니까? \n주변에 적들이 많으니 조심하십시오."
    },
    "18102036": {
        "deprecated": false,
        "Dev_Desc": "비옥대지_[Lv.50] 그늘엄니초가 후식?",
        "id": 18102036,
        "alias": "Contents.Quest.Desc.2002036",
        "text": "붉은 비탈에 그늘엄니초라는 좋은 약초가 있다냥!\n언젠가부터 홍돈족이 자리를 잡고 비켜주지 않는다냥!\n홍돈족이 그늘엄니초를 후식으로 먹는다는데... \n그러기엔 그 약초는 너무 귀한 거다냥!\n좋은 약을 만들 수 있게 도와달라냥!"
    },
    "18102037": {
        "deprecated": false,
        "Dev_Desc": "비옥대지_[Lv.52] 나무 정령의 이끼",
        "id": 18102037,
        "alias": "Contents.Quest.Desc.2002037",
        "text": "나무 정령의 이끼를 이용하면 \n재료의 강도를 올릴 수 있다고 합니다.\n만약에 성공한다면 \n더 튼튼한 무기와 장비를 만들 수 있는 거죠!\n이끼를 구하는 방법요? 그건 모험자님이 찾아주셔야죠.\n그럼 잘 부탁드리겠습니다."
    },
    "18102038": {
        "deprecated": false,
        "Dev_Desc": "비옥대지_[Lv.52] 뱀버섯의 독성분",
        "id": 18102038,
        "alias": "Contents.Quest.Desc.2002038",
        "text": "뱀버섯이 독을 가지고 있다는 거 아냥?\n물론 그 독은 바롱 등에게 해를 입히는 거다냥!\n하지만 나같은 우수한 약제사라면 \n사용량을 적절히 조절하고 효과를 억제시켜 \n약으로도 사용할 수 있는 거다냥!\n알았으면 단풍 노을 골짜기에 가서 독을 얻어와라냥!"
    },
    "18102039": {
        "deprecated": false,
        "Dev_Desc": "비옥대지_[Lv.53] 신입에겐 부담스러워",
        "id": 18102039,
        "alias": "Contents.Quest.Desc.2002039",
        "text": "수수께끼 벌판은 비교적 안전한 곳이라 \n신입대원들도 그곳에서 훈련을 많이 시키는데요.\n어둠 고목 정령을 어려워해서 \n퇴치 임무에 아무도 앞으로 나서질 않습니다. \n누군가 어둠 고목 정령을 상대하는 모습을 보여주시면\n수양의 신입 대원들에게 큰 도움이 될 것 같습니다."
    },
    "18102040": {
        "deprecated": false,
        "Dev_Desc": "비옥대지_[Lv.57] 시귀로부터 구출",
        "id": 18102040,
        "alias": "Contents.Quest.Desc.2002040",
        "text": "시귀들을 조사하러 나갔던 수양대원이\n현장에서 발이 묶인 것 같습니다.\n그곳으로 가서 수양대원을 도와주실 수 있겠습니까?\n시귀의 수가 많습니다. 잘 부탁드리겠습니다."
    },
    "18102041": {
        "deprecated": false,
        "Dev_Desc": "비옥대지_[Lv.58] 견고한 방어선 뚫기",
        "id": 18102041,
        "alias": "Contents.Quest.Desc.2002041",
        "text": "저희 수양은 적의 방어선을 뚫어내려고 노력 중인데요.\n변이된 청인족 검사들이 지역마다 자리를 잡아서요.\n요충지에 있는 검사들만 좀 제거된다면...\n진격은 시간문제일 것 같은데 말입니다.\n혹시 그 역할을 맡아주실 수 있겠습니까?"
    },
    "18102042": {
        "deprecated": false,
        "Dev_Desc": "비옥대지_[Lv.58] 청인족 무기 재활용",
        "id": 18102042,
        "alias": "Contents.Quest.Desc.2002042",
        "text": "요즘 무기 제작 재료의 값도 점점 비싸지고 있습니다.\n그래서 생각을 해봤는데요. 청인족의 무기를 좀 얻어서, \n그걸 해체하면 무기 생산 재료를 얻을 수 있을 것 같습니다.\n적도 약화시킬 수 있고요! 부탁드려도 될까요?"
    },
    "18102043": {
        "deprecated": false,
        "Dev_Desc": "비옥대지_[Lv.58] 이상한 형태의 무기",
        "id": 18102043,
        "alias": "Contents.Quest.Desc.2002043",
        "text": "변이된 청인족의 무기는 형태도 특이하고\n표면에 따개비 같은 것도 잔뜩 붙어 있더라고요.\n왜 저런 형태의 무기를 사용하는지부터 시작해서\n조사하고 싶은 게 너무나도 많습니다.\n일단 변이된 청인족의 무기를 좀 구해주시겠습니까?"
    },
    "18102044": {
        "deprecated": false,
        "Dev_Desc": "비옥대지_[Lv.59] 창도단 무기 재활용",
        "id": 18102044,
        "alias": "Contents.Quest.Desc.2002044",
        "text": "요즘 무기들의 가격이 이상하게 높습니다.\n재료값도 엄청 올랐습니다.\n창도단의 무기를 재활용할 수 있다면\n상대에겐 음수, 우리에겐 양수! 두 배 이익이죠.\n그럼 잘 부탁드리겠습니다."
    },
    "18102045": {
        "deprecated": false,
        "Dev_Desc": "비옥대지_[Lv.59] 명혜단원 위기 해결",
        "id": 18102045,
        "alias": "Contents.Quest.Desc.2002045",
        "text": "명혜단에서는 현재 변이된 청인족과 창도단을\n상호 비교하면서 연구하고 있는데요.\n저희 단원이 연구 도중에 \n창도단의 덩치와 장사들에게 잡힌 것 같습니다.\n명혜단의 능력만으론 구출이 좀 어려울 것 같아\n도움을 요청드리고자 합니다. 제발 부탁드립니다."
    },
    "18102046": {
        "deprecated": false,
        "Dev_Desc": "비옥대지_[Lv.60] 은신거미 없애기",
        "id": 18102046,
        "alias": "Contents.Quest.Desc.2002046",
        "text": "재앙의 은신처 쪽에 거미로 인한 피해가 극심합니다.\n처음엔 적당히 피해 다니라고 경고를 했었는데...\n거미가 잘 보이지 않는 곳에서 튀어나오나 봅니다.\n그래서 풍백문에선 가만히 둘 수 없을 것 같습니다.\n어떻게든 문제 해결을 해야겠는데요. \n도와주시겠어요?"
    }
}