{
    "18200000": {
        "deprecated": false,
        "Dev_Desc": "협행_반달_맛 좋은 열매",
        "id": 18200000,
        "alias": "Contents.Quest.Mission.2000000",
        "text": "도치 머리 위 별미 수집 "
    },
    "18200001": {
        "deprecated": false,
        "Dev_Desc": "협행_반달_도치도치 대소동",
        "id": 18200001,
        "alias": "Contents.Quest.Mission.2000001",
        "text": "도둑도치 처치 "
    },
    "18200002": {
        "deprecated": false,
        "Dev_Desc": "협행_반달_도치가 숨겨놓은 반짝이!",
        "id": 18200002,
        "alias": "Contents.Quest.Mission.2000002",
        "text": "호숫가의 도치 둥지 조사 "
    },
    "18200003": {
        "deprecated": false,
        "Dev_Desc": "협행_반달_흔들리는 연잎 속에서…",
        "id": 18200003,
        "alias": "Contents.Quest.Mission.2000003",
        "text": "연잎 조각 수집 "
    },
    "18200004": {
        "deprecated": false,
        "Dev_Desc": "협행_반달_움직이는 연잎",
        "id": 18200004,
        "alias": "Contents.Quest.Mission.2000004",
        "text": "연잎인간 처치 "
    },
    "18200005": {
        "deprecated": false,
        "Dev_Desc": "협행_반달_우산을 만들 수 있어",
        "id": 18200005,
        "alias": "Contents.Quest.Mission.2000005",
        "text": "온전한 연잎 수집 "
    },
    "18200006": {
        "deprecated": false,
        "Dev_Desc": "협행_반달_시궁창의 주인들",
        "id": 18200006,
        "alias": "Contents.Quest.Mission.2000006",
        "text": "서인족 처치 "
    },
    "18200007": {
        "deprecated": false,
        "Dev_Desc": "협행_반달_냄새의 원인",
        "id": 18200007,
        "alias": "Contents.Quest.Mission.2000007",
        "text": "서인족 처치 "
    },
    "18200008": {
        "deprecated": false,
        "Dev_Desc": "협행_반달_서인족의 무기 연구",
        "id": 18200008,
        "alias": "Contents.Quest.Mission.2000008",
        "text": "서인족의 무기상자 조사 "
    },
    "18200009": {
        "deprecated": false,
        "Dev_Desc": "협행_반달_단단한 껍질은 유용해",
        "id": 18200009,
        "alias": "Contents.Quest.Mission.2000009",
        "text": "온전한 등딱지 수집 "
    },
    "18200010": {
        "deprecated": false,
        "Dev_Desc": "협행_반달_거북이는 죄가 없다냥!",
        "id": 18200010,
        "alias": "Contents.Quest.Mission.2000010",
        "text": "거북호의 쓰레기 줍기 "
    },
    "18200011": {
        "deprecated": false,
        "Dev_Desc": "협행_반달_거북이는 죄가 있어",
        "id": 18200011,
        "alias": "Contents.Quest.Mission.2000011",
        "text": "호수거북 처치 "
    },
    "18200012": {
        "deprecated": false,
        "Dev_Desc": "협행_반달_유적지를 지켜달라냥!",
        "id": 18200012,
        "alias": "Contents.Quest.Mission.2000012",
        "text": "폭주한 수호병 처치 "
    },
    "18200013": {
        "deprecated": false,
        "Dev_Desc": "협행_반달_움직이는 바위다냥!",
        "id": 18200013,
        "alias": "Contents.Quest.Mission.2000013",
        "text": "수호병의 조각 수집 "
    },
    "18200014": {
        "deprecated": false,
        "Dev_Desc": "협행_반달_신비한 부스러기",
        "id": 18200014,
        "alias": "Contents.Quest.Mission.2000014",
        "text": "수호병의 부스러기 채집 "
    },
    "18200015": {
        "deprecated": false,
        "Dev_Desc": "협행_반달_불마의 존재 一",
        "id": 18200015,
        "alias": "Contents.Quest.Mission.2000015",
        "text": "불마자 처치 "
    },
    "18200016": {
        "deprecated": false,
        "Dev_Desc": "협행_반달_강력한 적",
        "id": 18200016,
        "alias": "Contents.Quest.Mission.2000016",
        "text": "정예 불마자 처치 "
    },
    "18200017": {
        "deprecated": false,
        "Dev_Desc": "협행_반달_균열의 흔적",
        "id": 18200017,
        "alias": "Contents.Quest.Mission.2000017",
        "text": "균열의 흔적 수집 "
    },
    "18200018": {
        "deprecated": false,
        "Dev_Desc": "협행_반달_목초지의 골칫거리",
        "id": 18200018,
        "alias": "Contents.Quest.Mission.2000018",
        "text": "사묘정 처치 "
    },
    "18200019": {
        "deprecated": false,
        "Dev_Desc": "협행_반달_자연의 약재, 첫번째",
        "id": 18200019,
        "alias": "Contents.Quest.Mission.2000019",
        "text": "사묘정의 잎 수집 "
    },
    "18200020": {
        "deprecated": false,
        "Dev_Desc": "협행_반달_자연의 약재, 두번째",
        "id": 18200020,
        "alias": "Contents.Quest.Mission.2000020",
        "text": "목초지의 약초 채집 "
    },
    "18200021": {
        "deprecated": false,
        "Dev_Desc": "협행_반달_붉은 염료가 필요해",
        "id": 18200021,
        "alias": "Contents.Quest.Mission.2000021",
        "text": "붉은 발발이풀 수집 "
    },
    "18200022": {
        "deprecated": false,
        "Dev_Desc": "협행_반달_황금 염료가 필요해",
        "id": 18200022,
        "alias": "Contents.Quest.Mission.2000022",
        "text": "황금 발발이풀 수집 "
    },
    "18200023": {
        "deprecated": false,
        "Dev_Desc": "협행_반달_잃어버린 비법서",
        "id": 18200023,
        "alias": "Contents.Quest.Mission.2000023",
        "text": "잃어버린 비법서 획득 "
    },
    "18200024": {
        "deprecated": false,
        "Dev_Desc": "협행_반달_피의 복수",
        "id": 18200024,
        "alias": "Contents.Quest.Mission.2000024",
        "text": "창도단 처치 "
    },
    "18200025": {
        "deprecated": false,
        "Dev_Desc": "협행_반달_익숙하면서 다른 무기",
        "id": 18200025,
        "alias": "Contents.Quest.Mission.2000025",
        "text": "창도단의 무기상자 조사 "
    },
    "18200026": {
        "deprecated": false,
        "Dev_Desc": "협행_반달_의외의 유행품",
        "id": 18200026,
        "alias": "Contents.Quest.Mission.2000026",
        "text": "창도단의 장신구 수집 "
    },
    "18200027": {
        "deprecated": false,
        "Dev_Desc": "협행_반달_도적단을 소탕하라",
        "id": 18200027,
        "alias": "Contents.Quest.Mission.2000027",
        "text": "창도단 처치 "
    },
    "18200028": {
        "deprecated": false,
        "Dev_Desc": "협행_반달_맹수들의 위협",
        "id": 18200028,
        "alias": "Contents.Quest.Mission.2000028",
        "text": "곰과 호랑이 처치 "
    },
    "18200029": {
        "deprecated": false,
        "Dev_Desc": "협행_반달_덧가죽을 구해줘",
        "id": 18200029,
        "alias": "Contents.Quest.Mission.2000029",
        "text": "온전한 가죽 수집 "
    },
    "18200030": {
        "deprecated": false,
        "Dev_Desc": "협행_반달_잃어버린 짐을 찾습니다",
        "id": 18200030,
        "alias": "Contents.Quest.Mission.2000030",
        "text": "상인의 봇짐 회수 "
    },
    "18200031": {
        "deprecated": false,
        "Dev_Desc": "협행_반달_행인 보호 임무",
        "id": 18200031,
        "alias": "Contents.Quest.Mission.2000031",
        "text": "수목 정령 처치 "
    },
    "18200032": {
        "deprecated": false,
        "Dev_Desc": "협행_반달_흘리고 온 봇짐",
        "id": 18200032,
        "alias": "Contents.Quest.Mission.2000032",
        "text": "상인의 봇짐 회수 "
    },
    "18200033": {
        "deprecated": false,
        "Dev_Desc": "협행_반달_제대로 된 약재",
        "id": 18200033,
        "alias": "Contents.Quest.Mission.2000033",
        "text": "산양의 뿔 수집 "
    },
    "18200034": {
        "deprecated": false,
        "Dev_Desc": "협행_반달_정령, 가지, 없다…",
        "id": 18200034,
        "alias": "Contents.Quest.Mission.2000034",
        "text": "수목 정령의 가지 수집 "
    },
    "18200035": {
        "deprecated": false,
        "Dev_Desc": "협행_반달_밀렵단을 저지하라",
        "id": 18200035,
        "alias": "Contents.Quest.Mission.2000035",
        "text": "투엽단 처치 "
    },
    "18200036": {
        "deprecated": false,
        "Dev_Desc": "협행_반달_야생 동물들의 안식을 위해",
        "id": 18200036,
        "alias": "Contents.Quest.Mission.2000036",
        "text": "동물의 뼈 수습 "
    },
    "18200037": {
        "deprecated": false,
        "Dev_Desc": "협행_반달_소중한 인형을 찾아주세요",
        "id": 18200037,
        "alias": "Contents.Quest.Mission.2000037",
        "text": "아이의 인형 찾기"
    },
    "18200038": {
        "deprecated": false,
        "Dev_Desc": "협행_반달_원혼을 달래야한다냥",
        "id": 18200038,
        "alias": "Contents.Quest.Mission.2000038",
        "text": "노숙령과 동자령 처치"
    },
    "18200039": {
        "deprecated": false,
        "Dev_Desc": "협행_반달_나, 김서방, 아니다.",
        "id": 18200039,
        "alias": "Contents.Quest.Mission.2000039",
        "text": "도깨비 처치 "
    },
    "18200040": {
        "deprecated": false,
        "Dev_Desc": "협행_반달_조금 다른 생물들",
        "id": 18200040,
        "alias": "Contents.Quest.Mission.2000040",
        "text": "균열의 흔적 수집 "
    },
    "18200041": {
        "deprecated": false,
        "Dev_Desc": "협행_반달_두고 온 물건",
        "id": 18200041,
        "alias": "Contents.Quest.Mission.2000041",
        "text": "수와의 짐 회수 "
    },
    "18200042": {
        "deprecated": false,
        "Dev_Desc": "협행_반달_수와족 마을 재건 사업",
        "id": 18200042,
        "alias": "Contents.Quest.Mission.2000042",
        "text": "마을의 위협 제거 "
    },
    "18200043": {
        "deprecated": false,
        "Dev_Desc": "협행_반달_불마의 존재 二",
        "id": 18200043,
        "alias": "Contents.Quest.Mission.2000043",
        "text": "침식된 괴물 처치 "
    },
    "18200044": {
        "deprecated": false,
        "Dev_Desc": "협행_반달_수양 협행 전문가",
        "id": 18200044,
        "alias": "Contents.Quest.Mission.2000044",
        "text": "반달호수 수양 협행 완료"
    },
    "18200045": {
        "deprecated": false,
        "Dev_Desc": "협행_반달_에레다 협행 전문가",
        "id": 18200045,
        "alias": "Contents.Quest.Mission.2000045",
        "text": "반달호수 에레다 협행 완료"
    },
    "18200046": {
        "deprecated": false,
        "Dev_Desc": "협행_반달_도화상전 협행 전문가",
        "id": 18200046,
        "alias": "Contents.Quest.Mission.2000046",
        "text": "반달호수 도화상전 협행 완료"
    },
    "18200047": {
        "deprecated": false,
        "Dev_Desc": "협행_반달_영교원 협행 전문가",
        "id": 18200047,
        "alias": "Contents.Quest.Mission.2000047",
        "text": "반달호수 영교원 협행 완료"
    },
    "18200048": {
        "deprecated": false,
        "Dev_Desc": "협행_반달_금경철문 협행 전문가",
        "id": 18200048,
        "alias": "Contents.Quest.Mission.2000048",
        "text": "반달호수 금경철문 협행 완료"
    },
    "18200049": {
        "deprecated": false,
        "Dev_Desc": "협행_반달_대어방 협행 전문가",
        "id": 18200049,
        "alias": "Contents.Quest.Mission.2000049",
        "text": "반달호수 대어방 협행 완료"
    },
    "18200050": {
        "deprecated": false,
        "Dev_Desc": "협행_반달_주민들의 해결사",
        "id": 18200050,
        "alias": "Contents.Quest.Mission.2000050",
        "text": "반달호수 비사문 협행 완료"
    },
    "18200051": {
        "deprecated": false,
        "Dev_Desc": "협행_반달_행인 보호 임무",
        "id": 18200051,
        "alias": "Contents.Quest.Mission.2000051",
        "text": "수목 정령 처치"
    },
    "18200053": {
        "deprecated": false,
        "Dev_Desc": "협행_반달_균열의 흔적",
        "id": 18200053,
        "alias": "Contents.Quest.Mission.2000053",
        "text": "불마자의 흔적 수집"
    },
    "18200055": {
        "deprecated": false,
        "Dev_Desc": "협행_반달_수와족 마을 재건 사업",
        "id": 18200055,
        "alias": "Contents.Quest.Mission.2000055",
        "text": "침식된 존재 처치"
    },
    "18200057": {
        "deprecated": false,
        "Dev_Desc": "협행_반달_도치가 숨겨놓은 반짝이!",
        "id": 18200057,
        "alias": "Contents.Quest.Mission.2000057",
        "text": "둥지 근처의 도치 내쫓기 "
    },
    "18200058": {
        "deprecated": false,
        "Dev_Desc": "협행_반달_서인족의 무기 연구",
        "id": 18200058,
        "alias": "Contents.Quest.Mission.2000058",
        "text": "서인족 무기 수집 "
    },
    "18200060": {
        "deprecated": false,
        "Dev_Desc": "협행_반달_신비한 부스러기",
        "id": 18200060,
        "alias": "Contents.Quest.Mission.2000059",
        "text": "부스러기 주변의 위협 제거 "
    },
    "18200061": {
        "deprecated": false,
        "Dev_Desc": "협행_반달_자연의 약재, 두번째",
        "id": 18200061,
        "alias": "Contents.Quest.Mission.2000060",
        "text": "약초 주변의 사묘정 처치 "
    },
    "18200062": {
        "deprecated": false,
        "Dev_Desc": "협행_반달_잃어버린 비법서",
        "id": 18200062,
        "alias": "Contents.Quest.Mission.2000061",
        "text": "비법서 주변의 위협 제거 "
    },
    "18200063": {
        "deprecated": false,
        "Dev_Desc": "협행_반달_익숙하면서 다른 무기",
        "id": 18200063,
        "alias": "Contents.Quest.Mission.2000062",
        "text": "창도단 무기 수집 "
    },
    "18200064": {
        "deprecated": false,
        "Dev_Desc": "협행_반달_잃어버린 짐을 찾습니다",
        "id": 18200064,
        "alias": "Contents.Quest.Mission.2000063",
        "text": "봇짐 주변의 위협 제거 "
    },
    "18200065": {
        "deprecated": false,
        "Dev_Desc": "협행_반달_흘리고 온 봇짐",
        "id": 18200065,
        "alias": "Contents.Quest.Mission.2000064",
        "text": "봇짐 주변의 수목정령 처치 "
    },
    "18200066": {
        "deprecated": false,
        "Dev_Desc": "협행_반달_야생 동물들의 안식을 위해",
        "id": 18200066,
        "alias": "Contents.Quest.Mission.2000065",
        "text": "주변의 투엽단 처치 "
    },
    "18200067": {
        "deprecated": false,
        "Dev_Desc": "협행_반달_두고 온 물건",
        "id": 18200067,
        "alias": "Contents.Quest.Mission.2000066",
        "text": "짐 주변의 위협 제거 "
    },
    "18200068": {
        "deprecated": false,
        "Dev_Desc": "반달호수_[Lv.27] 썩지 않는 난파선",
        "id": 18200068,
        "alias": "Contents.Quest.Mission.2000067",
        "text": "잔해 근처의 위협 제거"
    },
    "18200069": {
        "deprecated": false,
        "Dev_Desc": "반달호수_[Lv.27] 소라게의 독",
        "id": 18200069,
        "alias": "Contents.Quest.Mission.2000068",
        "text": "소라게의 살 수집"
    },
    "18200070": {
        "deprecated": false,
        "Dev_Desc": "반달호수_[Lv.27] 귀한 보양식",
        "id": 18200070,
        "alias": "Contents.Quest.Mission.2000069",
        "text": "소라게의 살 수집"
    },
    "18200071": {
        "deprecated": false,
        "Dev_Desc": "반달호수_[Lv.27] 떠밀려온 난파선 조사",
        "id": 18200071,
        "alias": "Contents.Quest.Mission.2000070",
        "text": "잔해 주변의 위협 제거"
    },
    "18200072": {
        "deprecated": false,
        "Dev_Desc": "반달호수_[Lv.27] 반달초를 구해달라냥!",
        "id": 18200072,
        "alias": "Contents.Quest.Mission.2000071",
        "text": "반달초 주변의 위협 제거"
    },
    "18200073": {
        "deprecated": false,
        "Dev_Desc": "반달호수_[Lv.28] 최고의 재료",
        "id": 18200073,
        "alias": "Contents.Quest.Mission.2000072",
        "text": "늪지 악어 가죽 수집"
    },
    "18200074": {
        "deprecated": false,
        "Dev_Desc": "반달호수_[Lv.28] 진흙 속에 사는 물고기",
        "id": 18200074,
        "alias": "Contents.Quest.Mission.2000073",
        "text": "늪지 악어 처치"
    },
    "18200075": {
        "deprecated": false,
        "Dev_Desc": "반달호수_[Lv.28] 악어 가죽이 필요해",
        "id": 18200075,
        "alias": "Contents.Quest.Mission.2000074",
        "text": "흠 없는 가죽 수집"
    },
    "18200076": {
        "deprecated": false,
        "Dev_Desc": "반달호수_[Lv.28] 수양대원을 위한 특식",
        "id": 18200076,
        "alias": "Contents.Quest.Mission.2000075",
        "text": "악어 고기 수집"
    },
    "18200077": {
        "deprecated": false,
        "Dev_Desc": "반달호수_[Lv.28] 늪지에서 피는 꽃",
        "id": 18200077,
        "alias": "Contents.Quest.Mission.2000076",
        "text": "약초 주변의 위협 제거"
    },
    "18200078": {
        "deprecated": false,
        "Dev_Desc": "반달호수_[Lv.27] 반달초를 구해달라냥!",
        "id": 18200078,
        "alias": "Contents.Quest.Mission.2000077",
        "text": "반달초 채집"
    },
    "18200079": {
        "deprecated": false,
        "Dev_Desc": "반달호수_[Lv.28] 늪지에서 피는 꽃",
        "id": 18200079,
        "alias": "Contents.Quest.Mission.2000078",
        "text": "늪지 약초 채집"
    },
    "18201000": {
        "deprecated": false,
        "Dev_Desc": "협행_태록림_기름진 발발이",
        "id": 18201000,
        "alias": "Contents.Quest.Mission.2001000",
        "text": "기름 먹인 풀 수집 "
    },
    "18201001": {
        "deprecated": false,
        "Dev_Desc": "협행_태록림_거미줄 연구",
        "id": 18201001,
        "alias": "Contents.Quest.Mission.2001001",
        "text": "거미줄 단백질 수집"
    },
    "18201002": {
        "deprecated": false,
        "Dev_Desc": "협행_태록림_생태계 복원",
        "id": 18201002,
        "alias": "Contents.Quest.Mission.2001002",
        "text": "의식 없는 시귀 처치"
    },
    "18201003": {
        "deprecated": false,
        "Dev_Desc": "협행_태록림_자꾸 없어지는 비법서",
        "id": 18201003,
        "alias": "Contents.Quest.Mission.2001003",
        "text": "잃어버린 비법서 획득 "
    },
    "18201004": {
        "deprecated": false,
        "Dev_Desc": "협행_태록림_방어선 구축",
        "id": 18201004,
        "alias": "Contents.Quest.Mission.2001004",
        "text": "녹각다귀 처치 "
    },
    "18201005": {
        "deprecated": false,
        "Dev_Desc": "협행_태록림_늑대 집단",
        "id": 18201005,
        "alias": "Contents.Quest.Mission.2001005",
        "text": "밀림 늑대 처치"
    },
    "18201006": {
        "deprecated": false,
        "Dev_Desc": "협행_태록림_새로운 염료 개발",
        "id": 18201006,
        "alias": "Contents.Quest.Mission.2001006",
        "text": "오똑 발발이 풀 수집 "
    },
    "18201007": {
        "deprecated": false,
        "Dev_Desc": "협행_태록림_만다라화의 소음 문제",
        "id": 18201007,
        "alias": "Contents.Quest.Mission.2001007",
        "text": "만다라화 처치 "
    },
    "18201008": {
        "deprecated": false,
        "Dev_Desc": "협행_태록림_장인들의 별미!",
        "id": 18201008,
        "alias": "Contents.Quest.Mission.2001008",
        "text": "연안 소라게 살 채집"
    },
    "18201009": {
        "deprecated": false,
        "Dev_Desc": "협행_태록림_거북 알 채집",
        "id": 18201009,
        "alias": "Contents.Quest.Mission.2001009",
        "text": "거북알 채집 "
    },
    "18201010": {
        "deprecated": false,
        "Dev_Desc": "협행_태록림_연안 거북의 껍질",
        "id": 18201010,
        "alias": "Contents.Quest.Mission.2001010",
        "text": "온전한 등딱지 수집 "
    },
    "18201011": {
        "deprecated": false,
        "Dev_Desc": "협행_태록림_어둑시니 퇴치",
        "id": 18201011,
        "alias": "Contents.Quest.Mission.2001011",
        "text": "어둑시니 처치 "
    },
    "18201012": {
        "deprecated": false,
        "Dev_Desc": "협행_태록림_식인악어 퇴치",
        "id": 18201012,
        "alias": "Contents.Quest.Mission.2001012",
        "text": "연안 악어 처치 "
    },
    "18201013": {
        "deprecated": false,
        "Dev_Desc": "협행_태록림_단단한 식물의 줄기",
        "id": 18201013,
        "alias": "Contents.Quest.Mission.2001013",
        "text": "식물 줄기 채집"
    },
    "18201014": {
        "deprecated": false,
        "Dev_Desc": "협행_태록림_잃어버린 짐을 찾아요",
        "id": 18201014,
        "alias": "Contents.Quest.Mission.2001014",
        "text": "장인의 봇짐 회수"
    },
    "18201015": {
        "deprecated": false,
        "Dev_Desc": "협행_태록림_혈비패 축출",
        "id": 18201015,
        "alias": "Contents.Quest.Mission.2001015",
        "text": "혈비패 처치 "
    },
    "18201016": {
        "deprecated": false,
        "Dev_Desc": "협행_태록림_혈비패 두건 태우기",
        "id": 18201016,
        "alias": "Contents.Quest.Mission.2001016",
        "text": "혈비패 두건 수집 "
    },
    "18201017": {
        "deprecated": false,
        "Dev_Desc": "협행_태록림_달빛바람의 명예",
        "id": 18201017,
        "alias": "Contents.Quest.Mission.2001017",
        "text": "환영 달빛바람 처치 "
    },
    "18201018": {
        "deprecated": false,
        "Dev_Desc": "협행_태록림_투연초 연구",
        "id": 18201018,
        "alias": "Contents.Quest.Mission.2001018",
        "text": "안개 투연초 잎사귀 수집"
    },
    "18201019": {
        "deprecated": false,
        "Dev_Desc": "협행_태록림_곽호룡의 위신",
        "id": 18201019,
        "alias": "Contents.Quest.Mission.2001019",
        "text": "환영 곽호룡 처치 "
    },
    "18201020": {
        "deprecated": false,
        "Dev_Desc": "협행_태록림_집단 요청",
        "id": 18201020,
        "alias": "Contents.Quest.Mission.2001020",
        "text": "환영 인면충 처치 "
    },
    "18201021": {
        "deprecated": false,
        "Dev_Desc": "협행_태록림_튀어나오는 위험",
        "id": 18201021,
        "alias": "Contents.Quest.Mission.2001021",
        "text": "안개 연잎인간 처치 "
    },
    "18201022": {
        "deprecated": false,
        "Dev_Desc": "협행_태록림_뱀버섯 해독제",
        "id": 18201022,
        "alias": "Contents.Quest.Mission.2001022",
        "text": "군락 서인족 처치"
    },
    "18201023": {
        "deprecated": false,
        "Dev_Desc": "협행_태록림_묘지 근처 치안 확보",
        "id": 18201023,
        "alias": "Contents.Quest.Mission.2001023",
        "text": "노숙혼과 동자혼 제거 "
    },
    "18201024": {
        "deprecated": false,
        "Dev_Desc": "협행_태록림_묘지의 혈비패 퇴치",
        "id": 18201024,
        "alias": "Contents.Quest.Mission.2001024",
        "text": "묘지 혈비패 제거 "
    },
    "18201025": {
        "deprecated": false,
        "Dev_Desc": "협행_태록림_묘약 개발",
        "id": 18201025,
        "alias": "Contents.Quest.Mission.2001025",
        "text": "낙원 산선호의 발 수집"
    },
    "18201026": {
        "deprecated": false,
        "Dev_Desc": "협행_태록림_[Lv.47] 고대 묘면족의 무기",
        "id": 18201026,
        "alias": "Contents.Quest.Mission.2001026",
        "text": "묘면족 무기 수집"
    },
    "18201027": {
        "deprecated": false,
        "Dev_Desc": "협행_태록림_담인초 새로운 연구",
        "id": 18201027,
        "alias": "Contents.Quest.Mission.2001027",
        "text": "습지 담인초 잎사귀 수집 "
    },
    "18201028": {
        "deprecated": false,
        "Dev_Desc": "협행_태록림_습격자 낙원족",
        "id": 18201028,
        "alias": "Contents.Quest.Mission.2001028",
        "text": "낙원족 처치 "
    },
    "18201029": {
        "deprecated": false,
        "Dev_Desc": "협행_태록림_여기의 연잎도?",
        "id": 18201029,
        "alias": "Contents.Quest.Mission.2001029",
        "text": "온전한 연잎 수집 "
    },
    "18201030": {
        "deprecated": false,
        "Dev_Desc": "협행_태록림_언덕길 관리",
        "id": 18201030,
        "alias": "Contents.Quest.Mission.2001030",
        "text": "버려진 쓰레기 수거"
    },
    "18201031": {
        "deprecated": false,
        "Dev_Desc": "협행_태록림_사묘정 몰아내기",
        "id": 18201031,
        "alias": "Contents.Quest.Mission.2001031",
        "text": "풀내음 사묘정 처치"
    },
    "18201032": {
        "deprecated": false,
        "Dev_Desc": "협행_태록림_삼색조 기름",
        "id": 18201032,
        "alias": "Contents.Quest.Mission.2001032",
        "text": "삼색조 기름 채집"
    },
    "18201033": {
        "deprecated": false,
        "Dev_Desc": "협행_태록림_태록림 수원 관리",
        "id": 18201033,
        "alias": "Contents.Quest.Mission.2001033",
        "text": "영혼 잃은 시귀 처치"
    },
    "18201034": {
        "deprecated": false,
        "Dev_Desc": "협행_태록림_좋은 붓 제작",
        "id": 18201034,
        "alias": "Contents.Quest.Mission.2001034",
        "text": "여우털 수집"
    },
    "18201035": {
        "deprecated": false,
        "Dev_Desc": "협행_태록림_모면족 방어",
        "id": 18201035,
        "alias": "Contents.Quest.Mission.2001035",
        "text": "묘면족 처치 "
    },
    "18201036": {
        "deprecated": false,
        "Dev_Desc": "협행_태록림_관광객 보호 임무",
        "id": 18201036,
        "alias": "Contents.Quest.Mission.2001036",
        "text": "해맞이 수목정령 처치"
    },
    "18201037": {
        "deprecated": false,
        "Dev_Desc": "협행_태록림_작업자 보호 임무",
        "id": 18201037,
        "alias": "Contents.Quest.Mission.2001037",
        "text": "진흙 거북과 거미 처치 "
    },
    "18201038": {
        "deprecated": false,
        "Dev_Desc": "협행_태록림_단단한 가죽 얻기",
        "id": 18201038,
        "alias": "Contents.Quest.Mission.2001038",
        "text": "진흙 악어 가죽 채집"
    },
    "18201039": {
        "deprecated": false,
        "Dev_Desc": "협행_태록림_해변의 어둑시니",
        "id": 18201039,
        "alias": "Contents.Quest.Mission.2001039",
        "text": "해변 어둑시니 퇴치"
    },
    "18201040": {
        "deprecated": false,
        "Dev_Desc": "협행_태록림_별미, 거북알!",
        "id": 18201040,
        "alias": "Contents.Quest.Mission.2001040",
        "text": "거북알 수집 "
    },
    "18201041": {
        "deprecated": false,
        "Dev_Desc": "협행_태록림_자연에서 얻는 약재",
        "id": 18201041,
        "alias": "Contents.Quest.Mission.2001041",
        "text": "연안 발발이의 잎 수집 "
    },
    "18201042": {
        "deprecated": false,
        "Dev_Desc": "협행_태록림_에레다 협행 전문가",
        "id": 18201042,
        "alias": "Contents.Quest.Mission.2001042",
        "text": "태록림 에레다 협행 완료"
    },
    "18201043": {
        "deprecated": false,
        "Dev_Desc": "협행_태록림_금경철문 협행 전문가",
        "id": 18201043,
        "alias": "Contents.Quest.Mission.2001043",
        "text": "태록림 금경철문 협행 완료"
    },
    "18201044": {
        "deprecated": false,
        "Dev_Desc": "협행_태록림_도화상전 협행 전문가",
        "id": 18201044,
        "alias": "Contents.Quest.Mission.2001044",
        "text": "태록림 도화상전 협행 완료"
    },
    "18201045": {
        "deprecated": false,
        "Dev_Desc": "협행_태록림_수양 협행 전문가",
        "id": 18201045,
        "alias": "Contents.Quest.Mission.2001045",
        "text": "태록림 수양 협행 완료"
    },
    "18201046": {
        "deprecated": false,
        "Dev_Desc": "협행_태록림_영교원 협행 전문가",
        "id": 18201046,
        "alias": "Contents.Quest.Mission.2001046",
        "text": "태록림 영교원 협행 완료"
    },
    "18201047": {
        "deprecated": false,
        "Dev_Desc": "협행_태록림_명혜단 협행 전문가",
        "id": 18201047,
        "alias": "Contents.Quest.Mission.2001047",
        "text": "태록림 명혜단 협행 완료"
    },
    "18201048": {
        "deprecated": false,
        "Dev_Desc": "협행_태록림_주민들의 해결사",
        "id": 18201048,
        "alias": "Contents.Quest.Mission.2001048",
        "text": "태록림 비사문 협행 완료"
    },
    "18201049": {
        "deprecated": false,
        "Dev_Desc": "협행_태록림_관광객 보호 임무_포인트",
        "id": 18201049,
        "alias": "Contents.Quest.Mission.2001049",
        "text": "수목 정령 처치"
    },
    "18201050": {
        "deprecated": false,
        "Dev_Desc": "협행_태록림_관광객 보호 임무_포인트",
        "id": 18201050,
        "alias": "Contents.Quest.Mission.2001050",
        "text": "강력한 정령 처치"
    },
    "18201051": {
        "deprecated": false,
        "Dev_Desc": "협행_태록림_작업자 보호 임무_포인트",
        "id": 18201051,
        "alias": "Contents.Quest.Mission.2001051",
        "text": "진흙 거북 처치"
    },
    "18201052": {
        "deprecated": false,
        "Dev_Desc": "협행_태록림_작업자 보호 임무_포인트",
        "id": 18201052,
        "alias": "Contents.Quest.Mission.2001052",
        "text": "진흙 거미 처치"
    },
    "18201053": {
        "deprecated": false,
        "Dev_Desc": "협행_태록림_작업자 보호 임무_포인트",
        "id": 18201053,
        "alias": "Contents.Quest.Mission.2001053",
        "text": "강력한 진흙 거북 처치"
    },
    "18201054": {
        "deprecated": false,
        "Dev_Desc": "협행_태록림_작업자 보호 임무_포인트",
        "id": 18201054,
        "alias": "Contents.Quest.Mission.2001054",
        "text": "강력한 진흙 거미 처치"
    },
    "18201055": {
        "deprecated": false,
        "Dev_Desc": "태록림_자꾸 없어지는 비법서",
        "id": 18201055,
        "alias": "Contents.Quest.Mission.2001055",
        "text": "비법서 주변의 위협 제거 "
    },
    "18201056": {
        "deprecated": false,
        "Dev_Desc": "협행_태록림_거북 알 채집",
        "id": 18201056,
        "alias": "Contents.Quest.Mission.2001056",
        "text": "거북알 주변의 위협 제거 "
    },
    "18201057": {
        "deprecated": false,
        "Dev_Desc": "협행_태록림_단단한 식물의 줄기",
        "id": 18201057,
        "alias": "Contents.Quest.Mission.2001057",
        "text": "식물 주변의 위협 제거"
    },
    "18201058": {
        "deprecated": false,
        "Dev_Desc": "협행_태록림_잃어버린 짐을 찾아요",
        "id": 18201058,
        "alias": "Contents.Quest.Mission.2001058",
        "text": "봇짐 주변의 위협 제거 "
    },
    "18201059": {
        "deprecated": false,
        "Dev_Desc": "협행_태록림_언덕길 관리",
        "id": 18201059,
        "alias": "Contents.Quest.Mission.2001059",
        "text": "썩은 시귀 퇴치"
    },
    "18201060": {
        "deprecated": false,
        "Dev_Desc": "별미, 거북알!",
        "id": 18201060,
        "alias": "Contents.Quest.Mission.2001060",
        "text": "거북알 주변의 위협 제거 "
    },
    "18202000": {
        "deprecated": false,
        "Dev_Desc": "비옥대지_야영지 터 정리",
        "id": 18202000,
        "alias": "Contents.Quest.Mission.2002000",
        "text": "홍돈 정찰꾼과 보초병 처치"
    },
    "18202001": {
        "deprecated": false,
        "Dev_Desc": "비옥대지_만다라화의 소음",
        "id": 18202001,
        "alias": "Contents.Quest.Mission.2002001",
        "text": "만다라화 처치 "
    },
    "18202002": {
        "deprecated": false,
        "Dev_Desc": "비옥대지_훈련생 보호",
        "id": 18202002,
        "alias": "Contents.Quest.Mission.2002002",
        "text": "어둑시니 처치 "
    },
    "18202003": {
        "deprecated": false,
        "Dev_Desc": "비옥대지_전갈의 독",
        "id": 18202003,
        "alias": "Contents.Quest.Mission.2002003",
        "text": "전갈의 독 얻기 "
    },
    "18202004": {
        "deprecated": false,
        "Dev_Desc": "비옥대지_벌판 쓰레기 수거",
        "id": 18202004,
        "alias": "Contents.Quest.Mission.2002004",
        "text": "버려진 쓰레기 수거 "
    },
    "18202005": {
        "deprecated": false,
        "Dev_Desc": "비옥대지_좋은 붓 만들기",
        "id": 18202005,
        "alias": "Contents.Quest.Mission.2002005",
        "text": "여우털 얻기 "
    },
    "18202006": {
        "deprecated": false,
        "Dev_Desc": "비옥대지_지역주민 보호",
        "id": 18202006,
        "alias": "Contents.Quest.Mission.2002006",
        "text": "어둑시니 처치 "
    },
    "18202007": {
        "deprecated": false,
        "Dev_Desc": "비옥대지_날 보호해라냥!",
        "id": 18202007,
        "alias": "Contents.Quest.Mission.2002007",
        "text": "검은 새벽단 처치 "
    },
    "18202008": {
        "deprecated": false,
        "Dev_Desc": "비옥대지_또 새로운 염료 개발",
        "id": 18202008,
        "alias": "Contents.Quest.Mission.2002008",
        "text": "검은 발발이 풀 수집 "
    },
    "18202009": {
        "deprecated": false,
        "Dev_Desc": "비옥대지_호랑이 가죽 구해요",
        "id": 18202009,
        "alias": "Contents.Quest.Mission.2002009",
        "text": "호랑이 가죽 수집 "
    },
    "18202010": {
        "deprecated": false,
        "Dev_Desc": "비옥대지_강력한 적, 염옥",
        "id": 18202010,
        "alias": "Contents.Quest.Mission.2002010",
        "text": "시귀 처치 "
    },
    "18202011": {
        "deprecated": false,
        "Dev_Desc": "비옥대지_균열 연구 자료",
        "id": 18202011,
        "alias": "Contents.Quest.Mission.2002011",
        "text": "균열의 흔적 수집 "
    },
    "18202012": {
        "deprecated": false,
        "Dev_Desc": "비옥대지_야금 야금 야금!",
        "id": 18202012,
        "alias": "Contents.Quest.Mission.2002012",
        "text": "야금 처치 "
    },
    "18202013": {
        "deprecated": false,
        "Dev_Desc": "비옥대지_좋은 약초 찾기",
        "id": 18202013,
        "alias": "Contents.Quest.Mission.2002013",
        "text": "이름 모를 들풀 채집 "
    },
    "18202014": {
        "deprecated": false,
        "Dev_Desc": "비옥대지_붉은 뿔의 가치",
        "id": 18202014,
        "alias": "Contents.Quest.Mission.2002014",
        "text": "붉은 뿔 수집 "
    },
    "18202015": {
        "deprecated": false,
        "Dev_Desc": "비옥대지_하늘의 해파리",
        "id": 18202015,
        "alias": "Contents.Quest.Mission.2002015",
        "text": "해파리 수집 "
    },
    "18202016": {
        "deprecated": false,
        "Dev_Desc": "비옥대지_담인초 몰아내기",
        "id": 18202016,
        "alias": "Contents.Quest.Mission.2002016",
        "text": "변이된 투연초 제거 "
    },
    "18202017": {
        "deprecated": false,
        "Dev_Desc": "비옥대지_신규 염료 개발",
        "id": 18202017,
        "alias": "Contents.Quest.Mission.2002017",
        "text": "삼색조 깃털 수집 "
    },
    "18202018": {
        "deprecated": false,
        "Dev_Desc": "비옥대지_화염초의 가치",
        "id": 18202018,
        "alias": "Contents.Quest.Mission.2002018",
        "text": "화염초 수집 "
    },
    "18202019": {
        "deprecated": false,
        "Dev_Desc": "비옥대지_타리트의 껍데기",
        "id": 18202019,
        "alias": "Contents.Quest.Mission.2002019",
        "text": "유강독모 껍데기 수집 "
    },
    "18202020": {
        "deprecated": false,
        "Dev_Desc": "비옥대지_담인초의 용도",
        "id": 18202020,
        "alias": "Contents.Quest.Mission.2002020",
        "text": "담인초의 조직 수집 "
    },
    "18202021": {
        "deprecated": false,
        "Dev_Desc": "비옥대지_좋은 품질의 석재",
        "id": 18202021,
        "alias": "Contents.Quest.Mission.2002021",
        "text": "시귀 군사 처치 "
    },
    "18202022": {
        "deprecated": false,
        "Dev_Desc": "비옥대지_양피지 재료",
        "id": 18202022,
        "alias": "Contents.Quest.Mission.2002022",
        "text": "산양 가죽 수집 "
    },
    "18202023": {
        "deprecated": false,
        "Dev_Desc": "비옥대지_변이된 자의 도구",
        "id": 18202023,
        "alias": "Contents.Quest.Mission.2002023",
        "text": "채석꾼의 도구 수집 "
    },
    "18202024": {
        "deprecated": false,
        "Dev_Desc": "비옥대지_창도단 퇴치",
        "id": 18202024,
        "alias": "Contents.Quest.Mission.2002024",
        "text": "창도단 처치 "
    },
    "18202025": {
        "deprecated": false,
        "Dev_Desc": "비옥대지_홍돈족 쫓아내기",
        "id": 18202025,
        "alias": "Contents.Quest.Mission.2002025",
        "text": "홍돈족 처치 "
    },
    "18202026": {
        "deprecated": false,
        "Dev_Desc": "비옥대지_창도단 장비 수거",
        "id": 18202026,
        "alias": "Contents.Quest.Mission.2002026",
        "text": "창도단 처치 "
    },
    "18202027": {
        "deprecated": false,
        "Dev_Desc": "비옥대지_청인족 퇴치 임무",
        "id": 18202027,
        "alias": "Contents.Quest.Mission.2002027",
        "text": "청인족 퇴치 "
    },
    "18202028": {
        "deprecated": false,
        "Dev_Desc": "비옥대지_풍백문 협행 전문가",
        "id": 18202028,
        "alias": "Contents.Quest.Mission.2002028",
        "text": "비옥대지 풍백문 협행 완료"
    },
    "18202029": {
        "deprecated": false,
        "Dev_Desc": "비옥대지_금경철문 협행 전문가",
        "id": 18202029,
        "alias": "Contents.Quest.Mission.2002029",
        "text": "비옥대지 금경철문 협행 완료"
    },
    "18202030": {
        "deprecated": false,
        "Dev_Desc": "비옥대지_도화상전 협행 전문가",
        "id": 18202030,
        "alias": "Contents.Quest.Mission.2002030",
        "text": "비옥대지 도화상전 협행 완료"
    },
    "18202031": {
        "deprecated": false,
        "Dev_Desc": "비옥대지_수양 협행 전문가",
        "id": 18202031,
        "alias": "Contents.Quest.Mission.2002031",
        "text": "비옥대지 수양 협행 완료"
    },
    "18202032": {
        "deprecated": false,
        "Dev_Desc": "비옥대지_영교원 협행 전문가",
        "id": 18202032,
        "alias": "Contents.Quest.Mission.2002032",
        "text": "비옥대지 영교원 협행 완료"
    },
    "18202033": {
        "deprecated": false,
        "Dev_Desc": "비옥대지_명혜단 협행 전문가",
        "id": 18202033,
        "alias": "Contents.Quest.Mission.2002033",
        "text": "비옥대지 명혜단 협행 완료"
    },
    "18202034": {
        "deprecated": false,
        "Dev_Desc": "비옥대지_주민들의 해결사",
        "id": 18202034,
        "alias": "Contents.Quest.Mission.2002034",
        "text": "비옥대지 비사문 협행 완료"
    },
    "18202035": {
        "deprecated": false,
        "Dev_Desc": "비옥대지_균열 연구 자료 포인트1",
        "id": 18202035,
        "alias": "Contents.Quest.Mission.2002035",
        "text": "불마자의 흔적 수집"
    },
    "18202036": {
        "deprecated": false,
        "Dev_Desc": "비옥대지_균열 연구 자료 포인트2",
        "id": 18202036,
        "alias": "Contents.Quest.Mission.2002036",
        "text": "염환의 흔적 수집"
    },
    "18202037": {
        "deprecated": false,
        "Dev_Desc": "비옥대지_청인족 퇴치 임무 포인트1",
        "id": 18202037,
        "alias": "Contents.Quest.Mission.2002037",
        "text": "일반 청인족 처치"
    },
    "18202038": {
        "deprecated": false,
        "Dev_Desc": "비옥대지_청인족 퇴치 임무 포인트2",
        "id": 18202038,
        "alias": "Contents.Quest.Mission.2002038",
        "text": "강력한 청인족 처치"
    },
    "18202039": {
        "deprecated": false,
        "Dev_Desc": "비옥대지_벌판 쓰레기 수거",
        "id": 18202039,
        "alias": "Contents.Quest.Mission.2002039",
        "text": "쓰레기 주변의 위협 제거 "
    },
    "18202040": {
        "deprecated": false,
        "Dev_Desc": "비옥대지_좋은 약초 찾기",
        "id": 18202040,
        "alias": "Contents.Quest.Mission.2002040",
        "text": "들풀 주변의 위협 제거 "
    },
    "18202041": {
        "deprecated": false,
        "Dev_Desc": "비옥대지_[Lv.50] 만다라화의 무기",
        "id": 18202041,
        "alias": "Contents.Quest.Mission.2002041",
        "text": "부상당한 장인 돕기"
    },
    "18202042": {
        "deprecated": false,
        "Dev_Desc": "비옥대지_[Lv.50] 만다라화의 무기",
        "id": 18202042,
        "alias": "Contents.Quest.Mission.2002042",
        "text": "주변의 만다라화 퇴치"
    },
    "18202043": {
        "deprecated": false,
        "Dev_Desc": "비옥대지_[Lv.50] 그늘엄니초가 후식?",
        "id": 18202043,
        "alias": "Contents.Quest.Mission.2002043",
        "text": "약초 주변 홍돈족 퇴치"
    },
    "18202044": {
        "deprecated": false,
        "Dev_Desc": "비옥대지_[Lv.50] 그늘엄니초가 후식?",
        "id": 18202044,
        "alias": "Contents.Quest.Mission.2002044",
        "text": "그늘엄니초 채집"
    },
    "18202045": {
        "deprecated": false,
        "Dev_Desc": "비옥대지_[Lv.52] 나무 정령의 이끼",
        "id": 18202045,
        "alias": "Contents.Quest.Mission.2002045",
        "text": "나무 정령의 이끼 수집"
    },
    "18202046": {
        "deprecated": false,
        "Dev_Desc": "비옥대지_[Lv.52] 뱀버섯의 독성분",
        "id": 18202046,
        "alias": "Contents.Quest.Mission.2002046",
        "text": "뱀버섯 독 수집"
    },
    "18202047": {
        "deprecated": false,
        "Dev_Desc": "비옥대지_[Lv.53] 신입에겐 부담스러워",
        "id": 18202047,
        "alias": "Contents.Quest.Mission.2002047",
        "text": "어둠 고목 정령 처치"
    },
    "18202048": {
        "deprecated": false,
        "Dev_Desc": "비옥대지_[Lv.57] 시귀로부터 구출",
        "id": 18202048,
        "alias": "Contents.Quest.Mission.2002048",
        "text": "부상당한 수양대원 돕기"
    },
    "18202049": {
        "deprecated": false,
        "Dev_Desc": "비옥대지_[Lv.57] 시귀로부터 구출",
        "id": 18202049,
        "alias": "Contents.Quest.Mission.2002049",
        "text": "주변의 시귀 퇴치"
    },
    "18202050": {
        "deprecated": false,
        "Dev_Desc": "비옥대지_[Lv.58] 견고한 방어선 뚫기",
        "id": 18202050,
        "alias": "Contents.Quest.Mission.2002050",
        "text": "변이된 청인족 검사 퇴치"
    },
    "18202051": {
        "deprecated": false,
        "Dev_Desc": "비옥대지_[Lv.58] 청인족 무기 재활용",
        "id": 18202051,
        "alias": "Contents.Quest.Mission.2002051",
        "text": "청인족의 무기 부품 수집"
    },
    "18202052": {
        "deprecated": false,
        "Dev_Desc": "비옥대지_[Lv.58] 이상한 형태의 무기",
        "id": 18202052,
        "alias": "Contents.Quest.Mission.2002052",
        "text": "청인족의 무기 수집"
    },
    "18202053": {
        "deprecated": false,
        "Dev_Desc": "비옥대지_[Lv.59] 창도단 무기 재활용",
        "id": 18202053,
        "alias": "Contents.Quest.Mission.2002053",
        "text": "창도단 무기 파편 수집"
    },
    "18202054": {
        "deprecated": false,
        "Dev_Desc": "비옥대지_[Lv.59] 명혜단원 위기 해결",
        "id": 18202054,
        "alias": "Contents.Quest.Mission.2002054",
        "text": "잡힌 명혜단원 돕기"
    },
    "18202055": {
        "deprecated": false,
        "Dev_Desc": "비옥대지_[Lv.59] 명혜단원 위기 해결",
        "id": 18202055,
        "alias": "Contents.Quest.Mission.2002055",
        "text": "창도단 덩치와 장사 퇴치"
    },
    "18202056": {
        "deprecated": false,
        "Dev_Desc": "비옥대지_[Lv.60] 은신거미 없애기",
        "id": 18202056,
        "alias": "Contents.Quest.Mission.2002056",
        "text": "거미 퇴치"
    }
}