{
    "125000000": {
        "deprecated": false,
        "Dev_Desc": "반달호수_전격_얕은 호수",
        "id": 125000000,
        "alias": "Contents.Quest.Mission.5000001",
        "text": "몬스터 처치"
    },
    "125000001": {
        "deprecated": false,
        "Dev_Desc": "반달호수_전격_썩은 벌목지",
        "id": 125000001,
        "alias": "Contents.Quest.Mission.5000002",
        "text": "몬스터 처치"
    },
    "125000002": {
        "deprecated": false,
        "Dev_Desc": "반달호수_전격_거북호",
        "id": 125000002,
        "alias": "Contents.Quest.Mission.5000003",
        "text": "몬스터 처치"
    },
    "125000003": {
        "deprecated": false,
        "Dev_Desc": "반달호수_전격_드러난 유적지",
        "id": 125000003,
        "alias": "Contents.Quest.Mission.5000004",
        "text": "몬스터 처치"
    },
    "125000004": {
        "deprecated": false,
        "Dev_Desc": "반달호수_전격_목초지",
        "id": 125000004,
        "alias": "Contents.Quest.Mission.5000005",
        "text": "몬스터 처치"
    },
    "125000005": {
        "deprecated": false,
        "Dev_Desc": "반달호수_전격_도적단 근거지",
        "id": 125000005,
        "alias": "Contents.Quest.Mission.5000006",
        "text": "몬스터 처치"
    },
    "125000006": {
        "deprecated": false,
        "Dev_Desc": "반달호수_전격_고도시 삼림길",
        "id": 125000006,
        "alias": "Contents.Quest.Mission.5000007",
        "text": "몬스터 처치"
    },
    "125000007": {
        "deprecated": false,
        "Dev_Desc": "반달호수_전격_밀렵단 근거지",
        "id": 125000007,
        "alias": "Contents.Quest.Mission.5000008",
        "text": "몬스터 처치"
    },
    "125000008": {
        "deprecated": false,
        "Dev_Desc": "반달호수_전격_언덕 평원",
        "id": 125000008,
        "alias": "Contents.Quest.Mission.5000009",
        "text": "몬스터 처치"
    },
    "125000009": {
        "deprecated": false,
        "Dev_Desc": "반달호수_전격_공허의 구덩이",
        "id": 125000009,
        "alias": "Contents.Quest.Mission.5000010",
        "text": "몬스터 처치"
    },
    "125000010": {
        "deprecated": false,
        "Dev_Desc": "반달호수_전격_깊은 묘지 숲",
        "id": 125000010,
        "alias": "Contents.Quest.Mission.5000011",
        "text": "몬스터 처치"
    },
    "125000011": {
        "deprecated": false,
        "Dev_Desc": "반달호수_전격_파괴된 수와족 마을",
        "id": 125000011,
        "alias": "Contents.Quest.Mission.5000012",
        "text": "몬스터 처치"
    },
    "125000013": {
        "deprecated": false,
        "Dev_Desc": "비옥대지_전격_붉은비탈길",
        "id": 125000013,
        "alias": "Contents.Quest.Mission.5000013",
        "text": "몬스터 처치"
    },
    "125000014": {
        "deprecated": false,
        "Dev_Desc": "비옥대지_전격_붉은숲길",
        "id": 125000014,
        "alias": "Contents.Quest.Mission.5000014",
        "text": "몬스터 처치"
    },
    "125000015": {
        "deprecated": false,
        "Dev_Desc": "비옥대지_전격_단풍노을평원",
        "id": 125000015,
        "alias": "Contents.Quest.Mission.5000015",
        "text": "몬스터 처치"
    },
    "125000016": {
        "deprecated": false,
        "Dev_Desc": "비옥대지_전격_수수께끼벌판",
        "id": 125000016,
        "alias": "Contents.Quest.Mission.5000016",
        "text": "몬스터 처치"
    },
    "125000017": {
        "deprecated": false,
        "Dev_Desc": "비옥대지_전격_원령의언덕",
        "id": 125000017,
        "alias": "Contents.Quest.Mission.5000017",
        "text": "몬스터 처치"
    },
    "125000018": {
        "deprecated": false,
        "Dev_Desc": "비옥대지_전격_벌목지",
        "id": 125000018,
        "alias": "Contents.Quest.Mission.5000018",
        "text": "몬스터 처치"
    },
    "125000019": {
        "deprecated": false,
        "Dev_Desc": "비옥대지_전격_숲의장막",
        "id": 125000019,
        "alias": "Contents.Quest.Mission.5000019",
        "text": "몬스터 처치"
    },
    "125000020": {
        "deprecated": false,
        "Dev_Desc": "비옥대지_전격_잿빛밀림",
        "id": 125000020,
        "alias": "Contents.Quest.Mission.5000020",
        "text": "몬스터 처치"
    },
    "125000021": {
        "deprecated": false,
        "Dev_Desc": "비옥대지_전격_비옥 폐허",
        "id": 125000021,
        "alias": "Contents.Quest.Mission.5000021",
        "text": "몬스터 처치"
    },
    "125000022": {
        "deprecated": false,
        "Dev_Desc": "비옥대지_전격_재앙의은신처",
        "id": 125000022,
        "alias": "Contents.Quest.Mission.5000022",
        "text": "몬스터 처치"
    },
    "125000023": {
        "deprecated": false,
        "Dev_Desc": "비옥대지_전격_붉은 뿔의 길",
        "id": 125000023,
        "alias": "Contents.Quest.Mission.5000023",
        "text": "몬스터 처치"
    },
    "125000024": {
        "deprecated": false,
        "Dev_Desc": "비옥대지_전격_탁회암협곡",
        "id": 125000024,
        "alias": "Contents.Quest.Mission.5000024",
        "text": "몬스터 처치"
    },
    "125000025": {
        "deprecated": false,
        "Dev_Desc": "비옥대지_전격_용머리곶",
        "id": 125000025,
        "alias": "Contents.Quest.Mission.5000025",
        "text": "몬스터 처치"
    },
    "125000026": {
        "deprecated": false,
        "Dev_Desc": "비옥대지_전격_사묘정의숲",
        "id": 125000026,
        "alias": "Contents.Quest.Mission.5000026",
        "text": "몬스터 처치"
    },
    "125000027": {
        "deprecated": false,
        "Dev_Desc": "비옥대지_전격_꿈결의숲",
        "id": 125000027,
        "alias": "Contents.Quest.Mission.5000027",
        "text": "몬스터 처치"
    },
    "125000028": {
        "deprecated": false,
        "Dev_Desc": "비옥대지_전격_솟을바위산",
        "id": 125000028,
        "alias": "Contents.Quest.Mission.5000028",
        "text": "몬스터 처치"
    },
    "125000029": {
        "deprecated": false,
        "Dev_Desc": "비옥대지_전격_솟을바위경사로",
        "id": 125000029,
        "alias": "Contents.Quest.Mission.5000029",
        "text": "몬스터 처치"
    },
    "125000030": {
        "deprecated": false,
        "Dev_Desc": "비옥대지_전격_파석의갈채",
        "id": 125000030,
        "alias": "Contents.Quest.Mission.5000030",
        "text": "몬스터 처치"
    },
    "125000031": {
        "deprecated": false,
        "Dev_Desc": "비옥대지_전격_비옥 발굴지",
        "id": 125000031,
        "alias": "Contents.Quest.Mission.5000031",
        "text": "몬스터 처치"
    },
    "125000032": {
        "deprecated": false,
        "Dev_Desc": "태록림_전격_거미 숲 길",
        "id": 125000032,
        "alias": "Contents.Quest.Mission.5000032",
        "text": "몬스터 처치"
    },
    "125000033": {
        "deprecated": false,
        "Dev_Desc": "태록림_전격_동부 생태 조사림",
        "id": 125000033,
        "alias": "Contents.Quest.Mission.5000033",
        "text": "몬스터 처치"
    },
    "125000034": {
        "deprecated": false,
        "Dev_Desc": "태록림_전격_녹색 뿔의 숲",
        "id": 125000034,
        "alias": "Contents.Quest.Mission.5000034",
        "text": "몬스터 처치"
    },
    "125000035": {
        "deprecated": false,
        "Dev_Desc": "태록림_전격_만다라 폭포 앞",
        "id": 125000035,
        "alias": "Contents.Quest.Mission.5000035",
        "text": "몬스터 처치"
    },
    "125000036": {
        "deprecated": false,
        "Dev_Desc": "태록림_전격_버려진 감시탑",
        "id": 125000036,
        "alias": "Contents.Quest.Mission.5000036",
        "text": "몬스터 처치"
    },
    "125000037": {
        "deprecated": false,
        "Dev_Desc": "태록림_전격_난파선의 잔해",
        "id": 125000037,
        "alias": "Contents.Quest.Mission.5000037",
        "text": "몬스터 처치"
    },
    "125000038": {
        "deprecated": false,
        "Dev_Desc": "태록림_전격_발자국 없는 해안",
        "id": 125000038,
        "alias": "Contents.Quest.Mission.5000038",
        "text": "몬스터 처치"
    },
    "125000039": {
        "deprecated": false,
        "Dev_Desc": "태록림_전격_난파선의 무덤",
        "id": 125000039,
        "alias": "Contents.Quest.Mission.5000039",
        "text": "몬스터 처치"
    },
    "125000040": {
        "deprecated": false,
        "Dev_Desc": "태록림_전격_골짜기 바람길",
        "id": 125000040,
        "alias": "Contents.Quest.Mission.5000040",
        "text": "몬스터 처치"
    },
    "125000041": {
        "deprecated": false,
        "Dev_Desc": "태록림_전격_혈비의 숲",
        "id": 125000041,
        "alias": "Contents.Quest.Mission.5000041",
        "text": "몬스터 처치"
    },
    "125000042": {
        "deprecated": false,
        "Dev_Desc": "태록림_전격_안개 그늘 숲 남부",
        "id": 125000042,
        "alias": "Contents.Quest.Mission.5000042",
        "text": "몬스터 처치"
    },
    "125000043": {
        "deprecated": false,
        "Dev_Desc": "태록림_전격_메말라 가는 늪지",
        "id": 125000043,
        "alias": "Contents.Quest.Mission.5000043",
        "text": "몬스터 처치"
    },
    "125000044": {
        "deprecated": false,
        "Dev_Desc": "태록림_전격_뱀버섯 군락",
        "id": 125000044,
        "alias": "Contents.Quest.Mission.5000044",
        "text": "몬스터 처치"
    },
    "125000045": {
        "deprecated": false,
        "Dev_Desc": "태록림_전격_개척자 위령 묘지",
        "id": 125000045,
        "alias": "Contents.Quest.Mission.5000045",
        "text": "몬스터 처치"
    },
    "125000046": {
        "deprecated": false,
        "Dev_Desc": "태록림_전격_참고요 숲",
        "id": 125000046,
        "alias": "Contents.Quest.Mission.5000046",
        "text": "몬스터 처치"
    },
    "125000047": {
        "deprecated": false,
        "Dev_Desc": "태록림_전격_담인초 습지",
        "id": 125000047,
        "alias": "Contents.Quest.Mission.5000047",
        "text": "몬스터 처치"
    },
    "125000048": {
        "deprecated": false,
        "Dev_Desc": "태록림_전격_낙원 구릉",
        "id": 125000048,
        "alias": "Contents.Quest.Mission.5000048",
        "text": "몬스터 처치"
    },
    "125000049": {
        "deprecated": false,
        "Dev_Desc": "태록림_전격_도깨비 해변",
        "id": 125000049,
        "alias": "Contents.Quest.Mission.5000049",
        "text": "몬스터 처치"
    },
    "125000050": {
        "deprecated": false,
        "Dev_Desc": "태록림_전격_검은 진흙지대",
        "id": 125000050,
        "alias": "Contents.Quest.Mission.5000050",
        "text": "몬스터 처치"
    },
    "125000051": {
        "deprecated": false,
        "Dev_Desc": "태록림_전격_풀내음 언덕길",
        "id": 125000051,
        "alias": "Contents.Quest.Mission.5000051",
        "text": "몬스터 처치"
    },
    "125000052": {
        "deprecated": false,
        "Dev_Desc": "태록림_전격_해맞이 비탈길",
        "id": 125000052,
        "alias": "Contents.Quest.Mission.5000052",
        "text": "몬스터 처치"
    },
    "125000053": {
        "deprecated": false,
        "Dev_Desc": "태록림_전격_폭포 남부 숲",
        "id": 125000053,
        "alias": "Contents.Quest.Mission.5000053",
        "text": "몬스터 처치"
    },
    "125000054": {
        "deprecated": false,
        "Dev_Desc": "태록림_전격_물안개 고원",
        "id": 125000054,
        "alias": "Contents.Quest.Mission.5000054",
        "text": "몬스터 처치"
    },
    "125000055": {
        "deprecated": false,
        "Dev_Desc": "태록림_전격_안개 그늘 숲 북부",
        "id": 125000055,
        "alias": "Contents.Quest.Mission.5000055",
        "text": "몬스터 처치"
    },
    "125000056": {
        "deprecated": false,
        "Dev_Desc": "태록림_전격_언덕 숲",
        "id": 125000056,
        "alias": "Contents.Quest.Mission.5000056",
        "text": "몬스터 처치"
    },
    "125000057": {
        "deprecated": false,
        "Dev_Desc": "태록림_전격_가는 모래 하구",
        "id": 125000057,
        "alias": "Contents.Quest.Mission.5000057",
        "text": "몬스터 처치"
    }
}