{
    "11001": {
        "deprecated": false,
        "Dev_Desc": "Strength",
        "id": 11001,
        "alias": "Contents.Stat.Desc.Strength",
        "text": "일정 수치마다 근거리 공격력, 근거리 관통력, 근거리 명중, 방어력이 증가합니다."
    },
    "11002": {
        "deprecated": false,
        "Dev_Desc": "Dexterity",
        "id": 11002,
        "alias": "Contents.Stat.Desc.Dexterity",
        "text": "일정 수치마다 원거리 공격력, 원거리 관통력, 원거리 명중, 치명타 추가 공격력이 증가합니다."
    },
    "11003": {
        "deprecated": false,
        "Dev_Desc": "Intelligence",
        "id": 11003,
        "alias": "Contents.Stat.Desc.Intelligence",
        "text": "일정 수치마다 기공 공격력, 기공 관통력, 기공 명중, 통제 저항률이 증가합니다."
    },
    "11004": {
        "deprecated": false,
        "Dev_Desc": "Constitution",
        "id": 11004,
        "alias": "Contents.Stat.Desc.Constitution",
        "text": "일정 수치마다 생명력, 물약 회복률, 무공 피해 내성, 소울 저항률이 증가합니다."
    },
    "11005": {
        "deprecated": false,
        "Dev_Desc": "Wisdom",
        "id": 11005,
        "alias": "Contents.Stat.Desc.Wisdom",
        "text": "일정 수치마다 내력, 소울 발동률, 무공 피해 증폭, 내력 조절이 증가합니다."
    },
    "11006": {
        "deprecated": false,
        "Dev_Desc": "Agility",
        "id": 11006,
        "alias": "Contents.Stat.Desc.Agility",
        "text": "일정 수치마다 치명률, 회피, 이동 속도 증가율, 기본 공격 속도가 증가합니다."
    },
    "11007": {
        "deprecated": false,
        "Dev_Desc": "ShortPhysicalAttack",
        "id": 11007,
        "alias": "Contents.Stat.Desc.ShortPhysicalAttack",
        "text": "공격 시 입히는 근거리 피해량입니다."
    },
    "11008": {
        "deprecated": false,
        "Dev_Desc": "LongPhysicalAttack",
        "id": 11008,
        "alias": "Contents.Stat.Desc.LongPhysicalAttack",
        "text": "공격 시 입히는 원거리 피해량입니다."
    },
    "11009": {
        "deprecated": false,
        "Dev_Desc": "ForceAttack",
        "id": 11009,
        "alias": "Contents.Stat.Desc.ForceAttack",
        "text": "공격 시 입히는 기공 피해량입니다."
    },
    "11010": {
        "deprecated": false,
        "Dev_Desc": "Attack",
        "id": 11010,
        "alias": "Contents.Stat.Desc.Attack",
        "text": "모든 유형의 공격력이 증가합니다."
    },
    "11011": {
        "deprecated": false,
        "Dev_Desc": "WeaponAttack",
        "id": 11011,
        "alias": "Contents.Stat.Desc.WeaponAttack",
        "text": "무기 장착 시 증가하는 피해량입니다."
    },
    "11012": {
        "deprecated": false,
        "Dev_Desc": "WeaponAttackRate",
        "id": 11012,
        "alias": "Contents.Stat.Desc.WeaponAttackRate",
        "text": "무기 공격력이 증가합니다."
    },
    "11013": {
        "deprecated": false,
        "Dev_Desc": "WeaponAttackToleranceRate",
        "id": 11013,
        "alias": "Contents.Stat.Desc.WeaponAttackToleranceRate",
        "text": "무기 공격력으로 인해 받는 피해가 감소합니다."
    },
    "11014": {
        "deprecated": false,
        "Dev_Desc": "AttackBonus",
        "id": 11014,
        "alias": "Contents.Stat.Desc.AttackBonus",
        "text": "무기 공격력이 추가로 증가합니다."
    },
    "11015": {
        "deprecated": false,
        "Dev_Desc": "AddAttackMin",
        "id": 11015,
        "alias": "Contents.Stat.Desc.AddAttackMin",
        "text": "공격 시 입히는 피해의 최소 수치가 증가합니다."
    },
    "11016": {
        "deprecated": false,
        "Dev_Desc": "healingPower",
        "id": 11016,
        "alias": "Contents.Stat.Desc.healingPower",
        "text": "치유 시 생명력 회복량의 기준값입니다."
    },
    "11017": {
        "deprecated": false,
        "Dev_Desc": "healingPowerRate",
        "id": 11017,
        "alias": "Contents.Stat.Desc.healingPowerRate",
        "text": "치유력이 증가합니다."
    },
    "11018": {
        "deprecated": false,
        "Dev_Desc": "SwordAttack",
        "id": 11018,
        "alias": "Contents.Stat.Desc.SwordAttack",
        "text": "검 장착 시 증가하는 피해량입니다."
    },
    "11019": {
        "deprecated": false,
        "Dev_Desc": "GauntletAttack",
        "id": 11019,
        "alias": "Contents.Stat.Desc.GauntletAttack",
        "text": "권갑 장착 시 증가하는 피해량입니다."
    },
    "11020": {
        "deprecated": false,
        "Dev_Desc": "AxeAttack",
        "id": 11020,
        "alias": "Contents.Stat.Desc.AxeAttack",
        "text": "도끼 장착 시 증가하는 피해량입니다."
    },
    "11021": {
        "deprecated": false,
        "Dev_Desc": "BangleAttack",
        "id": 11021,
        "alias": "Contents.Stat.Desc.BangleAttack",
        "text": "기공패 장착 시 증가하는 피해량입니다."
    },
    "11022": {
        "deprecated": false,
        "Dev_Desc": "BowAttack",
        "id": 11022,
        "alias": "Contents.Stat.Desc.BowAttack",
        "text": "활 장착 시 증가하는 피해량입니다."
    },
    "11023": {
        "deprecated": false,
        "Dev_Desc": "RitualBellAttack",
        "id": 11023,
        "alias": "Contents.Stat.Desc.RitualBellAttack",
        "text": "법종 장착 시 증가하는 피해량입니다."
    },
    "11024": {
        "deprecated": false,
        "Dev_Desc": "ShortPhysicalPenetration",
        "id": 11024,
        "alias": "Contents.Stat.Desc.ShortPhysicalPenetration",
        "text": "근거리 공격 시 대상의 근거리 방어력을 상쇄합니다."
    },
    "11025": {
        "deprecated": false,
        "Dev_Desc": "LongPhysicalPenetration",
        "id": 11025,
        "alias": "Contents.Stat.Desc.LongPhysicalPenetration",
        "text": "원거리 공격 시 대상의 원거리 방어력을 상쇄합니다."
    },
    "11026": {
        "deprecated": false,
        "Dev_Desc": "ForcePenetration",
        "id": 11026,
        "alias": "Contents.Stat.Desc.ForcePenetration",
        "text": "기공 공격 시 대상의 기공 방어력을 상쇄합니다."
    },
    "11027": {
        "deprecated": false,
        "Dev_Desc": "Penetration",
        "id": 11027,
        "alias": "Contents.Stat.Desc.Penetration",
        "text": "모든 유형의 관통력이 증가합니다."
    },
    "11028": {
        "deprecated": false,
        "Dev_Desc": "ShortPhysicalHit",
        "id": 11028,
        "alias": "Contents.Stat.Desc.ShortPhysicalHit",
        "text": "근거리 공격 시 명중 확률이 증가합니다."
    },
    "11029": {
        "deprecated": false,
        "Dev_Desc": "LongPhysicalHit",
        "id": 11029,
        "alias": "Contents.Stat.Desc.LongPhysicalHit",
        "text": "원거리 공격 시 명중 확률이 증가합니다."
    },
    "11030": {
        "deprecated": false,
        "Dev_Desc": "ForceHit",
        "id": 11030,
        "alias": "Contents.Stat.Desc.ForceHit",
        "text": "기공 공격 시 명중 확률이 증가합니다."
    },
    "11031": {
        "deprecated": false,
        "Dev_Desc": "Hit",
        "id": 11031,
        "alias": "Contents.Stat.Desc.Hit",
        "text": "모든 유형의 명중이 증가합니다."
    },
    "11032": {
        "deprecated": false,
        "Dev_Desc": "ShortPhysicalCriticalRate",
        "id": 11032,
        "alias": "Contents.Stat.Desc.ShortPhysicalCriticalRate",
        "text": "근거리 공격 시 치명타 확률이 증가합니다."
    },
    "11033": {
        "deprecated": false,
        "Dev_Desc": "LongPhysicalCriticalRate",
        "id": 11033,
        "alias": "Contents.Stat.Desc.LongPhysicalCriticalRate",
        "text": "원거리 공격 시 치명타 확률이 증가합니다."
    },
    "11034": {
        "deprecated": false,
        "Dev_Desc": "ForceCriticalRate",
        "id": 11034,
        "alias": "Contents.Stat.Desc.ForceCriticalRate",
        "text": "기공 공격 시 치명타 확률이 증가합니다."
    },
    "11035": {
        "deprecated": false,
        "Dev_Desc": "CriticalRate",
        "id": 11035,
        "alias": "Contents.Stat.Desc.CriticalRate",
        "text": "모든 유형의 치명타 확률이 증가합니다."
    },
    "11036": {
        "deprecated": false,
        "Dev_Desc": "CriticalAttack",
        "id": 11036,
        "alias": "Contents.Stat.Desc.CriticalAttack",
        "text": "치명타 공격 성공 시 입히는 추가 피해량입니다."
    },
    "11037": {
        "deprecated": false,
        "Dev_Desc": "FatalAttack",
        "id": 11037,
        "alias": "Contents.Stat.Desc.FatalAttack",
        "text": "약점 공격 성공 시 입히는 추가 피해량입니다."
    },
    "11038": {
        "deprecated": false,
        "Dev_Desc": "BlockpenetrationAttack",
        "id": 11038,
        "alias": "Contents.Stat.Desc.BlockpenetrationAttack",
        "text": "막기 관통 성공 시 입히는 추가 피해량입니다."
    },
    "11039": {
        "deprecated": false,
        "Dev_Desc": "DamagePure",
        "id": 11039,
        "alias": "Contents.Stat.Desc.DamagePure",
        "text": "공격 시 대상의 방어력으로 감소하지 않는 피해입니다."
    },
    "11040": {
        "deprecated": false,
        "Dev_Desc": "ShortPhysicalAttackReduction",
        "id": 11040,
        "alias": "Contents.Stat.Desc.ShortPhysicalAttackReduction",
        "text": "근거리 공격력을 상쇄합니다."
    },
    "11041": {
        "deprecated": false,
        "Dev_Desc": "LongPhysicalAttackReduction",
        "id": 11041,
        "alias": "Contents.Stat.Desc.LongPhysicalAttackReduction",
        "text": "원거리 공격력을 상쇄합니다."
    },
    "11042": {
        "deprecated": false,
        "Dev_Desc": "ForceAttackReduction",
        "id": 11042,
        "alias": "Contents.Stat.Desc.ForceAttackReduction",
        "text": "기공 공격력을 상쇄합니다."
    },
    "11043": {
        "deprecated": false,
        "Dev_Desc": "AttackReduction",
        "id": 11043,
        "alias": "Contents.Stat.Desc.AttackReduction",
        "text": "모든 유형의 호신이 증가합니다."
    },
    "11044": {
        "deprecated": false,
        "Dev_Desc": "ShortPhysicalDefence",
        "id": 11044,
        "alias": "Contents.Stat.Desc.ShortPhysicalDefence",
        "text": "근거리 공격으로 받는 피해가 감소합니다."
    },
    "11045": {
        "deprecated": false,
        "Dev_Desc": "LongPhysicalDefence",
        "id": 11045,
        "alias": "Contents.Stat.Desc.LongPhysicalDefence",
        "text": "원거리 공격으로 받는 피해가 감소합니다."
    },
    "11046": {
        "deprecated": false,
        "Dev_Desc": "ForceDefence",
        "id": 11046,
        "alias": "Contents.Stat.Desc.ForceDefence",
        "text": "기공 공격으로 받는 피해가 감소합니다."
    },
    "11047": {
        "deprecated": false,
        "Dev_Desc": "Defence",
        "id": 11047,
        "alias": "Contents.Stat.Desc.Defence",
        "text": "모든 유형의 방어력이 증가합니다."
    },
    "11048": {
        "deprecated": false,
        "Dev_Desc": "ShortPhysicalEvasion",
        "id": 11048,
        "alias": "Contents.Stat.Desc.ShortPhysicalEvasion",
        "text": "근거리 공격을 받을 시 빗맞을 확률이 증가합니다."
    },
    "11049": {
        "deprecated": false,
        "Dev_Desc": "LongPhysicalEvasion",
        "id": 11049,
        "alias": "Contents.Stat.Desc.LongPhysicalEvasion",
        "text": "원거리 공격을 받을 시 빗맞을 확률이 증가합니다."
    },
    "11050": {
        "deprecated": false,
        "Dev_Desc": "ForceEvasion",
        "id": 11050,
        "alias": "Contents.Stat.Desc.ForceEvasion",
        "text": "기공 공격을 받을 시 빗맞을 확률이 증가합니다."
    },
    "11051": {
        "deprecated": false,
        "Dev_Desc": "Evasion",
        "id": 11051,
        "alias": "Contents.Stat.Desc.Evasion",
        "text": "모든 유형의 회피가 증가합니다."
    },
    "11052": {
        "deprecated": false,
        "Dev_Desc": "ShortPhysicalCriticalResistanceRate",
        "id": 11052,
        "alias": "Contents.Stat.Desc.ShortPhysicalCriticalResistanceRate",
        "text": "근거리 공격을 받을 시 치명률을 상쇄합니다."
    },
    "11053": {
        "deprecated": false,
        "Dev_Desc": "LongPhysicalCriticalResistanceRate",
        "id": 11053,
        "alias": "Contents.Stat.Desc.LongPhysicalCriticalResistanceRate",
        "text": "원거리 공격을 받을 시 치명률을 상쇄합니다."
    },
    "11054": {
        "deprecated": false,
        "Dev_Desc": "ForceCriticalResistanceRate",
        "id": 11054,
        "alias": "Contents.Stat.Desc.ForceCriticalResistanceRate",
        "text": "기공 공격을 받을 시 치명률을 상쇄합니다."
    },
    "11055": {
        "deprecated": false,
        "Dev_Desc": "CriticalResistanceRate",
        "id": 11055,
        "alias": "Contents.Stat.Desc.CriticalResistanceRate",
        "text": "모든 유형의 치명 저항률이 증가합니다."
    },
    "11056": {
        "deprecated": false,
        "Dev_Desc": "CriticalAttackReduction",
        "id": 11056,
        "alias": "Contents.Stat.Desc.CriticalAttackReduction",
        "text": "치명타 공격으로 받는 추가 피해를 상쇄합니다."
    },
    "11057": {
        "deprecated": false,
        "Dev_Desc": "FatalAttackReduction",
        "id": 11057,
        "alias": "Contents.Stat.Desc.FatalAttackReduction",
        "text": "약점 공격으로 받는 추가 피해를 상쇄합니다."
    },
    "11058": {
        "deprecated": false,
        "Dev_Desc": "BlockpenetrationAttackReduction",
        "id": 11058,
        "alias": "Contents.Stat.Desc.BlockpenetrationAttackReduction",
        "text": "막기 관통으로 받는 추가 피해를 상쇄합니다."
    },
    "11059": {
        "deprecated": false,
        "Dev_Desc": "ReduceDamagePure",
        "id": 11059,
        "alias": "Contents.Stat.Desc.ReduceDamagePure",
        "text": "방어 무시 공격으로 받는 추가 피해를 상쇄합니다."
    },
    "11060": {
        "deprecated": false,
        "Dev_Desc": "HP",
        "id": 11060,
        "alias": "Contents.Stat.Desc.HP",
        "text": "생명력이 0이 될 경우 사망합니다."
    },
    "11061": {
        "deprecated": false,
        "Dev_Desc": "HPRate",
        "id": 11061,
        "alias": "Contents.Stat.Desc.HPRate",
        "text": "생명력이 증가합니다."
    },
    "11062": {
        "deprecated": false,
        "Dev_Desc": "Focus",
        "id": 11062,
        "alias": "Contents.Stat.Desc.Focus",
        "text": "무공 사용 시 감소하는 자원입니다."
    },
    "11063": {
        "deprecated": false,
        "Dev_Desc": "Stamina",
        "id": 11063,
        "alias": "Contents.Stat.Desc.Stamina",
        "text": "경공을 사용하거나 공격을 막을 시 감소하는 자원입니다."
    },
    "11064": {
        "deprecated": false,
        "Dev_Desc": "RegenerationHP",
        "id": 11064,
        "alias": "Contents.Stat.Desc.RegenerationHP",
        "text": "단위 시간 당 회복되는 생명력이 증가합니다."
    },
    "11065": {
        "deprecated": false,
        "Dev_Desc": "FixedRegenerationHP",
        "id": 11065,
        "alias": "Contents.Stat.Desc.FixedRegenerationHP",
        "text": "소지 무게와 무관하게, 단위 시간 당 회복되는 생명력이 증가합니다."
    },
    "11066": {
        "deprecated": false,
        "Dev_Desc": "RegenerationFocus",
        "id": 11066,
        "alias": "Contents.Stat.Desc.RegenerationFocus",
        "text": "단위 시간 당 회복되는 내력이 증가합니다."
    },
    "11067": {
        "deprecated": false,
        "Dev_Desc": "FixedRegenerationFocus",
        "id": 11067,
        "alias": "Contents.Stat.Desc.FixedRegenerationFocus",
        "text": "소지 무게와 무관하게, 단위 시간 당 회복되는 내력이 증가합니다."
    },
    "11068": {
        "deprecated": false,
        "Dev_Desc": "ControlFocus",
        "id": 11068,
        "alias": "Contents.Stat.Desc.ControlFocus",
        "text": "무공 사용 시 소모되는 내력이 감소합니다."
    },
    "11069": {
        "deprecated": false,
        "Dev_Desc": "RegenerationStamina",
        "id": 11069,
        "alias": "Contents.Stat.Desc.RegenerationStamina",
        "text": "단위 시간 당 회복되는 기력이 증가합니다."
    },
    "11070": {
        "deprecated": false,
        "Dev_Desc": "HPPotionRecovery",
        "id": 11070,
        "alias": "Contents.Stat.Desc.HPPotionRecovery",
        "text": "생명력 회복 물약 사용 시 회복량이 증가합니다."
    },
    "11071": {
        "deprecated": false,
        "Dev_Desc": "HPPotionRecoveryRate",
        "id": 11071,
        "alias": "Contents.Stat.Desc.HPPotionRecoveryRate",
        "text": "생명력 회복 물약 사용 시 회복량이 일정 비율 증가합니다."
    },
    "11072": {
        "deprecated": false,
        "Dev_Desc": "NormalAttackSpeed",
        "id": 11072,
        "alias": "Contents.Stat.Desc.NormalAttackSpeed",
        "text": "단위 시간 당 기본 공격 횟수가 증가합니다."
    },
    "11073": {
        "deprecated": false,
        "Dev_Desc": "ActiveAttackSpeed",
        "id": 11073,
        "alias": "Contents.Stat.Desc.ActiveAttackSpeed",
        "text": "단위 시간 당 무공 공격 횟수가 증가합니다."
    },
    "11074": {
        "deprecated": false,
        "Dev_Desc": "SkillDamage",
        "id": 11074,
        "alias": "Contents.Stat.Desc.SkillDamage",
        "text": "무공으로 주는 피해가 증가합니다."
    },
    "11075": {
        "deprecated": false,
        "Dev_Desc": "ReduceSkillDamage",
        "id": 11075,
        "alias": "Contents.Stat.Desc.ReduceSkillDamage",
        "text": "무공으로 받는 피해가 감소합니다."
    },
    "11076": {
        "deprecated": false,
        "Dev_Desc": "CutPartsDamageRate",
        "id": 11076,
        "alias": "Contents.Stat.Desc.CutPartsDamageRate",
        "text": "보스의 약점 공격 시 부위파괴 생명력에 대한 피해량이 증가합니다."
    },
    "11077": {
        "deprecated": false,
        "Dev_Desc": "StrikePartsDamageRate",
        "id": 11077,
        "alias": "Contents.Stat.Desc.StrikePartsDamageRate",
        "text": "보스의 약점 공격 시 부위파괴(타격) 생명력에 대한 피해량이 증가합니다."
    },
    "11078": {
        "deprecated": false,
        "Dev_Desc": "ControlHPDamageRate",
        "id": 11078,
        "alias": "Contents.Stat.Desc.ControlHPDamageRate",
        "text": "보스의 약점 공격 시 통제 생명력에 대한 피해량이 증가합니다."
    },
    "11079": {
        "deprecated": false,
        "Dev_Desc": "DamageRate",
        "id": 11079,
        "alias": "Contents.Stat.Desc.DamageRate",
        "text": "주는 피해량이 증가합니다."
    },
    "11080": {
        "deprecated": false,
        "Dev_Desc": "ReduceTakenDamageRate",
        "id": 11080,
        "alias": "Contents.Stat.Desc.ReduceTakenDamageRate",
        "text": "받는 피해량이 감소합니다."
    },
    "11081": {
        "deprecated": false,
        "Dev_Desc": "HealRate",
        "id": 11081,
        "alias": "Contents.Stat.Desc.HealRate",
        "text": "주는 치유량이 증가합니다."
    },
    "11082": {
        "deprecated": false,
        "Dev_Desc": "TakenHealRate",
        "id": 11082,
        "alias": "Contents.Stat.Desc.TakenHealRate",
        "text": "받는 치유량이 증가합니다."
    },
    "11083": {
        "deprecated": false,
        "Dev_Desc": "Block",
        "id": 11083,
        "alias": "Contents.Stat.Desc.Block",
        "text": "받은 공격을 막을 확률이 증가합니다."
    },
    "11084": {
        "deprecated": false,
        "Dev_Desc": "Blockpenetration",
        "id": 11084,
        "alias": "Contents.Stat.Desc.Blockpenetration",
        "text": "막기 관통이 성공할 확률이 증가합니다."
    },
    "11085": {
        "deprecated": false,
        "Dev_Desc": "ParryRate",
        "id": 11085,
        "alias": "Contents.Stat.Desc.ParryRate",
        "text": "받은 공격을 튕겨낼 확률이 증가합니다."
    },
    "11086": {
        "deprecated": false,
        "Dev_Desc": "ParryResistanceRate",
        "id": 11086,
        "alias": "Contents.Stat.Desc.ParryResistanceRate",
        "text": "공격 시 대상의 튕기기 발동률을 상쇄합니다."
    },
    "11087": {
        "deprecated": false,
        "Dev_Desc": "SoulRate",
        "id": 11087,
        "alias": "Contents.Stat.Desc.SoulRate",
        "text": "공격 시 소울이 발동할 확률이 증가합니다."
    },
    "11088": {
        "deprecated": false,
        "Dev_Desc": "SoulResistanceRate",
        "id": 11088,
        "alias": "Contents.Stat.Desc.SoulResistanceRate",
        "text": "공격을 받을 시 공격자의 소울 발동률을 상쇄합니다."
    },
    "11089": {
        "deprecated": false,
        "Dev_Desc": "IncreaseSoulRate",
        "id": 11089,
        "alias": "Contents.Stat.Desc.IncreaseSoulRate",
        "text": "소울 발동률이 증가합니다."
    },
    "11090": {
        "deprecated": false,
        "Dev_Desc": "ReduceDamageRateMiss",
        "id": 11090,
        "alias": "Contents.Stat.Desc.ReduceDamageRateMiss",
        "text": "받은 공격이 빗맞을 시 받는 피해가 감소합니다."
    },
    "11091": {
        "deprecated": false,
        "Dev_Desc": "ReduceDamageRateBlock",
        "id": 11091,
        "alias": "Contents.Stat.Desc.ReduceDamageRateBlock",
        "text": "받은 공격을 막을 시 받는 피해가 감소합니다."
    },
    "11092": {
        "deprecated": false,
        "Dev_Desc": "ReduceDamageRateParry",
        "id": 11092,
        "alias": "Contents.Stat.Desc.ReduceDamageRateParry",
        "text": "받은 공격을 튕겨낼 시 받는 피해가 감소합니다."
    },
    "11093": {
        "deprecated": false,
        "Dev_Desc": "Unyieldingness",
        "id": 11093,
        "alias": "Contents.Stat.Desc.Unyieldingness",
        "text": "PVP 전투 시 연속으로 받는 피해가 감소합니다."
    },
    "11094": {
        "deprecated": false,
        "Dev_Desc": "CentralAttack",
        "id": 11094,
        "alias": "Contents.Stat.Desc.CentralAttack",
        "text": "PVP 전투 시 대상에게 주는 집중공격 효과가 증가합니다."
    },
    "11095": {
        "deprecated": false,
        "Dev_Desc": "CentralAttackResistance",
        "id": 11095,
        "alias": "Contents.Stat.Desc.CentralAttackResistance",
        "text": "PVP 전투 시 받은 집중공격 효과를 상쇄합니다."
    },
    "11096": {
        "deprecated": false,
        "Dev_Desc": "ShortPhysicalDefenceProbability",
        "id": 11096,
        "alias": "Contents.Stat.Desc.ShortPhysicalDefenceProbability",
        "text": "근거리 공격을 받을 시 최종 방어율이 증가합니다."
    },
    "11097": {
        "deprecated": false,
        "Dev_Desc": "LongPhysicalDefenceProbability",
        "id": 11097,
        "alias": "Contents.Stat.Desc.LongPhysicalDefenceProbability",
        "text": "원거리 공격을 받을 시 최종 방어율이 증가합니다."
    },
    "11098": {
        "deprecated": false,
        "Dev_Desc": "ForceDefenceProbability",
        "id": 11098,
        "alias": "Contents.Stat.Desc.ForceDefenceProbability",
        "text": "기공 공격을 받을 시 최종 방어율이 증가합니다."
    },
    "11099": {
        "deprecated": false,
        "Dev_Desc": "ShortPhysicalPenetrationProbability",
        "id": 11099,
        "alias": "Contents.Stat.Desc.ShortPhysicalPenetrationProbability",
        "text": "근거리 공격 시 방어자의 최종 방어율을 상쇄합니다."
    },
    "11100": {
        "deprecated": false,
        "Dev_Desc": "LongPhysicalPenetrationProbability",
        "id": 11100,
        "alias": "Contents.Stat.Desc.LongPhysicalPenetrationProbability",
        "text": "원거리 공격 시 방어자의 최종 방어율을 상쇄합니다."
    },
    "11101": {
        "deprecated": false,
        "Dev_Desc": "ForcePenetrationProbability",
        "id": 11101,
        "alias": "Contents.Stat.Desc.ForcePenetrationProbability",
        "text": "기공 공격 시 방어자의 최종 방어율을 상쇄합니다."
    },
    "11102": {
        "deprecated": false,
        "Dev_Desc": "ShortPhysicalHitProbability",
        "id": 11102,
        "alias": "Contents.Stat.Desc.ShortPhysicalHitProbability",
        "text": "근거리 공격 시 최종 명중 확률이 증가합니다."
    },
    "11103": {
        "deprecated": false,
        "Dev_Desc": "LongPhysicalHitProbability",
        "id": 11103,
        "alias": "Contents.Stat.Desc.LongPhysicalHitProbability",
        "text": "원거리 공격 시 최종 명중 확률이 증가합니다."
    },
    "11104": {
        "deprecated": false,
        "Dev_Desc": "ForceHitProbability",
        "id": 11104,
        "alias": "Contents.Stat.Desc.ForceHitProbability",
        "text": "기공 공격 시 최종 명중 확률이 증가합니다."
    },
    "11105": {
        "deprecated": false,
        "Dev_Desc": "ShortPhysicalEvasionProbability",
        "id": 11105,
        "alias": "Contents.Stat.Desc.ShortPhysicalEvasionProbability",
        "text": "근거리 공격을 받을 시 공격자의 최종 명중 확률을 상쇄합니다."
    },
    "11106": {
        "deprecated": false,
        "Dev_Desc": "LongPhysicalEvasionProbability",
        "id": 11106,
        "alias": "Contents.Stat.Desc.LongPhysicalEvasionProbability",
        "text": "원거리 공격을 받을 시 공격자의 최종 명중 확률을 상쇄합니다."
    },
    "11107": {
        "deprecated": false,
        "Dev_Desc": "ForceEvasionProbability",
        "id": 11107,
        "alias": "Contents.Stat.Desc.ForceEvasionProbability",
        "text": "기공 공격을 받을 시 공격자의 최종 명중 확률을 상쇄합니다."
    },
    "11108": {
        "deprecated": false,
        "Dev_Desc": "ControlAttack",
        "id": 11108,
        "alias": "Contents.Stat.Desc.ControlAttack",
        "text": "통제 공격 성공 시 통제 유지 시간이 증가합니다."
    },
    "11109": {
        "deprecated": false,
        "Dev_Desc": "ControlDefence",
        "id": 11109,
        "alias": "Contents.Stat.Desc.ControlDefence",
        "text": "통제 상태에 걸릴 시 통제 유지 시간이 감소합니다."
    },
    "11110": {
        "deprecated": false,
        "Dev_Desc": "ControlHitRate",
        "id": 11110,
        "alias": "Contents.Stat.Desc.ControlHitRate",
        "text": "통제의 성공 확률이 증가합니다."
    },
    "11111": {
        "deprecated": false,
        "Dev_Desc": "ControlResistanceRate",
        "id": 11111,
        "alias": "Contents.Stat.Desc.ControlResistanceRate",
        "text": "통제 상태에 걸릴 확률이 감소합니다."
    },
    "11112": {
        "deprecated": false,
        "Dev_Desc": "TauntHitRate",
        "id": 11112,
        "alias": "Contents.Stat.Desc.TauntHitRate",
        "text": "도발의 성공 확률이 증가합니다."
    },
    "11113": {
        "deprecated": false,
        "Dev_Desc": "TauntResistanceRate",
        "id": 11113,
        "alias": "Contents.Stat.Desc.TauntResistanceRate",
        "text": "도발 상태에 걸릴 확률이 감소합니다."
    },
    "11114": {
        "deprecated": false,
        "Dev_Desc": "SlowdownHitRate",
        "id": 11114,
        "alias": "Contents.Stat.Desc.SlowdownHitRate",
        "text": "둔화의 성공 확률이 증가합니다."
    },
    "11115": {
        "deprecated": false,
        "Dev_Desc": "SlowdownResistanceRate",
        "id": 11115,
        "alias": "Contents.Stat.Desc.SlowdownResistanceRate",
        "text": "둔화 상태에 걸릴 확률이 감소합니다."
    },
    "11116": {
        "deprecated": false,
        "Dev_Desc": "FrozenHitRate",
        "id": 11116,
        "alias": "Contents.Stat.Desc.FrozenHitRate",
        "text": "빙결의 성공 확률이 증가합니다."
    },
    "11117": {
        "deprecated": false,
        "Dev_Desc": "FrozenResistanceRate",
        "id": 11117,
        "alias": "Contents.Stat.Desc.FrozenResistanceRate",
        "text": "빙결 상태에 걸릴 확률이 감소합니다."
    },
    "11118": {
        "deprecated": false,
        "Dev_Desc": "FlinchHitRate",
        "id": 11118,
        "alias": "Contents.Stat.Desc.FlinchHitRate",
        "text": "경직의 성공 확률이 증가합니다."
    },
    "11119": {
        "deprecated": false,
        "Dev_Desc": "FlinchResistanceRate",
        "id": 11119,
        "alias": "Contents.Stat.Desc.FlinchResistanceRate",
        "text": "경직 상태에 걸릴 확률이 감소합니다."
    },
    "11120": {
        "deprecated": false,
        "Dev_Desc": "BurnHitRate",
        "id": 11120,
        "alias": "Contents.Stat.Desc.BurnHitRate",
        "text": "화상의 성공 확률이 증가합니다."
    },
    "11121": {
        "deprecated": false,
        "Dev_Desc": "BurnResistanceRate",
        "id": 11121,
        "alias": "Contents.Stat.Desc.BurnResistanceRate",
        "text": "화상 상태에 걸릴 확률이 감소합니다."
    },
    "11122": {
        "deprecated": false,
        "Dev_Desc": "BleedingHitRate",
        "id": 11122,
        "alias": "Contents.Stat.Desc.BleedingHitRate",
        "text": "출혈의 성공 확률이 증가합니다."
    },
    "11123": {
        "deprecated": false,
        "Dev_Desc": "BleedingResistanceRate",
        "id": 11123,
        "alias": "Contents.Stat.Desc.BleedingResistanceRate",
        "text": "출혈 상태에 걸릴 확률이 감소합니다."
    },
    "11124": {
        "deprecated": false,
        "Dev_Desc": "MovementSpeed",
        "id": 11124,
        "alias": "Contents.Stat.Desc.MovementSpeed",
        "text": "걷기 속도와 수영 속도가 증가합니다."
    },
    "11125": {
        "deprecated": false,
        "Dev_Desc": "SwimSpeed",
        "id": 11125,
        "alias": "Contents.Stat.Desc.SwimSpeed",
        "text": "수영 속도가 증가합니다."
    },
    "11126": {
        "deprecated": false,
        "Dev_Desc": "WalkSpeed",
        "id": 11126,
        "alias": "Contents.Stat.Desc.WalkSpeed",
        "text": "걷기 속도가 증가합니다."
    },
    "11127": {
        "deprecated": false,
        "Dev_Desc": "WeightMax",
        "id": 11127,
        "alias": "Contents.Stat.Desc.WeightMax",
        "text": "가방에 소지할 수 있는 물품의 최대 무게입니다."
    },
    "11128": {
        "deprecated": false,
        "Dev_Desc": "RateGold",
        "id": 11128,
        "alias": "Contents.Stat.Desc.RateGold",
        "text": "금화 획득량이 증가합니다."
    },
    "11129": {
        "deprecated": false,
        "Dev_Desc": "RateExp",
        "id": 11129,
        "alias": "Contents.Stat.Desc.RateExp",
        "text": "경험치 획득량이 증가합니다."
    },
    "11130": {
        "deprecated": false,
        "Dev_Desc": "ReduceSEConsumption",
        "id": 11130,
        "alias": "Contents.Stat.Desc.ReduceSEConsumption",
        "text": "영기 소모량이 감소합니다."
    },
    "11131": {
        "deprecated": false,
        "Dev_Desc": "SEFillingAmount",
        "id": 11131,
        "alias": "Contents.Stat.Desc.SEFillingAmount",
        "text": "영기 충전량이 증가합니다."
    },
    "11132": {
        "deprecated": false,
        "Dev_Desc": "ReduceHealRate",
        "id": 11132,
        "alias": "Contents.Stat.Desc.ReduceHealRate",
        "text": "주는 치유량이 감소합니다."
    },
    "11133": {
        "deprecated": false,
        "Dev_Desc": "ReduceTakenHealRate",
        "id": 11133,
        "alias": "Contents.Stat.Desc.ReduceTakenHealRate",
        "text": "받는 치유량이 감소합니다."
    },
    "11134": {
        "deprecated": false,
        "Dev_Desc": "ReduceDamageRate",
        "id": 11134,
        "alias": "Contents.Stat.Desc.ReduceDamageRate",
        "text": "주는 피해량이 감소합니다."
    },
    "11135": {
        "deprecated": false,
        "Dev_Desc": "TakenDamageRate",
        "id": 11135,
        "alias": "Contents.Stat.Desc.TakenDamageRate",
        "text": "받는 피해량이 증가합니다."
    },
    "11136": {
        "deprecated": false,
        "Dev_Desc": "ReduceNormalAttackSpeed",
        "id": 11136,
        "alias": "Contents.Stat.Desc.ReduceNormalAttackSpeed",
        "text": "단위 시간 당 기본 공격 횟수가 감소합니다."
    },
    "11137": {
        "deprecated": false,
        "Dev_Desc": "ReduceActiveAttackSpeed",
        "id": 11137,
        "alias": "Contents.Stat.Desc.ReduceActiveAttackSpeed",
        "text": "단위 시간 당 무공 공격 횟수가 감소합니다."
    },
    "11138": {
        "deprecated": false,
        "Dev_Desc": "ReduceHpPotionRecovery",
        "id": 11138,
        "alias": "Contents.Stat.Desc.ReduceHpPotionRecovery",
        "text": "생명력 회복 물약 사용 시 물약 회복량을 상쇄합니다."
    },
    "11139": {
        "deprecated": false,
        "Dev_Desc": "ReduceHpPotionRecoveryRate",
        "id": 11139,
        "alias": "Contents.Stat.Desc.ReduceHpPotionRecoveryRate",
        "text": "생명력 회복 물약 사용 시 물약 회복률을 상쇄합니다."
    },
    "11140": {
        "deprecated": false,
        "Dev_Desc": "ReduceMovementSpeed",
        "id": 11140,
        "alias": "Contents.Stat.Desc.ReduceMovementSpeed",
        "text": "걷기 속도와 수영 속도가 감소합니다."
    },
    "11141": {
        "deprecated": false,
        "Dev_Desc": "ReduceSwimSpeed",
        "id": 11141,
        "alias": "Contents.Stat.Desc.ReduceSwimSpeed",
        "text": "수영 속도가 감소합니다."
    },
    "11142": {
        "deprecated": false,
        "Dev_Desc": "ReduceWalkSpeed",
        "id": 11142,
        "alias": "Contents.Stat.Desc.ReduceWalkSpeed",
        "text": "걷기 속도가 감소합니다."
    },
    "11143": {
        "deprecated": false,
        "Dev_Desc": "PvPAttack",
        "id": 11143,
        "alias": "Contents.Stat.Desc.PvPAttack",
        "text": "PVP 전투 시 추가로 적용되는 공격력입니다."
    },
    "11144": {
        "deprecated": false,
        "Dev_Desc": "PvPAttackReduction",
        "id": 11144,
        "alias": "Contents.Stat.Desc.PvPAttackReduction",
        "text": "PVP 전투 시 추가로 적용되는 호신입니다."
    },
    "11145": {
        "deprecated": false,
        "Dev_Desc": "PvPDefence",
        "id": 11145,
        "alias": "Contents.Stat.Desc.PvPDefence",
        "text": "PVP 전투 시 추가로 적용되는 방어력입니다."
    },
    "11146": {
        "deprecated": false,
        "Dev_Desc": "PvPPenetration",
        "id": 11146,
        "alias": "Contents.Stat.Desc.PvPPenetration",
        "text": "PVP 전투 시 추가로 적용되는 관통력입니다."
    },
    "11147": {
        "deprecated": false,
        "Dev_Desc": "PvPHit",
        "id": 11147,
        "alias": "Contents.Stat.Desc.PvPHit",
        "text": "PVP 전투 시 추가로 적용되는 명중입니다."
    },
    "11148": {
        "deprecated": false,
        "Dev_Desc": "PvPEvasion",
        "id": 11148,
        "alias": "Contents.Stat.Desc.PvPEvasion",
        "text": "PVP 전투 시 추가로 적용되는 회피입니다."
    },
    "11149": {
        "deprecated": false,
        "Dev_Desc": "PvPCriticalRate",
        "id": 11149,
        "alias": "Contents.Stat.Desc.PvPCriticalRate",
        "text": "PVP 전투 시 추가로 적용되는 치명률입니다."
    },
    "11150": {
        "deprecated": false,
        "Dev_Desc": "PvPCriticalResistanceRate",
        "id": 11150,
        "alias": "Contents.Stat.Desc.PvPCriticalResistanceRate",
        "text": "PVP 전투 시 추가로 적용되는 치명 저항률입니다."
    },
    "11151": {
        "deprecated": false,
        "Dev_Desc": "PvEAttack",
        "id": 11151,
        "alias": "Contents.Stat.Desc.PvEAttack",
        "text": "PVE 전투 시 추가로 적용되는 공격력입니다."
    },
    "11152": {
        "deprecated": false,
        "Dev_Desc": "PvEAttackReduction",
        "id": 11152,
        "alias": "Contents.Stat.Desc.PvEAttackReduction",
        "text": "PVE 전투 시 추가로 적용되는 호신입니다."
    },
    "11153": {
        "deprecated": false,
        "Dev_Desc": "PvEDefence",
        "id": 11153,
        "alias": "Contents.Stat.Desc.PvEDefence",
        "text": "PVE 전투 시 추가로 적용되는 방어력입니다."
    },
    "11154": {
        "deprecated": false,
        "Dev_Desc": "PvEPenetration",
        "id": 11154,
        "alias": "Contents.Stat.Desc.PvEPenetration",
        "text": "PVE 전투 시 추가로 적용되는 관통력입니다."
    },
    "11155": {
        "deprecated": false,
        "Dev_Desc": "PvEHit",
        "id": 11155,
        "alias": "Contents.Stat.Desc.PvEHit",
        "text": "PVE 전투 시 추가로 적용되는 명중입니다."
    },
    "11156": {
        "deprecated": false,
        "Dev_Desc": "PvEEvasion",
        "id": 11156,
        "alias": "Contents.Stat.Desc.PvEEvasion",
        "text": "PVE 전투 시 추가로 적용되는 회피입니다."
    },
    "11157": {
        "deprecated": false,
        "Dev_Desc": "PvECriticalRate",
        "id": 11157,
        "alias": "Contents.Stat.Desc.PvECriticalRate",
        "text": "PVE 전투 시 추가로 적용되는 치명률입니다."
    },
    "11158": {
        "deprecated": false,
        "Dev_Desc": "PvECriticalResistanceRate",
        "id": 11158,
        "alias": "Contents.Stat.Desc.PvECriticalResistanceRate",
        "text": "PVE 전투 시 추가로 적용되는 치명 저항률입니다."
    },
    "11159": {
        "deprecated": false,
        "Dev_Desc": "BossAttack",
        "id": 11159,
        "alias": "Contents.Stat.Desc.BossAttack",
        "text": "보스 전투 시 추가로 적용되는 공격력입니다."
    },
    "11160": {
        "deprecated": false,
        "Dev_Desc": "BossAttackReduction",
        "id": 11160,
        "alias": "Contents.Stat.Desc.BossAttackReduction",
        "text": "보스 전투 시 추가로 적용되는 호신입니다."
    },
    "11161": {
        "deprecated": false,
        "Dev_Desc": "BossDefence",
        "id": 11161,
        "alias": "Contents.Stat.Desc.BossDefence",
        "text": "보스 전투 시 추가로 적용되는 방어력입니다."
    },
    "11162": {
        "deprecated": false,
        "Dev_Desc": "BossPenetration",
        "id": 11162,
        "alias": "Contents.Stat.Desc.BossPenetration",
        "text": "보스 전투 시 추가로 적용되는 관통력입니다."
    },
    "11163": {
        "deprecated": false,
        "Dev_Desc": "BossHit",
        "id": 11163,
        "alias": "Contents.Stat.Desc.BossHit",
        "text": "보스 전투 시 추가로 적용되는 명중입니다."
    },
    "11164": {
        "deprecated": false,
        "Dev_Desc": "BossEvasion",
        "id": 11164,
        "alias": "Contents.Stat.Desc.BossEvasion",
        "text": "보스 전투 시 추가로 적용되는 회피입니다."
    },
    "11165": {
        "deprecated": false,
        "Dev_Desc": "BossCriticalRate",
        "id": 11165,
        "alias": "Contents.Stat.Desc.BossCriticalRate",
        "text": "보스 전투 시 추가로 적용되는 치명률입니다."
    },
    "11166": {
        "deprecated": false,
        "Dev_Desc": "BossCriticalResistanceRate",
        "id": 11166,
        "alias": "Contents.Stat.Desc.BossCriticalResistanceRate",
        "text": "보스 전투 시 추가로 적용되는 치명 저항률입니다."
    },
    "11167": {
        "deprecated": false,
        "Dev_Desc": "FireDamage",
        "id": 11167,
        "alias": "Contents.Stat.Desc.FireDamage",
        "text": "화 속성 소울 발동 시 화 속성 피해를 추가로 입힙니다."
    },
    "11168": {
        "deprecated": false,
        "Dev_Desc": "WaterDamage",
        "id": 11168,
        "alias": "Contents.Stat.Desc.WaterDamage",
        "text": "수 속성 소울 발동 시 수 속성 피해를 추가로 입힙니다."
    },
    "11169": {
        "deprecated": false,
        "Dev_Desc": "WoodDamage",
        "id": 11169,
        "alias": "Contents.Stat.Desc.WoodDamage",
        "text": "목 속성 소울 발동 시 목 속성 피해를 추가로 입힙니다."
    },
    "11170": {
        "deprecated": false,
        "Dev_Desc": "IronDamage",
        "id": 11170,
        "alias": "Contents.Stat.Desc.IronDamage",
        "text": "금 속성 소울 발동 시 금 속성 피해를 추가로 입힙니다."
    },
    "11171": {
        "deprecated": false,
        "Dev_Desc": "WindDamage",
        "id": 11171,
        "alias": "Contents.Stat.Desc.WindDamage",
        "text": "풍 속성 소울 발동 시 풍 속성 피해를 추가로 입힙니다."
    },
    "11172": {
        "deprecated": false,
        "Dev_Desc": "LightningDamage",
        "id": 11172,
        "alias": "Contents.Stat.Desc.LightningDamage",
        "text": "뇌 속성 소울 발동 시 뇌 속성 피해를 추가로 입힙니다."
    },
    "11173": {
        "deprecated": false,
        "Dev_Desc": "LightDamage",
        "id": 11173,
        "alias": "Contents.Stat.Desc.LightDamage",
        "text": "명 속성 소울 발동 시 명 속성 피해를 추가로 입힙니다."
    },
    "11174": {
        "deprecated": false,
        "Dev_Desc": "DarkDamage",
        "id": 11174,
        "alias": "Contents.Stat.Desc.DarkDamage",
        "text": "암 속성 소울 발동 시 암 속성 피해를 추가로 입힙니다."
    },
    "11175": {
        "deprecated": false,
        "Dev_Desc": "ElementDamage",
        "id": 11175,
        "alias": "Contents.Stat.Desc.ElementDamage",
        "text": "모든 속성 공격력이 증가합니다."
    },
    "11176": {
        "deprecated": false,
        "Dev_Desc": "FireDamageRate",
        "id": 11176,
        "alias": "Contents.Stat.Desc.FireDamageRate",
        "text": "주는 화 속성 피해가 증가합니다."
    },
    "11177": {
        "deprecated": false,
        "Dev_Desc": "WaterDamageRate",
        "id": 11177,
        "alias": "Contents.Stat.Desc.WaterDamageRate",
        "text": "주는 수 속성 피해가 증가합니다."
    },
    "11178": {
        "deprecated": false,
        "Dev_Desc": "WoodDamageRate",
        "id": 11178,
        "alias": "Contents.Stat.Desc.WoodDamageRate",
        "text": "주는 목 속성 피해가 증가합니다."
    },
    "11179": {
        "deprecated": false,
        "Dev_Desc": "IronDamageRate",
        "id": 11179,
        "alias": "Contents.Stat.Desc.IronDamageRate",
        "text": "주는 금 속성 피해가 증가합니다."
    },
    "11180": {
        "deprecated": false,
        "Dev_Desc": "WindDamageRate",
        "id": 11180,
        "alias": "Contents.Stat.Desc.WindDamageRate",
        "text": "주는 풍 속성 피해가 증가합니다."
    },
    "11181": {
        "deprecated": false,
        "Dev_Desc": "LightningDamageRate",
        "id": 11181,
        "alias": "Contents.Stat.Desc.LightningDamageRate",
        "text": "주는 뇌 속성 피해가 증가합니다."
    },
    "11182": {
        "deprecated": false,
        "Dev_Desc": "LightDamageRate",
        "id": 11182,
        "alias": "Contents.Stat.Desc.LightDamageRate",
        "text": "주는 명 속성 피해가 증가합니다."
    },
    "11183": {
        "deprecated": false,
        "Dev_Desc": "DarkDamageRate",
        "id": 11183,
        "alias": "Contents.Stat.Desc.DarkDamageRate",
        "text": "주는 암 속성 피해가 증가합니다."
    },
    "11184": {
        "deprecated": false,
        "Dev_Desc": "ElementDamageRate",
        "id": 11184,
        "alias": "Contents.Stat.Desc.ElementDamageRate",
        "text": "모든 속성 피해 증폭이 증가합니다."
    },
    "11185": {
        "deprecated": false,
        "Dev_Desc": "FireDamageToleranceRate",
        "id": 11185,
        "alias": "Contents.Stat.Desc.FireDamageToleranceRate",
        "text": "받는 화 속성 피해가 감소합니다."
    },
    "11186": {
        "deprecated": false,
        "Dev_Desc": "WaterDamageToleranceRate",
        "id": 11186,
        "alias": "Contents.Stat.Desc.WaterDamageToleranceRate",
        "text": "받는 수 속성 피해가 감소합니다."
    },
    "11187": {
        "deprecated": false,
        "Dev_Desc": "WoodDamageToleranceRate",
        "id": 11187,
        "alias": "Contents.Stat.Desc.WoodDamageToleranceRate",
        "text": "받는 목 속성 피해가 감소합니다."
    },
    "11188": {
        "deprecated": false,
        "Dev_Desc": "IronDamageToleranceRate",
        "id": 11188,
        "alias": "Contents.Stat.Desc.IronDamageToleranceRate",
        "text": "받는 금 속성 피해가 감소합니다."
    },
    "11189": {
        "deprecated": false,
        "Dev_Desc": "WindDamageToleranceRate",
        "id": 11189,
        "alias": "Contents.Stat.Desc.WindDamageToleranceRate",
        "text": "받는 풍 속성 피해가 감소합니다."
    },
    "11190": {
        "deprecated": false,
        "Dev_Desc": "LightningDamageToleranceRate",
        "id": 11190,
        "alias": "Contents.Stat.Desc.LightningDamageToleranceRate",
        "text": "받는 뇌 속성 피해가 감소합니다."
    },
    "11191": {
        "deprecated": false,
        "Dev_Desc": "LightDamageToleranceRate",
        "id": 11191,
        "alias": "Contents.Stat.Desc.LightDamageToleranceRate",
        "text": "받는 명 속성 피해가 감소합니다."
    },
    "11192": {
        "deprecated": false,
        "Dev_Desc": "DarkDamageToleranceRate",
        "id": 11192,
        "alias": "Contents.Stat.Desc.DarkDamageToleranceRate",
        "text": "받는 암 속성 피해가 감소합니다."
    },
    "11193": {
        "deprecated": false,
        "Dev_Desc": "ElementDamageToleranceRate",
        "id": 11193,
        "alias": "Contents.Stat.Desc.ElementDamageToleranceRate",
        "text": "모든 속성 피해 내성이 증가합니다."
    },
    "11194": {
        "deprecated": false,
        "Dev_Desc": "ElementDamageValue",
        "id": 11194,
        "alias": "Contents.Stat.Desc.ElementDamageValue",
        "text": "소울 발동 시 주는 속성 피해가 증폭됩니다."
    },
    "11195": {
        "deprecated": false,
        "Dev_Desc": "ElementDamageValueRate",
        "id": 11195,
        "alias": "Contents.Stat.Desc.ElementDamageValueRate",
        "text": "소울 발동 시 주는 속성 피해가 추가로 증폭됩니다."
    }
}