{
    "17200000": {
        "deprecated": false,
        "Dev_Desc": "반달_각성의 회랑1_수상비",
        "id": 17200000,
        "alias": "Contents.Quest.Mission.1020000",
        "text": "가장 안쪽의 장치 조사해 나가기"
    },
    "17200001": {
        "deprecated": false,
        "Dev_Desc": "반달_각성의 회랑2_천상비",
        "id": 17200001,
        "alias": "Contents.Quest.Mission.1020001",
        "text": "가장 안쪽의 장치 조사해 나가기"
    },
    "17200002": {
        "deprecated": false,
        "Dev_Desc": "반달_각성의 회랑3_종합",
        "id": 17200002,
        "alias": "Contents.Quest.Mission.1020002",
        "text": "가장 안쪽의 장치 조사해 나가기"
    },
    "17200003": {
        "deprecated": false,
        "Dev_Desc": "반달_각성의 회랑4_보스",
        "id": 17200003,
        "alias": "Contents.Quest.Mission.1020003",
        "text": "가장 안쪽의 장치 조사해 나가기"
    },
    "17200004": {
        "deprecated": false,
        "Dev_Desc": "반달_각성의 회랑5_보스",
        "id": 17200004,
        "alias": "Contents.Quest.Mission.1020004",
        "text": "가장 안쪽의 장치 조사해 나가기"
    },
    "17200005": {
        "deprecated": false,
        "Dev_Desc": "반달호수_해수 흔적 조사1",
        "id": 17200005,
        "alias": "Contents.Quest.Mission.1020005",
        "text": "해수 흔적 조사 하기"
    },
    "17200006": {
        "deprecated": false,
        "Dev_Desc": "반달호수_해수 처치1",
        "id": 17200006,
        "alias": "Contents.Quest.Mission.1020006",
        "text": "예리한 가시 왕푸 처치"
    },
    "17200007": {
        "deprecated": false,
        "Dev_Desc": "반달호수_해수 흔적 조사2",
        "id": 17200007,
        "alias": "Contents.Quest.Mission.1020007",
        "text": "해수 흔적 조사 하기"
    },
    "17200008": {
        "deprecated": false,
        "Dev_Desc": "반달호수_해수 처치2",
        "id": 17200008,
        "alias": "Contents.Quest.Mission.1020008",
        "text": "날카로운 갑주 바우탄 처치"
    },
    "17200009": {
        "deprecated": false,
        "Dev_Desc": "반달호수_해수 흔적 조사3",
        "id": 17200009,
        "alias": "Contents.Quest.Mission.1020009",
        "text": "해수 흔적 조사 하기"
    },
    "17200010": {
        "deprecated": false,
        "Dev_Desc": "반달호수_해수 처치3",
        "id": 17200010,
        "alias": "Contents.Quest.Mission.1020010",
        "text": "돌연변이 대왕 거미 처치"
    },
    "17200011": {
        "deprecated": false,
        "Dev_Desc": "반달호수_해수 흔적 조사4",
        "id": 17200011,
        "alias": "Contents.Quest.Mission.1020011",
        "text": "해수 흔적 조사 하기"
    },
    "17200012": {
        "deprecated": false,
        "Dev_Desc": "반달호수_해수 처치4",
        "id": 17200012,
        "alias": "Contents.Quest.Mission.1020012",
        "text": "난폭한 흑곰 우푸 처치"
    },
    "17200013": {
        "deprecated": false,
        "Dev_Desc": "반달호수_해수 흔적 조사5",
        "id": 17200013,
        "alias": "Contents.Quest.Mission.1020013",
        "text": "해수 흔적 조사 하기"
    },
    "17200014": {
        "deprecated": false,
        "Dev_Desc": "반달호수_해수 처치5",
        "id": 17200014,
        "alias": "Contents.Quest.Mission.1020014",
        "text": "침식된 칼날 서인장 처치"
    },
    "17200015": {
        "deprecated": false,
        "Dev_Desc": "비옥대지_해수_붉게 타오른 자 원령의 왕_흔적조사",
        "id": 17200015,
        "alias": "Contents.Quest.Mission.1020015",
        "text": "해수 흔적 조사 하기"
    },
    "17200016": {
        "deprecated": false,
        "Dev_Desc": "비옥대지_해수_붉게 타오른 자 원령의 왕_처치",
        "id": 17200016,
        "alias": "Contents.Quest.Mission.1020016",
        "text": "붉게 타오른 원령의 왕 처치"
    },
    "17200017": {
        "deprecated": false,
        "Dev_Desc": "비옥대지_해수_폭렬의 칼날 흑묘_흔적조사",
        "id": 17200017,
        "alias": "Contents.Quest.Mission.1020017",
        "text": "해수 흔적 조사 하기"
    },
    "17200018": {
        "deprecated": false,
        "Dev_Desc": "비옥대지_해수_폭렬의 칼날 흑묘_처치",
        "id": 17200018,
        "alias": "Contents.Quest.Mission.1020018",
        "text": "폭렬의 칼날 흑묘 처치"
    },
    "17200019": {
        "deprecated": false,
        "Dev_Desc": "비옥대지_해수_일격파괴 철발톱_흔적조사",
        "id": 17200019,
        "alias": "Contents.Quest.Mission.1020019",
        "text": "해수 흔적 조사 하기"
    },
    "17200020": {
        "deprecated": false,
        "Dev_Desc": "비옥대지_해수_일격파괴 철발톱_처치",
        "id": 17200020,
        "alias": "Contents.Quest.Mission.1020020",
        "text": "일격파괴 철발톱 처치"
    },
    "17200021": {
        "deprecated": false,
        "Dev_Desc": "비옥대지_해수_이단아 재앙원숭이_흔적조사",
        "id": 17200021,
        "alias": "Contents.Quest.Mission.1020021",
        "text": "해수 흔적 조사 하기"
    },
    "17200022": {
        "deprecated": false,
        "Dev_Desc": "비옥대지_해수_이단아 재앙원숭이_처치",
        "id": 17200022,
        "alias": "Contents.Quest.Mission.1020022",
        "text": "이단아 재앙 원숭이 처치"
    },
    "17200023": {
        "deprecated": false,
        "Dev_Desc": "비옥대지_해수_고대의 수목정령 고목_흔적조사",
        "id": 17200023,
        "alias": "Contents.Quest.Mission.1020023",
        "text": "해수 흔적 조사 하기"
    },
    "17200024": {
        "deprecated": false,
        "Dev_Desc": "비옥대지_해수_고대의 수목정령 고목_처치",
        "id": 17200024,
        "alias": "Contents.Quest.Mission.1020024",
        "text": "고대의 수목정령 고목 처치"
    },
    "17200025": {
        "deprecated": false,
        "Dev_Desc": "반달_각성의 회랑6_보스",
        "id": 17200025,
        "alias": "Contents.Quest.Mission.1020025",
        "text": "가장 안쪽의 장치 조사해 나가기"
    },
    "17200026": {
        "deprecated": false,
        "Dev_Desc": "반달_각성의 회랑7_보스",
        "id": 17200026,
        "alias": "Contents.Quest.Mission.1020026",
        "text": "가장 안쪽의 장치 조사해 나가기"
    },
    "17200027": {
        "deprecated": false,
        "Dev_Desc": "반달_각성의 회랑8_보스",
        "id": 17200027,
        "alias": "Contents.Quest.Mission.1020027",
        "text": "가장 안쪽의 장치 조사해 나가기"
    },
    "17200028": {
        "deprecated": false,
        "Dev_Desc": "비옥대지회랑 15번",
        "id": 17200028,
        "alias": "Contents.Quest.Mission.1020028",
        "text": "가장 안쪽의 장치 조사해 나가기"
    },
    "17200029": {
        "deprecated": false,
        "Dev_Desc": "비옥대지회랑 16번",
        "id": 17200029,
        "alias": "Contents.Quest.Mission.1020029",
        "text": "가장 안쪽의 장치 조사해 나가기"
    },
    "17200030": {
        "deprecated": false,
        "Dev_Desc": "비옥대지회랑 17번",
        "id": 17200030,
        "alias": "Contents.Quest.Mission.1020030",
        "text": "가장 안쪽의 장치 조사해 나가기"
    },
    "17200031": {
        "deprecated": false,
        "Dev_Desc": "비옥대지회랑 18번",
        "id": 17200031,
        "alias": "Contents.Quest.Mission.1020031",
        "text": "가장 안쪽의 장치 조사해 나가기"
    },
    "17200032": {
        "deprecated": false,
        "Dev_Desc": "비옥대지회랑 19번",
        "id": 17200032,
        "alias": "Contents.Quest.Mission.1020032",
        "text": "가장 안쪽의 장치 조사해 나가기"
    },
    "17200033": {
        "deprecated": false,
        "Dev_Desc": "태록림회랑 9번",
        "id": 17200033,
        "alias": "Contents.Quest.Mission.1020033",
        "text": "가장 안쪽의 장치 조사해 나가기"
    },
    "17200034": {
        "deprecated": false,
        "Dev_Desc": "태록림회랑 10번",
        "id": 17200034,
        "alias": "Contents.Quest.Mission.1020034",
        "text": "가장 안쪽의 장치 조사해 나가기"
    },
    "17200035": {
        "deprecated": false,
        "Dev_Desc": "태록림회랑 11번",
        "id": 17200035,
        "alias": "Contents.Quest.Mission.1020035",
        "text": "가장 안쪽의 장치 조사해 나가기"
    },
    "17200036": {
        "deprecated": false,
        "Dev_Desc": "태록림회랑 12번",
        "id": 17200036,
        "alias": "Contents.Quest.Mission.1020036",
        "text": "가장 안쪽의 장치 조사해 나가기"
    },
    "17200037": {
        "deprecated": false,
        "Dev_Desc": "태록림회랑 13번",
        "id": 17200037,
        "alias": "Contents.Quest.Mission.1020037",
        "text": "가장 안쪽의 장치 조사해 나가기"
    },
    "17200038": {
        "deprecated": false,
        "Dev_Desc": "태록림회랑 14번",
        "id": 17200038,
        "alias": "Contents.Quest.Mission.1020038",
        "text": "가장 안쪽의 장치 조사해 나가기"
    },
    "17200039": {
        "deprecated": false,
        "Dev_Desc": "태록림_해수_광포한 발 황웅_흔적조사",
        "id": 17200039,
        "alias": "Contents.Quest.Mission.1020039",
        "text": "해수 흔적 조사 하기"
    },
    "17200040": {
        "deprecated": false,
        "Dev_Desc": "태록림_해수_광포한 발 황웅_처치",
        "id": 17200040,
        "alias": "Contents.Quest.Mission.1020040",
        "text": "광포한 발 황웅 처치"
    },
    "17200041": {
        "deprecated": false,
        "Dev_Desc": "태록림_해수_화려한 깃털 한조_흔적조사",
        "id": 17200041,
        "alias": "Contents.Quest.Mission.1020041",
        "text": "해수 흔적 조사 하기"
    },
    "17200042": {
        "deprecated": false,
        "Dev_Desc": "태록림_해수_화려한 깃털 한조_처치",
        "id": 17200042,
        "alias": "Contents.Quest.Mission.1020042",
        "text": "화려한 깃털 한조 처치"
    },
    "17200043": {
        "deprecated": false,
        "Dev_Desc": "태록림_해수_외로운 어둠 혈마_흔적조사",
        "id": 17200043,
        "alias": "Contents.Quest.Mission.1020043",
        "text": "해수 흔적 조사 하기"
    },
    "17200044": {
        "deprecated": false,
        "Dev_Desc": "태록림_해수_외로운 어둠 혈마_처치",
        "id": 17200044,
        "alias": "Contents.Quest.Mission.1020044",
        "text": "외로운 어둠 혈마 처치"
    },
    "17200045": {
        "deprecated": false,
        "Dev_Desc": "태록림_해수_복수의 칼날 동서_흔적조사",
        "id": 17200045,
        "alias": "Contents.Quest.Mission.1020045",
        "text": "해수 흔적 조사 하기"
    },
    "17200046": {
        "deprecated": false,
        "Dev_Desc": "태록림_해수_복수의 칼날 동서_처치",
        "id": 17200046,
        "alias": "Contents.Quest.Mission.1020046",
        "text": "복수의 칼날 동서 처치"
    },
    "17200047": {
        "deprecated": false,
        "Dev_Desc": "태록림_해수_날카로운 가시 왕두_흔적조사",
        "id": 17200047,
        "alias": "Contents.Quest.Mission.1020047",
        "text": "해수 흔적 조사 하기"
    },
    "17200048": {
        "deprecated": false,
        "Dev_Desc": "태록림_해수_날카로운 가시 왕두_처치",
        "id": 17200048,
        "alias": "Contents.Quest.Mission.1020048",
        "text": "날카로운 가시 왕두 처치"
    },
    "17200049": {
        "deprecated": false,
        "Dev_Desc": "비옥대지_해수퀘스트",
        "id": 17200049,
        "alias": "Contents.Quest.Mission.1020049",
        "text": "추수갓과 대화하기"
    },
    "17200050": {
        "deprecated": false,
        "Dev_Desc": "비옥대지_해수퀘스트",
        "id": 17200050,
        "alias": "Contents.Quest.Mission.1020050",
        "text": "해수 원정대 지켜보기"
    }
}