{
    "40025000": {
        "deprecated": false,
        "Dev_Desc": "태록림스페셜_25000_0_pc 가이드",
        "id": 40025000,
        "alias": "Contents.Quest.Guide.25000",
        "text": "(<textColor=[78:148:215:255]>도화상전</>의 담당자를\n만나 이야기해보자.)"
    },
    "40025001": {
        "deprecated": false,
        "Dev_Desc": "태록림스페셜_25000_1_pc 가이드",
        "id": 40025001,
        "alias": "Contents.Quest.Guide.25001",
        "text": "(직접 가보는 게 \n제일이지.\n<textColor=[78:148:215:255]>금경철문</>으로 가자)"
    },
    "40025002": {
        "deprecated": false,
        "Dev_Desc": "태록림스페셜_25000_2_pc 가이드",
        "id": 40025002,
        "alias": "Contents.Quest.Guide.25002",
        "text": "(여기구나. 장인에게\n물어보도록 하자)"
    },
    "40025003": {
        "deprecated": false,
        "Dev_Desc": "태록림스페셜_25000_3_pc 가이드",
        "id": 40025003,
        "alias": "Contents.Quest.Guide.25003",
        "text": "(<textColor=[215:94:94:255]>발발이</>랑 <textColor=[215:94:94:255]>거미</>를 잡으면 되는 건가?)"
    },
    "40025004": {
        "deprecated": false,
        "Dev_Desc": "태록림스페셜_25000_4_pc 가이드",
        "id": 40025004,
        "alias": "Contents.Quest.Guide.25004",
        "text": "(이 정도면 충분히\n찾았다. 돌아가자)"
    },
    "40025005": {
        "deprecated": false,
        "Dev_Desc": "태록림스페셜_25000_5_pc 가이드",
        "id": 40025005,
        "alias": "Contents.Quest.Guide.25005",
        "text": "(이제 돌아가 \n상황을 알려주자)"
    },
    "40025006": {
        "deprecated": false,
        "Dev_Desc": "태록림스페셜_25000_6_pc 가이드",
        "id": 40025006,
        "alias": "Contents.Quest.Guide.25006",
        "text": "(<textColor=[78:148:215:255]>금경철문</>에서?\n한번 가보자!)"
    },
    "40025007": {
        "deprecated": false,
        "Dev_Desc": "태록림스페셜_25001_1_pc 가이드",
        "id": 40025007,
        "alias": "Contents.Quest.Guide.25007",
        "text": "(<textColor=[215:94:94:255]>거미</> 튀김을 \n즐겨 먹는다고?\n맛있을까?)"
    },
    "40025008": {
        "deprecated": false,
        "Dev_Desc": "태록림스페셜_25001_2_pc 가이드",
        "id": 40025008,
        "alias": "Contents.Quest.Guide.25008",
        "text": "(어쨌든 <textColor=[215:94:94:255]>거미</>를 잡아 \n가져다주면 되겠지?)"
    },
    "40025009": {
        "deprecated": false,
        "Dev_Desc": "태록림스페셜_25001_3_pc 가이드",
        "id": 40025009,
        "alias": "Contents.Quest.Guide.25009",
        "text": "(이게 불의 온도를 높이는 걸까?)"
    },
    "40025010": {
        "deprecated": false,
        "Dev_Desc": "태록림스페셜_25002_0_pc 가이드",
        "id": 40025010,
        "alias": "Contents.Quest.Guide.25010",
        "text": "(많이 답답한 모양이다.\n상황을 알아보자!)"
    },
    "40025011": {
        "deprecated": false,
        "Dev_Desc": "태록림스페셜_25002_1_pc 가이드",
        "id": 40025011,
        "alias": "Contents.Quest.Guide.25011",
        "text": "(일단 사슴을 처치하러 가자)"
    },
    "40025012": {
        "deprecated": false,
        "Dev_Desc": "태록림스페셜_25002_2_pc 가이드",
        "id": 40025012,
        "alias": "Contents.Quest.Guide.25012",
        "text": "(이 정도면 되겠지?\n돌아가자!)"
    },
    "40025013": {
        "deprecated": false,
        "Dev_Desc": "태록림스페셜_25002_3_pc 가이드",
        "id": 40025013,
        "alias": "Contents.Quest.Guide.25013",
        "text": "(해결책은 모르겠지만...\n일단 대화는 \n나눌 수 있겠지)"
    },
    "40025014": {
        "deprecated": false,
        "Dev_Desc": "태록림스페셜_25002_4_pc 가이드",
        "id": 40025014,
        "alias": "Contents.Quest.Guide.25014",
        "text": "(적응이 힘드셨을 텐데\n다행이다!)"
    },
    "40025015": {
        "deprecated": false,
        "Dev_Desc": "태록림스페셜_25003_1_pc 가이드",
        "id": 40025015,
        "alias": "Contents.Quest.Guide.25015",
        "text": "(응원하겠다고 말을 했으니...\n이 정도는 도와야겠지?)"
    },
    "40025016": {
        "deprecated": false,
        "Dev_Desc": "태록림스페셜_25003_1_pc 가이드",
        "id": 40025016,
        "alias": "Contents.Quest.Guide.25016",
        "text": "(우선... \n주변의 적들을 제거하자)"
    },
    "40025017": {
        "deprecated": false,
        "Dev_Desc": "태록림스페셜_25003_2_pc 가이드",
        "id": 40025017,
        "alias": "Contents.Quest.Guide.25017",
        "text": "(단단한 식물을 찾아보자)"
    },
    "40025018": {
        "deprecated": false,
        "Dev_Desc": "태록림스페셜_25003_3_pc 가이드",
        "id": 40025018,
        "alias": "Contents.Quest.Guide.25018",
        "text": "(충분히 얻었다.\n줄기를 전해 주자)"
    },
    "40025019": {
        "deprecated": false,
        "Dev_Desc": "태록림스페셜_25004_1_pc 가이드",
        "id": 40025019,
        "alias": "Contents.Quest.Guide.25019",
        "text": "(이런 문제라면 \n<textColor=[78:148:215:255]>곽호룡</>님께 여쭤봐야겠다)"
    },
    "40025020": {
        "deprecated": false,
        "Dev_Desc": "태록림스페셜_25004_2_pc 가이드",
        "id": 40025020,
        "alias": "Contents.Quest.Guide.25020",
        "text": "(견본을 만들려면\n재료가 필요하겠지?)"
    },
    "40025021": {
        "deprecated": false,
        "Dev_Desc": "태록림스페셜_25004_3_pc 가이드",
        "id": 40025021,
        "alias": "Contents.Quest.Guide.25021",
        "text": "(<textColor=[78:148:215:255]>신해월</>에게 전해주고\n견본을 만들자고 하자)"
    },
    "40025022": {
        "deprecated": false,
        "Dev_Desc": "태록림스페셜_25004_4_pc 가이드",
        "id": 40025022,
        "alias": "Contents.Quest.Guide.25022",
        "text": "(<textColor=[78:148:215:255]>곽호룡</>님께 가서\n견본을 전달하자.)"
    },
    "40025023": {
        "deprecated": false,
        "Dev_Desc": "태록림스페셜_25004_5_pc 가이드",
        "id": 40025023,
        "alias": "Contents.Quest.Guide.25023",
        "text": "(그럼 돌아가 볼까?)"
    },
    "40025024": {
        "deprecated": false,
        "Dev_Desc": "태록림스페셜_25004_6_pc 가이드",
        "id": 40025024,
        "alias": "Contents.Quest.Guide.25024",
        "text": "(잘 정리된 것 같아 \n다행이다!)"
    },
    "40025025": {
        "deprecated": false,
        "Dev_Desc": "태록림스페셜_25005_1_pc 가이드",
        "id": 40025025,
        "alias": "Contents.Quest.Guide.25025",
        "text": "(<textColor=[78:148:215:255]>수양</>과 <textColor=[78:148:215:255]>사호</>면 \n해월대륙에서 같이 \n해야 할 게 많은데...)"
    },
    "40025026": {
        "deprecated": false,
        "Dev_Desc": "태록림스페셜_25005_2_pc 가이드",
        "id": 40025026,
        "alias": "Contents.Quest.Guide.25026",
        "text": "(여긴 눈에 띌 수 있으니 \n저쪽으로 가서 이야길 들어보자!)"
    },
    "40025027": {
        "deprecated": false,
        "Dev_Desc": "태록림스페셜_25005_3_pc 가이드",
        "id": 40025027,
        "alias": "Contents.Quest.Guide.25027",
        "text": "(표현 방법에 문제가 \n있었군. 좋은 마음이긴 \n했지만...)"
    },
    "40025028": {
        "deprecated": false,
        "Dev_Desc": "태록림스페셜_25005_4_pc 가이드",
        "id": 40025028,
        "alias": "Contents.Quest.Guide.25028",
        "text": "(<textColor=[78:148:215:255]>곽호룡</>님이? \n무슨 일이지?)"
    },
    "40025029": {
        "deprecated": false,
        "Dev_Desc": "태록림스페셜_25006_1_곽호룡 (공통)",
        "id": 40025029,
        "alias": "Contents.Quest.Guide.25029",
        "text": "<textColor=[78:148:215:255]>매화단</>, <textColor=[78:148:215:255]>금경철문</> \n그리고 <textColor=[78:148:215:255]>수양</> 쪽에 \n말을 해주게"
    },
    "40025030": {
        "deprecated": false,
        "Dev_Desc": "태록림스페셜_25006_2_pc 가이드",
        "id": 40025030,
        "alias": "Contents.Quest.Guide.25030",
        "text": "(이쪽은 전달 끝났다)"
    },
    "40025031": {
        "deprecated": false,
        "Dev_Desc": "태록림스페셜_25006_2_pc 가이드",
        "id": 40025031,
        "alias": "Contents.Quest.Guide.25031",
        "text": "(다행히도 별문제 없었다)"
    },
    "40025032": {
        "deprecated": false,
        "Dev_Desc": "태록림스페셜_25006_2_pc 가이드",
        "id": 40025032,
        "alias": "Contents.Quest.Guide.25032",
        "text": "(여긴 부드럽게 끝났군)"
    },
    "40025033": {
        "deprecated": false,
        "Dev_Desc": "태록림스페셜_25006_2_pc 가이드",
        "id": 40025033,
        "alias": "Contents.Quest.Guide.25033",
        "text": "(일단 참석 요청은 끝났다)"
    },
    "40025034": {
        "deprecated": false,
        "Dev_Desc": "태록림스페셜_25006_2_곽호룡 (공통)",
        "id": 40025034,
        "alias": "Contents.Quest.Guide.25034",
        "text": "연회에 사용할\n<textColor=[255:204:102:255]>특수 요리 재료</>를 구해주게"
    },
    "40025035": {
        "deprecated": false,
        "Dev_Desc": "태록림스페셜_25006_3_pc 가이드",
        "id": 40025035,
        "alias": "Contents.Quest.Guide.25035",
        "text": "(이 정도면 된 것 같다)"
    },
    "40025036": {
        "deprecated": false,
        "Dev_Desc": "태록림스페셜_25006_4_pc 가이드",
        "id": 40025036,
        "alias": "Contents.Quest.Guide.25036",
        "text": "(내가 얻는 정보가\n도움이 되면 좋겠군)"
    },
    "40025037": {
        "deprecated": false,
        "Dev_Desc": "태록림스페셜_25200_0_pc 가이드",
        "id": 40025037,
        "alias": "Contents.Quest.Guide.25037",
        "text": "(물에 영향을 줄 만한 게 \n무엇이 있을까?)"
    },
    "40025038": {
        "deprecated": false,
        "Dev_Desc": "태록림스페셜_25200_2_pc 가이드",
        "id": 40025038,
        "alias": "Contents.Quest.Guide.25038",
        "text": "(특이한 꽃이 피어 있다.\n챙겨 가도록 하자)"
    },
    "40025039": {
        "deprecated": false,
        "Dev_Desc": "태록림스페셜_25200_2_pc 가이드",
        "id": 40025039,
        "alias": "Contents.Quest.Guide.25039",
        "text": "(물이 이상해\n동물이 죽었거나)"
    },
    "40025040": {
        "deprecated": false,
        "Dev_Desc": "태록림스페셜_25200_2_pc 가이드",
        "id": 40025040,
        "alias": "Contents.Quest.Guide.25040",
        "text": "(동물이 죽어서 \n물이 이상해지거나...)"
    },
    "40025041": {
        "deprecated": false,
        "Dev_Desc": "태록림스페셜_25200_2_pc 가이드",
        "id": 40025041,
        "alias": "Contents.Quest.Guide.25041",
        "text": "(이상한 게 떠 있다.\n이걸 좀 담아가자)"
    },
    "40025042": {
        "deprecated": false,
        "Dev_Desc": "태록림스페셜_25200_2_pc 가이드",
        "id": 40025042,
        "alias": "Contents.Quest.Guide.25042",
        "text": "(이 정도면 될 것 같다.\n돌아가도록 하자)"
    },
    "40025043": {
        "deprecated": false,
        "Dev_Desc": "태록림스페셜_25200_3_pc 가이드",
        "id": 40025043,
        "alias": "Contents.Quest.Guide.25043",
        "text": "(<textColor=[78:148:215:255]>영교원</>은 정보소통이\n잘 되는 것 같다)"
    },
    "40025044": {
        "deprecated": false,
        "Dev_Desc": "태록림스페셜_25201_1_pc 가이드",
        "id": 40025044,
        "alias": "Contents.Quest.Guide.25044",
        "text": "(진흙지대 쪽으로 \n한번 가볼까?)"
    },
    "40025045": {
        "deprecated": false,
        "Dev_Desc": "태록림스페셜_25201_2_pc 가이드",
        "id": 40025045,
        "alias": "Contents.Quest.Guide.25045",
        "text": "(여기서 사람을\n찾는 건 힘들겠다)"
    },
    "40025046": {
        "deprecated": false,
        "Dev_Desc": "태록림스페셜_25201_2_pc 가이드",
        "id": 40025046,
        "alias": "Contents.Quest.Guide.25046",
        "text": "(저기 있는 대원분께\n물어보도록 하자!)"
    },
    "40025047": {
        "deprecated": false,
        "Dev_Desc": "태록림스페셜_25201_3_pc 가이드",
        "id": 40025047,
        "alias": "Contents.Quest.Guide.25047",
        "text": "(확률은 좀 낮으려나?\n안으로 들어가 찾아보자)"
    },
    "40025048": {
        "deprecated": false,
        "Dev_Desc": "태록림스페셜_25201_4_다도연",
        "id": 40025048,
        "alias": "Contents.Quest.Guide.25048",
        "text": "여기에요! 도와주세요!"
    },
    "40025049": {
        "deprecated": false,
        "Dev_Desc": "태록림스페셜_25201_4_pc 가이드",
        "id": 40025049,
        "alias": "Contents.Quest.Guide.25049",
        "text": "(뭔가 소리가 들렸는데...\n저기로 가보자)"
    },
    "40025050": {
        "deprecated": false,
        "Dev_Desc": "태록림스페셜_25201_5_pc 가이드",
        "id": 40025050,
        "alias": "Contents.Quest.Guide.25050",
        "text": "(그러고 보니 주변에\n<textColor=[215:94:94:255]>악어</>가 많다)"
    },
    "40025051": {
        "deprecated": false,
        "Dev_Desc": "태록림스페셜_25201_6_pc 가이드",
        "id": 40025051,
        "alias": "Contents.Quest.Guide.25051",
        "text": "(안전한 곳으로 가셨구나)"
    },
    "40025052": {
        "deprecated": false,
        "Dev_Desc": "태록림스페셜_25202_0_pc 가이드",
        "id": 40025052,
        "alias": "Contents.Quest.Guide.25052",
        "text": "(안전한 곳이 아니었구나.\n가서 위험 요소를 없애자)"
    },
    "40025053": {
        "deprecated": false,
        "Dev_Desc": "태록림스페셜_25202_1_수양대원 이율경",
        "id": 40025053,
        "alias": "Contents.Quest.Guide.25053",
        "text": "순찰 지점으로\n같이 가보시죠."
    },
    "40025054": {
        "deprecated": false,
        "Dev_Desc": "태록림스페셜_25202_2_수양대원 이율경",
        "id": 40025054,
        "alias": "Contents.Quest.Guide.25054",
        "text": "경치는 괜찮죠?\n하지만 위험합니다."
    },
    "40025055": {
        "deprecated": false,
        "Dev_Desc": "태록림스페셜_25202_2_수양대원 이율경",
        "id": 40025055,
        "alias": "Contents.Quest.Guide.25055",
        "text": "저기 적이 있네요."
    },
    "40025056": {
        "deprecated": false,
        "Dev_Desc": "태록림스페셜_25202_3_수양대원 이율경",
        "id": 40025056,
        "alias": "Contents.Quest.Guide.25056",
        "text": "상당한 실력이시군요.\n놀랐습니다."
    },
    "40025057": {
        "deprecated": false,
        "Dev_Desc": "태록림스페셜_25202_3_수양대원 이율경",
        "id": 40025057,
        "alias": "Contents.Quest.Guide.25057",
        "text": "이동하실까요?"
    },
    "40025058": {
        "deprecated": false,
        "Dev_Desc": "태록림스페셜_25203_0_pc 가이드",
        "id": 40025058,
        "alias": "Contents.Quest.Guide.25058",
        "text": "(무리한 일이 아니라면\n적당히 도와주자)"
    },
    "40025059": {
        "deprecated": false,
        "Dev_Desc": "태록림스페셜_25203_1_pc 가이드",
        "id": 40025059,
        "alias": "Contents.Quest.Guide.25059",
        "text": "(이 정도면 된 걸까?)"
    },
    "40025060": {
        "deprecated": false,
        "Dev_Desc": "태록림스페셜_25203_1_낙원족 와키키",
        "id": 40025060,
        "alias": "Contents.Quest.Guide.25060",
        "text": "잘했다끼끼!\n이젠 영역표시다우끼끼!"
    },
    "40025061": {
        "deprecated": false,
        "Dev_Desc": "태록림스페셜_25203_2_낙원족 와키키",
        "id": 40025061,
        "alias": "Contents.Quest.Guide.25061",
        "text": "어디서 영역 표시질이냐끼끼!"
    },
    "40025062": {
        "deprecated": false,
        "Dev_Desc": "태록림스페셜_25203_2_낙원족 와키키",
        "id": 40025062,
        "alias": "Contents.Quest.Guide.25062",
        "text": "<textColor=[110:216:175:255]>폭포</>까지!!! \n참을 수 없다끼끼!"
    },
    "40025063": {
        "deprecated": false,
        "Dev_Desc": "태록림스페셜_25203_2_낙원족 와키키",
        "id": 40025063,
        "alias": "Contents.Quest.Guide.25063",
        "text": "여기에? \n이제 전쟁이다끼끼!"
    },
    "40025064": {
        "deprecated": false,
        "Dev_Desc": "태록림스페셜_25203_2_pc 가이드",
        "id": 40025064,
        "alias": "Contents.Quest.Guide.25064",
        "text": "(영역 표시 제거가 끝났다)"
    },
    "40025065": {
        "deprecated": false,
        "Dev_Desc": "태록림스페셜_25203_3_pc 가이드",
        "id": 40025065,
        "alias": "Contents.Quest.Guide.25065",
        "text": "(사람들이 나빠 보이지만...\n한쪽 말만 듣고 \n판단할 순 없다.)"
    },
    "40025066": {
        "deprecated": false,
        "Dev_Desc": "태록림스페셜_25204_0_pc 가이드",
        "id": 40025066,
        "alias": "Contents.Quest.Guide.25066",
        "text": "(신중한 사람인 것 같다\n따라가도록 하자)"
    },
    "40025067": {
        "deprecated": false,
        "Dev_Desc": "태록림스페셜_25204_1_pc 가이드",
        "id": 40025067,
        "alias": "Contents.Quest.Guide.25067",
        "text": "(길을 막고 있으니\n동물들을 처리해야겠다)"
    },
    "40025068": {
        "deprecated": false,
        "Dev_Desc": "태록림스페셜_25204_3_pc 가이드",
        "id": 40025068,
        "alias": "Contents.Quest.Guide.25068",
        "text": "(무엇을 잘하겠다는 것일까?)"
    },
    "40025069": {
        "deprecated": false,
        "Dev_Desc": "태록림스페셜_25204_3_pc 가이드",
        "id": 40025069,
        "alias": "Contents.Quest.Guide.25069",
        "text": "(이런 자세로 나오니까\n무슨 말을 해야 할지 \n모르겠다)"
    },
    "40025070": {
        "deprecated": false,
        "Dev_Desc": "태록림 스페셜 캐릭터 이름",
        "id": 40025070,
        "alias": "Contents.Quest.Guide.25070",
        "text": "도화상전 상전주 곽호룡"
    },
    "40025071": {
        "deprecated": false,
        "Dev_Desc": "태록림 스페셜 캐릭터 이름",
        "id": 40025071,
        "alias": "Contents.Quest.Guide.25071",
        "text": "다도연"
    },
    "40025072": {
        "deprecated": false,
        "Dev_Desc": "태록림 스페셜 캐릭터 이름",
        "id": 40025072,
        "alias": "Contents.Quest.Guide.25072",
        "text": "수양 이율경"
    },
    "40025073": {
        "deprecated": false,
        "Dev_Desc": "태록림 스페셜 캐릭터 이름",
        "id": 40025073,
        "alias": "Contents.Quest.Guide.25073",
        "text": "낙원족 와키키"
    },
    "40025074": {
        "deprecated": false,
        "Dev_Desc": "태록림스페셜_25204_2_pc 가이드",
        "id": 40025074,
        "alias": "Contents.Quest.Guide.25074",
        "text": "(이제 대화를 할 수 있겠다)"
    },
    "40025075": {
        "deprecated": false,
        "Dev_Desc": "태록림스페셜_25007_1_pc 가이드",
        "id": 40025075,
        "alias": "Contents.Quest.Guide.25075",
        "text": "(표정이 굉장히 밝아 보인다)"
    },
    "40025076": {
        "deprecated": false,
        "Dev_Desc": "태록림스페셜_25007_2_pc 가이드_이동",
        "id": 40025076,
        "alias": "Contents.Quest.Guide.25076",
        "text": "(일단 주변을 정리해 볼까?)"
    },
    "40025077": {
        "deprecated": false,
        "Dev_Desc": "태록림스페셜_25007_2_pc 가이드_완료",
        "id": 40025077,
        "alias": "Contents.Quest.Guide.25077",
        "text": "(저기 <textColor=[78:148:215:255]>매화단원</>이 \n있는 곳으로 가보자)"
    },
    "40025078": {
        "deprecated": false,
        "Dev_Desc": "태록림스페셜_25007_3_pc 가이드",
        "id": 40025078,
        "alias": "Contents.Quest.Guide.25078",
        "text": "(<textColor=[215:94:94:255]>창도단</>을 처치하도록 하자)"
    },
    "40025079": {
        "deprecated": false,
        "Dev_Desc": "태록림스페셜_25007_4_pc 가이드_1",
        "id": 40025079,
        "alias": "Contents.Quest.Guide.25079",
        "text": "(이 정도면 충분할 것 같다)"
    },
    "40025080": {
        "deprecated": false,
        "Dev_Desc": "태록림스페셜_25007_4_pc 가이드_2",
        "id": 40025080,
        "alias": "Contents.Quest.Guide.25080",
        "text": "(돌아가서 \n이후 탐사를 진행하자)"
    },
    "40025081": {
        "deprecated": false,
        "Dev_Desc": "태록림스페셜_25008_1_pc 가이드",
        "id": 40025081,
        "alias": "Contents.Quest.Guide.25081",
        "text": "(<textColor=[110:216:175:255]>난파선</>으로 가자)"
    },
    "40025082": {
        "deprecated": false,
        "Dev_Desc": "태록림스페셜_25008_2_pc 가이드",
        "id": 40025082,
        "alias": "Contents.Quest.Guide.25082",
        "text": "(<textColor=[78:148:215:255]>매화단원</>들이 \n탐사를 끝낸 것 같군)"
    },
    "40025083": {
        "deprecated": false,
        "Dev_Desc": "태록림스페셜_25008_3_pc 가이드",
        "id": 40025083,
        "alias": "Contents.Quest.Guide.25083",
        "text": "(<textColor=[78:148:215:255]>수양</>에 이야기를 전달하자)"
    },
    "40025084": {
        "deprecated": false,
        "Dev_Desc": "태록림스페셜_25008_4_pc 가이드",
        "id": 40025084,
        "alias": "Contents.Quest.Guide.25084",
        "text": "(<textColor=[78:148:215:255]>매화단</>과 <textColor=[78:148:215:255]>수양</>의 관계가\n더 좋아지면 좋겠다)"
    },
    "40025085": {
        "deprecated": false,
        "Dev_Desc": "태록림스페셜_25003_3_pc 가이드",
        "id": 40025085,
        "alias": "Contents.Quest.Guide.25085",
        "text": "(다른 쪽으로 가볼까?)"
    },
    "40025086": {
        "deprecated": false,
        "Dev_Desc": "태록림스페셜_25003_4_pc 가이드",
        "id": 40025086,
        "alias": "Contents.Quest.Guide.25086",
        "text": "(좀 단단한 걸 찾아보자)"
    },
    "40025087": {
        "deprecated": false,
        "Dev_Desc": "태록림스페셜_25004_3_pc 가이드",
        "id": 40025087,
        "alias": "Contents.Quest.Guide.25087",
        "text": "(줄기를 채집하도록 하자)"
    },
    "40025088": {
        "deprecated": false,
        "Dev_Desc": "태록림스페셜_25004_4_pc 가이드",
        "id": 40025088,
        "alias": "Contents.Quest.Guide.25088",
        "text": "(단단한 것도 필요하겠지?)"
    },
    "40025089": {
        "deprecated": false,
        "Dev_Desc": "태록림스페셜_25004_3_pc 가이드",
        "id": 40025089,
        "alias": "Contents.Quest.Guide.25089",
        "text": "(일단 주변을 좀 정리해 볼까?)"
    },
    "40025090": {
        "deprecated": false,
        "Dev_Desc": "태록림스페셜_25004_2_pc 가이드",
        "id": 40025090,
        "alias": "Contents.Quest.Guide.25090",
        "text": "(폭포 쪽으로 가보자!)"
    },
    "40025091": {
        "deprecated": false,
        "Dev_Desc": "태록림스페셜_25000_4_1pc 가이드",
        "id": 40025091,
        "alias": "Contents.Quest.Guide.25091",
        "text": "(이게 연료가 되는 걸까?)"
    },
    "40025092": {
        "deprecated": false,
        "Dev_Desc": "태록림스페셜_25003_3_pc 가이드",
        "id": 40025092,
        "alias": "Contents.Quest.Guide.25092",
        "text": "(과연 찾을 수 있을까?)"
    }
}