{
    "130010000": {
        "deprecated": false,
        "Dev_Desc": "반달서브_10000_4_제목",
        "id": 130010000,
        "alias": "Contents.Quest.Point.10000",
        "text": "불마자의 표본 채집"
    },
    "130010001": {
        "deprecated": false,
        "Dev_Desc": "반달서브_10000_4_힌트1",
        "id": 130010001,
        "alias": "Contents.Quest.Point.10001",
        "text": "불마자를 처치하여 채집"
    },
    "130010002": {
        "deprecated": false,
        "Dev_Desc": "반달서브_10000_4_힌트2",
        "id": 130010002,
        "alias": "Contents.Quest.Point.10002",
        "text": "불마자의 사체에서 채집"
    },
    "130010003": {
        "deprecated": false,
        "Dev_Desc": "반달서브_10004_2_힌트1 제목",
        "id": 130010003,
        "alias": "Contents.Quest.Point.10003",
        "text": "첫번째 흔적 발견"
    },
    "130010004": {
        "deprecated": false,
        "Dev_Desc": "반달서브_10004_2_힌트1-1",
        "id": 130010004,
        "alias": "Contents.Quest.Point.10004",
        "text": "흔적 추적"
    },
    "130010005": {
        "deprecated": false,
        "Dev_Desc": "반달서브_10004_2_힌트1-2",
        "id": 130010005,
        "alias": "Contents.Quest.Point.10005",
        "text": "불마자 처치"
    },
    "130010006": {
        "deprecated": false,
        "Dev_Desc": "반달서브_10004_2_힌트2-1",
        "id": 130010006,
        "alias": "Contents.Quest.Point.10006",
        "text": "흔적 추적"
    },
    "130010007": {
        "deprecated": false,
        "Dev_Desc": "반달서브_10004_2_힌트2-2",
        "id": 130010007,
        "alias": "Contents.Quest.Point.10007",
        "text": "불마자의 사체 조사"
    },
    "130010008": {
        "deprecated": false,
        "Dev_Desc": "반달서브_10004_2_힌트3 제목",
        "id": 130010008,
        "alias": "Contents.Quest.Point.10008",
        "text": "세번째 흔적 발견"
    },
    "130010009": {
        "deprecated": false,
        "Dev_Desc": "반달서브_10009_2_제목",
        "id": 130010009,
        "alias": "Contents.Quest.Point.10009",
        "text": "신목 전설 확인"
    },
    "130010010": {
        "deprecated": false,
        "Dev_Desc": "반달서브_10009_2_힌트1",
        "id": 130010010,
        "alias": "Contents.Quest.Point.10010",
        "text": "폭포 주변 수색"
    },
    "130010011": {
        "deprecated": false,
        "Dev_Desc": "반달서브_10009_2_힌트2",
        "id": 130010011,
        "alias": "Contents.Quest.Point.10011",
        "text": "언덕 주변 수색"
    },
    "130010012": {
        "deprecated": false,
        "Dev_Desc": "반달서브_10009_2_힌트3",
        "id": 130010012,
        "alias": "Contents.Quest.Point.10012",
        "text": "숲 안쪽 수색"
    },
    "130010013": {
        "deprecated": false,
        "Dev_Desc": "반달서브_10009_2_힌트4",
        "id": 130010013,
        "alias": "Contents.Quest.Point.10013",
        "text": "숲길 주변 수색"
    },
    "130010014": {
        "deprecated": false,
        "Dev_Desc": "반달서브_10015_3_제목",
        "id": 130010014,
        "alias": "Contents.Quest.Point.10014",
        "text": "야생 보전회 돕기"
    },
    "130010015": {
        "deprecated": false,
        "Dev_Desc": "반달서브_10015_3_힌트1",
        "id": 130010015,
        "alias": "Contents.Quest.Point.10015",
        "text": "투엽단 처치 증거 수집"
    },
    "130010016": {
        "deprecated": false,
        "Dev_Desc": "반달서브_10015_3_힌트2",
        "id": 130010016,
        "alias": "Contents.Quest.Point.10016",
        "text": "다친 동물 치료"
    },
    "130010017": {
        "deprecated": false,
        "Dev_Desc": "반달서브_10017_2_제목",
        "id": 130010017,
        "alias": "Contents.Quest.Point.10017",
        "text": "흥이냥의 물건 회수"
    },
    "130010018": {
        "deprecated": false,
        "Dev_Desc": "반달서브_10017_2_힌트1",
        "id": 130010018,
        "alias": "Contents.Quest.Point.10018",
        "text": "바구니 회수"
    },
    "130010019": {
        "deprecated": false,
        "Dev_Desc": "반달서브_10017_2_힌트2",
        "id": 130010019,
        "alias": "Contents.Quest.Point.10019",
        "text": "바롱풀 채집"
    },
    "130010020": {
        "deprecated": false,
        "Dev_Desc": "반달서브_10022_4_제목",
        "id": 130010020,
        "alias": "Contents.Quest.Point.10020",
        "text": "낚시꾼들 돕기"
    },
    "130010021": {
        "deprecated": false,
        "Dev_Desc": "반달서브_10022_4_힌트1",
        "id": 130010021,
        "alias": "Contents.Quest.Point.10021",
        "text": "호수거북 처치"
    },
    "130010022": {
        "deprecated": false,
        "Dev_Desc": "반달서브_10022_4_힌트2",
        "id": 130010022,
        "alias": "Contents.Quest.Point.10022",
        "text": "낚싯대 재설치"
    },
    "130010023": {
        "deprecated": false,
        "Dev_Desc": "반달서브_10004_2_힌트2_제목",
        "id": 130010023,
        "alias": "Contents.Quest.Point.10023",
        "text": "두번째 흔적 발견"
    },
    "130010024": {
        "deprecated": false,
        "Dev_Desc": "반달서브_10029_1_제목",
        "id": 130010024,
        "alias": "Contents.Quest.Point.10024",
        "text": "도깨비 혼내주기"
    },
    "130010025": {
        "deprecated": false,
        "Dev_Desc": "반달서브_10029_1_힌트1",
        "id": 130010025,
        "alias": "Contents.Quest.Point.10025",
        "text": "솥단지에 팥 뿌리기"
    },
    "130010026": {
        "deprecated": false,
        "Dev_Desc": "반달서브_10029_1_힌트2",
        "id": 130010026,
        "alias": "Contents.Quest.Point.10026",
        "text": "도깨비 괴롭히기"
    },
    "130010027": {
        "deprecated": false,
        "Dev_Desc": "반달서브_10031_1_제목",
        "id": 130010027,
        "alias": "Contents.Quest.Point.10027",
        "text": "무기 제작 재료 수집"
    },
    "130010028": {
        "deprecated": false,
        "Dev_Desc": "반달서브_10031_1_힌트1",
        "id": 130010028,
        "alias": "Contents.Quest.Point.10028",
        "text": "악어의 가죽 수집"
    },
    "130010029": {
        "deprecated": false,
        "Dev_Desc": "반달서브_10031_1_힌트2",
        "id": 130010029,
        "alias": "Contents.Quest.Point.10029",
        "text": "서인족의 이빨 수집"
    },
    "130010030": {
        "deprecated": false,
        "Dev_Desc": "반달서브_10017_2_힌트2",
        "id": 130010030,
        "alias": "Contents.Quest.Point.10030",
        "text": "길가의 바롱풀 채집"
    },
    "130010031": {
        "deprecated": false,
        "Dev_Desc": "반달서브_10031_1_힌트2",
        "id": 130010031,
        "alias": "Contents.Quest.Point.10031",
        "text": "숲속의 바롱풀 채집"
    },
    "130010032": {
        "deprecated": false,
        "Dev_Desc": "반달서브_10017_2_힌트2",
        "id": 130010032,
        "alias": "Contents.Quest.Point.10032",
        "text": "강가의 바롱풀 채집"
    },
    "130010033": {
        "deprecated": false,
        "Dev_Desc": "반달서브_10015_3_힌트2",
        "id": 130010033,
        "alias": "Contents.Quest.Point.10033",
        "text": "쓰러진 사슴 치료"
    },
    "130010034": {
        "deprecated": false,
        "Dev_Desc": "반달서브_10015_3_힌트2",
        "id": 130010034,
        "alias": "Contents.Quest.Point.10034",
        "text": "쓰러진 산양 치료"
    },
    "130010035": {
        "deprecated": false,
        "Dev_Desc": "반달서브_10015_3_힌트1",
        "id": 130010035,
        "alias": "Contents.Quest.Point.10035",
        "text": "투엽단 처치"
    }
}