{
    "110010000": {
        "deprecated": false,
        "Dev_Desc": "반달서브_10000_Desc(진행 중)",
        "id": 110010000,
        "alias": "Contents.Quest.Desc.10000",
        "text": "[권장 레벨] 12\n아이들에게 나무 창과 방패를 선물해 주고 싶다. \n금경철문의 장인이라면 아이들이 가지고 놀 만한 장난감을 틀림없이 만들어 줄 것이다. \n\n재료를 구해 금경철문으로 가보자."
    },
    "110010001": {
        "deprecated": false,
        "Dev_Desc": "반달서브_10001_Desc(진행 중)",
        "id": 110010001,
        "alias": "Contents.Quest.Desc.10001",
        "text": "[권장 레벨] 12\n금경철문의 장인 두 명이 티격태격하고 있다. \n자신들이 만든 장비들에 대해 이야기하는 것 같은데... \n\n자세히 들어보자."
    },
    "110010002": {
        "deprecated": false,
        "Dev_Desc": "반달서브_10002_Desc(진행 중)",
        "id": 110010002,
        "alias": "Contents.Quest.Desc.10002",
        "text": "[권장 레벨] 29\n공허의 구덩이에서 균열을 연구하고 있다는 연구가 김규녈은 내게 불마자의 표본을 구해달라는 부탁을 해왔다. \n\n이번에는 구덩이의 중심부로 나아가야 할 것 같은데 너무 위험하지는 않을까? 그래도 한번 해볼까?"
    },
    "110010003": {
        "deprecated": false,
        "Dev_Desc": "반달서브_10003_Desc(진행 중)",
        "id": 110010003,
        "alias": "Contents.Quest.Desc.10003",
        "text": "[권장 레벨] 29\n불마자의 표본 중에서도 유독 눈에 띄는 특별한 표본이 있어 김규녈에게 가져다 주자, 그녀는 크게 흥분하며 이것에 대한 생체 표본을 부탁해왔다.\n\n이 표본의 주인은 일반적인 불마자보다 훨씬 강력한 존재일 것 같다. \n그 존재를 잡으면 생체 표본을 구할 수 있을 텐데... \n\n공허의 구덩이 인근을 살펴보면서 눈에 띄는 존재가 있는지 찾아보자."
    },
    "110010004": {
        "deprecated": false,
        "Dev_Desc": "반달서브_10004_Desc(진행 중)",
        "id": 110010004,
        "alias": "Contents.Quest.Desc.10004",
        "text": "[권장 레벨] 29\n공허의 구덩이에서 균열 연구가 김규녈의 조수로 일하고 있는 조사훈은 야화의 존재에 대해 알고 있냐며 입을 열었다.\n\n만약 공허의 구덩이에도 야화가 세워졌다면 연구에 도움이 될 만한 정보가 기록되어 있을지도 모를 일.\n조사훈은 분명 야화가 존재할 것이라고 추측은 하고 있었지만, 온통 불마자들이 들끓고 있는 이 주변을 탐색할 용기가 나지 않아 고민만 하고 있었던 모양이다. \n\n조사훈을 대신해서 야화를 찾아 그 내용을 전해주자."
    },
    "110010005": {
        "deprecated": false,
        "Dev_Desc": "반달서브_10005_Desc(진행 중)",
        "id": 110010005,
        "alias": "Contents.Quest.Desc.10005",
        "text": "[권장 레벨] 30\n어딘지 스산한 느낌을 주는 협곡을 발견했다.\n\n초입부터 안쪽까지 길게 이어져 있었지만, 어지간한 담력을 가진 이가 아닌 이상에야 함부로 발을 들일 수는 없을 것 같아 보인다.\n\n이런 곳에 사람이 다닐 리가 없... 어라? 저게 뭐지?"
    },
    "110010006": {
        "deprecated": false,
        "Dev_Desc": "반달서브_10006_Desc(진행 중)",
        "id": 110010006,
        "alias": "Contents.Quest.Desc.10006",
        "text": "[권장 레벨] 26\n버려진 난파선은 그 원형을 가늠하기 어려울 정도로 곳곳이 파손되어 있었는데, 잔해들 틈에서 낡은 상자를 하나 발견했다. \n\n혹시 뭔가 값진 물건이 있지는 않을까? \n주변의 청소라게를 정리하고 상자를 확인해보자."
    },
    "110010007": {
        "deprecated": false,
        "Dev_Desc": "반달서브_10007_Desc(진행 중)",
        "id": 110010007,
        "alias": "Contents.Quest.Desc.10007",
        "text": "[권장 레벨] 13\n청인족 두 명이 누군가에 대해 쑥덕거리고 있다. \n둘 다 잔뜩 성이 난 것이 그다지 즐거운 이야기는 아닌 것 같지만, 호기심이 동한다. \n\n들어보자."
    },
    "110010008": {
        "deprecated": false,
        "Dev_Desc": "반달서브_10008_Desc(진행 중)",
        "id": 110010008,
        "alias": "Contents.Quest.Desc.10008",
        "text": "[권장 레벨] 17\n근심이 가득해 보이는 이 나무꾼은 고도시 숲길에서 광물을 주워 온 이후로 줄곧 가위와 악몽에 시달렸다고 했다. \n\n나무꾼은 내다 버린 광물이 발이라도 달려 쫓아오지 않을까 무척 불안해하고 있으니, 대신 가서 광물이 그 자리에 잘 있는지 확인해보자."
    },
    "110010009": {
        "deprecated": false,
        "Dev_Desc": "반달서브_10009_Desc(진행 중)",
        "id": 110010009,
        "alias": "Contents.Quest.Desc.10009",
        "text": "[권장 레벨] 13\n정신이 온전치 않아 보이는 한 노인이 계속해서 신목님이라 외치며 애타게 무엇인가를 찾고 있다. \n\n노인이 부르짖는 이름의 주인은 누구일까? \n노인의 말대로 실재하는 것일까? \n\n주변을 살펴보자."
    },
    "110010010": {
        "deprecated": false,
        "Dev_Desc": "반달서브_10010_Desc(진행 중)",
        "id": 110010010,
        "alias": "Contents.Quest.Desc.10010",
        "text": "[권장 레벨] 17\n걱정이 가득해 보이는 남자가 구시렁거리고 있다. \n그의 이야기를 들어보자."
    },
    "110010011": {
        "deprecated": false,
        "Dev_Desc": "반달서브_10011_Desc(진행 중)",
        "id": 110010011,
        "alias": "Contents.Quest.Desc.10011",
        "text": "[권장 레벨] 13\n고도시 숲길 어귀에서 만난 꼬마 아이는 말하는 수목 정령을 만났다고 자랑하며 그 위치를 자세하게 알려주었다. \n\n아이의 말이 사실인지 확인해보자."
    },
    "110010012": {
        "deprecated": false,
        "Dev_Desc": "반달서브_10012_Desc(진행 중)",
        "id": 110010012,
        "alias": "Contents.Quest.Desc.10012",
        "text": "[권장 레벨] 7\n무엇인가를 발견한 것 같다.\n다가가 자세히 살펴보자."
    },
    "110010013": {
        "deprecated": false,
        "Dev_Desc": "반달서브_10013_Desc(진행 중)",
        "id": 110010013,
        "alias": "Contents.Quest.Desc.10013",
        "text": "[권장 레벨] 10\n무엇인가를 발견한 것 같다.\n다가가 자세히 살펴보자."
    },
    "110010014": {
        "deprecated": false,
        "Dev_Desc": "반달서브_10014_Desc(진행 중)",
        "id": 110010014,
        "alias": "Contents.Quest.Desc.10014",
        "text": "[권장 레벨] 7\n각종 의뢰를 중개하고 관리하는 단체 비사문에 대해 쓸데없이 많은 정보를 떠벌리는 사내를 만났다. \n\n얼핏 듣기에는 비사문을 찬양하고 있지만, 아무래도 비사문 담당자에게 흑심이 있는 것이 틀림없다. \n\n뭐, 그래도 사내가 말한 협행이라는 건 확실히 도움이 될 것 같으니 협행 표목을 한번 살펴보자. "
    },
    "110010015": {
        "deprecated": false,
        "Dev_Desc": "반달서브_10015_Desc(진행 중)",
        "id": 110010015,
        "alias": "Contents.Quest.Desc.10015",
        "text": "[권장 레벨] 13\n야생 보전회의 회장 잿빛바람은 투엽단의 무분별한 밀렵 활동 때문에 반달호수의 생태가 크게 위협받고 있다고 했다. \n\n그들을 저지하려던 보전회 사람 몇몇도 목숨을 잃기까지 했다고 하니, 참으로 간악하기 그지없는 집단이다. \n\n궁지에 몰린 야생 보전회를 도와 투엽단을 소탕하고, 다친 동물들의 응급처치를 돕자!"
    },
    "110010016": {
        "deprecated": false,
        "Dev_Desc": "반달서브_10016_Desc(진행 중)",
        "id": 110010016,
        "alias": "Contents.Quest.Desc.10016",
        "text": "[권장 레벨] 7\n개척바롱단의 단장 네이냥이 자신의 자랑스러운 대원들을 소개해 주겠다고 한다. \n\n실은 직접 단원들을 찾아 나서기 귀찮은 네이냥이 내게 일을 미룬 것 같지만 유적지도 둘러볼 겸 단원들을 찾아보는 것도 나쁘지 않을 것 같다."
    },
    "110010017": {
        "deprecated": false,
        "Dev_Desc": "반달서브_10017_Desc(진행 중)",
        "id": 110010017,
        "alias": "Contents.Quest.Desc.10017",
        "text": "[권장 레벨] 20\n아무래도 흥이냥은 바롱 풀을 채집하는 대신 잔뜩 먹고서는 취한 것 같다. \n\n바롱들에게 바롱 풀의 향기는 그 자리에서 먹어치우지 않고서는 도저히 버틸 재간이 없었을 것이다. \n그런 이유로 풀 채집은 하나도 못한 것 같은데... \n\n저기 떨어져 있는 바구니를 주워서 흥이냥 대신 풀을 채집해 주자. 그러고 나서 깨워도 늦지 않겠지."
    },
    "110010018": {
        "deprecated": false,
        "Dev_Desc": "반달서브_10018_Desc(진행 중)",
        "id": 110010018,
        "alias": "Contents.Quest.Desc.10018",
        "text": "[권장 레벨] 22\n가엾게도 뿡이냥은 야생 곰과 호랑이를 사냥하기엔 너무나 연약한 존재다.\n\n뿡이냥이 임무를 무사히 완수할 수 있도록 야생 곰과 호랑이를 사냥해서 짐승의 털을 모아주자."
    },
    "110010019": {
        "deprecated": false,
        "Dev_Desc": "반달서브_10019_Desc(진행 중)",
        "id": 110010019,
        "alias": "Contents.Quest.Desc.10019",
        "text": "[권장 레벨] 31\n바롱단의 흥이냥과 뿡이냥이 혼비백산하여 뛰쳐나왔다.\n가쁜 숨을 고르던 두 바롱은 이내 투닥거리며 말다툼을 하는 것 같다. \n\n무슨 사연인지 들어보자."
    },
    "110010020": {
        "deprecated": false,
        "Dev_Desc": "반달서브_10020_Desc(진행 중)",
        "id": 110010020,
        "alias": "Contents.Quest.Desc.10020",
        "text": "[권장 레벨] 22\n해수 사냥꾼 지미갓은 해수 사냥에 들이는 돈이 얼만데 아무나 단원으로 받아줄 수 없다고 했다. \n\n대신, 야생 곰과 호랑이를 사냥해오면 단원으로 받아 주는 것을 생각해 보겠다고 한다. \n\n여기 널린 게 야생 곰과 호랑이이니 어디 실력 발휘 좀 해볼까?"
    },
    "110010021": {
        "deprecated": false,
        "Dev_Desc": "반달서브_10021_Desc(진행 중)",
        "id": 110010021,
        "alias": "Contents.Quest.Desc.10021",
        "text": "[권장 레벨] 22\n야생 곰과 호랑이를 손쉽게 해치우는 모습에 다소 놀란 지미갓은 이내 흡족해하며 해수 사냥에 끼워주겠다고 했다. \n\n하지만 부하들이 반대를 하고 나서는 바람에 지미갓은 내게 잠깐 기다리라고 하더니, 이내 특별 임무를 주겠다며 거드름을 피웠다. \n\n직접 해수를 추적하는 임무라는데... 할 수 있을까?"
    },
    "110010022": {
        "deprecated": false,
        "Dev_Desc": "반달서브_10022_Desc(진행 중)",
        "id": 110010022,
        "alias": "Contents.Quest.Desc.10022",
        "text": "[권장 레벨] 10\n개척바롱단과의 작별 인사를 나누고나니 어쩐지 시원섭섭하다. \n\n네이냥은 마지막 임무라며 자신이 숨겨놓은 이별 선물을 찾아보라는 말을 끝으로 작별을 고했다. \n\n영교원 어딘가에 숨겨놓았다고 하니 찾아보자."
    },
    "110010023": {
        "deprecated": false,
        "Dev_Desc": "반달서브_10023_Desc(사용X)",
        "id": 110010023,
        "alias": "Contents.Quest.Desc.10023",
        "text": "네이냥은 작별 인사와 함께 선물을 준비했다고 했다. \n하지만 그냥 주면 재미가 없다나? \n\n영교원에서 가장 녹음이 우거진 곳으로 가보라고 했으니 일단 영교원에 가보면 알게 되겠지!"
    },
    "110010024": {
        "deprecated": false,
        "Dev_Desc": "반달서브_10024_Desc(진행 중)",
        "id": 110010024,
        "alias": "Contents.Quest.Desc.10024",
        "text": "[권장 레벨] 33\n명혜단원 민경한은 단장님의 야화를 부순 범인을 찾고 있다. 하지만 학자 출신이기 때문에, 범인 찾기에 어려움을 겪고 있다. \n\n그를 도와서 범인을 찾아보도록 하자."
    },
    "110010025": {
        "deprecated": false,
        "Dev_Desc": "반달서브_10025_Desc(사용X)",
        "id": 110010025,
        "alias": "Contents.Quest.Desc.10025",
        "text": "창도단의 횡포를 이기지 못한 누군가가 절실한 심정으로 써 붙여 놓은 벽보를 보았다. \n\n이들이 집으로 돌아올 수 있도록 창도단의 횡포를 잠재우자."
    },
    "110010026": {
        "deprecated": false,
        "Dev_Desc": "반달서브_10026_Desc(진행 중)",
        "id": 110010026,
        "alias": "Contents.Quest.Desc.10026",
        "text": "[권장 레벨] 13\n야생 보전회 구조대 소속 산들바람은 근래 고도시 숲길에 출몰하고 있는 호랑이들 때문에 다치거나 죽는 야생 동물이 늘었다며 걱정하고 있었다.\n\n다친 사슴을 치료하기에도 바빠 보이는 산들바람을 대신해서 고도시 숲길의 생태를 위협하는 굶주린 포식자 호랑이들을 사냥하자."
    },
    "110010027": {
        "deprecated": false,
        "Dev_Desc": "반달서브_10027_Desc(진행 중)",
        "id": 110010027,
        "alias": "Contents.Quest.Desc.10027",
        "text": "[권장 레벨] 13\n야생 보전회 행동대 소속 마파람은 보다 근본적인 투엽단 소탕을 위해 기습을 계획 중이다. \n\n마파람을 도와 투엽단의 근거지를 습격해서 반달호수의 야생을 보호하자."
    },
    "110010028": {
        "deprecated": false,
        "Dev_Desc": "반달서브_10028_Desc(사용X)",
        "id": 110010028,
        "alias": "Contents.Quest.Desc.10028",
        "text": "하루 아침에 딸을 잃은 소향의 부모는 홀로 세상을 떠났을 딸의 마지막 가는 길이 외롭지 않도록 함께하고 싶어한다. \n\n이들이 소향의 마지막 가는 길을 무사히 배웅해 줄 수 있도록 깊은 묘지 숲까지 동행하며 위험한 것들로부터 지켜주자."
    },
    "110010029": {
        "deprecated": false,
        "Dev_Desc": "반달서브_10029_Desc(진행 중)",
        "id": 110010029,
        "alias": "Contents.Quest.Desc.10029",
        "text": "[권장 레벨] 17\n이상한 도깨비는 본래 자신이 사람이었다고 주장해왔다. \n\n그는 자신을 이렇게 만든 도깨비들을 혼내주고 자신을 원래대로 돌려달라고 부탁했다. \n\n이런 고약한 장난을 친 도깨비들을 혼내주자."
    },
    "110010030": {
        "deprecated": false,
        "Dev_Desc": "반달서브_10030_Desc(진행 중)",
        "id": 110010030,
        "alias": "Contents.Quest.Desc.10030",
        "text": "[권장 레벨] 20\n반달목장 일꾼 제채기는 목장 인근에 서식하는 발발이들 때문에 부쩍 재채기가 늘어서 고민이라고 한다. \n\n어떻게 해보고 싶어도 다가갈 수 조차 없다며 연신 재채기를 하는 것이 좀 안쓰럽기도 한데... \n\n제채기의 재채기가 나을 수 있도록 원흉인 발발이들을 사냥하자."
    },
    "110010031": {
        "deprecated": false,
        "Dev_Desc": "반달서브_10031_Desc(진행 중)",
        "id": 110010031,
        "alias": "Contents.Quest.Desc.10031",
        "text": "[권장 레벨] 25\n수와족의 대장장이 모와는 침식된 괴물들과의 장기전을 고려한 대책을 생각해 냈다. \n\n괴물들의 가죽과 이빨을 이용해서 수와족의 무기와 방어구를 만들겠다는 모와의 계획을 위해 재료를 구해주자."
    },
    "110010032": {
        "deprecated": false,
        "Dev_Desc": "반달서브_10032_Desc(진행 중)",
        "id": 110010032,
        "alias": "Contents.Quest.Desc.10032",
        "text": "[권장 레벨] 7\n각성의 회랑을 끝까지 탐사하자."
    },
    "110010033": {
        "deprecated": false,
        "Dev_Desc": "반달서브_10033_Desc(진행 중)",
        "id": 110010033,
        "alias": "Contents.Quest.Desc.10033",
        "text": "[권장 레벨] 7\n각성의 회랑을 끝까지 탐사하자."
    },
    "110010100": {
        "deprecated": false,
        "Dev_Desc": "반달서브_10000_AcquiredDesc(수락 전)",
        "id": 110010100,
        "alias": "Contents.Quest.Desc.10100",
        "text": "[권장 레벨] 12\n창과 방패를 흉내 내며 놀고 있는 동네 꼬마 아이들이 보인다. 어릴 적 아랑과 나도 저런 때가 있었는데... \n\n요즘 아이들은 어떻게 노는지 구경 좀 해볼까?"
    },
    "110010101": {
        "deprecated": false,
        "Dev_Desc": "반달서브_10001_AcquiredDesc(수락 전)",
        "id": 110010101,
        "alias": "Contents.Quest.Desc.10101",
        "text": "[권장 레벨] 12\n금경철문의 장인 두 명이 티격태격하고 있다. \n\n자신들이 만든 장비들에 대해 이야기하는 것 같은데... 자세히 들어보자."
    },
    "110010102": {
        "deprecated": false,
        "Dev_Desc": "반달서브_10002_AcquiredDesc(수락 전)",
        "id": 110010102,
        "alias": "Contents.Quest.Desc.10102",
        "text": "[권장 레벨] 29\n공허의 구덩이에서 균열을 연구하고 있다는 연구가 김규녈은 내게 불마자의 표본을 구해달라는 부탁을 해왔다. \n\n이번에는 구덩이의 중심부로 나아가야 할 것 같은데 너무 위험하지는 않을까? 그래도 한번 해볼까?"
    },
    "110010103": {
        "deprecated": false,
        "Dev_Desc": "반달서브_10003_AcquiredDesc(사용X)",
        "id": 110010103,
        "alias": "Contents.Quest.Desc.10103",
        "text": "[권장 레벨] 29\n불마자의 표본 중에서도 유독 눈에 띄는 특별한 표본이 있어 김규녈에게 가져다 주자, 그녀는 크게 흥분하며 이것에 대한 생체 표본을 부탁해왔다.\n\n\n이 표본의 주인은 일반적인 불마자보다 훨씬 강력한 존재일 것 같다. 그 존재를 잡으면 생체 표본을 구할 수 있을 텐데... \n\n공허의 구덩이 인근을 살펴보면서 눈에 띄는 존재가 있는지 찾아보자."
    },
    "110010104": {
        "deprecated": false,
        "Dev_Desc": "반달서브_10004_AcquiredDesc(수락 전)",
        "id": 110010104,
        "alias": "Contents.Quest.Desc.10104",
        "text": "[권장 레벨] 29\n공허의 구덩이에서 균열 연구가 김규녈의 조수로 일하고 있는 조사훈은 야화의 존재에 대해 알고 있냐며 입을 열었다.\n\n만약 공허의 구덩이에도 야화가 세워졌다면 연구에 도움이 될 만한 정보가 기록되어 있을지도 모를 일.\n조사훈은 분명 야화가 존재할 것이라고 추측은 하고 있었지만, 온통 불마자들이 들끓고 있는 이 주변을 탐색할 용기가 나지 않아 고민만 하고 있었던 모양이다. \n\n조사훈을 대신해서 야화를 찾아 그 내용을 전해주자."
    },
    "110010105": {
        "deprecated": false,
        "Dev_Desc": "반달서브_10005_AcquiredDesc(수락 전)",
        "id": 110010105,
        "alias": "Contents.Quest.Desc.10105",
        "text": "[권장 레벨] 30\n어딘지 스산한 느낌을 주는 협곡을 발견했다.\n\n초입부터 안쪽까지 길게 이어져 있었지만, 어지간한 담력을 가진 이가 아닌 이상에야 함부로 발을 들일 수는 없을 것 같아 보인다.\n\n이런 곳에 사람이 다닐 리가 없... 어라? 저게 뭐지?"
    },
    "110010106": {
        "deprecated": false,
        "Dev_Desc": "반달서브_10006_AcquiredDesc(수락 전)",
        "id": 110010106,
        "alias": "Contents.Quest.Desc.10106",
        "text": "[권장 레벨] 26\n버려진 난파선은 그 원형을 가늠하기 어려울 정도로 곳곳이 파손되어 있었는데, 잔해들 틈에서 낡은 상자를 하나 발견했다. \n\n혹시 뭔가 값진 물건이 있지는 않을까? \n주변의 청소라게를 정리하고 상자를 확인해보자."
    },
    "110010107": {
        "deprecated": false,
        "Dev_Desc": "반달서브_10007_AcquiredDesc(수락 전)",
        "id": 110010107,
        "alias": "Contents.Quest.Desc.10107",
        "text": "[권장 레벨] 13\n청인족 두 명이 누군가에 대해 쑥덕거리고 있다. \n둘 다 잔뜩 성이 난 것이 그다지 즐거운 이야기는 아닌 것 같지만, 호기심이 동한다. \n\n들어보자."
    },
    "110010108": {
        "deprecated": false,
        "Dev_Desc": "반달서브_10008_AcquiredDesc(수락 전)",
        "id": 110010108,
        "alias": "Contents.Quest.Desc.10108",
        "text": "[권장 레벨] 17\n근심이 가득해 보이는 이 나무꾼은 고도시 숲길에서 광물을 주워 온 이후로 줄곧 가위와 악몽에 시달렸다고 했다. \n\n나무꾼은 내다 버린 광물이 발이라도 달려 쫓아오지 않을까 무척 불안해하고 있으니, 대신 가서 광물이 그 자리에 잘 있는지 확인해보자."
    },
    "110010109": {
        "deprecated": false,
        "Dev_Desc": "반달서브_10009_AcquiredDesc(수락 전)",
        "id": 110010109,
        "alias": "Contents.Quest.Desc.10109",
        "text": "[권장 레벨] 13\n정신이 온전치 않아 보이는 한 노인이 계속해서 신목님이라 외치며 애타게 무엇인가를 찾고 있다. \n\n노인이 부르짖는 이름의 주인은 누구일까? \n노인의 말대로 실재하는 것일까? \n\n주변을 살펴보자."
    },
    "110010110": {
        "deprecated": false,
        "Dev_Desc": "반달서브_10010_AcquiredDesc(수락 전)",
        "id": 110010110,
        "alias": "Contents.Quest.Desc.10110",
        "text": "[권장 레벨] 17\n걱정이 가득해 보이는 남자가 구시렁거리고 있다. \n그의 이야기를 들어보자."
    },
    "110010111": {
        "deprecated": false,
        "Dev_Desc": "반달서브_10011_AcquiredDesc(수락 전)",
        "id": 110010111,
        "alias": "Contents.Quest.Desc.10111",
        "text": "[권장 레벨] 13\n고도시 숲길 어귀에서 만난 꼬마 아이는 말하는 수목 정령을 만났다고 자랑하며 그 위치를 자세하게 알려주었다. \n\n아이의 말이 사실인지 확인해보자."
    },
    "110010112": {
        "deprecated": false,
        "Dev_Desc": "반달서브_10012_AcquiredDesc(수락 전)",
        "id": 110010112,
        "alias": "Contents.Quest.Desc.10112",
        "text": "[권장 레벨] 7\n무엇인가를 발견한 것 같다.\n다가가 자세히 살펴보자."
    },
    "110010113": {
        "deprecated": false,
        "Dev_Desc": "반달서브_10013_AcquiredDesc(수락 전)",
        "id": 110010113,
        "alias": "Contents.Quest.Desc.10113",
        "text": "[권장 레벨] 10\n무엇인가를 발견한 것 같다.\n다가가 자세히 살펴보자."
    },
    "110010114": {
        "deprecated": false,
        "Dev_Desc": "반달서브_10014_AcquiredDesc(수락 전)",
        "id": 110010114,
        "alias": "Contents.Quest.Desc.10114",
        "text": "[권장 레벨] 7\n뒤통수가 따가워 주위를 살펴보니 이상한 사람이 손짓하고 있다. 엄청나게 수상한데, 너무 궁금해! \n\n어쩌지? 말을 걸어볼까?"
    },
    "110010115": {
        "deprecated": false,
        "Dev_Desc": "반달서브_10015_AcquiredDesc(수락 전)",
        "id": 110010115,
        "alias": "Contents.Quest.Desc.10115",
        "text": "[권장 레벨] 13\n야생 보전회의 회장 잿빛바람이 수심이 가득한 얼굴 한 채 앞마당을 서성이고 있다. \n\n무슨 고민이라도 있는 걸까? 한 번 들어보자."
    },
    "110010116": {
        "deprecated": false,
        "Dev_Desc": "반달서브_10016_AcquiredDesc(수락 전)",
        "id": 110010116,
        "alias": "Contents.Quest.Desc.10116",
        "text": "[권장 레벨] 7\n개척바롱단의 단장 네이냥이 자신의 자랑스러운 대원들을 소개해 주겠다고 한다. \n\n실은 직접 단원들을 찾아 나서기 귀찮은 네이냥이 내게 일을 미룬 것 같지만 유적지도 둘러볼 겸 단원들을 찾아보는 것도 나쁘지 않을 것 같다."
    },
    "110010117": {
        "deprecated": false,
        "Dev_Desc": "반달서브_10017_AcquiredDesc(수락 전)",
        "id": 110010117,
        "alias": "Contents.Quest.Desc.10117",
        "text": "[권장 레벨] 20\n저기 나무 그늘 아래 세상모르게 취해서 자고 있는 흥이냥이 보인다. \n\n모르긴 몰라도 개척바롱단의 명성으로 미루어 보아 뭔가 잘못되어 가고 있다는 예감이 든다. \n\n흥이냥을 깨워 임무로 돌려보내자."
    },
    "110010118": {
        "deprecated": false,
        "Dev_Desc": "반달서브_10018_AcquiredDesc(수락 전)",
        "id": 110010118,
        "alias": "Contents.Quest.Desc.10118",
        "text": "[권장 레벨] 22\n개척바롱단의 뿡이냥이 나무 뒤에 숨어 야생 동물들을 바라보고만 있다. \n\n귀찮은 일에 휘말리지 않으려면 외면하는 것이 상책일 테지만, 저 가여운 표정을 보고선 도저히 그냥 지나칠 수가 없다. \n\n아무래도 곤란한 일이 생긴 것처럼 보이니 도와줘야겠다."
    },
    "110010119": {
        "deprecated": false,
        "Dev_Desc": "반달서브_10019_AcquiredDesc(수락 전)",
        "id": 110010119,
        "alias": "Contents.Quest.Desc.10119",
        "text": "[권장 레벨] 31\n바롱단의 흥이냥과 뿡이냥이 혼비백산하여 뛰쳐나왔다. \n\n가쁜 숨을 고르던 두 바롱은 이내 투닥거리며 말다툼을 하는 것 같다. 무슨 사연인지 들어보자."
    },
    "110010120": {
        "deprecated": false,
        "Dev_Desc": "반달서브_10020_AcquiredDesc(수락 전)",
        "id": 110010120,
        "alias": "Contents.Quest.Desc.10120",
        "text": "[권장 레벨] 22\n돌 언덕 구릉지 초입에서 큰 소리로 홍보 중인 해수 사냥꾼 일행들을 만났다.\n\n잠깐… 저들의 모습이 어디서 본 것 같이 낯이 익기도 한데... 기분 탓인가?\n\n뭐, 해수 사냥이라면 꽤 쏠쏠한 돈벌이가 될 것 같으니 다가가서 말을 걸어보자."
    },
    "110010121": {
        "deprecated": false,
        "Dev_Desc": "반달서브_10021_AcquiredDesc(수락 전)",
        "id": 110010121,
        "alias": "Contents.Quest.Desc.10121",
        "text": "[권장 레벨] 22\n야생 곰과 호랑이를 손쉽게 해치우는 모습에 다소 놀란 지미갓은 이내 흡족해하며 해수 사냥에 끼워주겠다고 했다. \n\n하지만 부하들이 반대를 하고 나서는 바람에 지미갓은 내게 잠깐 기다리라고 하더니, 이내 특별 임무를 주겠다며 거드름을 피웠다. \n\n직접 해수를 추적하는 임무라는데... 할 수 있을까?"
    },
    "110010122": {
        "deprecated": false,
        "Dev_Desc": "반달서브_10022_AcquiredDesc(수락 전)",
        "id": 110010122,
        "alias": "Contents.Quest.Desc.10122",
        "text": "[권장 레벨] 10\n수월항 선착장 근처에 개척바롱단이 모여있다. \n\n연신 두리번 거리며 누군가를 찾고 있는 것 같은데, 나를 발견하고는 신나게 앞발을 흔든다. \n\n혹시 나를 찾고 있었던 건가?"
    },
    "110010123": {
        "deprecated": false,
        "Dev_Desc": "반달서브_10023_AcquiredDesc(사용X)",
        "id": 110010123,
        "alias": "Contents.Quest.Desc.10123",
        "text": "정식 단체로 인정받은 개척바롱단은 신대륙으로 넘어가 새로운 개척 활동을 펼칠 계획이라고 했다. \n\n네이냥은 명예 개척바롱단인 내게 마지막 선물을 남겼다고 했다. \n\n네이냥이 말한 영교원으로 가보자."
    },
    "110010124": {
        "deprecated": false,
        "Dev_Desc": "반달서브_10024_AcquiredDesc(수락 전)",
        "id": 110010124,
        "alias": "Contents.Quest.Desc.10124",
        "text": "[권장 레벨] 33\n고민이 많아 보이는 사람이 보인다. \n대체 저 절벽 쪽을 바라보면서 어떤 고민이 있는 거지?\n\n한번 얘기를 들어보자."
    },
    "110010125": {
        "deprecated": false,
        "Dev_Desc": "반달서브_10025_AcquiredDesc(사용X)",
        "id": 110010125,
        "alias": "Contents.Quest.Desc.10125",
        "text": "창도단의 횡포를 이기지 못한 누군가가 절실한 심정으로 써 붙여 놓은 벽보를 보았다. \n\n이들이 집으로 돌아올 수 있도록 창도단의 횡포를 잠재우자."
    },
    "110010126": {
        "deprecated": false,
        "Dev_Desc": "반달서브_10026_AcquiredDesc(수락 전)",
        "id": 110010126,
        "alias": "Contents.Quest.Desc.10126",
        "text": "[권장 레벨] 13\n야생보전회에서 야생 동물 치료를 전담하고 있는 치료사 '산들바람'은 다친 사슴을 치료하다 눈물을 훔치고 있었다.\n\n근래 눈에 띄게 늘어난 호랑이들 탓에 사슴을 비롯한 연약한 초식 동물들이 죽음의 위협을 두배로 느끼고 있다는 것이다.\n\n산들바람의 곁에서 애처로운 눈빛을 하고 있는 사슴이 못내 안쓰러운 기분이 든다. 내가 도와줄 수 있을 것 같은데..."
    },
    "110010127": {
        "deprecated": false,
        "Dev_Desc": "반달서브_10027_AcquiredDesc(수락 전)",
        "id": 110010127,
        "alias": "Contents.Quest.Desc.10127",
        "text": "[권장 레벨] 13\n야생 보전회 행동대 소속 마파람은 보다 근본적인 투엽단 소탕을 위해 기습을 계획 중이다. \n\n마파람을 도와 투엽단의 근거지를 습격해서 반달호수의 야생을 보호하자."
    },
    "110010128": {
        "deprecated": false,
        "Dev_Desc": "반달서브_10028_AcquiredDesc(사용X)",
        "id": 110010128,
        "alias": "Contents.Quest.Desc.10128",
        "text": "하루 아침에 딸을 잃은 소향의 부모는 홀로 세상을 떠났을 딸의 마지막 가는 길이 외롭지 않도록 함께하고 싶어한다. \n\n이들이 소향의 마지막 가는 길을 무사히 배웅해 줄 수 있도록 깊은 묘지 숲까지 동행하며 위험한 것들로부터 지켜주자."
    },
    "110010129": {
        "deprecated": false,
        "Dev_Desc": "반달서브_10029_AcquiredDesc(수락 전)",
        "id": 110010129,
        "alias": "Contents.Quest.Desc.10129",
        "text": "[권장 레벨] 17\n깊은 묘지 숲에서 이상한 도깨비 하나를 만났다. \n\n자신이 도깨비 장난에 속아 도깨비가 되어버린 사람이라고 주장하며 좀 도와달라고 한다. 어떡할까?"
    },
    "110010130": {
        "deprecated": false,
        "Dev_Desc": "반달서브_10030_AcquiredDesc(수락 전)",
        "id": 110010130,
        "alias": "Contents.Quest.Desc.10130",
        "text": "[권장 레벨] 20\n반달목장 일꾼 제채기는 목장 인근에 서식하는 발발이들 때문에 부쩍 재채기가 늘어서 고민이라고 한다.\n\n어떻게 해보고 싶어도 다가갈 수 조차 없다며 연신 재채기를 하는 것이 좀 안쓰럽기도 한데... \n\n제채기의 재채기가 나을 수 있도록 원흉인 발발이들을 사냥하자."
    },
    "110010131": {
        "deprecated": false,
        "Dev_Desc": "반달서브_10031_AcquiredDesc(수락 전)",
        "id": 110010131,
        "alias": "Contents.Quest.Desc.10131",
        "text": "[권장 레벨] 25\n수와족의 대장장이 모와는 침식된 괴물들과의 장기전을 고려한 대책을 생각해 냈다. \n\n괴물들의 가죽과 이빨을 이용해서 수와족의 무기와 방어구를 만들겠다는 모와의 계획을 위해 재료를 구해주자."
    },
    "110010132": {
        "deprecated": false,
        "Dev_Desc": "반달서브_10032_AcquiredDesc(수락 전)",
        "id": 110010132,
        "alias": "Contents.Quest.Desc.10132",
        "text": "[권장 레벨] 7\n아랑이 내게 부탁할 것이 있다며 말을 걸어왔다.\n다른 사람이라면 몰라도 아랑의 부탁이라면 거절할 이유가 없지!\n\n어떤 부탁인지 자세히 들어보자."
    },
    "110010133": {
        "deprecated": false,
        "Dev_Desc": "반달서브_10033_AcquiredDesc(수락 전)",
        "id": 110010133,
        "alias": "Contents.Quest.Desc.10133",
        "text": "[권장 레벨] 7\n의식하고 각성의 회랑을 찾아 다닌 것은 아니었지만, 어느 새 또 다른 각성의 회랑이 지척에 있었다.\n아랑은 이번 각성의 회랑을 발견한 것은 나니까 내게 탐사를 부탁했다.\n\n아랑 없이 홀로 각성의 회랑을 탐사한다는 것은 아직 부담스러운 것은 사실이다.\n하지만 이미 각성의 회랑을 홀로 지나온 경험이 있으니 또 못할 건 없지!\n\n바로 앞의 각성의 회랑을 탐사하자."
    }
}