{
    "11050000": {
        "deprecated": false,
        "Dev_Desc": "비옥대지_서브_50000_Desc",
        "id": 11050000,
        "alias": "Contents.Quest.Desc.50000",
        "text": "[권장 레벨] 53\n풍백문 사람들은 내가 바깥에서 엄청난 모험을 하고 경험을 쌓았다고 생각하는 것 같다. \n뭔가 과장된 것도 같은데... 그렇게 착각할 수 있지. \n\n근데 젊은 단원들이 바깥세상의 이야기 혹은 내 조언을 듣고 싶어 한다고? 만나보면 내가 해 줄 이야기도 있을 거고... 나도 배울 게 있을지도 몰라. \n\n단원들을 만나 말을 들어보자."
    },
    "11050001": {
        "deprecated": false,
        "Dev_Desc": "비옥대지_서브_50001_Desc",
        "id": 11050001,
        "alias": "Contents.Quest.Desc.50001",
        "text": "[권장 레벨] 60\n좀 이상한 사람이 보인다. \n행패를 부리러 온 게 아닐까? \n\n그런데 풍백문 복장을 한 걸 보면 단원 같은데... \n괜찮을 걸까?"
    },
    "11050002": {
        "deprecated": false,
        "Dev_Desc": "비옥대지_서브_50002_Desc",
        "id": 11050002,
        "alias": "Contents.Quest.Desc.50002",
        "text": "[권장 레벨] 60\n여기서 다시 만나게 되는구나. 그의 말은 뭔가 의심스럽기도 하지만 지역 주민들이 피해를 본다는 말은 사실인 것 같다. \n\n지미갓을 따라 대야금이 있다는 곳으로 가보자. \n먼저 가서 나를 기다리고 있겠지?"
    },
    "11050003": {
        "deprecated": false,
        "Dev_Desc": "비옥대지_서브_50003_Desc",
        "id": 11050003,
        "alias": "Contents.Quest.Desc.50003",
        "text": "[권장 레벨] 54\n개척바롱단을 해월대륙에서 다시 만났다. 또 어딘가를 찾고 있는 것 같은데... 현재 상황을 듣고 명예 바롱단원으로서 도움을 주도록 하자. \n\n우선 원령의 언덕으로 가서 검은새벽단을 쫓아내는 것부터 시작해야겠다. 그 뒤에 필요한 게 있다면 이야기를 해주겠지."
    },
    "11050004": {
        "deprecated": false,
        "Dev_Desc": "비옥대지_서브_50004_Desc",
        "id": 11050004,
        "alias": "Contents.Quest.Desc.50004",
        "text": "[권장 레벨] 55\n송시국에 관해 이야기해주겠다는 사람을 만났다. 지부에선 말하기 어려운 민감한 이야기인 듯하니 장소를 옮겨서 이야기를 들어보도록 하자.\n\n남의 이목을 가장 신경 쓰지 않아도 될 장소라면 역시 비옥 폐허겠지. 그곳에 굳이 들어올 사람은 없을 테니까... \n\n하지만 주변의 불마자를 좀 없애지 않으면 대화할 분위기가 만들어지지 않을 것 같다."
    },
    "11050005": {
        "deprecated": false,
        "Dev_Desc": "비옥대지_서브_50005_Desc",
        "id": 11050005,
        "alias": "Contents.Quest.Desc.50005",
        "text": "[권장 레벨] 51\n풍백문의 유무선은 무술 재능은 조금 떨어지지만, 무기에 대해선 관심이 있나 보다. 내가 딱히 장비 전문가는 아니지만, 무기를 얻어주는 거라면 도움을 줄 수 있겠지. \n\n홍돈족을 없애고 무기를 수집하기만 하면 되는 거니까..."
    },
    "11050006": {
        "deprecated": false,
        "Dev_Desc": "비옥대지_서브_50006_Desc",
        "id": 11050006,
        "alias": "Contents.Quest.Desc.50006",
        "text": "[권장 레벨] 52\n도화상전의 좌요한은 옆에 있는 동료와 전갈의 으뜸 무기가 무엇인가를 두고 논쟁을 벌이고 있다. \n바로 옆에 있으니까 그냥 대화하면 되는데, 왜 나한테 말을 해달라는 거야? \n\n그래도 일단은 옆에 있는 상인에게 말을 걸어 보자. \n전갈 관련해서 뭔가 할 말이 있는 거겠지?"
    },
    "11050007": {
        "deprecated": false,
        "Dev_Desc": "비옥대지_서브_50007_Desc",
        "id": 11050007,
        "alias": "Contents.Quest.Desc.50007",
        "text": "[권장 레벨] 54\n목소리도 크고 웃음소리도 우렁찬 풍백문 대원이 도움을 요청하고 있다. \n현재 벌목지에 잿빛 만다라화가 나타나 작업에 방해가 된다고? 일단 위험하기도 하고... 내는 소리도 커서 불쾌할 정도이니 확실히 작업에 방해가 될 것 같다. \n\n일단 만다라화부터 없애고 생각해 보자."
    },
    "11050008": {
        "deprecated": false,
        "Dev_Desc": "비옥대지_서브_50008_Desc",
        "id": 11050008,
        "alias": "Contents.Quest.Desc.50008",
        "text": "[권장 레벨] 54\n풍백문의 한소애는 잿빛 암각다귀만 보면 공포에 질려 지부 바깥으로 나갈 수가 없다고 한다. 공포의 원인은 모르겠지만... \n\n일단 대상이 되는 잿빛 암각다귀를 제거하면 혹시 도움이 되지 않을까? 암각다귀의 수부터 줄여 보도록 하자."
    },
    "11050009": {
        "deprecated": false,
        "Dev_Desc": "비옥대지_서브_50009_Desc",
        "id": 11050009,
        "alias": "Contents.Quest.Desc.50009",
        "text": "[권장 레벨] 55\n도화상전의 우진희는 동료와 서인족의 으뜸 무기가 무엇인가를 두고 대화를 나누고 있다. \n지난번의 이야기를 떠올려 보면 이번에도 별 도움 안 되는 논쟁을 벌일 것으로 보이지만... \n\n그래도 혹시 모르니까 희망을 품고 좌요한에게 말을 걸어 보자. 혹시 유의미한 이야기일지도 모르잖아."
    },
    "11050100": {
        "deprecated": false,
        "Dev_Desc": "비옥대지_서브_50100_Desc",
        "id": 11050100,
        "alias": "Contents.Quest.Desc.50100",
        "text": "[권장 레벨] 56\n해파리가 왜 숲에 사는지에 대해 의문을 품고 있는 학자를 만났다. 해파리가 왜 숲에 사느냐는 질문을 듣자마자 나도 궁금해졌다. \n\n학자를 따라서 꿈결의 숲으로 이동해 보자. "
    },
    "11050101": {
        "deprecated": false,
        "Dev_Desc": "비옥대지_서브_50101_Desc",
        "id": 11050101,
        "alias": "Contents.Quest.Desc.50101",
        "text": "[권장 레벨] 56\n기존에 하고 싶었지만, 너무 위험해서 하지 못했던 연구가 있다고 한다. 내가 위험으로부터 지켜줄 수 있으니 어찌 보면 지금이 연구할 기회를 얻은 걸지도 모른다. \n\n꿈결의 숲에서 좀 더 안쪽으로 들어간다고 하는데... 거기가 여기보다 더 위험한 곳인 듯하다. 좀 각오를 해두는 게 좋겠어. \n\n우선 학자를 따라 가볼까?"
    },
    "11050102": {
        "deprecated": false,
        "Dev_Desc": "비옥대지_서브_50102_Desc",
        "id": 11050102,
        "alias": "Contents.Quest.Desc.50102",
        "text": "[권장 레벨] 58\n수양대원이 위험하다며 지질학자에게 이곳을 벗어나라고 요청한다. 왜 지질학자는 위험한 이곳을 벗어나려 하지 않는 걸까? 연구 중이라고? \n\n잔뜩 흥분해서 대화가 잘 될 것 같지가 않다. 수양대원에게 상황을 물어보는 게 좋을 것 같다."
    },
    "11050103": {
        "deprecated": false,
        "Dev_Desc": "비옥대지_서브_50103_Desc",
        "id": 11050103,
        "alias": "Contents.Quest.Desc.50103",
        "text": "[권장 레벨] 59\n갑자기 진중해진 학자는 부탁이 있다고 하며, 꼭 도와달라고 요청한다. 예전에 이곳에서 연구하던 지질학자 몇 명이 자취를 감췄다고? 납치? 확실히 학자 혼자 가기엔 너무 위험해 보인다. \n\n용머리 곶이라... 그곳에는 위험한 적이 많이 있을 텐데... 우선 가보자. 가서 적이 있으면 제거하고 사라진 사람들을 찾아봐야겠다."
    },
    "11050104": {
        "deprecated": false,
        "Dev_Desc": "비옥대지_서브_50104_Desc",
        "id": 11050104,
        "alias": "Contents.Quest.Desc.50104",
        "text": "[권장 레벨] 59\n지질학자들은 전염병에 걸린 듯하다. 원토지는 동료를 돕기 위해 치료제를 개발하려는 것 같은데... \n\n내가 도움이 될지는 모르겠지만 일단 따라가 보자. \n주변에 창도단들도 있으니 그들을 없애는 것 정도는 내가 할 수 있을 것 같다."
    },
    "11050105": {
        "deprecated": false,
        "Dev_Desc": "비옥대지_서브_50105_Desc",
        "id": 11050105,
        "alias": "Contents.Quest.Desc.50105",
        "text": "[권장 레벨] 56\n잔뜩 겁을 먹은 것 같은 연구원 하나가 어떻게든 연구지에 가야 한다고 말하고 있다. 뭔가 위험해 보이는데... \n저래서 연구지까지 가서 물건을 전달해줄 수 있을까? \n\n일단 주변에 변이된 자들부터 없애야겠어. \n그리고 연구원 뒤를 따라가면서 연구지까지 제대로 도착하는지 지켜보도록 하자."
    },
    "11050106": {
        "deprecated": false,
        "Dev_Desc": "비옥대지_서브_50105_Desc",
        "id": 11050106,
        "alias": "Contents.Quest.Desc.50106",
        "text": "[권장 레벨] 56\n사묘정의 버섯을 먹은 금경철문의 상인이 속이 좋지 않다고 한다. 아니 그 버섯이 뭔지 알고 함부로 먹은 거지? 혹시 독버섯이면 어떻게 하려고... \n\n그 버섯이 뭔지 조사해봐야겠는데... 사묘정의 버섯이라고 했지? 일단 그걸 얻어보자. 만약 문제가 생긴다면 버섯을 챙겨두는 게 도움이 될 거야."
    },
    "11050200": {
        "deprecated": false,
        "Dev_Desc": "서브_50200_진행 중",
        "id": 11050200,
        "alias": "Contents.Quest.Desc.50200",
        "text": "[권장 레벨] 50 \n붉은 비탈을 지나다 이종족 조사 임무를 맡은 신입 명혜단원, 채란을 만났다. 그녀는 취재를 위해 홍돈족에게 접근했다가 모든 자료를 빼앗기고 겨우 도망쳐 나왔다고 한다. 그런 질문을 들었으면 나였어도 화가 날 것 같긴 한데…\n\n채란을 도와 빼앗긴 자료를 되찾아 주자."
    },
    "11050201": {
        "deprecated": false,
        "Dev_Desc": "서브_50201_진행 중",
        "id": 11050201,
        "alias": "Contents.Quest.Desc.50201",
        "text": "[권장 레벨] 51\n풍백문 해월지부의 장인, 권묵철은 늘 혼자 놀고 있는 아들의 모습에 일이 손에 잡히지 않는다고 했다. 가벼운 마음으로 아이와 잠시 놀아주려 말을 걸었는데... 이 녀석, 탐정 놀이에 푹 빠져 있잖아? \n\n아무래도 고된 하루가 될 것 같은 느낌이 든다."
    },
    "11050202": {
        "deprecated": false,
        "Dev_Desc": "서브_50202_진행 중",
        "id": 11050202,
        "alias": "Contents.Quest.Desc.50202",
        "text": "[권장 레벨] 52\n꼬마 탐정 권도이가 발견한 지하 감옥, 풍백문 지하에 있을법한 시설이 아니라고는 생각했지만 검은 새벽단이 만든 곳이었을 줄이야. \n비류하는 스스로 풍백문의 치부라 칭하는 지하 감옥의 진실을 담담하게 이야기해주었다. 과거의 실수를 잊지 위해 없애지 않았지만 어린아이가 드나들고 있다는 사실을 알게 된 이상 그대로 둘 수 없다는 말도 덧붙였다. \n\n지하 감옥을 폐쇄하는 일에 나도 힘을 조금 보태 볼까?"
    },
    "11050203": {
        "deprecated": false,
        "Dev_Desc": "서브_50203_진행 중",
        "id": 11050203,
        "alias": "Contents.Quest.Desc.50203",
        "text": "[권장 레벨] 55 \n해월대륙 개척 초기에 있었던 거대 비옥 채굴 사건. \n노인은 그날의 비극에서 동료와 부하들을 모두 잃은 이였다. 홀로 살아남은 노인은 시귀가 된 부하들을 살리려 노력했지만 모두 실패했고, 이제는 그들에게 평온한 죽음이라도 찾아 주려하고 있었다. \n\n지쳐버린 노인을 보고 있자니 발걸음이 떨어지지 않는다. 노인이 조금이나마 쉴 수 있도록 도와주자."
    },
    "11050204": {
        "deprecated": false,
        "Dev_Desc": "서브_50204_진행 중",
        "id": 11050204,
        "alias": "Contents.Quest.Desc.50204",
        "text": "[권장 레벨] 56\n목책 뒤에 숨어 투엽단의 동태를 살피고 있는 야생 보전회, 마파람을 만났다. 그는 최근 수월평원에 불법으로 유통되고 있는 사슴의 뿔을 추적하여 해월대륙까지 왔다고 한다. \n\n그가 사슴들을 구출할 수 있도록 투엽단을 처치해주자!"
    },
    "11050205": {
        "deprecated": false,
        "Dev_Desc": "서브_50205_진행 중",
        "id": 11050205,
        "alias": "Contents.Quest.Desc.50205",
        "text": "[권장 레벨] 56\n사묘정의 숲을 혼자 헤매고 있는 영교원 링링을 만났다. 링링은 열사병 치료에 사용되는 귀한 약초를 찾고 있다고 했다. 겁에 질려 약초를 찾는 것조차 힘들어 보이는데…\n\n링링이 약초를 찾을 수 있도록 도와주자."
    },
    "11050206": {
        "deprecated": false,
        "Dev_Desc": "서브_50206_진행 중",
        "id": 11050206,
        "alias": "Contents.Quest.Desc.50206",
        "text": "[권장 레벨] 59 \n용머리 탐사지에서 거지 꼴을 하고 힘없이 앉아 있는 젊은 부부를 만났다. 그들은 행복해야 할 신혼여행지에서 창도단에게 입은 옷 빼고 전부 다 빼앗겨 버렸다고 했다. \n\n창도단으로부터 신혼부부의 금낭과 예물, 여행 가방을 되찾아 주자."
    },
    "11050207": {
        "deprecated": false,
        "Dev_Desc": "서브_50207_진행 중",
        "id": 11050207,
        "alias": "Contents.Quest.Desc.50207",
        "text": "[권장 레벨] 표시 필요\n심연의 틈 가이드 퀘스트 디스크립션 여기에 내용 채워주세요!!!!"
    },
    "11051000": {
        "deprecated": false,
        "Dev_Desc": "비옥대지_서브_50000_Desc 진행 중 + 1000",
        "id": 11051000,
        "alias": "Contents.Quest.Desc.51000",
        "text": "[권장 레벨] 53\n풍백문 사람들은 내가 바깥에서 엄청난 모험을 하고 경험을 쌓았다고 생각하는 것 같다. 뭔가 과장된 것도 같은데... 그렇게 착각할 수 있지. \n\n근데 젊은 단원들이 바깥세상의 이야기 혹은 내 조언을 듣고 싶어 한다고? 만나보면 내가 해 줄 이야기도 있을 거고... 나도 배울 게 있을지도 몰라. \n\n단원들을 만나 말을 들어보자."
    },
    "11051001": {
        "deprecated": false,
        "Dev_Desc": "비옥대지_서브_50001_Desc 진행 중 + 1000",
        "id": 11051001,
        "alias": "Contents.Quest.Desc.51001",
        "text": "[권장 레벨] 60\n좀 이상한 사람이 보인다. 행패를 부리러 온 게 아닐까? 그런데 풍백문 복장을 한 걸 보면 단원 같은데... 괜찮을 걸까? \n\n내가 모르는 뭔가 특별한 사정이 있을지도 모르잖아. \n우선 한번 이야기를 들어보자. 판단은 그 이후에 해도 늦지 않아."
    },
    "11051002": {
        "deprecated": false,
        "Dev_Desc": "비옥대지_서브_50002_Desc 진행 중 + 1000",
        "id": 11051002,
        "alias": "Contents.Quest.Desc.51002",
        "text": "[권장 레벨] 60\n여기서 다시 만나게 되는구나. 그의 말은 뭔가 의심스럽기도 하지만 지역 주민들이 피해를 본다는 말은 사실인 것 같다. \n\n지미갓을 따라 대야금이 있다는 곳으로 가보자. 먼저 가서 나를 기다리고 있겠지?"
    },
    "11051003": {
        "deprecated": false,
        "Dev_Desc": "비옥대지_서브_50003_Desc 진행 중 + 1000",
        "id": 11051003,
        "alias": "Contents.Quest.Desc.51003",
        "text": "[권장 레벨] 54\n개척바롱단을 해월대륙에서 다시 만났다. 또 어딘가를 찾고 있는 것 같은데... 현재 상황을 듣고 명예 바롱단원으로서 도움을 주도록 하자. \n\n우선 원령의 언덕으로 가서 검은새벽단을 쫓아내는 것부터 시작해야겠다. 그 뒤에 필요한 게 있다면 이야기를 해주겠지."
    },
    "11051004": {
        "deprecated": false,
        "Dev_Desc": "비옥대지_서브_50004_Desc 진행 중 + 1000",
        "id": 11051004,
        "alias": "Contents.Quest.Desc.51004",
        "text": "[권장 레벨] 55\n송시국에 관해 이야기해주겠다는 사람을 만났다. 지부에선 말하기 어려운 민감한 이야기인 듯하니 장소를 옮겨서 이야기를 들어보도록 하자.\n\n남의 이목을 가장 신경 쓰지 않아도 될 장소라면 역시 비옥 폐허겠지. 그곳에 굳이 들어올 사람은 없을 테니까... 하지만 주변의 불마자를 좀 없애지 않으면 대화할 분위기가 만들어지지 않을 것 같다."
    },
    "11051005": {
        "deprecated": false,
        "Dev_Desc": "비옥대지_서브_50005_Desc 진행 중 + 1000",
        "id": 11051005,
        "alias": "Contents.Quest.Desc.51005",
        "text": "[권장 레벨] 51\n풍백문의 유무선은 무술 재능은 조금 떨어지지만, 무기에 대해선 관심이 있나 보다. 내가 딱히 장비 전문가는 아니지만, 무기를 얻어주는 거라면 도움을 줄 수 있겠지. \n\n홍돈족을 없애고 무기를 수집하기만 하면 되는 거니까..."
    },
    "11051006": {
        "deprecated": false,
        "Dev_Desc": "비옥대지_서브_50006_Desc 진행 중 + 1000",
        "id": 11051006,
        "alias": "Contents.Quest.Desc.51006",
        "text": "[권장 레벨] 52\n도화상전의 좌요한은 옆에 있는 동료와 전갈의 으뜸 무기가 무엇인가를 두고 논쟁을 벌이고 있다. 바로 옆에 있으니까 그냥 대화하면 되는데, 왜 나한테 말을 해달라는 거야? \n\n그래도 일단은 옆에 있는 상인에게 말을 걸어 보자. 전갈 관련해서 뭔가 할 말이 있는 거겠지?"
    },
    "11051007": {
        "deprecated": false,
        "Dev_Desc": "비옥대지_서브_50007_Desc 진행 중 + 1000",
        "id": 11051007,
        "alias": "Contents.Quest.Desc.51007",
        "text": "[권장 레벨] 54\n목소리도 크고 웃음소리도 우렁찬 풍백문 대원이 도움을 요청하고 있다. 현재 벌목지에 잿빛 만다라화가 나타나 작업에 방해가 된다고? \n\n일단 위험하기도 하고... 내는 소리도 커서 불쾌할 정도이니 확실히 작업에 방해가 될 것 같다. \n일단 만다라화부터 없애고 생각해 보자."
    },
    "11051008": {
        "deprecated": false,
        "Dev_Desc": "비옥대지_서브_50008_Desc 진행 중 + 1000",
        "id": 11051008,
        "alias": "Contents.Quest.Desc.51008",
        "text": "[권장 레벨] 54\n풍백문의 한소애는 잿빛 암각다귀만 보면 공포에 질려 지부 바깥으로 나갈 수가 없다고 한다. 공포의 원인은 모르겠지만... \n\n일단 대상이 되는 잿빛 암각다귀를 제거하면 혹시 도움이 되지 않을까? 암각다귀의 수부터 줄여 보도록 하자."
    },
    "11051009": {
        "deprecated": false,
        "Dev_Desc": "비옥대지_서브_50009_Desc 진행 중 + 1000",
        "id": 11051009,
        "alias": "Contents.Quest.Desc.51009",
        "text": "[권장 레벨] 55\n도화상전의 우진희는 동료와 서인족의 으뜸 무기가 무엇인가를 두고 대화를 나누고 있다. 지난번의 이야기를 떠올려 보면 이번에도 별 도움 안 되는 논쟁을 벌일 것으로 보이지만... \n\n그래도 혹시 모르니까 희망을 품고 좌요한에게 말을 걸어 보자. 혹시 유의미한 이야기일지도 모르잖아."
    },
    "11051100": {
        "deprecated": false,
        "Dev_Desc": "비옥대지_서브_50100_Desc 진행 중 + 1000",
        "id": 11051100,
        "alias": "Contents.Quest.Desc.51100",
        "text": "[권장 레벨] 56\n해파리가 왜 숲에 사는지에 대해 의문을 품고 있는 학자를 만났다. 해파리가 왜 숲에 사느냐는 질문을 듣자마자 나도 궁금해졌다. \n\n학자를 따라서 꿈결의 숲으로 이동해 보자. "
    },
    "11051101": {
        "deprecated": false,
        "Dev_Desc": "비옥대지_서브_50101_Desc 진행 중 + 1000",
        "id": 11051101,
        "alias": "Contents.Quest.Desc.51101",
        "text": "[권장 레벨] 56\n기존에 하고 싶었지만, 너무 위험해서 하지 못했던 연구가 있다고 한다. 내가 위험으로부터 지켜줄 수 있으니 어찌 보면 지금이 연구할 기회를 얻은 걸지도 모른다. \n\n꿈결의 숲에서 좀 더 안쪽으로 들어간다고 하는데... 거기가 여기보다 더 위험한 곳인 듯하다. 좀 각오를 해두는 게 좋겠어. 우선 학자를 따라 가볼까?"
    },
    "11051102": {
        "deprecated": false,
        "Dev_Desc": "비옥대지_서브_50102_Desc 진행 중 + 1000",
        "id": 11051102,
        "alias": "Contents.Quest.Desc.51102",
        "text": "[권장 레벨] 58\n수양대원이 위험하다며 지질학자에게 이곳을 벗어나라고 요청한다. 왜 지질학자는 위험한 이곳을 벗어나려 하지 않는 걸까? 연구 중이라고? \n\n잔뜩 흥분해서 대화가 잘 될 것 같지가 않다. 수양대원에게 상황을 물어보는 게 좋을 것 같다."
    },
    "11051103": {
        "deprecated": false,
        "Dev_Desc": "비옥대지_서브_50103_Desc 진행 중 + 1000",
        "id": 11051103,
        "alias": "Contents.Quest.Desc.51103",
        "text": "[권장 레벨] 59\n갑자기 진중해진 학자는 부탁이 있다고 하며, 꼭 도와달라고 요청한다. 예전에 이곳에서 연구하던 지질학자 몇 명이 자취를 감췄다고? 납치? \n\n확실히 학자 혼자 가기엔 너무 위험해 보인다. 용머리 곶이라... 그곳에는 위험한 적이 많이 있을 텐데... \n우선 가보자. 가서 적이 있으면 제거하고 사라진 사람들을 찾아봐야겠다."
    },
    "11051104": {
        "deprecated": false,
        "Dev_Desc": "비옥대지_서브_50104_Desc 진행 중 + 1000",
        "id": 11051104,
        "alias": "Contents.Quest.Desc.51104",
        "text": "[권장 레벨] 59\n지질학자들은 전염병에 걸린 듯하다. 원토지는 동료를 돕기 위해 치료제를 개발하려는 것 같은데... 내가 도움이 될지는 모르겠지만 일단 따라가 보자. \n\n주변에 창도단들도 있으니 그들을 없애는 것 정도는 내가 할 수 있을 것 같다."
    },
    "11051105": {
        "deprecated": false,
        "Dev_Desc": "비옥대지_서브_50105_Desc 진행 중 + 1000",
        "id": 11051105,
        "alias": "Contents.Quest.Desc.51105",
        "text": "[권장 레벨] 56\n잔뜩 겁을 먹은 것 같은 연구원 하나가 어떻게든 연구지에 가야 한다고 말하고 있다. 뭔가 위험해 보이는데... 저래서 연구지까지 가서 물건을 전달해줄 수 있을까? \n\n일단 주변에 변이된 자들부터 없애야겠어. 그리고 연구원 뒤를 따라가면서 연구지까지 제대로 도착하는지 지켜보도록 하자."
    },
    "11051106": {
        "deprecated": false,
        "Dev_Desc": "비옥대지_서브_50105_Desc 진행 중 + 1000",
        "id": 11051106,
        "alias": "Contents.Quest.Desc.51106",
        "text": "[권장 레벨] 56\n사묘정의 버섯을 먹은 금경철문의 상인이 속이 좋지 않다고 한다. 아니 그 버섯이 뭔지 알고 함부로 먹은 거지? 혹시 독버섯이면 어떻게 하려고... \n\n그 버섯이 뭔지 조사해봐야겠는데... 사묘정의 버섯이라고 했지? 일단 그걸 얻어보자. 만약 문제가 생긴다면 버섯을 챙겨두는 게 도움이 될 거야."
    },
    "11051200": {
        "deprecated": false,
        "Dev_Desc": "서브_50200_진행 전",
        "id": 11051200,
        "alias": "Contents.Quest.Desc.51200",
        "text": "[권장 레벨] 50 \n붉은 비탈의 바위 뒤에 숨어 홍돈족을 지켜보고 있는 신입 명혜단원, 채란. 안절부절 어쩔 줄을 몰라하는 모습을 보니 무슨 일이 생긴 게 분명하다!\n\n채란과 대화하여 무슨 일인지 들어보자."
    },
    "11051201": {
        "deprecated": false,
        "Dev_Desc": "서브_50201_진행 전",
        "id": 11051201,
        "alias": "Contents.Quest.Desc.51201",
        "text": "[권장 레벨] 51\n풍백문 해월지부의 장인, 권묵철은 늘 혼자 놀고 있는 아들의 모습에 일이 손에 잡히지 않는다고 한다. 아이와 잠시 놀아주는 정도라면 내가 충분히 도와줄 수 있을 것 같은데…"
    },
    "11051202": {
        "deprecated": false,
        "Dev_Desc": "서브_50202_진행 전",
        "id": 11051202,
        "alias": "Contents.Quest.Desc.51202",
        "text": "[권장 레벨] 52\n꼬마 탐정 권도이가 발견한 지하 감옥, 영 꺼림칙하다. 아무리 봐도 풍백문 지하에 있을법한 시설은 아닌데… 자세히 알만한 이에게 물어보자."
    },
    "11051203": {
        "deprecated": false,
        "Dev_Desc": "서브_50203_진행 전",
        "id": 11051203,
        "alias": "Contents.Quest.Desc.51203",
        "text": "[권장 레벨] 55 \n거대 비옥이 한눈에 보이는 목책 주변에서 지친 노인과 그의 곁을 지키는 젊은 수양 대원을 발견했다. 노인은 그만하고 돌아가자는 젊은 대원의 말을 들은 척도 하지 않고 활시위를 당기고 있다. \n\n도대체 무슨 사연이 있는 걸까? 젊은 대원과 대화해보자."
    },
    "11051204": {
        "deprecated": false,
        "Dev_Desc": "서브_50204_진행 전",
        "id": 11051204,
        "alias": "Contents.Quest.Desc.51204",
        "text": "[권장 레벨] 56\n목책 뒤에 숨어 투엽단의 동태를 살피고 있는 야생 보전회, 마파람을 만났다. 그는 최근 수월평원에 불법으로 유통되고 있는 사슴의 뿔을 추적하여 해월대륙까지 왔다고 한다. \n\n그가 사슴들을 구출할 수 있도록 도와주자!"
    },
    "11051205": {
        "deprecated": false,
        "Dev_Desc": "서브_50205_진행 전",
        "id": 11051205,
        "alias": "Contents.Quest.Desc.51205",
        "text": "[권장 레벨] 56\n사묘정의 숲을 혼자 헤매고 있는 영교원 링링을 만났다. 링링은 열사병 치료에 사용되는 귀한 약초를 찾고 있다고 했다. 겁에 질려 약초를 찾는 것조차 힘들어 보이는데…\n\n링링이 약초를 찾을 수 있도록 도와주자."
    },
    "11051206": {
        "deprecated": false,
        "Dev_Desc": "서브_50206_진행 전",
        "id": 11051206,
        "alias": "Contents.Quest.Desc.51206",
        "text": "[권장 레벨] 59\n용머리 탐사지에서 거지 꼴을 하고 힘없이 앉아 있는 젊은 부부를 만났다. 그들은 행복해야 할 신혼여행지에서 창도단에게 입은 옷 빼고 전부 다 빼앗겨 버렸다고 한다.\n\n그냥 지나치기엔 너무나 안타까운 사연인데…"
    },
    "11051207": {
        "deprecated": false,
        "Dev_Desc": "서브_50207_진행 전",
        "id": 11051207,
        "alias": "Contents.Quest.Desc.51207",
        "text": "[권장 레벨] 표시 필요\n심연의 틈 가이드 퀘스트 디스크립션 여기에 내용 채워주세요!!!!"
    }
}