{
    "40020000": {
        "deprecated": false,
        "Dev_Desc": "아랑",
        "id": 40020000,
        "alias": "Contents.Quest.Guide.20000",
        "text": "뭔가 이상하지 않아?"
    },
    "40020001": {
        "deprecated": false,
        "Dev_Desc": "아랑",
        "id": 40020001,
        "alias": "Contents.Quest.Guide.20001",
        "text": "사람들이 좀 \n경계하고 있는 것 같아."
    },
    "40020002": {
        "deprecated": false,
        "Dev_Desc": "PC",
        "id": 40020002,
        "alias": "Contents.Quest.Guide.20002",
        "text": "(기분 탓 아니냐고 묻는다)"
    },
    "40020003": {
        "deprecated": false,
        "Dev_Desc": "아랑",
        "id": 40020003,
        "alias": "Contents.Quest.Guide.20003",
        "text": "그런가...? \n뭐, 그럼 다행이지만."
    },
    "40020004": {
        "deprecated": false,
        "Dev_Desc": "아랑",
        "id": 40020004,
        "alias": "Contents.Quest.Guide.20004",
        "text": "자~ 이정도면 된 것 같아.\n이제 흥정하러 가볼까?"
    },
    "40020005": {
        "deprecated": false,
        "Dev_Desc": "아랑",
        "id": 40020005,
        "alias": "Contents.Quest.Guide.20005",
        "text": "음... 근데 누굴 주지?\n네가 정해줘."
    },
    "40020006": {
        "deprecated": false,
        "Dev_Desc": "아랑",
        "id": 40020006,
        "alias": "Contents.Quest.Guide.20006",
        "text": "음...? 뭐지?"
    },
    "40020007": {
        "deprecated": false,
        "Dev_Desc": "아랑",
        "id": 40020007,
        "alias": "Contents.Quest.Guide.20007",
        "text": "거점 주변을 살펴보자."
    },
    "40020008": {
        "deprecated": false,
        "Dev_Desc": "아랑",
        "id": 40020008,
        "alias": "Contents.Quest.Guide.20008",
        "text": "좋았어! \n이제 <textColor=[255:204:102:255]>바롱</>한테 가보자!"
    },
    "40020009": {
        "deprecated": false,
        "Dev_Desc": "PC",
        "id": 40020009,
        "alias": "Contents.Quest.Guide.20009",
        "text": "(우선 <textColor=[255:204:102:255]>허가증</>부터 \n구해야겠다)"
    },
    "40020010": {
        "deprecated": false,
        "Dev_Desc": "PC",
        "id": 40020010,
        "alias": "Contents.Quest.Guide.20010",
        "text": "(이정도면 될 것 같다)"
    },
    "40020011": {
        "deprecated": false,
        "Dev_Desc": "PC",
        "id": 40020011,
        "alias": "Contents.Quest.Guide.20011",
        "text": "(이정도면 될 것 같다)"
    },
    "40020012": {
        "deprecated": false,
        "Dev_Desc": "고민 많은 대원",
        "id": 40020012,
        "alias": "Contents.Quest.Guide.20012",
        "text": "소협! 대장님께 말씀드려\n놨으니 한 번 만나보시면 \n될 것 같습니다."
    },
    "40020013": {
        "deprecated": false,
        "Dev_Desc": "PC",
        "id": 40020013,
        "alias": "Contents.Quest.Guide.20013",
        "text": "(<textColor=[255:204:102:255]>수양대장</>에게 가보자)"
    },
    "40020014": {
        "deprecated": false,
        "Dev_Desc": "PC",
        "id": 40020014,
        "alias": "Contents.Quest.Guide.20054",
        "text": "(이제 <textColor=[255:204:102:255]>재료</>를 구하자)"
    },
    "40020015": {
        "deprecated": false,
        "Dev_Desc": "PC",
        "id": 40020015,
        "alias": "Contents.Quest.Guide.20014",
        "text": "(저쪽 방향인 것 같다)"
    },
    "40020016": {
        "deprecated": false,
        "Dev_Desc": "PC",
        "id": 40020016,
        "alias": "Contents.Quest.Guide.20015",
        "text": "(이 근처인가?\n아닌 것 같다)"
    },
    "40020017": {
        "deprecated": false,
        "Dev_Desc": "PC",
        "id": 40020017,
        "alias": "Contents.Quest.Guide.20016",
        "text": "(<textColor=[215:94:94:255]>혈비패</>를 처치하면서\n좀 더 안쪽으로 가보자)"
    },
    "40020018": {
        "deprecated": false,
        "Dev_Desc": "PC",
        "id": 40020018,
        "alias": "Contents.Quest.Guide.20017",
        "text": "(이 근처인 것 같다)"
    },
    "40020019": {
        "deprecated": false,
        "Dev_Desc": "신입단원",
        "id": 40020019,
        "alias": "Contents.Quest.Guide.20018",
        "text": "여깁니다, 여기!"
    },
    "40020020": {
        "deprecated": false,
        "Dev_Desc": "PC",
        "id": 40020020,
        "alias": "Contents.Quest.Guide.20019",
        "text": "(<textColor=[255:204:102:255]>책임자</>를 찾아보자)"
    },
    "40020021": {
        "deprecated": false,
        "Dev_Desc": "도화상전 일꾼",
        "id": 40020021,
        "alias": "Contents.Quest.Guide.20020",
        "text": "아이고 소협, \n저희 좀 도와주십쇼!"
    },
    "40020022": {
        "deprecated": false,
        "Dev_Desc": "도화상전 일꾼",
        "id": 40020022,
        "alias": "Contents.Quest.Guide.20021",
        "text": "감사합니다! 덕분에 \n돌아갈 수 있겠습니다!"
    },
    "40020023": {
        "deprecated": false,
        "Dev_Desc": "도화상전 책임자",
        "id": 40020023,
        "alias": "Contents.Quest.Guide.20022",
        "text": "다음은 가마 차례입니다."
    },
    "40020024": {
        "deprecated": false,
        "Dev_Desc": "도화상전 책임자",
        "id": 40020024,
        "alias": "Contents.Quest.Guide.20023",
        "text": "<textColor=[255:204:102:255]>장작</>을 준비해주십쇼."
    },
    "40020025": {
        "deprecated": false,
        "Dev_Desc": "도화상전 책임자",
        "id": 40020025,
        "alias": "Contents.Quest.Guide.20024",
        "text": "이제 불을 지펴주십쇼."
    },
    "40020026": {
        "deprecated": false,
        "Dev_Desc": "도화상전 책임자",
        "id": 40020026,
        "alias": "Contents.Quest.Guide.20025",
        "text": "됐습니다. \n이제 기다리시면 됩니다."
    },
    "40020027": {
        "deprecated": false,
        "Dev_Desc": "문주 달빛바람",
        "id": 40020027,
        "alias": "Contents.Quest.Guide.20026",
        "text": "첫째로는 \n<textColor=[255:204:102:255]>암각다귀의 뿔</>이야."
    },
    "40020028": {
        "deprecated": false,
        "Dev_Desc": "문주 달빛바람",
        "id": 40020028,
        "alias": "Contents.Quest.Guide.20027",
        "text": "두번째는 \n<textColor=[255:204:102:255]>혈비패의 무기</>."
    },
    "40020029": {
        "deprecated": false,
        "Dev_Desc": "문주 달빛바람",
        "id": 40020029,
        "alias": "Contents.Quest.Guide.20028",
        "text": "이제 마지막이야. \n<textColor=[255:204:102:255]>환영 혼불</>을 구해줘."
    },
    "40020030": {
        "deprecated": false,
        "Dev_Desc": "문주 달빛바람",
        "id": 40020030,
        "alias": "Contents.Quest.Guide.20029",
        "text": "<textColor=[255:204:102:255]>환영 혼불</>, \n왠지 기분이 묘한데? \n그럼, 거점에서 보자."
    },
    "40020031": {
        "deprecated": false,
        "Dev_Desc": "영교원 동동",
        "id": 40020031,
        "alias": "Contents.Quest.Guide.20030",
        "text": "앗? 너희들! \n나 모르냥?"
    },
    "40020032": {
        "deprecated": false,
        "Dev_Desc": "PC",
        "id": 40020032,
        "alias": "Contents.Quest.Guide.20031",
        "text": "(아이고 머리야...)"
    },
    "40020033": {
        "deprecated": false,
        "Dev_Desc": "어린 바롱",
        "id": 40020033,
        "alias": "Contents.Quest.Guide.20032",
        "text": "도와달라냥!"
    },
    "40020034": {
        "deprecated": false,
        "Dev_Desc": "어린 바롱",
        "id": 40020034,
        "alias": "Contents.Quest.Guide.20033",
        "text": "아직 남았다냥!"
    },
    "40020035": {
        "deprecated": false,
        "Dev_Desc": "어린 바롱",
        "id": 40020035,
        "alias": "Contents.Quest.Guide.20034",
        "text": "이제 됐다보다냥."
    },
    "40020036": {
        "deprecated": false,
        "Dev_Desc": "어린 바롱",
        "id": 40020036,
        "alias": "Contents.Quest.Guide.20035",
        "text": "따라오라냥~"
    },
    "40020037": {
        "deprecated": false,
        "Dev_Desc": "어린 바롱",
        "id": 40020037,
        "alias": "Contents.Quest.Guide.20036",
        "text": "저기 계신다냥~!"
    },
    "40020038": {
        "deprecated": false,
        "Dev_Desc": "PC",
        "id": 40020038,
        "alias": "Contents.Quest.Guide.20037",
        "text": "(여기가 <textColor=[110:216:175:255]>집무실</>...?\n자세히 살펴보자)"
    },
    "40020039": {
        "deprecated": false,
        "Dev_Desc": "하름",
        "id": 40020039,
        "alias": "Contents.Quest.Guide.20038",
        "text": "나를 찾고 있나?"
    },
    "40020040": {
        "deprecated": false,
        "Dev_Desc": "PC",
        "id": 40020040,
        "alias": "Contents.Quest.Guide.20039",
        "text": "(한적한 곳을 찾아보자)"
    },
    "40020041": {
        "deprecated": false,
        "Dev_Desc": "봇짐상인",
        "id": 40020041,
        "alias": "Contents.Quest.Guide.20040",
        "text": "거기, 누구 없으십니까?!\n도와주세요!"
    },
    "40020042": {
        "deprecated": false,
        "Dev_Desc": "봇짐상인",
        "id": 40020042,
        "alias": "Contents.Quest.Guide.20041",
        "text": "덕분에 살았습니다."
    },
    "40020043": {
        "deprecated": false,
        "Dev_Desc": "PC",
        "id": 40020043,
        "alias": "Contents.Quest.Guide.20042",
        "text": "(조금 더 안쪽으로 가보자)"
    },
    "40020044": {
        "deprecated": false,
        "Dev_Desc": "PC",
        "id": 40020044,
        "alias": "Contents.Quest.Guide.20043",
        "text": "(좀 더 안 쪽으로 \n들어가보자)"
    },
    "40020045": {
        "deprecated": false,
        "Dev_Desc": "PC",
        "id": 40020045,
        "alias": "Contents.Quest.Guide.20044",
        "text": "(길이 열렸다)"
    },
    "40020046": {
        "deprecated": false,
        "Dev_Desc": "아랑",
        "id": 40020046,
        "alias": "Contents.Quest.Guide.20045",
        "text": "이쯤이면 될 것 같지?"
    },
    "40020047": {
        "deprecated": false,
        "Dev_Desc": "???",
        "id": 40020047,
        "alias": "Contents.Quest.Guide.20046",
        "text": "아랑님. 이쪽입니다."
    },
    "40020048": {
        "deprecated": false,
        "Dev_Desc": "???",
        "id": 40020048,
        "alias": "Contents.Quest.Guide.20047",
        "text": "오랜만입니다."
    },
    "40020049": {
        "deprecated": false,
        "Dev_Desc": "거점책임자",
        "id": 40020049,
        "alias": "Contents.Quest.Guide.20048",
        "text": "<textColor=[255:204:102:255]>표본</>을 구하시면 \n제가 <textColor=[110:216:175:255]>담인초 습지</>로 \n가겠습니다."
    },
    "40020050": {
        "deprecated": false,
        "Dev_Desc": "아랑",
        "id": 40020050,
        "alias": "Contents.Quest.Guide.20049",
        "text": "아직 좀 부족한 느낌이지?\n강한 녀석들 위주로 \n잡아보자."
    },
    "40020051": {
        "deprecated": false,
        "Dev_Desc": "PC",
        "id": 40020051,
        "alias": "Contents.Quest.Guide.20052",
        "text": "(<textColor=[255:204:102:255]>거점 책임자</>를 찾아가자)"
    },
    "40020052": {
        "deprecated": false,
        "Dev_Desc": "아랑",
        "id": 40020052,
        "alias": "Contents.Quest.Guide.20053",
        "text": "음, 이게 뭐지?"
    },
    "40020053": {
        "deprecated": false,
        "Dev_Desc": "도화상전 상인",
        "id": 40020053,
        "alias": "Contents.Quest.Guide.20055",
        "text": "도화상전 상인 일다래"
    },
    "40020054": {
        "deprecated": false,
        "Dev_Desc": "금경철문 장인",
        "id": 40020054,
        "alias": "Contents.Quest.Guide.20056",
        "text": "금경철문 장인 남다라"
    },
    "40020055": {
        "deprecated": false,
        "Dev_Desc": "고민 많은 대원",
        "id": 40020055,
        "alias": "Contents.Quest.Guide.20057",
        "text": "수양대원 심고민"
    },
    "40020056": {
        "deprecated": false,
        "Dev_Desc": "신입단원",
        "id": 40020056,
        "alias": "Contents.Quest.Guide.20058",
        "text": "매화단 신입단원 임수속"
    },
    "40020057": {
        "deprecated": false,
        "Dev_Desc": "도화상전 일꾼",
        "id": 40020057,
        "alias": "Contents.Quest.Guide.20059",
        "text": "도화상전 일꾼 도와지"
    },
    "40020058": {
        "deprecated": false,
        "Dev_Desc": "도화상전 책임자",
        "id": 40020058,
        "alias": "Contents.Quest.Guide.20060",
        "text": "도화상전 공예가 우태"
    },
    "40020059": {
        "deprecated": false,
        "Dev_Desc": "문주 달빛바람",
        "id": 40020059,
        "alias": "Contents.Quest.Guide.20061",
        "text": "금경철문 문주 달빛바람"
    },
    "40020060": {
        "deprecated": false,
        "Dev_Desc": "영교원 동동",
        "id": 40020060,
        "alias": "Contents.Quest.Guide.20062",
        "text": "영교원 동동"
    },
    "40020061": {
        "deprecated": false,
        "Dev_Desc": "어린 바롱",
        "id": 40020061,
        "alias": "Contents.Quest.Guide.20063",
        "text": "영교원 량량"
    },
    "40020062": {
        "deprecated": false,
        "Dev_Desc": "하름",
        "id": 40020062,
        "alias": "Contents.Quest.Guide.20064",
        "text": "에레다 문주 하름"
    },
    "40020063": {
        "deprecated": false,
        "Dev_Desc": "봇짐상인",
        "id": 40020063,
        "alias": "Contents.Quest.Guide.20065",
        "text": "봇짐상인 무서혼"
    },
    "40020064": {
        "deprecated": false,
        "Dev_Desc": "???",
        "id": 40020064,
        "alias": "Contents.Quest.Guide.20066",
        "text": "???"
    },
    "40020065": {
        "deprecated": false,
        "Dev_Desc": "거점책임자",
        "id": 40020065,
        "alias": "Contents.Quest.Guide.20067",
        "text": "거점책임자 초불호"
    },
    "40020066": {
        "deprecated": false,
        "Dev_Desc": "아랑",
        "id": 40020066,
        "alias": "Contents.Quest.Guide.20068",
        "text": "아랑"
    },
    "40020067": {
        "deprecated": false,
        "Dev_Desc": "PC",
        "id": 40020067,
        "alias": "Contents.Quest.Guide.20069",
        "text": "(어서 구해줘야\n할 것 같다!)"
    },
    "40020068": {
        "deprecated": false,
        "Dev_Desc": "도화상전 상인B",
        "id": 40020068,
        "alias": "Contents.Quest.Guide.20070",
        "text": "오, 이정도면 됐습니다. \n여기, <textColor=[255:204:102:255]>개다래 풀</>입니다."
    },
    "40020069": {
        "deprecated": false,
        "Dev_Desc": "고민 많은 수양대원",
        "id": 40020069,
        "alias": "Contents.Quest.Guide.20071",
        "text": "<textColor=[215:94:94:255]>주변 짐승</>들도 \n좀 물리쳐 주시면 이후에는 \n저희가 옮기겠습니다."
    },
    "40020070": {
        "deprecated": false,
        "Dev_Desc": "아랑",
        "id": 40020070,
        "alias": "Contents.Quest.Guide.20072",
        "text": "아무래도 저 <textColor=[255:204:102:255]>아저씨</>가 \n<textColor=[255:204:102:255]>거미줄</>이 필요해보이지?"
    },
    "40020071": {
        "deprecated": false,
        "Dev_Desc": "아랑",
        "id": 40020071,
        "alias": "Contents.Quest.Guide.20073",
        "text": "어라? 그 아저씨 어디갔지?\n어쩔 수 없네. <textColor=[110:216:175:255]>공방</>으로 가자."
    },
    "40020072": {
        "deprecated": false,
        "Dev_Desc": "달빛바람",
        "id": 40020072,
        "alias": "Contents.Quest.Guide.20074",
        "text": "그 정도면 충분할 것 같아."
    },
    "40020073": {
        "deprecated": false,
        "Dev_Desc": "달빛바람",
        "id": 40020073,
        "alias": "Contents.Quest.Guide.20075",
        "text": "음, 필요한 게 하나 더 생겼어.\n<textColor=[255:204:102:255]>고목의 껍질</>을 구해줘."
    },
    "40020074": {
        "deprecated": false,
        "Dev_Desc": "달빛바람",
        "id": 40020074,
        "alias": "Contents.Quest.Guide.20076",
        "text": "<textColor=[255:204:102:255]>껍질</>을 구했나 보네?\n내가 있는 곳으로 와."
    },
    "40020075": {
        "deprecated": false,
        "Dev_Desc": "PC",
        "id": 40020075,
        "alias": "Contents.Quest.Guide.20077",
        "text": "(<textColor=[78:148:215:255]>달빛바람</>을 찾아가자)"
    },
    "40020076": {
        "deprecated": false,
        "Dev_Desc": "달빛바람",
        "id": 40020076,
        "alias": "Contents.Quest.Guide.20078",
        "text": "<textColor=[215:94:94:255]>환영</>이 뭐가 무섭다는 거야?"
    },
    "40020077": {
        "deprecated": false,
        "Dev_Desc": "강철주먹",
        "id": 40020077,
        "alias": "Contents.Quest.Guide.20079",
        "text": "무, 무서운 게 아니라!\n네 옆에 있으려는 거지."
    },
    "40020078": {
        "deprecated": false,
        "Dev_Desc": "달빛바람",
        "id": 40020078,
        "alias": "Contents.Quest.Guide.20080",
        "text": "(아무래도 제대로 온 것 같다.\n<textColor=[78:148:215:255]>달빛바람</>에게 가자)"
    },
    "40020079": {
        "deprecated": false,
        "Dev_Desc": "아랑",
        "id": 40020079,
        "alias": "Contents.Quest.Guide.20081",
        "text": "사형 말대로 \n<textColor=[110:216:175:255]>낙원 계곡</>에 가볼까?"
    },
    "40020080": {
        "deprecated": false,
        "Dev_Desc": "아랑",
        "id": 40020080,
        "alias": "Contents.Quest.Guide.20082",
        "text": "어떻게 할지는\n네가 정해줘."
    },
    "40020081": {
        "deprecated": false,
        "Dev_Desc": "아랑",
        "id": 40020081,
        "alias": "Contents.Quest.Guide.20083",
        "text": "사형은 <textColor=[110:216:175:255]>붉은 비탈</>에서 \n기다린다고 했어."
    },
    "40020082": {
        "deprecated": false,
        "Dev_Desc": "아랑",
        "id": 40020082,
        "alias": "Contents.Quest.Guide.20084",
        "text": "우리도 준비가 됐으면\n<textColor=[110:216:175:255]>붉은 비탈</>로 가자."
    },
    "40020083": {
        "deprecated": false,
        "Dev_Desc": "강철주먹",
        "id": 40020083,
        "alias": "Contents.Quest.Guide.20085",
        "text": "금경철문 강철주먹"
    },
    "40020084": {
        "deprecated": false,
        "Dev_Desc": "매화단 정예단원 노염지",
        "id": 40020084,
        "alias": "Contents.Quest.Guide.20086",
        "text": "소협, 이쪽입니다."
    },
    "40020085": {
        "deprecated": false,
        "Dev_Desc": "매화단 정예단원 노염지",
        "id": 40020085,
        "alias": "Contents.Quest.Guide.20087",
        "text": "매화단 정예단원 노염지"
    },
    "40020086": {
        "deprecated": false,
        "Dev_Desc": "20056",
        "id": 40020086,
        "alias": "Contents.Quest.Guide.20088",
        "text": "(<textColor=[255:204:102:255]>매화령</>을 얻었다.\n근데 왜 자꾸 속은 것 같지...?)"
    },
    "40020087": {
        "deprecated": false,
        "Dev_Desc": "20057",
        "id": 40020087,
        "alias": "Contents.Quest.Guide.20089",
        "text": "(<textColor=[255:204:102:255]>금경철검</>을 얻었다.\n조심히 다루자)"
    },
    "40020088": {
        "deprecated": false,
        "Dev_Desc": "20058",
        "id": 40020088,
        "alias": "Contents.Quest.Guide.20090",
        "text": "(<textColor=[255:204:102:255]>도화경</>을 얻었다. \n장인의 손길이 느껴진다)"
    },
    "40020089": {
        "deprecated": false,
        "Dev_Desc": "20059",
        "id": 40020089,
        "alias": "Contents.Quest.Guide.20091",
        "text": "(이곳이 <textColor=[110:216:175:255]>경천단</>...\n<textColor=[78:148:215:255]>오름</> 앞으로 이동하자)"
    },
    "40020090": {
        "deprecated": false,
        "Dev_Desc": "20060",
        "id": 40020090,
        "alias": "Contents.Quest.Guide.20092",
        "text": "(이런! 들킨 것 같다!\n빠르게 제압하자)"
    },
    "40020091": {
        "deprecated": false,
        "Dev_Desc": "20061",
        "id": 40020091,
        "alias": "Contents.Quest.Guide.20093",
        "text": "(조금 더 안쪽으로\n들어가야 할 것 같다)"
    },
    "40020092": {
        "deprecated": false,
        "Dev_Desc": "20062",
        "id": 40020092,
        "alias": "Contents.Quest.Guide.20094",
        "text": "(<textColor=[215:94:94:255]>하름의 심복</>들이 보인다.\n은밀히 처리하자)"
    },
    "40020093": {
        "deprecated": false,
        "Dev_Desc": "20030",
        "id": 40020093,
        "alias": "Contents.Quest.Guide.20095",
        "text": "(이, 이건, <textColor=[215:94:94:255]>하름</>의 목소리!?)"
    },
    "40020094": {
        "deprecated": false,
        "Dev_Desc": "20063",
        "id": 40020094,
        "alias": "Contents.Quest.Guide.20096",
        "text": "(아쉽지만 이제,\n<textColor=[110:216:175:255]>안개 숲 개척지</>로 돌아가자)"
    },
    "40020095": {
        "deprecated": false,
        "Dev_Desc": "20064",
        "id": 40020095,
        "alias": "Contents.Quest.Guide.20097",
        "text": "(자격증명이 됐으려나?\n<textColor=[78:148:215:255]>서중문</>에게 돌아가자)"
    },
    "40020096": {
        "deprecated": false,
        "Dev_Desc": "20054",
        "id": 40020096,
        "alias": "Contents.Quest.Guide.20098",
        "text": "앗, 습격이야!\n조심해!"
    },
    "40020097": {
        "deprecated": false,
        "id": 40020097,
        "alias": "Contents.Quest.Guide.20099",
        "text": "웬 소란이냐!\n네 놈은 또 뭐냐!?"
    },
    "40020098": {
        "deprecated": false,
        "id": 40020098,
        "alias": "Contents.Quest.Guide.20100",
        "text": "적혈두건 운반해"
    },
    "40020099": {
        "deprecated": false,
        "Dev_Desc": "아랑(보이스용)",
        "id": 40020099,
        "alias": "Contents.Quest.Guide.20101",
        "text": "자~ 이정도면 된 것 같아.\n이제 흥정하러 가볼까?"
    },
    "40020100": {
        "deprecated": false,
        "Dev_Desc": "아랑(보이스용)",
        "id": 40020100,
        "alias": "Contents.Quest.Guide.20102",
        "text": "음... 근데 누굴 주지?\n네가 정해줘."
    }
}