{
    "11020000": {
        "deprecated": false,
        "Dev_Desc": "2막 1장",
        "id": 11020000,
        "alias": "Contents.Quest.Desc.20000",
        "text": "아직 공개되지 않은 이야기입니다."
    },
    "11020001": {
        "deprecated": false,
        "Dev_Desc": "2막 2장",
        "id": 11020001,
        "alias": "Contents.Quest.Desc.20001",
        "text": "아직 공개되지 않은 이야기입니다."
    },
    "11020002": {
        "deprecated": false,
        "Dev_Desc": "2막 3장",
        "id": 11020002,
        "alias": "Contents.Quest.Desc.20002",
        "text": "아직 공개되지 않은 이야기입니다."
    },
    "11020003": {
        "deprecated": false,
        "Dev_Desc": "2막 6장",
        "id": 11020003,
        "alias": "Contents.Quest.Desc.20003",
        "text": "아직 공개되지 않은 이야기입니다."
    },
    "11020004": {
        "deprecated": false,
        "Dev_Desc": "2막 7장",
        "id": 11020004,
        "alias": "Contents.Quest.Desc.20004",
        "text": "아직 공개되지 않은 이야기입니다."
    },
    "11020005": {
        "deprecated": false,
        "Dev_Desc": "2막 8장",
        "id": 11020005,
        "alias": "Contents.Quest.Desc.20005",
        "text": "아직 공개되지 않은 이야기입니다."
    },
    "11020006": {
        "deprecated": false,
        "Dev_Desc": "2막 9장",
        "id": 11020006,
        "alias": "Contents.Quest.Desc.20006",
        "text": "아직 공개되지 않은 이야기입니다."
    },
    "11020007": {
        "deprecated": false,
        "Dev_Desc": "2막 1장",
        "id": 11020007,
        "alias": "Contents.Quest.Desc.20007",
        "text": "사라져 버린 하름, 그리고 비옥을 찾기 위해 아랑과 함께 해월대륙으로 가기로 했다. 그러나 항구에서부터 분위기가 심상치 않은데...?\n\n하름을 찾기 위해서 에레다를 찾는 것부터 차근차근 시작해야 될 것 같다. 근방을 수소문하여 에레다를 찾아보자."
    },
    "11020008": {
        "deprecated": false,
        "Dev_Desc": "2막 2장",
        "id": 11020008,
        "alias": "Contents.Quest.Desc.20008",
        "text": "오름은 완강히 거부했지만 우리는 제사를 지내야만 한다. 에레다가 협조에 응할지는 일단 나중에 생각하자. \n\n우선 제사에 대한 정보를 모아야 한다. 아무래도 제사와 가장 밀접한 연관이 있는 바롱족에게서 제사에 대한 정보를 얻을 수 있을 것 같다. \n\n거점 주변에서 바롱족을 찾아보자."
    },
    "11020009": {
        "deprecated": false,
        "Dev_Desc": "2막 3장",
        "id": 11020009,
        "alias": "Contents.Quest.Desc.20009",
        "text": "수양에게서 제사 허가증을 받아내는 데 성공했다.\n\n이제는 제사 재료를 모을 차례! 사호의 수장들을 만나 그들의 부탁을 들어주고 제사 재료를 받자."
    },
    "11020010": {
        "deprecated": false,
        "Dev_Desc": "2막 6장",
        "id": 11020010,
        "alias": "Contents.Quest.Desc.20010",
        "text": "허가증도 받고 재료도 다 모았는데 이런... 에레다 비밀거점으로 가는 길을 모른다...! \n\n반달호수에서 있었던 일을 생각해보면 영교원 총장 퍼롱퍼롱이라면 에레다 비밀거점으로 축지시켜줄 수 있지 않을까...? \n\n어서 퍼롱퍼롱을 찾아보자."
    },
    "11020011": {
        "deprecated": false,
        "Dev_Desc": "2막 7장",
        "id": 11020011,
        "alias": "Contents.Quest.Desc.20011",
        "text": "과연 아랑의 생각대로 나와 아랑을 통해 에레다 비밀거점으로 축지할 수 있을까...? 왜 매번 이렇게 무모한 일에 도전해야 하는 건데!?\n\n이 마음을 아는지 모르는지 퍼롱퍼롱은 결연한 표정으로 우리를 기다리고 있다. 총장을 믿고 에레다 비밀거점으로 향하자."
    },
    "11020012": {
        "deprecated": false,
        "Dev_Desc": "2막 8장",
        "id": 11020012,
        "alias": "Contents.Quest.Desc.20012",
        "text": "우여곡절 끝에 신수 파사를 만날 수 있었지만, 계획했던 대로 일이 풀리지 않았다. \n\n잠시 머리를 식혀야겠다. 주변에서 조용히 생각할 수 있는 장소를 찾아보자."
    },
    "11020013": {
        "deprecated": false,
        "Dev_Desc": "2막 9장",
        "id": 11020013,
        "alias": "Contents.Quest.Desc.20013",
        "text": "균열을 열어 수라를 불러내는 것은 실패로 돌아갔다. \n비옥을 얻기 위해 풍백문으로 향하자는 아랑. 출신 문파에서 도움을 받을 수는 있겠지만 아랑의 자신감이 지나치게 과하다...! \n\n아랑과 함께 풍백문으로 향하자."
    },
    "11020014": {
        "deprecated": false,
        "Dev_Desc": "2막 1장",
        "id": 11020014,
        "alias": "Contents.Quest.Desc.20014",
        "text": "해월대륙의 예도항에 도착한 우리는 시작부터 주민들의 경계 어린 시선을 피할 수 없었다. 우리가 반달호수 무술대회를 망쳤다는 소문이 벌써 이곳까지 퍼져있었기 때문이다. 그래도 솟아날 구멍은 있는 법! 주민들에게 필요한 거미줄을 구해주는 것으로 에레다에 대한 정보를 손에 넣을 수 있었다. \n\n에레다가 있다는 정보를 접하고 동부 생태 조사림에 도착하자마자 우리는 에레다 문파원들에게 급습을 당하고 말았다. 이를 역이용하자는 아랑의 계략으로 그들의 거점에 잡혀간 우리는 그곳에서 에레다 부문파장 오름을 만날 수 있었다. \n\n오름은 우릴 보자마자 문주님을 공격한 걸로도 부족해 정탐까지 하냐고 화를 냈다. 설마 아직도 하름이 문주라는 말이야? 우리의 목적인 파사를 부르는 제사를 올리는 것만으로도 벅찬데 하름의 정체까지 밝혀야 한다니... 우리 잘할 수 있겠지?"
    },
    "11020015": {
        "deprecated": false,
        "Dev_Desc": "2막 2장",
        "id": 11020015,
        "alias": "Contents.Quest.Desc.20015",
        "text": "아랑과 영교원의 바롱이 투닥거리는 작은 사고(?)가 있었지만 바롱에게서 신수를 부르는 제사 '천신제례'에 대한 정보를 입수하는 데 성공했다. \n천신제례에는 길을 부르는 방울, 길을 비추는 거울, 길을 만드는 검이 필요한데, 이 세 가지 물건은 각각 매화단, 도화상전, 금경철문에서 구할 수 있다고 한다. 다행히 반달호수에서 사호에게 점수를 따놓은 게 있으니 말만 잘해보면 빌릴 수 있지 않을까? \n\n이 세 가지 물건 말고도 나라의 허가가 필요하다고 하여, 해월대륙에서 국가 권한을 위임받아 수행하고 있는 수양을 찾아갔다. 일면식도 없이 대장과 바로 대화할 수는 없었기에 수양 대원들의 부탁을 들어주고 나서야 수양의 대장, 서중문과 독대할 수 있었다. \n\n수양 대장 서중문은 생각보다 어렵지 않게 허가증을 내어 주었다. 그는 허가증을 주며 불마자가 세상을 어지럽히고 있는데 신수는 무얼 하는 거냐며 불만을 토로 했다. 그의 말도 일리가 있다. 신수를 불러낸다면 물어봐야겠다."
    },
    "11020016": {
        "deprecated": false,
        "Dev_Desc": "2막 3장",
        "id": 11020016,
        "alias": "Contents.Quest.Desc.20016",
        "text": "세 가지 재료를 모으는 첫 걸음으로 나는 길을 부르는 방울인 매화령을 얻기 위해 홍매화 단장의 부탁을 들어주었다. \n\n혈비패에 납치된 신입 단원을 풀어달라는 부탁이었는데, 알고 보니 나를 이용해서 혈비패 세력을 견제하기 위함이었다. 매화단이 직접 개입하면 두 세력의 싸움으로 번질 수 있다는 이유였다. 나름 일리 있는 말이지만 뭔가 이용당한 느낌을 지울 수 없다... 뭐, 그래도 매화령을 받을 수 있었으니 괜찮다! \n\n이제 길을 만드는 검, 길을 비추는 방울 두 가지 재료가 남았다. 나머지 사호를 찾아\n재료를 구하자."
    },
    "11020017": {
        "deprecated": false,
        "Dev_Desc": "2막 6장",
        "id": 11020017,
        "alias": "Contents.Quest.Desc.20017",
        "text": "가만 생각해보니 에레다 비밀거점으로 가는 방법을 몰랐던 우리는 영교원의 총장, 퍼롱퍼롱을 만나 도움을 청하기로 했다. 안개숲 개척지에서 퍼롱퍼롱을 찾아 나서려는 찰나! 우리는 반달호수에서 만났던 영교원의 동동을 만날 수 있었다.\n\n반가움도 잠시 퍼롱퍼롱에게 보내주겠다던 동동의 축지 실수로 인해 나와 아랑은 뱀버섯 군락 한복판에 떨어지고 말았다. 그러나 무슨 우연인지, 그곳에서 곤경에 처한 어린 바롱 하나를 구해줬는데 바로 퍼롱퍼롱의 손자였다! 그리하여 우린 어린 바롱의 안내에 따라 영교원 총장 퍼롱퍼롱을 만날 수 있었다.\n\n자초지종을 설명하자 퍼롱퍼롱은 에레다 비밀거점에서 가져온 물건이 있다면 자신이 가보지 않은 곳으로도 축지가 가능하다 말했다. 그 말에 아랑은 망설임 없이 나와 자신을 가리켰다. 우리가 다녀온 것은 맞긴 맞다만 이 무슨 무모한?! 살아있는 존재로는 해본 적이 없다고 하지만... 믿어보는 수밖에!"
    },
    "11020018": {
        "deprecated": false,
        "Dev_Desc": "2막 7장",
        "id": 11020018,
        "alias": "Contents.Quest.Desc.20018",
        "text": "에레다 비밀거점에 도착하자마자 아랑은 알 수 없는 말만 남기고선 사라졌다. 혼자 하름의 집무실에 들어섰을 때, 등 뒤에서 하름의 목소리가 들려왔다. 이미 반달호수에서 본색을 드러냈던 하름과의 전투는 피할 수도, 피할 필요도 없었다. \n\n이전과는 다르게 난 하름과 호각을 다툴 수 있었다. 하름이 잠시 주춤한 틈을 타 일격을 날리려는 순간 오름이 나타나 앞을 막아섰다. 함께 나타난 아랑이 설득하려 했지만 통하지 않았다. 아랑은 오름이 빈틈을 보인 순간 진명으로 하름을 찔러 본 모습을 드러내도록 하는데 성공했다.\n쓰러졌던 하름이 다시 일어났을 때는 이전과는 다른, 기수의 모습이었다. 나와 아랑은 필사적으로 기수 하름에 맞서 싸웠고, 치열한 혈투 끝에 쓰러트릴 수 있었다. \n\n정신을 차린 오름은 큰 소동에도 불구하고 마음을 추스르고 천신 제례를 올리는 것을 도와주었다. 그러나 어렵게 불러낸 파사는 아무것도 말해주지 않은 채 돌아가 버렸다. 아랑은 불같이 화를 냈지만 어떻게 되돌릴 수 없는 일이다. \n이다음엔 어떻게 해야 할까...?"
    },
    "11020019": {
        "deprecated": false,
        "Dev_Desc": "2막 8장",
        "id": 11020019,
        "alias": "Contents.Quest.Desc.20019",
        "text": "천신제례가 아무 소득 없이 끝나버린 후 아랑은 비옥을 찾기 위해 떠나고, 나는 잠시 한적한 곳으로 가서 생각할 시간을 갖기로 했다. 그렇게 찾은 참고요 숲에서 인간의 모습을 한 파사가 나를 찾아왔다. \n\n파사의 말에 따라 익숙한 기운이 느껴지는 회랑으로 들어간 나는 그곳에서 어머니와 아버지에 대한 이야기를 들을 수 있었다. \n그 이야기 속에서 나의 아버지는 어머니를 죽였다. \n\n충격에 빠져 정신없이 각성의 회랑에서 빠져나온 뒤, 그만 다리에 힘이 풀려 주저 앉고 말았다. 그때, 어떻게 알고 찾아왔는지 아랑이 나타나 손을 내밀어 주었다. 아랑에게 사실을 털어놓았더니 파사의 말이라고 해서 모두 사실일 거란 보장은 없다며 직접 수라를 불러 확인해보자고 했다. \n\n그래서 우리는 반달호수에처럼 대련했지만 균열은 생기지 않았다. 아랑은 비옥이 없어서 그런 것이라는 가정을 세웠고 함께 비옥을 가지러 가자고 했다. 비옥을 구하는 게 그렇게 쉬운가... 하여튼 아랑을 따라가 보자."
    },
    "11020020": {
        "deprecated": false,
        "Dev_Desc": "2막 9장",
        "id": 11020020,
        "alias": "Contents.Quest.Desc.20020",
        "text": "안개숲 개척지를 경유하는 우리 앞에 풍백문의 장로 비류하가 나타났다. 돌아가는 상황을 보니 비류하는 아랑의 사형이고 아랑은 풍백문의 문주인 것 같다. 이런 배신자! 함께한 시간이 얼만데, 그동안 한 번도 얘기를 안 해주다니...\n아랑은 비류하에게 뭔가 약점이라도 잡혀있는 것처럼 그에게 쩔쩔맸다. 결국 우리는 비류하의 권유 아닌 권유에 하는 수 없이 수양을 도와주기로 했다. \n\n안개숲 개척지의 책임자에게 이야기를 들어보니 담인초의 개체 수가 급증하여 통행에 어려움을 겪고 있다고 했다. 책임자는 표본을 구해 근본적으로 해결해보고 싶으나 수양 수뇌부는 굳이 힘을 빼지 말라는 입장. 우리는 거점 책임자의 부탁으로 담인초의 표본을 구해다 주었다.\n\n그렇게 수양을 도운 뒤 붉은 숲길로 향한 아랑과 나. 그곳에서 만나기로 한 비류하는 한 통의 편지를 남기고 먼저 풍백문 해월지부로 떠났다. \n비류하라는 사람 어딘가 가볍다...! 어쨌든, 가자 풍백문으로!"
    },
    "11020021": {
        "deprecated": false,
        "Dev_Desc": "2막 4장",
        "id": 11020021,
        "alias": "Contents.Quest.Desc.20021",
        "text": "아직 공개되지 않은 이야기입니다."
    },
    "11020022": {
        "deprecated": false,
        "Dev_Desc": "2막 5장",
        "id": 11020022,
        "alias": "Contents.Quest.Desc.20022",
        "text": "아직 공개되지 않은 이야기입니다."
    },
    "11020023": {
        "deprecated": false,
        "Dev_Desc": "2막 4장",
        "id": 11020023,
        "alias": "Contents.Quest.Desc.20023",
        "text": "안개 그늘 숲에서 익숙한 목소리가 들린다.\n달빛바람과 강철주먹이잖아? 마침 금경철검을 구해야하던 참이었는데!\n달빛바람이 화가 좀 난 것 같은데...?\n\n둘의 이야기를 듣고 금경철검에 대해 이야기 해보자."
    },
    "11020024": {
        "deprecated": false,
        "Dev_Desc": "2막 5장",
        "id": 11020024,
        "alias": "Contents.Quest.Desc.20024",
        "text": "이제 남은 재료는 길을 비추는 거울 도화경! \n생각보다 순조롭게 제사 재료를 구하고 있다. 마침 안개 숲 개척지에 도화상전 상전주 곽호룡이 있다는 이야기를 들었다.\n\n곽호룡에게 사정을 이야기하고 도화경을 받아보자."
    },
    "11020025": {
        "deprecated": false,
        "Dev_Desc": "2막 4장",
        "id": 11020025,
        "alias": "Contents.Quest.Desc.20025",
        "text": "길을 만드는 검은 금경철문의 보검, 금경철검을 뜻했다. \n\n안개 그늘 숲에서 만난 달빛바람과 강철주먹은 환영혼불을 통해 강철을 제련하는 법을 연구하고 있었다. 강철주먹이 의외로 환영을 무서워해 이도저도 못하고 있어 대신 환영을 처리하고 혼불을 모아주었다. 그 뒤 투연초의 진액, 고목의 껍질까지 구해주고 무사히 금경철검을 받을 수 있었다.\n\n역시 사람은 인맥이 중요해! 반달호수에서 사호를 도와준 게 이렇게 될 줄이야.\n다음은 길을 비추는 거울 도화경! 곽호룡을 찾아 사정을 말해보자."
    },
    "11020026": {
        "deprecated": false,
        "Dev_Desc": "2막 5장",
        "id": 11020026,
        "alias": "Contents.Quest.Desc.20026",
        "text": "길을 비추는 거울, 도화상전의 도화경은 대대로 내려오는 물건이 아니었다. 다행히 만드는 건 간단해서 곽호룡 상전주의 소개로 만난 도화상전 공예가에게 안내를 받을 수 있었다.\n \n도화경의 재료를 구하기 위해 도착한 메마른 늪지에서 인면충에게 위협을 받고 있던 도화상전의 일꾼들을 구해내었다. 그 뒤 검은 모래를 가지고 공예가에게 돌아갔다. 모래를 손질하고 장작을 준비하는 것으로 공예가를 도울 수 있었고 무사히 도화경을 받을 수 있었다.\n\n이렇게 천신제례에 필요한 세 가지 물건을 얻는 데 모두 성공했다. 허가증과 세 가지 재료, 모두 모았으니 이제 에레다 비밀거점으로 가서 천신제례를 올리는 일만 남았다!"
    }
}